hip,hr,ra_deg,dec_deg,mag,name,common_name_zh
19,,0.053289,38.303954,6.53,,
25,9077,0.080084,-44.291256,6.28,,
43,9079,0.127686,59.559523,6.18,,王良增九
106,9083,0.330347,49.981487,6.22,,
107,9082,0.333904,-50.337306,5.53,,
119,,0.390071,44.675284,6.82,,
121,,0.396287,28.423474,6.83,,
122,9084,0.397152,-77.066855,4.78,,
124,9085,0.404194,61.22279,5.58,,王良增十
128,,0.416126,73.61177,6.5,,
133,,0.423758,-40.148798,6.62,,
145,9087,0.456156,-3.027569,5.13,,垒壁阵十
154,9089,0.490379,-6.014336,4.37,,垒壁阵十二
171,9088,0.5479,27.076386,5.8,,壁宿增五
179,,0.571231,-13.407232,6.9,,
183,9091,0.583074,-29.720325,5.04,,
186,9092,0.60069,8.956798,6.33,,土公增一
207,9094,0.650415,66.098971,5.87,,
238,9095,0.740216,-20.045377,6.25,,
253,9096,0.783146,-24.145166,6.46,,
258,,0.805869,17.55193,6.59,,
277,,0.860072,-36.251161,6.96,,
297,,0.924107,48.436853,6.8,,
301,9098,0.935149,-17.336034,4.55,,八魁二
330,9100,1.056913,62.287664,5.9,,王良增三
355,9103,1.125452,-10.509599,4.99,,八魁四
365,9105,1.152342,42.092448,6.11,,
377,9108,1.172719,-71.436976,5.59,,
394,9107,1.229974,34.66044,6.09,,
417,2,1.266215,-0.503377,6.32,,
448,,1.342531,3.606051,6.91,,
458,,1.36781,-7.665662,6.97,,
476,4,1.425119,13.396225,5.55,,壁宿增十
496,,1.486626,24.568896,6.9,,
508,,1.517697,40.418515,6.65,,
522,6,1.585508,-49.075445,5.7,,
531,7,1.610725,64.196169,5.57,,王良增二
560,9,1.709369,-23.107841,6.19,,
567,,1.721941,-38.877611,6.91,,
619,,1.896656,31.668872,6.87,,
636,12,1.945901,-22.508781,5.93,,
655,13,2.014203,-33.529306,5.67,,
664,14,2.050447,-2.447742,6.18,,垒壁阵增七
671,16,2.072832,-8.82434,5.99,,
677,15,2.097903,29.08939,2.07,Alpheratz,壁宿二
699,17,2.169663,36.626329,6.21,,
716,19,2.217976,25.463335,6.24,,
729,22,2.261051,18.2118,5.57,,壁宿增十八
730,23,2.260479,-54.001849,6.32,,
746,21,2.301042,59.148625,2.28,Caph,王良一
760,20,2.337864,79.714291,6.01,,
765,25,2.353793,-45.748576,3.88,,火鸟四
798,,2.467394,-62.29668,6.34,,
813,26,2.50937,11.145824,5.54,,土公增二
814,30,2.508042,-82.22418,5.29,,
829,,2.53366,-78.300865,6.97,,
840,29,2.578848,-5.248773,5.84,,
841,27,2.580232,46.072273,5.01,,螣蛇增十一
857,28,2.623907,57.165487,6.74,,
858,,2.6348,33.130881,6.83,,
865,32,2.663336,-73.224272,6.66,,
873,31,2.679456,-12.580141,5.84,,
910,33,2.815514,-15.469699,4.89,,八魁一
930,34,2.89345,-27.799628,5.41,,
950,35,2.93469,-35.132393,5.24,,
966,,2.982813,-42.172433,6.53,,
969,,3.006335,23.471773,6.58,,
973,,3.012561,-13.813289,6.56,,
981,,3.034121,53.623808,6.87,,
983,37,3.042014,-17.938435,5.29,,
1009,,3.143243,44.707058,6.5,,
1030,38,3.209357,37.693639,6.71,,
1046,,3.26635,-22.470078,6.66,,
1057,,3.289487,16.920942,6.52,,
1067,39,3.309001,15.183543,2.83,Algenib,壁宿一
1074,47,3.331452,-84.99402,5.78,,
1076,40,3.349566,26.987336,6.24,,
1086,41,3.377462,41.034431,5.71,,天厩增一
1096,42,3.426287,-26.022848,5.94,,
1101,,3.437699,-48.684332,6.97,,
1107,,3.448069,1.38349,6.79,,
1126,,3.518553,-74.911848,6.97,,
1133,,3.538077,26.258602,7,,
1140,,3.561249,-55.069848,6.66,,
1146,,3.586832,-62.771877,6.63,,
1147,,3.586162,-21.198455,6.89,,
1158,46,3.615511,-7.780517,5.13,,
1168,45,3.651303,20.206713,4.79,,壁宿增十九
1170,48,3.659883,-18.933337,4.44,,八魁六
1191,51,3.727291,-9.569625,5.77,,
1192,,3.73199,-3.027574,6.64,,
1193,49,3.733224,22.284155,6.25,,
1196,50,3.745795,8.820803,6.02,,土公增三
1208,52,3.779209,31.53569,6.34,,
1249,,3.911242,5.843869,6.98,,
1288,57,4.037825,-31.446567,5.66,,
1292,,4.068554,-79.85155,6.59,,
1330,,4.175057,-32.688599,6.67,,
1331,61,4.176383,-20.21007,6.5,,
1349,,4.227878,-52.649984,6.84,,
1354,60,4.237601,61.533161,5.74,,王良增十一
1366,63,4.2725,38.68152,4.61,,天厩一
1372,62,4.287721,47.947382,5.86,,
1415,65,4.429381,51.43308,6.11,,
1421,67,4.449317,1.688786,6.19,,
1439,,4.484556,12.771341,6.54,,
1444,,4.497903,-13.455644,6.51,,
1456,,4.538681,46.214204,6.83,,
1465,69,4.571644,11.206031,6.07,,
1469,,4.57694,-36.509858,6.67,,
1473,68,4.581373,36.784954,4.51,,天厩三
1501,70,4.67591,43.791123,6.1,,
1502,73,4.677783,-43.235572,6.33,,
1562,74,4.856884,-8.824163,3.56,,天仓一
1575,75,4.922952,40.72934,6.35,,
1587,,4.96193,-2.47865,6.96,,
1595,,4.984396,16.250794,6.6,,壁宿增十六
1599,77,5.043448,-64.867345,4.23,,鸟喙六
1600,,5.012558,-17.700476,6.73,,
1602,,5.021089,6.292722,6.81,,
1630,78,5.10179,30.93561,5.89,,
1639,,5.128949,48.968611,6.46,,
1644,,5.142858,56.556818,6.73,,
1645,80,5.149394,8.190333,5.38,,土公增五
1647,83,5.162577,-69.62492,5.5,,
1657,79,5.189435,32.911075,5.79,,
1660,,5.202441,-23.630207,6.78,,
1708,84,5.380232,-28.981927,5.18,,
1725,,5.426293,67.822986,6.55,,
1728,85,5.443233,-20.058106,5.61,,
1766,,5.589383,-50.992181,6.68,,
1772,86,5.6066,13.482631,6.25,,壁宿增十二
1795,,5.700999,-39.262571,6.75,,
1799,,5.708429,29.454217,6.95,,
1803,88,5.718362,-12.209052,6.39,,八魁五
1809,,5.739054,38.754319,6.69,,
1821,,5.768835,-15.942396,6.43,,
1830,89,5.802698,-31.035758,6.55,,
1921,91,6.065381,52.019885,5.58,,
1939,94,6.123318,-2.219336,6.08,,
2006,97,6.350776,1.93961,5.77,,土公增七
2021,98,6.502096,-77.252172,2.82,,蛇尾一
2025,,6.424885,7.690834,6.77,,土公二
2032,,6.44034,-27.710417,6.88,,
2072,100,6.551779,-43.67962,3.93,,火鸟五
2080,,6.568838,3.825761,6.9,,
2081,99,6.573056,-42.308241,2.4,Ankaa,火鸟六
2086,,6.59078,-18.69371,6.24,,
2100,101,6.656336,-0.049523,6.16,,土公增八
2101,,6.664615,56.641208,6.58,,
2135,,6.76978,25.04196,6.66,,
2151,,6.801915,49.985715,6.95,,
2159,102,6.811518,-25.547267,5.99,,
2210,105,6.981921,-33.00749,4.86,,
2213,,6.993457,19.513927,6.4,,壁宿增廿一
2219,103,7.012917,17.893255,5.01,,壁宿增廿
2225,104,7.057643,44.394355,5.18,,
2227,,7.058485,-29.040445,6.75,,
2235,107,7.083761,10.18855,6.05,,
2237,108,7.087096,-20.33577,6.44,,
2240,109,7.111637,-39.915267,5.42,,
2243,,7.118844,32.43762,6.87,,
2246,,7.139029,-11.237309,6.86,,
2256,111,7.181299,-50.532895,6.26,,
2270,110,7.236056,36.899677,6.28,,
2323,,7.413358,-2.840681,6.89,,
2337,115,7.467211,-14.864326,6.15,,
2353,117,7.50988,-3.957424,5.72,,天溷增一
2355,114,7.531008,29.751191,5.2,,奎宿增一
2358,,7.53607,4.860204,6.52,,
2377,113,7.58326,59.97753,5.94,,
2381,118,7.594204,-23.78759,5.17,,
2392,,7.622571,-39.519044,6.6,,
2415,,7.696265,16.037603,6.83,,壁宿增十四
2422,112,7.739181,77.019187,6.18,,
2431,,7.749364,-10.084825,6.86,,
2472,125,7.855452,-48.803389,4.76,,火鸟八
2474,121,7.855436,66.519595,6.18,,传舍增一
2475,122,7.857213,33.581537,5.88,,
2484,126,7.88727,-62.958566,4.36,,鸟喙四
2491,,7.905543,9.161164,6.99,,
2497,124,7.920905,52.839443,5.59,,
2539,,8.058641,34.993737,6.74,,
2548,132,8.099387,6.955486,5.69,,土公增六
2553,128,8.111851,43.494733,6.69,,
2557,,8.12487,51.72824,6.94,,
2560,,8.132896,18.794384,6.79,,
2568,131,8.14879,20.294008,5.38,,壁宿增廿二
2572,,8.16407,-25.360062,6.72,,
2573,,8.165675,23.193577,6.84,,
2576,,8.179852,38.843627,6.9,,
2583,134,8.204499,28.280279,6.26,,
2599,130,8.250022,62.931772,4.17,,王良二
2611,135,8.294089,54.894732,5.93,,
2628,129,8.330973,70.981833,6.41,,
2629,139,8.34879,-71.26633,6.11,,
2661,138,8.420805,-29.558467,5.55,,
2663,,8.432055,-35.005379,6.41,,
2695,,8.545401,10.298201,6.76,,
2701,,8.581934,-42.431116,6.88,,
2708,,8.604877,-45.42573,6.8,,
2710,,8.612746,-6.50446,6.9,,
2711,140,8.618353,-52.372846,5.57,,
2753,,8.789906,36.83213,6.58,,
2762,142,8.814607,-3.593079,5.2,,天溷增二
2787,143,8.887722,-0.506005,5.94,,土公增十
2789,148,8.88916,-54.822199,6.04,,
2796,,8.904895,67.925965,6.92,,
2832,145,8.977466,13.205923,6.32,,
2843,,9.009173,-5.571414,6.72,,
2846,150,9.012724,-14.973414,6.45,,
2852,151,9.028077,-22.842656,6.06,,
2865,149,9.083873,27.254688,6.51,,
2876,146,9.113979,60.326205,5.78,,
2900,152,9.193175,44.488789,5.14,,
2903,155,9.197141,15.231634,5.89,,
2907,,9.208393,-76.309605,6.72,,
2912,154,9.220324,33.719322,4.34,,奎宿六
2920,153,9.243045,53.896852,3.69,Fulu,附路
2926,156,9.279826,24.013842,6.18,,
2941,159,9.346258,-24.767378,5.57,,
2942,157,9.338342,35.399477,5.45,,
2944,,9.348249,-37.288342,6.99,,
2948,,9.359871,40.33237,6.85,,
2954,161,9.377624,3.134966,6.43,,
3025,,9.632838,-20.296527,6.73,,
3031,163,9.637259,29.310128,4.34,,奎宿四
3042,169,9.668816,-73.137584,6.87,,
3070,,9.739628,26.323624,6.92,,
3083,164,9.791303,49.354571,5.45,,
3092,165,9.832841,30.860492,3.27,,奎宿五
3122,,9.931323,-11.151573,6.83,,
3132,158,9.941304,82.494253,6.38,,
3137,171,9.966843,-44.796185,6,,
3138,167,9.981744,21.438313,5.36,,奎宿增二
3142,170,9.993474,-33.962142,6.68,,
3170,176,10.118062,-59.451777,5.89,,
3175,172,10.119373,-16.516881,6.49,,
3179,168,10.127419,56.537126,2.24,Schedar,王良四
3185,173,10.141141,-23.807196,6.14,,
3188,,10.139041,-29.420808,6.75,,
3193,174,10.176453,-4.351933,5.9,,
3231,175,10.279816,39.458645,5.3,,奎宿增廿二
3236,,10.298681,9.354399,6.52,,
3240,,10.302578,52.197487,6.74,,
3245,180,10.331199,-46.085001,4.59,,火鸟七
3269,178,10.400912,24.62886,6.06,,
3299,177,10.514102,66.147541,5.83,,
3300,179,10.516355,50.512483,4.8,,阁道增二
3330,187,10.619054,-65.467766,5.38,,鸟喙五
3334,181,10.629706,58.753356,6.18,,
3352,186,10.678187,-60.263142,5.99,,
3371,,10.719571,16.661927,6.56,,
3405,191,10.838432,-57.462962,4.36,,水委三
3414,184,10.866728,47.024309,4.95,,阁道增一
3419,188,10.898943,-17.986395,2.04,Diphda,土司空
3436,190,10.958694,-12.013141,6.01,,
3438,,10.967778,33.310798,6.92,,
3455,194,11.04746,-10.610278,4.77,,天溷四
3456,195,11.052429,-38.420914,5.9,,
3459,,11.060341,-49.385895,6.86,,
3490,,11.147919,-78.082231,6.61,,
3504,193,11.181494,48.284315,4.48,,阁道六
3505,197,11.184527,-22.005616,5.22,,
3517,,11.227883,-63.196865,6.94,,
3521,198,11.236947,-42.677173,5.94,,
3527,202,11.252165,-53.714882,6.15,,
3544,196,11.321243,55.221362,5.41,,
3552,201,11.350762,-4.62892,6.15,,
3576,206,11.423861,-16.424259,6.47,,
3583,209,11.441713,-47.551483,5.8,,
3604,205,11.545215,44.861468,6.03,,
3637,,11.65513,-30.190956,6.81,,
3641,200,11.663462,69.325505,6.39,,
3675,213,11.756429,11.973625,5.51,,
3685,214,11.807509,19.578746,6.11,,奎宿增四
3693,215,11.83398,24.266655,4.08,,奎宿二
3719,,11.93829,26.291727,6.93,,
3721,208,11.942256,74.847535,5.42,,紫微左垣八
3730,217,11.979546,20.925439,6.51,,
3750,212,12.040941,72.674545,5.86,,
3765,222,12.100602,5.273324,5.74,96 G. Psc,
3781,236,12.150844,-74.923658,5.09,,
3786,224,12.171137,7.584757,4.44,,外屏一
3788,,12.172586,-28.495781,6.78,,
3801,223,12.208729,50.968104,4.9,,阁道五
3810,225,12.244602,16.939356,5.07,,奎宿增五
3823,,12.269421,14.809214,6.95,,
3849,227,12.357411,-13.56195,5.59,,
3881,226,12.453723,41.078796,4.53,,奎宿七
3885,230,12.472148,27.710221,5.55,,奎宿三
3889,,12.479133,-0.224193,6.64,,
3903,239,12.515815,-43.394859,6.49,,
3909,235,12.530169,-10.645786,5.17,,天溷增六
3949,242,12.67225,-50.986529,5.24,,
3951,233,12.682148,64.247471,5.35,,
3961,,12.718129,-71.151187,6.86,,
3964,,12.736689,77.953441,6.76,,
3988,237,12.818235,61.80548,6.04,,
3992,243,12.826492,3.384613,6.39,,
3995,,12.832645,-9.405486,6.89,,
4025,,12.895924,12.78463,6.7,,
4058,,12.987861,33.889841,6.87,,
4104,247,13.169531,-24.005629,5.47,,
4147,248,13.252101,-1.144364,4.78,,天溷增三
4164,251,13.302655,-24.77662,6.44,,
4185,249,13.367689,37.417924,6.07,,
4200,257,13.408851,-62.871345,5.73,,
4207,,13.422862,-4.525612,6.53,,
4212,250,13.449123,52.689158,6.27,,
4232,,13.497096,-48.791306,6.82,,
4267,254,13.646853,19.188368,5.8,,奎宿增六
4283,240,13.724837,83.70737,5.59,,
4291,,13.752062,-74.301625,6.68,,
4293,270,13.751447,-69.527364,5.45,,
4298,256,13.771453,48.678447,6.28,,
4311,,13.798781,-47.407103,6.73,,
4317,259,13.811301,24.556972,6.19,,
4346,263,13.926623,-7.347435,5.88,,
4360,,13.970876,-53.192875,6.61,,
4363,268,13.981481,-27.775873,6.11,,
4366,262,13.993645,27.209452,6.08,,奎宿增十
4371,267,14.006035,-11.266577,5.35,,天溷二
4383,260,14.054558,57.996454,6.2,,
4390,,14.061961,35.228572,6.93,,
4411,,14.127775,42.978726,6.53,,
4422,265,14.165117,59.180768,4.62,Castula,王良增五
4427,264,14.177551,60.716714,2.15,Cih,策
4436,269,14.189628,38.49958,3.86,,奎宿八
4439,,14.195102,-2.730164,6.99,,
4446,261,14.231498,68.775436,6.39,,
4463,271,14.301363,23.417353,4.4,,奎宿一
4496,,14.407432,-18.99859,6.92,,
4500,,14.415295,1.785685,6.97,,
4501,272,14.415292,45.839336,6.1,,
4510,274,14.459005,28.992165,5.44,,奎宿增十一
4520,276,14.477093,13.695828,6.3,,
4552,275,14.559518,33.950425,5.99,,
4558,277,14.578651,21.404472,6.47,,
4563,281,14.593169,-60.696087,6.23,,
4572,273,14.630117,66.351709,5.97,,
4577,280,14.651668,-29.35741,4.3,,
4592,,14.690632,-5.883336,6.57,,
4655,284,14.957156,6.483191,6.14,,
4675,282,15.014962,44.713082,5.69,,
4709,278,15.130689,70.982946,6.4,,
4719,,15.147483,-36.238272,6.99,,
4726,,15.16839,-1.658751,6.85,,
4770,288,15.326699,-38.916208,5.59,,
4786,,15.362726,49.544201,6.48,,
4801,,15.411499,-16.266159,6.47,,
4809,,15.432549,25.292138,6.71,,
4829,295,15.507663,-57.002283,6.12,,
4844,287,15.576895,51.034852,6.48,,
4852,293,15.610746,-31.551909,5.5,,
4868,,15.648974,27.748004,6.88,,
4878,,15.678105,9.132804,6.83,,
4879,304,15.678909,-65.45608,6.25,,
4889,291,15.704688,31.804069,5.5,,奎宿增十五
4903,290,15.72595,41.345047,5.95,,奎宿增廿
4906,294,15.735349,7.890301,4.27,,外屏二
4911,289,15.757267,47.37606,6.46,,
4914,296,15.759816,-4.837258,5.4,,天溷增四
4979,301,15.955066,1.366586,6.06,,外屏增十
4998,298,16.009972,52.501772,5.99,,
5026,,16.100383,-47.940258,6.84,,
5034,303,16.115737,29.658037,6.2,,
5042,,16.1354,-33.532995,6.44,,
5045,305,16.152566,39.990969,6.77,,
5070,,16.20843,74.37212,6.82,,
5081,308,16.27236,14.946474,5.64,,外屏增一
5131,310,16.420951,21.47309,5.33,,奎宿十六
5141,313,16.455196,4.90761,6.35,,外屏增五
5165,322,16.520375,-46.71821,3.32,,火鸟九
5170,320,16.531812,-23.992665,6.12,,
5186,309,16.596501,62.761181,6.52,,
5193,323,16.611281,-35.660776,6.61,,
5198,,16.615538,-39.856152,6.64,,
5204,319,16.640202,12.956213,6.14,,外屏增二
5232,,16.725067,59.858521,6.87,,
5240,316,16.751824,56.934278,6.41,,
5251,318,16.789589,53.498164,6.31,,
5268,332,16.828761,-61.775359,5.36,,
5300,331,16.949697,-41.486866,5.21,,
5317,324,17.004965,43.941701,5.04,,奎宿增十九
5339,,17.063602,28.867371,6.86,,
5346,330,17.090899,5.648762,5.51,,外屏增四
5348,338,17.096411,-55.245572,3.94,Wurren,水委二
5361,326,17.139653,58.263371,5.77,,
5364,334,17.148865,-10.183148,3.46,,天仓二
5372,285,17.183998,86.25712,4.24,,勾陈五
5414,,17.304501,69.686521,6.93,,
5434,335,17.375559,47.24171,4.26,,军南门
5444,,17.413175,23.794098,6.65,,
5447,337,17.434394,35.61984,2.07,Mirach,奎宿九
5454,339,17.454977,19.658468,5.57,,奎宿增七
5477,350,17.53069,-57.695154,6.41,,
5485,346,17.549652,-8.906386,6.4,,天仓增十一
5493,340,17.576916,42.081209,5.67,,奎宿增十八
5494,341,17.581067,25.457037,5.81,,
5510,347,17.639746,2.445568,5.97,,外屏增十二
5512,,17.643043,51.013447,6.9,,
5531,,17.715667,67.780243,6.55,,
5542,343,17.778209,55.149778,4.34,,阁道四
5544,349,17.778132,31.424659,5.15,,奎宿增十三
5550,348,17.792697,37.724077,5.8,,奎宿增十六
5551,,17.794017,46.18369,6.6,,
5566,342,17.857149,64.202556,5.56,,
5571,351,17.863702,21.034582,4.66,,奎宿十五
5575,,17.870789,10.291869,6.49,,
5586,352,17.915702,30.089398,4.51,,奎宿十一
5594,353,17.930917,-2.251221,5.93,,天仓增四
5626,333,18.073504,79.673931,5.6,,五帝内座增二
5631,,18.079224,12.281492,6.89,,
5636,358,18.097483,-30.802562,6.54,,
5661,359,18.190023,-37.856675,5.95,,
5665,,18.194768,-35.205653,6.97,,
5666,,18.198344,-6.783473,6.59,,天仓增十
5688,354,18.291448,61.706149,6.4,,
5694,,18.31751,34.098374,6.73,,
5737,361,18.43377,7.574998,5.21,Revati,外屏三
5742,360,18.437411,24.583577,4.67,,奎宿十四
5764,,18.505245,-13.475065,6.88,,
5772,363,18.520905,28.529231,6.33,,
5778,364,18.531587,16.133312,5.97,,
5799,366,18.600963,-7.921052,5.14,,天仓增九
5824,367,18.676544,6.994979,6.04,,外屏增三
5833,368,18.704791,-0.972482,5.7,,天仓增三
5862,370,18.802397,-45.530526,4.97,,
5878,,18.867704,20.414378,6.99,,
5886,,18.898802,0.912472,6.71,,
5896,377,18.949624,-68.875115,4.25,,
5914,,19.020917,25.769351,6.76,,
5926,365,19.049546,71.743836,5.87,,华盖三
5927,,19.049702,-42.009854,6.58,,
5936,371,19.079054,33.114492,6.04,,
5942,,19.115618,23.589399,6.69,,
5944,,19.120906,42.939224,6.59,,
5951,373,19.150556,-2.500777,5.42,,天仓增六
5992,380,19.266507,-66.397758,6.23,,
5993,372,19.271205,44.901735,6.11,,
6010,,19.319053,39.480519,6.69,,
6025,374,19.350134,31.744639,6.36,,
6039,,19.396378,-65.21175,6.92,,
6057,,19.439576,56.631489,6.68,,
6060,,19.450159,49.008363,6.99,,
6061,378,19.449507,3.614323,5.13,,外屏增十四
6087,376,19.542358,47.419678,6.29,,
6133,,19.676667,72.877804,6.99,,
6137,,19.684028,-43.332882,6.78,,
6193,383,19.866835,27.263984,4.74,,奎宿十三
6198,,19.871088,80.894261,6.7,,
6226,385,19.951264,-0.509118,5.87,,天仓增二
6234,,19.991086,-15.814929,6.7,,
6237,,20.012635,-9.884272,6.65,,
6241,,20.02055,41.970157,6.95,,
6242,382,20.020468,58.231597,4.95,,阁道增三
6261,375,20.08029,77.571251,6.31,,
6271,,20.118491,-57.337949,7,,
6272,388,20.115535,-11.239484,6.16,,
6283,387,20.144038,-3.246962,6.26,,
6288,,20.169634,-13.889931,6.84,,
6312,384,20.272836,64.657979,6.33,,
6315,389,20.280929,28.737727,5.23,,奎宿十二
6333,,20.327167,-49.741286,6.75,,
6336,,20.35297,-50.936966,6.6,,
6371,,20.466488,50.12197,6.54,,
6376,,20.493129,12.604143,6.97,,
6378,381,20.498096,76.238585,6.37,,
6427,394,20.626608,-19.081622,6.35,,
6432,392,20.65439,1.726046,6.21,,
6440,,20.679868,-36.596683,6.71,,
6441,,20.680901,4.738119,6.87,,
6451,,20.723641,11.366204,6.77,,右更增五
6477,,20.821878,-33.548048,6.8,,
6480,,20.825621,36.514526,6.8,,
6492,397,20.853916,20.468907,5.97,,
6502,400,20.878874,-30.94591,5.84,,
6507,,20.895401,-24.352736,6.66,,
6514,395,20.919894,37.714816,5.6,,奎宿增十七
6527,,20.962467,17.81808,6.59,,
6537,402,21.005349,-8.184578,3.6,,天仓三
6592,408,21.170088,-41.492784,5.42,,
6595,411,21.174553,-44.528698,6.26,,
6605,406,21.202907,-2.848769,6.17,,
6624,,21.25253,-5.946476,6.76,,
6631,420,21.272453,-64.369588,5.92,,
6649,,21.32968,16.256991,6.99,,
6669,407,21.398896,23.511377,6.18,,
6670,412,21.405427,-14.598906,4.9,,天仓增十五
6686,403,21.457794,60.234967,2.66,Ruchbah,阁道三
6687,,21.468574,-3.927559,6.5,,
6692,399,21.484712,68.130181,4.72,,华盖五
6706,413,21.563411,19.172411,5.35,,右更一
6711,409,21.578811,43.457352,5.98,,
6717,416,21.614269,-0.399159,6.42,,
6732,414,21.674004,19.240047,5.5,,右更增一
6736,,21.682342,27.24621,6.75,,
6748,421,21.714951,-13.056455,5.51,,天仓增十六
6751,419,21.723172,3.535533,6.59,,
6759,423,21.741991,-32.543396,6.57,,
6776,415,21.777614,34.377483,6.27,,
6791,,21.854908,-20.351659,6.89,,
6794,418,21.861221,41.101316,6.42,,
6797,,21.868087,-9.297354,6.86,,
6813,417,21.917339,45.405988,4.83,,天大将军增三
6819,,21.927807,31.965992,6.78,,
6822,425,21.945094,-10.901481,6.13,,
6823,422,21.945406,40.335747,6.59,,
6862,,22.080075,30.557303,6.9,,
6867,429,22.091204,-43.31956,3.41,,火鸟十
6868,426,22.096193,7.961298,6.22,,
6869,,22.102294,17.07904,6.6,,
6878,,22.143622,42.267055,6.66,,
6888,431,22.180954,-33.764186,6.59,,
6909,,22.239953,-17.937385,6.66,,
6939,,22.34851,25.275381,6.66,,
6952,435,22.377269,-46.756316,6.25,,
6960,433,22.400946,-21.629319,5.11,,𫓧锧一
6966,,22.421633,22.826089,6.77,,
6981,432,22.470662,18.355652,6.01,,
6984,,22.474089,-5.59598,6.69,,
6999,430,22.525433,47.007001,5.27,,天大将军四
7007,434,22.548198,6.143524,4.84,,外屏四
7016,436,22.59575,-26.207842,5.92,,
7050,428,22.718346,66.098015,6.15,,
7057,,22.745066,49.342868,6.84,,
7083,440,22.814283,-49.071716,3.93,,天园一
7097,437,22.871044,15.345803,3.62,Alpherg,右更二
7108,,22.891418,-19.023221,6.85,,
7115,443,22.912419,-45.57568,6.17,,
7147,438,23.031495,34.79993,6.39,,
7213,445,23.233551,-36.865362,5.49,,
7222,444,23.264844,-9.014619,6.6,,
7243,,23.326281,8.208536,6.31,,
7253,,23.359764,54.944859,6.92,,
7271,467,23.412222,-78.505696,6.11,,
7276,448,23.429625,-7.025861,5.75,,
7294,442,23.482283,59.231892,4.68,,阁道增四
7298,,23.498894,-62.476225,6.91,,
7321,446,23.569294,37.237013,5.9,,
7330,,23.597412,-28.236779,6.87,,
7339,,23.631857,68.948875,6.52,,
7357,,23.704943,0.943038,6.9,,
7358,,23.704725,20.17245,6.65,,
7359,450,23.704645,18.460091,5.9,,
7361,453,23.711077,-31.892588,6.11,,
7362,,23.713906,-3.524102,6.44,,
7363,,23.715054,-23.699599,6.41,,
7370,,23.741808,33.117005,6.74,,
7399,,23.850727,53.34556,6.86,,
7421,,23.90969,28.269644,6.89,,
7443,,23.960326,-39.947441,6.43,,
7450,459,23.995831,-15.400096,5.41,,天仓增十七
7463,462,24.036339,-29.907011,5.69,,
7513,458,24.197875,41.403026,4.1,Titawin,天大将军六
7535,463,24.274163,12.141599,5.54,,右更三
7557,449,24.343014,74.300936,6.58,,
7568,525,24.365749,-84.769649,5.66,,
7580,466,24.408717,-9.403073,6.24,,
7588,472,24.429567,-57.237013,0.45,Achernar,水委一
7593,,24.446639,64.739361,6.49,,
7601,512,24.487903,-82.974224,5.88,,
7607,464,24.498739,48.627494,3.59,Nembus,天大将军三
7610,,24.515972,-46.083727,6.97,,
7617,461,24.531565,57.977596,5.55,,
7625,,24.552539,62.351786,6.72,,
7632,,24.583126,2.586051,6.94,,
7649,,24.627801,-42.928026,6.67,,
7650,456,24.628564,73.039953,5.28,,华盖二
7658,,24.655545,21.398194,6.66,,
7676,474,24.708341,-25.022156,6.69,,
7679,473,24.716675,-21.275146,5.58,,
7710,,24.814926,14.285375,6.74,,右更五
7719,469,24.837327,44.386261,5.01,,天大将军五
7721,,24.839783,-33.564786,6.55,,
7740,475,24.920625,16.405785,5.98,,
7786,470,25.054413,53.868247,6.35,,
7819,,25.14597,8.760781,6.34,,
7832,,25.193218,-2.622195,6.74,,
7846,,25.221561,77.968932,6.73,,
7874,484,25.327402,25.745452,6.2,,
7884,489,25.357747,5.487636,4.45,,外屏五
7886,494,25.364247,-38.132465,6.2,,
7906,485,25.413426,30.047078,5.97,,
7911,501,25.421535,-50.038738,6.63,,
7916,492,25.437199,-11.327299,5.75,,
7918,483,25.453299,42.612218,4.96,,
7921,505,25.450033,-60.789599,5.7,,
7941,498,25.51224,-36.83241,5.7,,
7943,490,25.51493,35.245549,5.63,,
7955,497,25.535243,-32.327265,5.25,,
7956,,25.539331,66.79229,6.96,,
7965,478,25.586437,68.042952,5.57,,华盖六
7978,506,25.623952,-53.741516,5.52,,
7981,493,25.62195,20.264176,5.24,,娄宿增三
7983,,25.633673,-8.659366,6.99,,
7991,,25.654156,40.377339,6.71,,
7999,500,25.681218,-3.69042,4.98,,天仓增廿
8016,480,25.73424,70.622442,5.18,,杠八
8046,491,25.832482,60.551232,5.78,,阁道增五
8066,,25.91162,52.885759,6.76,,
8068,496,25.915399,50.688647,4.01,,天大将军二
8081,,25.945698,55.877354,6.94,,
8086,503,25.958889,32.192024,6.32,,
8094,507,25.978163,-4.765711,6.2,,
8102,509,26.005571,-15.932024,3.49,,天仓五
8127,504,26.110464,46.139489,6.32,,
8134,,26.149675,3.223631,6.73,,
8135,,26.153349,-34.406173,6.82,,
8148,502,26.192589,57.089238,6.25,,
8160,,26.239693,-28.727031,6.95,,
8198,510,26.34892,9.157985,4.26,Torcular,右更四
8209,514,26.412613,-25.053072,5.29,,
8230,513,26.49686,-5.733489,5.37,,
8233,517,26.505114,-27.349119,6.38,,
8241,520,26.527454,-53.521659,5.04,,
8296,,26.743338,-13.888655,6.7,,
8320,524,26.819701,-41.759616,6.18,,
8347,,26.911997,-20.845461,6.55,,
8366,550,26.940831,-80.176681,6.05,,
8369,528,26.949042,-37.159354,6.33,,
8370,518,26.950176,46.229394,6.33,,
8387,522,27.045942,16.95534,5.86,,
8423,521,27.163092,37.952697,5.94,,
8433,523,27.171915,32.69211,5.78,,
8475,526,27.314574,47.896852,6.01,,
8480,532,27.331559,-31.072569,6.35,,
8490,,27.363167,26.472551,6.9,,
8544,530,27.535614,22.275291,5.83,,
8552,537,27.585191,-47.816081,6.14,,
8588,534,27.716102,11.0432,5.92,,右更增三
8593,541,27.726333,-50.206166,5.94,,
8598,529,27.738457,51.932681,5.96,,
8641,,27.859952,-39.836091,6.44,,
8645,539,27.865393,-10.335281,3.74,Baten Kaitos,天仓四
8664,,27.907526,-6.874202,6.42,,
8672,,27.916931,-13.233831,6.95,,
8688,,27.942166,-15.647472,6.44,,
8704,533,27.997307,55.147333,5.53,,大陵增四
8714,536,28.039231,50.79261,5.7,,天大将军增十六
8718,,28.043071,24.117427,6.74,,
8778,547,28.217414,-16.929582,5.78,,
8796,544,28.270537,29.577335,3.42,Mothallah,娄宿增六
8814,543,28.322189,40.729764,5.42,,天大将军增十一
8820,554,28.347606,-38.594445,6.09,,
8832,546,28.383097,19.293218,3.88,Mesarthim,娄宿二
8833,549,28.389111,3.187689,4.61,,外屏六
8837,555,28.41057,-46.303253,4.39,,
8882,558,28.591508,-42.49713,5.12,,
8883,,28.592348,8.781063,6.6,,
8886,542,28.599317,63.669985,3.35,Segin,阁道二
8903,553,28.660696,20.80734,2.64,Sheratan,娄宿一
8928,570,28.735159,-67.646836,4.68,,蛇腹四
8929,,28.7349,56.582465,6.82,,
8936,,28.768101,-24.889621,6.92,,
8957,,28.831246,-60.312742,6.43,,
8991,593,28.963875,-78.348212,6.15,,
8998,560,28.975312,1.851199,6.01,,
9007,566,28.996475,-51.607079,3.69,,天园二
9009,548,29.000351,68.685181,4.97,,华盖七
9021,557,29.040486,37.251896,5.69,,天大将军八
9052,,29.160345,-81.499094,6.93,,
9061,565,29.167923,-22.526978,4.92,,𫓧锧五
9094,,29.287636,-10.243981,6.42,,
9095,574,29.29296,-47.385223,4.82,,
9110,563,29.337957,17.81738,5.09,,娄宿增一
9112,,29.351317,-36.057272,6.98,,
9132,564,29.432364,27.804005,5.84,,
9149,584,29.471853,-65.424743,6.36,,
9153,569,29.481518,23.595969,4.79,,娄宿增五
9158,562,29.484902,41.694524,6.77,,
9163,,29.496886,47.095476,6.48,,
9165,,29.497774,-2.059424,6.52,,天囷增二
9171,,29.515399,31.134085,6.94,,
9188,,29.577697,59.625817,6.65,,
9207,576,29.611206,-33.066916,6.37,,
9220,561,29.63865,61.697713,6.02,,
9222,568,29.639667,49.204614,5.7,,天大将军增十五
9236,591,29.695996,-61.569688,2.86,,蛇首一
9237,,29.692127,-11.30152,6.46,,
9285,,29.832094,-26.432154,6.79,,
9295,578,29.857906,12.294662,6.09,,
9296,,29.857789,-40.727387,6.93,,
9300,,29.879492,-13.872399,6.8,,
9307,577,29.899645,21.058477,5.89,,
9312,567,29.909026,64.621506,5.29,,
9313,588,29.911294,-42.031171,5.57,,
9318,600,29.921904,-66.066521,6.09,,
9343,,29.993751,6.035368,6.75,,
9347,585,30.002193,-21.077988,3.99,,𫓧锧四
9358,,30.061462,-3.368396,6.89,,
9359,,30.062808,44.419777,6.87,,
9362,,30.071161,-55.012765,6.51,,
9372,587,30.112323,-8.523997,5.43,,
9459,602,30.426283,-44.71382,5.15,,
9469,,30.45957,-63.622392,6.88,,
9470,,30.460062,15.067098,6.54,,
9472,,30.46806,-74.445831,6.8,,
9480,575,30.488322,70.906953,4.49,,杠七
9487,595,30.511964,2.763757,3.82,Alrescha,外屏七
9493,,30.533626,28.400181,6.57,,
9505,590,30.575823,54.48752,4.99,,大陵增五
9533,601,30.646157,13.476684,5.97,,
9540,,30.656939,-70.419305,6.89,,
9562,,30.715289,-23.886833,6.3,,
9563,,30.718246,-2.378003,6.91,,
9569,,30.739939,11.018746,6.53,,
9570,599,30.74136,33.284092,5.5,,天大将军增五
9572,608,30.744208,-15.305885,5.87,,
9586,579,30.792917,73.85058,6.12,,
9589,607,30.799027,0.128646,5.42,,天囷增四
9598,580,30.857842,72.421438,3.95,,杠五
9621,605,30.914826,25.935531,5.64,,娄宿增七
9622,611,30.918743,-4.103917,5.61,,
9627,609,30.927476,18.253105,6.24,,
9631,610,30.951241,-0.340526,5.96,,天囷增三
9640,603,30.975178,42.329401,2.1,Almach,天大将军一
9655,,31.052311,-11.85979,6.43,,
9656,,31.055139,51.967672,6.66,,
9677,612,31.122751,-29.296765,4.68,,
9685,,31.147169,-54.881847,6.45,,
9706,,31.212732,7.735662,6.44,,
9723,,31.266663,55.621984,6.53,,
9727,581,31.284954,77.281036,5.27,,五帝内座二
9754,,31.361886,50.643059,6.99,,
9763,592,31.381127,76.114931,5.22,,杠三
9858,,31.704748,29.269365,6.75,,
9862,,31.717889,-19.1391,6.39,,
9875,,31.760947,-8.606498,6.64,,
9884,617,31.794691,23.461491,2.01,Hamal,娄宿三
9951,,32.023547,-41.880493,6.5,,
9966,,32.0827,-10.041295,6.98,,
9977,620,32.123165,37.858799,4.78,,天大将军增九
9981,,32.132536,-6.677931,6.51,,
9990,618,32.169071,58.423587,5.66,,
9999,625,32.19018,-17.77929,6.07,,
10035,632,32.288292,-43.516925,5.84,,
10047,,32.342534,5.986437,6.97,,
10050,624,32.347202,17.223007,6.4,,
10053,623,32.356119,25.93968,4.98,,娄宿增九
10054,597,32.354029,81.295992,6.05,,
10064,622,32.387104,34.987046,3,,天大将军九
10069,630,32.394788,-24.346054,6.48,,
10099,,32.464145,3.769309,6.79,,
10138,637,32.629228,-50.819544,6.12,,
10141,,32.606872,59.97945,6.66,,
10155,631,32.657255,19.500164,5.68,,娄宿增十四
10176,628,32.720052,39.039387,6.09,,天大将军增十
10194,,32.766873,-15.071096,6.74,,
10212,635,32.836916,8.569075,5.64,,天囷增六
10215,638,32.842432,-10.053256,6,,刍藁增一
10220,634,32.854528,31.526333,6.24,,
10232,,32.884448,-18.976871,6.65,,
10254,,32.976119,-47.170635,6.82,,
10273,,33.065782,2.745629,6.49,,
10280,642,33.092355,30.302677,4.94,,天大将军增六
10296,644,33.156703,24.167738,5.96,,
10305,650,33.200484,-2.394104,5.65,,天囷十三
10306,646,33.201471,21.211019,5.23,,娄宿增十二
10309,,33.207161,79.691697,6.46,,
10320,652,33.227074,-30.723779,5.27,,
10324,649,33.249812,8.846625,4.36,,天囷五
10326,651,33.254497,-20.999878,5.86,,
10328,648,33.264428,15.279726,5.72,,娄宿增十五
10340,643,33.305334,44.231554,4.84,,天大将军增十二
10356,,33.374336,5.012409,6.51,,
10361,,33.389643,53.058579,6.5,,
10366,645,33.404959,51.064728,5.31,,大陵增六
10396,,33.473152,-9.064499,6.43,,
10422,,33.57931,-76.357417,6.57,,
10438,640,33.621111,66.52439,6.05,,传舍五
10440,659,33.632931,-41.16693,5.91,,
10479,,33.782191,55.0883,6.81,,
10482,,33.790083,0.720086,6.76,,
10540,656,33.943127,25.782513,5.79,,娄宿增十
10602,674,34.128372,-51.512303,3.56,,天园三
10623,,34.193214,83.561142,6.45,,
10642,666,34.246616,-6.4228,5.51,,刍藁三
10670,664,34.328958,33.846859,4.03,,天大将军十
10673,,34.334125,-35.982659,6.7,,
10718,661,34.500262,57.899855,5.75,,大陵增二
10721,,34.502998,42.901251,6.89,,
10723,672,34.508339,1.760173,5.6,,
10732,669,34.531292,19.90117,5.58,,娄宿增十三
10776,,34.673227,8.180693,6.84,,
10784,,34.718739,12.992517,6.88,,
10793,675,34.737522,28.642673,5.29,,胃宿增一
10795,676,34.74132,23.167761,6.45,,
10798,683,34.742218,-25.942848,6.33,,
10800,,34.748973,85.73595,6.98,,
10810,,34.786177,19.686905,6.82,,
10819,670,34.819416,47.379933,5.31,,天大将军增十三
10826,681,34.836704,-2.979173,6.47,Mira,刍藁增二
10830,673,34.84353,48.955927,6.44,,天大将军增十四
10832,686,34.853236,-41.84819,6.36,,
10848,677,34.905552,39.834852,6.63,,
10854,684,34.920107,-4.345552,6.5,,
10856,,34.935181,60.029481,6.94,,
10871,688,34.976395,-55.944676,5.81,,
10884,680,35.018732,30.187858,6.51,,
10893,668,35.053183,64.336987,6.59,,
10963,,35.307328,-19.915368,6.53,,
10985,,35.398436,44.599916,7,,
11001,705,35.436384,-68.659404,4.08,,蛇腹三
11021,689,35.485862,0.395632,5.29,,天囷增五
11029,692,35.50738,-10.778056,5.43,,刍藁五
11033,693,35.520822,-17.662541,5.89,,
11035,,35.527492,22.873593,6.57,,
11043,698,35.549495,-43.199533,6.3,,
11046,691,35.551541,-0.885146,5.42,,天囷十一
11060,685,35.589315,55.845645,5.16,,大陵一
11072,695,35.63699,-23.816354,5.19,,
11075,,35.638612,16.870229,6.78,,
11090,687,35.70897,41.395673,5.81,,
11095,715,35.716087,-73.645716,5.99,,
11121,700,35.777436,-37.576357,6.47,,
11131,,35.810006,-29.869944,6.96,,
11138,,35.834536,52.08301,6.64,,
11139,,35.842398,-6.192953,7,,
11143,,35.847281,-26.99571,6.8,,
11153,,35.869872,35.441008,6.75,,
11212,703,36.084053,-25.847357,6.45,,
11231,706,36.143114,-40.83976,6.17,,
11249,702,36.204528,10.610478,5.48,,天囷增七
11258,714,36.22371,-60.312783,5.36,,
11260,,36.234498,-3.893226,6.89,,
11261,704,36.243299,-2.780073,6.34,,刍藁四
11293,722,36.359894,-66.494016,6.39,,
11313,699,36.406165,50.278539,4.73,,大陵增九
11318,,36.417332,61.549614,7,,
11345,708,36.487444,-12.290552,4.88,,刍藁一
11348,710,36.501163,-15.341592,5.88,,
11360,,36.568239,6.292232,6.79,,
11381,713,36.647325,-20.041969,5.89,,
11407,721,36.746534,-47.703875,4.24,,天园四
11415,711,36.779951,27.011914,6.14,,
11432,712,36.865536,31.801101,5.55,,
11477,724,37.007239,-33.811004,5.13,,
11479,734,37.018775,-64.299729,6.35,,
11484,718,37.04003,8.459961,4.3,,天囷六
11486,717,37.041475,29.668784,5.29,,胃宿增二
11488,,37.045525,-50.302554,6.96,,
11524,727,37.147357,-31.102557,6.11,,
11569,707,37.265977,67.402711,4.46,,阁道一
11573,,37.28143,37.329617,6.78,,
11578,723,37.307603,23.468892,6.2,,
11603,725,37.397307,9.565642,6.09,,
11611,,37.442684,46.031322,6.71,,
11623,,37.482415,39.136963,6.78,,
11644,733,37.557759,-25.186244,6.5,,
11648,,37.565282,-57.809273,6.76,,
11651,726,37.569739,33.833352,6.26,,
11670,728,37.635244,25.234571,5.88,,
11671,735,37.636688,-22.545519,6.17,,
11678,729,37.660625,19.85507,6.14,,左更增一
11682,,37.670402,40.167338,6.82,,
11687,732,37.688014,0.255416,6,,
11698,731,37.726881,17.703328,6.21,,
11733,,37.862255,58.024745,6.61,,
11738,737,37.875544,2.267115,5.27,,
11757,776,37.92357,-79.10973,5.27,,
11767,424,37.946147,89.264138,1.97,Polaris,勾陈一
11783,740,38.021249,-15.245616,4.74,,天苑增九
11784,736,38.026088,36.147376,5.15,,天大将军增八
11791,739,38.039086,-1.035103,5.36,,天囷十
11794,,38.047917,-32.606353,6.59,,
11796,,38.051401,55.457827,6.76,,
11802,742,38.06196,-36.427229,6.28,,
11843,741,38.225482,15.03479,6,,
11886,,38.321343,-75.893305,6.86,,
11889,,38.328539,52.308891,6.66,,
11900,762,38.390253,-62.586574,6.79,,
11904,,38.40278,18.880093,6.82,,
11907,745,38.417345,-20.002431,6.19,,
11909,,38.435237,-72.349209,6.84,,
11918,749,38.461174,-28.232353,4.96,,
11919,,38.466003,-60.982606,6.73,,
11925,755,38.477451,-51.093677,6.24,,
11927,,38.480777,-12.337372,6.89,,
11930,,38.49481,71.293836,6.55,,
11932,,38.49441,59.212003,6.98,,
11978,,38.629894,76.717825,6.75,,
11997,,38.66775,50.065737,6.98,,
12057,746,38.866386,39.664165,6.36,,
12086,750,38.945199,34.687232,5.38,,
12093,754,38.968449,5.593101,4.87,,天囷七
12102,,38.986098,-17.63277,6.93,,
12107,759,38.999984,-7.831976,5.53,,刍藁增五
12146,,39.141232,-14.656911,6.91,,
12148,766,39.145764,7.729891,5.81,,
12151,,39.150914,42.400387,6.8,,
12153,763,39.15981,12.447093,5.64,,天囷增八
12160,757,39.179116,31.60767,6.07,,
12186,772,39.244057,-34.579636,5.78,,
12189,765,39.253145,24.647132,6.48,,
12200,761,39.278007,32.891288,6.23,,
12225,778,39.352719,-52.543078,5.3,,
12238,,39.393355,20.574876,6.92,,
12239,747,39.40095,65.745277,5.8,,
12247,771,39.424419,-3.396456,5.65,,刍藁增四
12250,,39.435105,-22.991633,6.77,,
12273,743,39.507839,72.818347,5.17,,杠增一
12287,768,39.573979,37.726434,6.19,,
12288,777,39.578487,-30.194535,5.84,,
12300,780,39.604405,-37.990943,6.48,,
12313,,39.639143,-20.45657,6.71,,
12318,775,39.653572,3.443255,6.21,,
12332,773,39.704095,21.961312,5.45,,左更一
12338,,39.721798,-70.679822,6.7,,
12346,,39.743665,62.591355,6.66,,
12354,,39.764736,10.636592,6.68,,
12387,779,39.870744,0.328494,4.08,,天囷九
12389,798,39.882516,-64.281588,6.55,,
12390,781,39.892099,-11.873666,4.83,,刍藁六
12413,789,39.950774,-42.891768,4.74,,天园五
12444,784,40.05086,-9.453378,5.79,,
12447,783,40.065719,6.111919,6.26,,
12484,802,40.165416,-54.54988,5.21,,
12485,,40.168216,-69.233079,6.58,,
12486,794,40.167936,-39.855551,4.11,,天园增一
12489,782,40.171611,27.060769,5.3,,胃宿增五
12530,790,40.309727,-0.696454,5.72,,天囷增廿
12600,,40.503889,30.935498,6.81,,
12611,807,40.535274,-46.525042,6.09,,
12623,788,40.562011,40.192778,4.91,,大陵八
12628,,40.577061,34.294875,6.94,,
12640,793,40.591603,20.01117,5.74,,左更二
12653,810,40.642819,-50.798893,5.4,,
12675,,40.710294,-28.151378,6.79,,
12686,787,40.748629,53.525904,5.85,,
12692,785,40.762214,55.105884,5.76,,
12706,804,40.824225,3.234891,3.47,Kaffaljidhma,天囷八
12717,823,40.862471,-66.714767,6.23,,
12720,,40.870592,-2.531341,6.48,,
12732,,40.915336,-33.045456,6.85,,
12744,803,40.963479,25.63837,6.35,,
12754,,40.981668,-7.912902,6.54,,
12768,800,41.021519,44.297001,5.43,,大陵增十四
12770,811,41.030575,-13.85875,4.24,,天苑七
12777,799,41.053211,49.227875,4.1,,大陵增十三
12780,,41.062059,-25.495061,6.96,,
12784,808,41.079882,17.7637,6.4,,
12803,809,41.13742,15.311761,5.78,,左更三
12804,,41.138694,46.840785,6.9,,
12821,791,41.207368,67.82442,5.95,,
12828,813,41.237445,10.113952,4.27,,天囷四
12832,812,41.240733,12.445219,5.17,,
12843,818,41.278002,-18.572331,4.47,,天苑八
12862,816,41.337555,4.711363,6.04,,
12876,837,41.387094,-67.616339,4.83,,蛇腹一
12982,819,41.743425,35.983496,6.27,,
13004,,41.790297,60.570773,6.51,,
13008,827,41.79624,-22.486002,6.47,,
13055,774,41.949591,81.447977,5.8,,五帝内座三
13061,824,41.978339,29.246313,4.52,Lilii Borea,胃宿二
13064,832,41.982997,-12.460958,6.63,,
13085,,42.055186,-3.619365,6.85,,
13106,,42.128863,-33.78328,6.8,,
13112,,42.159165,-37.400647,6.66,,
13119,,42.184976,-73.841325,6.94,,
13121,830,42.191649,25.188039,5.89,,
13133,815,42.231347,69.63453,6.26,,
13139,,42.246137,-45.090057,6.78,,
13141,852,42.25752,-62.806335,5.25,,
13147,841,42.273239,-32.404883,4.45,,
13165,836,42.323192,17.464215,5.26,,左更五
13178,825,42.378059,57.084307,6.25,,
13183,,42.40802,0.920807,6.82,,
13197,844,42.461992,-24.56113,6.14,,
13202,845,42.476093,-27.941839,5.39,,
13209,838,42.49644,27.259761,3.61,Bharani,胃宿三
13210,,42.50172,30.525891,6.72,,
13241,,42.608711,31.97259,6.58,,
13244,872,42.617741,-75.067119,4.76,,附白二
13254,840,42.647674,38.317949,4.22,,大陵七
13257,,42.646984,36.947502,6.44,,
13265,851,42.668393,-35.676195,5.48,,
13268,834,42.674397,55.89541,3.77,Miram,天船一
13269,,42.678775,19.160007,6.63,,
13271,853,42.699549,-39.932288,6.36,,
13288,850,42.759406,-21.004126,4.76,Angetenar,天苑九
13327,847,42.873487,15.081922,5.52,,左更四
13328,843,42.878562,35.059337,4.56,,大陵增十六
13339,842,42.923631,46.841775,5.86,,
13347,839,42.940778,58.314277,6.46,,
13360,,42.970373,44.894123,6.56,,
13363,858,42.985273,-30.813849,6.38,,
13367,829,42.994835,68.888448,5.94,,
13393,,43.093654,42.020925,6.84,,
13402,857,43.136476,-12.770925,6.05,,
13414,,43.181914,-41.392131,6.67,,
13429,,43.22756,-65.455383,6.47,,
13448,856,43.299161,16.483056,6.3,,左更增八
13462,849,43.337834,48.569875,6.23,,
13473,863,43.3938,-38.436784,5.93,,
13479,862,43.397769,-22.376794,5.93,,
13495,,43.442971,9.335664,6.54,,
13518,871,43.526934,-50.871355,6.22,,
13520,,43.529311,-10.442305,6.95,,
13531,854,43.564398,52.76245,3.93,,大陵二
13536,,43.583471,-55.878819,6.61,,
13567,,43.696569,-0.048032,6.53,,
13569,,43.706592,-33.524758,6.9,,
13571,,43.707904,20.373034,6.96,,
13593,,43.784234,3.486811,6.91,,
13609,,43.841748,27.722273,6.84,,
13621,,43.868376,73.371046,6.58,,
13629,,43.881582,2.018206,6.6,,
13665,860,43.989113,61.521338,5.59,,传舍六
13684,,44.066782,29.163931,6.55,,
13700,861,44.102654,64.332438,6.17,,
13701,874,44.107377,-8.89955,3.89,Azha,天苑六
13702,869,44.110868,18.021721,5.58,,左更增四
13717,875,44.155704,-3.712597,5.16,,
13727,,44.201774,-35.377778,6.58,,
13732,864,44.21109,51.261106,6.22,,
13756,877,44.269198,4.501186,6.15,,
13768,884,44.303636,-29.855324,6.29,,
13775,873,44.322033,31.93402,5.1,,胃宿增三
13782,883,44.349733,-23.862393,5.44,,天苑增六
13843,,44.552357,-12.005892,6.51,,
13847,897,44.564864,-40.304509,2.88,Acamar,天园六
13879,879,44.690508,39.662468,4.68,,积尸[胃宿]
13884,909,44.699487,-64.071252,4.98,,
13887,,44.706054,43.364246,6.65,,
13897,,44.735154,77.079901,6.88,,
13904,,44.755706,-34.189133,6.69,,
13905,882,44.764957,35.183165,4.94,,
13914,887,44.802933,21.340386,4.63,,左更增七
13939,,44.893905,-53.908474,6.85,,
13942,901,44.902046,-25.273592,5.69,,
13947,903,44.909658,-32.507134,6.32,,
13949,886,44.916287,41.032645,5.89,,
13951,899,44.921471,-2.465085,5.56,,天囷增十九
13954,896,44.928817,8.907269,4.71,,天囷三
13962,,44.953013,57.663223,6.86,,
13965,885,44.957582,47.220837,5.47,,
13997,894,45.049705,38.131563,6.11,,
14036,902,45.184451,10.870168,5.93,,
14060,907,45.292398,-7.663472,5.75,,天苑增十
14086,914,45.408873,-28.094371,5.88,,
14109,905,45.475492,26.462385,5.91,,
14110,912,45.484111,-9.961442,5.84,,
14124,913,45.539166,-6.495462,6.2,,
14131,939,45.564926,-71.902358,5.51,,
14135,911,45.56981,4.089231,2.54,Menkar,天囷一
14146,919,45.596898,-23.624829,4.08,,天苑十
14187,929,45.732993,-46.975022,5.81,,
14228,,45.867282,6.226342,6.72,,
14232,916,45.87614,28.269774,6.38,,
14240,934,45.902491,-59.73818,5.12,,
14262,,45.980246,-43.897892,6.69,,
14315,926,46.15878,1.8636,6.05,,
14318,924,46.169275,15.855436,6.37,,
14328,915,46.199133,53.506414,2.91,,天船二
14345,,46.248877,-74.319439,6.81,,
14354,921,46.295196,38.839594,3.32,,大陵六
14355,,46.297464,-8.274105,6.3,,
14376,927,46.361237,25.255109,5.45,,胃宿增四
14382,918,46.38489,56.706167,4.77,,
14387,,46.397919,36.798549,6.99,,
14402,,46.443275,43.702453,6.9,,
14417,881,46.53147,79.418598,5.49,,五帝内座一
14439,931,46.598668,13.18685,5.64,,
14455,,46.639202,-10.252056,6.69,,
14456,935,46.639598,-6.088587,5.23,,
14494,,46.803294,-1.802848,6.95,,
14502,922,46.828962,64.057571,5.89,,
14514,938,46.856812,17.880054,6.13,,
14521,981,46.886571,-78.988775,5.67,,
14547,959,46.95323,-69.264825,6.12,,
14551,943,46.962342,-27.831283,6.18,,
14566,930,47.0163,52.213374,6.33,,
14576,936,47.042235,40.955638,2.09,Algol,大陵五
14607,942,47.161609,8.471538,6.28,,
14626,,47.225724,62.384591,6.47,,
14632,937,47.279194,49.612694,4.05,,大陵三
14649,,47.334235,20.761048,6.41,,天阴增五
14666,,47.367092,37.30122,6.95,,
14668,941,47.375606,44.856636,3.79,Misam,大陵四
14677,944,47.403255,29.076996,5.74,,
14749,960,47.613706,-48.734315,6.11,,
14757,953,47.647878,-23.738348,6.37,,
14764,948,47.661842,11.872454,5.97,,
14778,,47.705009,10.005962,6.95,,
14786,,47.730974,2.315671,6.78,,
14797,,47.772194,-13.264232,6.36,,
14814,957,47.819534,-16.025038,6.25,,
14817,947,47.822205,39.611614,4.61,,大陵增十八
14819,955,47.828208,-3.811702,6.08,,
14821,952,47.841227,13.047954,6.11,,
14838,951,47.908405,19.726625,4.35,Botein,天阴四
14862,932,47.984801,74.393109,4.85,,杠二
14879,963,48.021578,-28.983706,3.8,Dalim,天苑增三
14893,954,48.059444,27.256852,5.78,,
14913,968,48.108017,-44.419678,5.92,,
14914,949,48.11078,47.725332,6.32,,
14915,958,48.109803,6.660875,5.55,,
14925,,48.129953,-32.396492,6.97,,
14930,977,48.138388,-57.321461,5.71,,
14954,962,48.19472,-1.196543,5.07,,天囷增十七
14970,,48.251274,-20.02655,6.74,,
14972,970,48.256198,-35.943638,6.29,,
15039,,48.458683,-38.809664,6.88,,
15072,,48.57189,22.953715,6.76,,
15092,,48.667328,-35.557555,6.88,,
15108,,48.721525,-59.513501,6.75,,
15110,972,48.725197,21.043948,4.87,,天阴二
15118,966,48.736238,42.503683,6.07,,
15125,980,48.751049,-26.100598,6.25,,
15131,,48.775412,-45.66392,6.75,,
15140,,48.795568,-64.444249,6.62,,
15154,971,48.83503,30.556726,5.61,,
15192,964,48.949855,57.140608,5.79,,
15197,984,48.95841,-8.819439,4.8,Zibal,天苑五
15201,1025,48.993565,-77.388058,5.51,,
15203,983,49.003626,-5.918729,6.17,,
15209,973,49.018867,45.345916,6.15,,
15218,990,49.047295,-30.827403,6.64,,
15219,969,49.050833,50.937543,5.04,,
15241,978,49.146592,32.183486,5.98,,
15279,,49.287827,6.799684,6.96,,
15282,979,49.297853,40.482781,6.44,,
15305,998,49.360753,-47.751471,5.84,,
15334,986,49.440826,39.283266,5.97,,
15353,1014,49.497076,-66.92677,6.03,,
15357,993,49.511946,-28.797177,5.93,,
15371,1010,49.571836,-62.502228,5.24,,
15383,992,49.595049,-0.930675,5.62,,天囷增十六
15411,997,49.672298,-18.560197,5.72,,
15416,991,49.682615,34.222598,4.85,,
15457,996,49.84212,3.370795,4.84,,天囷增十一
15474,1003,49.879529,-21.757658,3.7,,天苑十一
15510,1008,50.008449,-43.065142,4.26,82 G. Eri,天园增三
15520,985,49.997145,65.652202,4.74,,紫微右垣七
15534,,50.029261,69.731266,6.6,,
15547,961,50.084278,77.734315,5.44,,五帝内座四
15549,999,50.084777,29.048354,4.47,,
15557,1000,50.106637,25.662143,6.14,,
15634,,50.329427,61.999102,6.76,,
15643,1016,50.349873,-23.635257,5.5,,
15648,1002,50.360129,43.329648,4.96,,大陵增十九
15655,1021,50.389372,-47.776743,6.4,,
15660,,50.424985,-20.324746,6.69,,
15696,1012,50.549588,27.60749,5.55,,天阿
15700,1018,50.567893,-25.587798,6.36,,
15737,1015,50.688169,20.741973,5.1,,天阴三
15775,,50.822109,-17.439281,6.7,,
15776,1024,50.823765,-7.795501,6.2,,
15795,,50.886702,58.721903,6.58,,
15799,,50.897262,-40.076118,6.9,,
15800,,50.901237,0.909498,6.47,,
15807,1023,50.912414,4.882089,6.37,,
15816,1031,50.936067,-32.707078,6.51,,
15819,,50.947447,48.604255,7,,
15850,1028,51.042376,12.629454,6.03,,
15861,1022,51.07709,24.723734,5.5,,天阴增二
15863,1017,51.080949,49.861013,1.79,Mirfak,天船三
15869,,51.102611,-13.992933,6.87,,
15882,,51.143835,22.040201,6.91,,
15884,,51.150771,-51.062532,6.5,,
15890,1009,51.168939,64.585996,5.13,,
15900,1030,51.202827,9.028357,3.61,,天廪四
15925,1026,51.289041,41.257341,6.52,,
15946,,51.334664,-4.655214,6.99,,
15968,1064,51.401046,-69.336023,5.96,,
15979,1020,51.45008,53.921256,6.51,,
16029,1045,51.593907,-27.317138,5.93,,
16042,,51.647756,28.714423,6.47,,
16077,1036,51.763654,18.75657,6.54,,
16112,1054,51.889856,-35.681284,5.71,,
16128,,51.9328,-43.855706,6.73,,
16142,1050,52.003937,-11.286896,5.74,,
16143,,52.005846,20.46423,6.72,,
16163,,52.071921,-57.882329,6.69,,
16168,1041,52.086466,33.807189,5.72,,
16181,1048,52.110696,22.803295,6.03,,
16226,,52.26583,3.248751,6.41,,
16228,1035,52.267213,59.940319,4.21,,传舍七
16245,1083,52.349869,-62.935146,4.71,,
16263,1062,52.400163,-12.674705,5.57,,
16266,1060,52.412529,-6.805032,6.01,,
16274,,52.454453,-22.505366,6.79,,
16285,1075,52.479267,-42.634266,5.76,,
16292,1046,52.500252,55.451734,5.09,,传舍九
16310,1076,52.556492,-41.37104,6.12,,
16319,1032,52.580897,71.863897,6.37,,
16322,1061,52.601879,11.33634,5.14,,天廪二
16335,1052,52.643697,47.995333,4.36,,天船增四
16339,1081,52.654584,-47.374998,5.98,,
16341,1070,52.654492,-5.075099,4.74,,天苑增十四
16350,,52.669334,-9.730028,6.86,,
16357,,52.688708,42.202318,6.92,,
16358,1067,52.68952,6.188596,5.93,,
16368,1092,52.715718,-66.489706,5.81,,
16369,1066,52.718368,12.936669,4.14,,天廪一
16389,,52.766531,-0.481347,6.64,,
16411,1065,52.836772,27.571671,6.61,,
16424,1056,52.872102,49.209761,6.29,,
16449,1082,52.973906,-25.614244,6.38,,
16489,965,53.082147,84.911361,5.62,,
16499,1069,53.108932,46.056386,5.3,,天船增五
16509,1090,53.145955,-50.378116,5.67,,
16511,1079,53.149998,9.373124,5.76,,天廪增一
16516,1072,53.162419,44.85572,6.42,,
16518,1074,53.166684,35.461751,5.91,,
16531,1096,53.215845,-61.016573,6.42,,
16537,1084,53.22636,-9.458147,3.72,Ran,天苑四
16591,1078,53.396124,39.899185,5.79,,
16602,1071,53.421922,57.868962,6.37,,
16611,1088,53.447292,-21.633058,4.26,,天苑十二
16628,1093,53.486361,-31.079625,6.2,,
16641,1085,53.535552,17.830844,6.14,,
16664,1086,53.610957,24.464175,5.95,,昴宿增二
16690,,53.679324,-54.321953,6.84,,
16713,,53.755419,32.016501,6.66,,卷舌增一
16725,1055,53.801489,73.346772,6.56,,
16779,,53.988493,-5.12498,6.49,,
16780,1098,53.990429,-11.193267,5.56,,
16782,,53.993906,47.090869,6.89,,
16803,1100,54.072777,-17.467126,5.24,,天苑增一
16815,,54.103619,-79.098857,6.84,,
16835,,54.166303,29.223996,6.53,,
16851,,54.214568,-33.780562,6.93,,
16852,1101,54.216778,0.398582,4.29,,天囷增十五
16870,1106,54.273691,-40.274637,4.57,,天园增四
16924,1102,54.449448,15.430364,6.4,,
16938,1097,54.500921,42.582685,6.41,,
16959,,54.542981,-59.776101,6.96,,
16974,1094,54.582538,56.932489,6.29,,
16986,,54.612369,49.205574,6.87,,
16989,1108,54.621883,-7.392267,5.86,,
17000,,54.669801,22.659322,6.71,,
17007,1114,54.698788,-27.94289,6.01,,
17026,1103,54.750219,20.915545,6.5,,
17049,,54.821137,13.89086,6.67,,
17056,1080,54.854359,75.739681,6.25,,
17057,1117,54.855688,-10.43794,6.19,,
17058,1110,54.857569,16.536472,6.18,,
17086,1116,54.909684,-3.39345,6.22,,
17089,,54.913573,-56.234488,6.85,,
17101,,54.946843,-6.777055,6.96,,
17103,1115,54.962775,3.056916,5.55,,天囷增十二
17120,1119,54.998418,-1.121268,6.12,,
17129,,55.029376,34.116515,6.82,,
17136,1120,55.04763,-15.226624,6.35,,
17147,,55.096349,-3.218351,6.68,,
17155,,55.116891,5.125815,6.61,,
17167,1121,55.159723,-5.21073,5.53,,天苑增十六
17181,1118,55.193024,25.329403,6.11,,昴宿增一
17203,1113,55.282926,37.580022,5.55,,
17211,,55.300227,58.844525,6.84,,
17214,1125,55.308024,-11.802227,6.49,,
17223,1128,55.343233,-19.584372,6.58,,
17276,,55.497807,-24.652437,6.77,,
17298,,55.540397,-45.957802,6.5,,
17304,1134,55.562134,-31.938272,4.99,,
17309,1126,55.578991,19.700169,5.68,,天阴增三
17313,1123,55.594396,33.964994,4.97,,卷舌六
17328,1271,55.636207,-85.262023,6.4,,
17342,1112,55.67807,59.969409,5.74,,
17347,,55.688568,69.845467,6.98,,
17358,1122,55.731489,47.787282,3.01,,天船五
17378,1136,55.811497,-9.758652,3.52,Rana,天苑三
17436,1157,56.026792,-40.660823,6.45,,
17439,,56.039923,-38.279932,6.99,,
17440,1175,56.054536,-64.806399,3.84,,蛇首二
17448,1131,56.079777,32.288183,3.84,Atik,卷舌五
17453,1137,56.117698,20.928649,6.09,,
17457,1146,56.127148,-1.163125,5.24,,天囷增十四
17460,1133,56.131348,36.459837,5.6,,
17464,1168,56.141488,-54.273609,6.29,,
17470,,56.154581,27.896958,6.75,,
17475,1130,56.170441,46.099662,6.1,,
17519,,56.261303,2.620916,6.65,,
17529,1135,56.29834,42.578559,3.77,,卷舌一
17534,1169,56.316122,-47.359534,5.72,,
17543,,56.349327,-71.657857,6.26,,
17558,,56.404296,38.676376,6.45,,
17563,1153,56.418643,6.049891,5.34,,天廪增二
17585,1124,56.505267,67.200879,5.79,,
17587,1129,56.5097,63.344991,4.78,,上丞增二
17593,1162,56.535928,-12.101206,4.43,,天苑二
17617,,56.609554,13.508926,6.88,,
17618,1171,56.614338,-29.338132,5.91,,
17651,1173,56.710921,-23.253099,4.22,,天苑十三
17678,1208,56.810956,-74.238228,3.26,,附白一
17688,,56.831911,-50.754388,6.58,,
17702,1165,56.871287,24.104861,2.85,Alcyone,昴宿六
17707,1147,56.884257,55.921726,6.09,,
17738,1184,56.983698,-30.169359,5.52,,
17744,,56.995094,-2.861401,6.98,,
17771,1174,57.067972,11.143104,5.08,,毕宿增一
17772,1160,57.075233,50.736756,6.18,,
17792,,57.128669,9.646014,6.68,,
17797,1189,57.150105,-37.620224,4.3,,天园八
17798,1187,57.148565,-20.903084,5.81,,
17805,1182,57.162731,0.227818,5.91,,
17838,,57.250751,-26.032704,6.95,,
17874,1195,57.363132,-36.20061,4.17,,天园九
17877,,57.364853,52.655369,6.73,,
17884,1155,57.380303,65.525884,4.39,,上丞增一
17886,1177,57.386068,33.091385,5.14,,天谗
17921,1185,57.479635,22.243858,6.05,,
17925,,57.510855,-45.385364,6.93,,
17930,,57.515111,37.873559,6.61,,
17932,1176,57.518075,44.967684,5.65,,
17951,,57.569165,-32.285307,6.93,,
17959,1148,57.589983,71.331996,4.59,,杠一
17988,,57.674691,1.563943,6.6,,
18033,1194,57.81626,13.045936,6.3,,
18067,1166,57.924341,68.507351,6.31,,
18081,1191,57.973867,34.359092,5.78,,
18089,1199,58.001003,6.534889,5.66,,毕宿增二
18109,,58.0716,-0.655589,6.82,,
18141,1202,58.173589,-5.361304,5.48,,九州殊口增四
18169,,58.28488,-6.633757,6.56,,
18170,1201,58.292823,17.326892,5.97,,
18173,1206,58.303895,-18.43444,6.21,,
18190,,58.376117,2.118982,6.72,,
18192,,58.377319,-14.970581,6.93,,
18199,1216,58.388992,-46.8939,5.93,,
18201,,58.393808,25.682664,6.35,,
18213,1214,58.412529,-34.732301,5.11,,天园增五
18216,1213,58.428143,-24.612276,4.64,,天苑十五
18217,1192,58.43138,57.974543,5.8,,
18235,,58.500106,-23.138975,6.68,,
18246,1203,58.533041,31.883576,2.84,,卷舌四
18254,,58.572513,-27.668622,6.99,,
18255,1211,58.573093,-2.95472,4.46,,九州殊口增二
18262,1219,58.596323,-40.356955,5.7,,
18275,1227,58.641791,-52.690675,6.46,,
18337,,58.814697,-38.759254,6.81,,
18339,1217,58.816699,-12.099246,5.99,,
18353,,58.853616,49.040587,6.85,,
18396,1207,58.992556,47.87129,5.39,,
18401,1236,59.017629,-63.463379,6.14,,
18413,,59.044417,59.642906,6.53,,
18440,,59.132178,-10.853017,6.56,,
18451,,59.150914,74.080095,6.75,,
18453,1210,59.153127,50.694562,5.28,,积水增一[胃宿]
18455,1225,59.158379,-9.75081,6.18,,
18481,1224,59.257396,6.039532,6.09,,
18485,1221,59.265927,23.175441,6.05,,
18488,1205,59.284492,61.108794,4.99,,传舍增二
18490,,59.296977,21.323468,6.84,,
18499,,59.317707,41.880534,6.84,,
18505,1204,59.356127,63.072303,4.95,,上丞增三
18508,1222,59.359876,24.461891,6.19,,
18532,1220,59.463565,40.01006,2.9,,卷舌二
18543,1231,59.507757,-13.509226,2.97,Zaurak,天苑一
18545,,59.511056,72.724569,6.63,,
18554,,59.563635,-49.609754,6.94,,
18565,1226,59.621855,38.840004,6.32,,
18592,1245,59.679058,-57.102287,6.05,,
18597,1247,59.686585,-61.400279,4.56,,
18606,1232,59.71801,-5.471059,5.85,,
18614,1228,59.741267,35.791048,3.98,Menkib,卷舌三
18634,,59.832047,13.974664,6.77,,
18635,,59.834718,-43.917532,6.83,,
18658,1233,59.91959,10.33038,6.35,,
18673,1240,59.98126,-24.016106,4.62,,天苑十六
18691,1250,60.064759,-51.564896,6.51,,
18723,1246,60.169752,-30.490665,5.93,,
18724,1239,60.170012,12.49027,3.41,,毕宿八
18729,,60.182491,-71.166582,6.6,,
18735,1238,60.20406,18.193819,5.89,,
18762,,60.279302,20.198652,6.76,,
18769,1234,60.311745,36.98946,6.39,,
18788,1244,60.383722,-1.549748,5.28,,九州殊口增一
18824,,60.5173,-34.482254,6.73,,
18847,,60.617683,-78.633181,6.63,,
18850,,60.621767,3.847181,6.91,,
18859,1249,60.654067,-0.270533,5.38,,
18875,,60.696107,-22.595012,6.9,,
18907,1251,60.789121,5.989295,3.91,,毕宿增三
18911,,60.794168,8.882686,6.65,,
18913,,60.796163,78.202654,6.98,,
18923,,60.84213,48.84075,6.97,,
18926,1258,60.853113,-20.143806,6.47,,
18939,,60.891027,-25.847929,6.57,,
18950,,60.914038,-47.861803,6.62,,
18975,1254,60.986937,8.197448,5.45,,
18990,1263,61.036906,-16.589122,6.36,,
18993,1257,61.042104,2.826144,5.36,,
19009,1252,61.090305,24.105904,5.46,,
19011,1265,61.094751,-12.79218,5.62,,
19018,1242,61.113152,59.155503,5,,传舍增四
19030,,61.154379,55.066218,6.55,,
19037,1267,61.170546,-20.381952,6.12,,
19038,1256,61.174446,22.081553,4.36,,月
19091,,61.403025,-31.051102,6.94,,
19095,1275,61.40743,-27.651205,5.59,,
19121,1272,61.485595,-8.85616,6.27,,
19129,1241,61.513387,68.67999,5.88,,
19139,,61.533591,62.101835,6.76,,
19167,1261,61.645886,50.351031,4.25,,积水[胃宿]
19171,1268,61.651876,27.599582,5.18,,
19172,1255,61.653256,54.008082,6.31,,
19174,,61.653843,-18.050897,6.6,,
19177,1248,61.662149,65.520632,6.14,,
19196,,61.713997,-49.628363,6.86,,
19201,,61.73265,33.446326,6.7,,
19202,,61.742308,-21.99414,6.65,,
19205,1269,61.751208,29.001332,5.21,,砺石一
19206,,61.751501,-10.001359,6.88,,
19222,,61.795529,73.999943,6.49,,
19233,1294,61.842486,-64.220137,6.37,,
19242,1285,61.85519,-42.916691,6.59,,
19249,,61.871965,-6.00724,6.91,,
19256,,61.906007,-37.061955,6.71,,
19261,1279,61.925774,15.162643,6.02,,
19284,1280,61.99762,17.339832,5.89,,
19298,,62.054714,43.191019,6.57,,
19331,1291,62.141806,-45.864645,6.58,,
19335,1278,62.153895,38.038433,5.52,,卷舌增五
19343,1273,62.165568,47.7123,3.96,,天船六
19348,,62.175226,10.099124,6.79,,
19363,,62.223064,23.098417,6.87,,
19370,,62.236622,41.504013,6.98,,
19376,1284,62.256635,13.398234,5.94,,
19388,1283,62.292261,19.609014,5.51,,天街增一
19398,1288,62.324308,-16.385868,5.45,,
19411,,62.363602,6.724688,6.74,,
19428,,62.41239,31.652579,6.88,,
19434,,62.428872,3.322308,6.49,,
19453,,62.496142,-25.041745,6.95,,
19454,1107,62.50093,86.626354,5.84,,
19461,1230,62.510977,80.698699,5.1,,五帝内座五
19504,,62.677354,18.423052,6.61,,
19509,1299,62.690973,-35.273952,6.43,,
19511,1293,62.699333,-8.819796,5.7,,
19513,1287,62.707536,26.48072,5.39,,砺石二
19525,1286,62.745908,33.586735,5.75,,
19554,1292,62.835452,5.523079,5.71,,毕宿增五
19571,1300,62.901159,-20.355839,5.8,,
19587,1298,62.966496,-6.837062,4.04,Beid,九州殊口二
19601,,63.001276,-17.275078,6.41,,
19611,,63.038582,0.73569,6.62,,
19626,,63.084686,-4.410233,6.7,,
19642,1316,63.132026,-44.368209,6.7,,
19672,1297,63.213496,22.41339,6.14,,
19679,,63.243467,32.532618,6.69,,
19690,,63.263466,-23.128501,6.78,,
19704,,63.313511,-70.42009,6.99,,
19719,1309,63.387905,7.716073,5.29,,毕宿增六
19721,1323,63.398929,-40.357566,6.36,,
19725,1312,63.408983,-1.149767,6.45,,
19730,1281,63.436939,72.12593,6.05,,
19736,1310,63.45773,12.753595,6.25,,
19743,,63.494921,-32.042163,6.98,,
19747,1326,63.500836,-42.29567,3.85,,天园增六
19777,1318,63.598651,-10.257319,4.87,,九州殊口一
19780,1336,63.606758,-62.473541,3.33,,夹白二
19785,,63.610084,23.696339,6.77,,
19799,1315,63.650936,10.011321,5.22,,
19810,,63.716875,37.542644,6.31,,
19811,1306,63.722236,40.483535,4.67,,卷舌增六
19812,1303,63.724477,48.409218,4.12,,天船七
19836,,63.795913,-37.196879,6.76,,
19849,1325,63.803563,-7.67472,4.43,Keid,九州殊口增七
19856,,63.861422,-16.445163,6.87,,
19859,1322,63.869297,6.186166,6.32,,
19860,1320,63.883702,8.892218,4.27,,毕宿增七
19890,,64.002465,-84.18092,6.99,,
19893,1338,64.007636,-51.485471,4.26,,金鱼一
19921,1355,64.120354,-59.303227,4.44,,
19949,1314,64.179353,53.611787,5.2,,天船九
19968,1305,64.223231,61.849856,5.69,,传舍增三
19983,1313,64.284033,57.860035,5.72,,
19985,,64.297475,5.024461,6.91,,
19990,1329,64.314974,20.578199,4.93,,天街二
19996,1332,64.329993,-6.472224,5.95,,
20037,,64.461789,67.088372,6.89,,
20042,1347,64.474069,-33.798392,3.55,,天园十
20049,1426,64.498036,-80.213646,5.67,,
20069,,64.559208,-14.638817,6.86,,
20070,1324,64.561373,50.295143,4.6,,天船增十
20106,1353,64.656579,-22.969441,6.09,,
20156,1330,64.805791,50.04832,5.46,,天船八
20161,1364,64.820134,-44.268153,5.33,,
20186,1341,64.903149,21.773228,5.34,,
20188,1349,64.905792,10.121176,6.31,,
20205,1346,64.949116,15.62749,3.65,Prima Hyadum,毕宿四
20212,,64.973581,-12.399095,6.72,,
20219,1351,64.991197,14.035074,5.58,,天节三
20225,,65.011742,78.079533,6.95,,
20229,,65.037963,-16.437349,6.8,,
20231,1344,65.041439,31.95309,6.16,,
20243,,65.063918,-2.628564,6.89,,
20250,1348,65.088192,27.350261,4.97,,砺石四
20252,1343,65.102467,34.566679,4.93,,卷舌增三
20255,1354,65.105431,18.7423,6.11,,
20257,,65.120335,-1.31656,6.78,,
20264,1367,65.162737,-20.639682,5.38,,
20266,1327,65.167586,65.140409,5.26,,少卫增一
20268,1360,65.171773,6.130512,5.76,,
20271,1363,65.178508,-7.592501,5.85,,
20297,1456,65.242343,-81.579117,5.78,,
20330,,65.332023,76.105984,6.74,,
20341,1366,65.362533,-0.098966,5.86,,
20347,1374,65.380743,-25.728901,6.08,,
20354,1350,65.388393,46.498654,4.8,,天船增六
20372,,65.4402,-37.78211,6.53,,
20373,,65.443082,2.389198,6.92,,
20376,1335,65.449284,60.734896,5.4,,
20380,1342,65.46569,56.506363,5.91,,
20384,1395,65.473408,-63.385276,5.24,,
20417,1370,65.594692,20.82141,5.91,,
20430,1369,65.64574,25.629201,5.38,,砺石三
20446,1485,65.711884,-82.899051,6.77,,
20455,1373,65.734444,17.54233,3.77,Secunda Hyadum,毕宿三
20456,1352,65.741909,59.615899,6.18,,
20465,1384,65.773779,-24.892257,5.81,,
20467,1386,65.78231,-35.544748,6.38,,
20472,,65.820368,11.377698,6.64,,
20498,1371,65.899414,42.427691,6.25,,
20507,1383,65.919911,-3.745833,5.17,,九州殊口三
20522,1381,65.965803,9.460925,5.1,,天节八
20529,,65.983227,-66.736727,6.98,,
20533,1378,65.999039,24.30091,6.34,,
20535,1393,66.00981,-34.01648,3.97,Beemim,天园十一
20552,1405,66.049637,-57.071807,6.28,,
20556,,66.057915,51.937035,6.84,,
20619,1416,66.271987,-61.238055,5.94,,
20635,1387,66.343082,22.293592,4.21,,天街增二
20650,,66.374173,-53.111636,6.91,,
20667,,66.414929,-1.411033,6.76,,
20675,,66.426322,-9.926653,6.66,,
20698,,66.505764,4.373348,6.37,,
20704,1390,66.526862,31.438135,5.29,,
20727,,66.627444,-32.816235,6.81,,
20732,1396,66.651499,14.713583,4.69,,天节一
20735,,66.657059,-40.529253,6.7,,
20765,1410,66.737157,-24.081413,6.11,,
20771,1400,66.753379,2.079014,6.23,,
20772,1382,66.753727,57.585181,6.28,,
20781,1418,66.775515,-46.949266,6.1,,
20800,,66.853707,46.851225,6.72,,
20829,,66.947861,-11.124263,6.97,,
20836,,66.980557,-21.504376,6.75,,
20848,1413,67.015344,1.858666,6.14,,
20852,,67.022222,8.154754,7,,
20854,,67.029824,-15.180119,6.69,,
20856,1429,67.039304,-41.959816,6.41,,
20860,1289,67.055054,83.807862,5.51,,
20889,1409,67.154891,19.180197,3.53,Ain,毕宿一
20892,1421,67.162917,-19.459598,5.95,,
20894,1412,67.166311,15.870715,3.4,Chamukuy,毕宿增十三
20901,1414,67.209703,13.047506,5.02,,天节四
20904,1406,67.216807,30.361362,6.38,,
20922,1423,67.278859,-13.048375,5.61,,
20948,,67.377173,17.862956,6.9,,
20953,,67.386216,-26.275678,6.78,,
20958,,67.412362,5.164162,6.93,,
20974,,67.466648,69.37809,6.63,,
20982,1304,67.498941,83.341033,5.47,,
20985,1425,67.509378,10.261713,6.47,,
21010,,67.584578,28.132195,6.51,,
21032,,67.640627,-23.024399,6.83,,
21038,1419,67.660093,32.457646,6.18,,
21042,1439,67.668057,-35.653304,5.95,,
21060,1443,67.708772,-44.953764,5.07,,
21062,,67.72024,44.602645,6.99,,
21078,,67.766562,6.790749,6.78,,
21108,1424,67.850416,40.010135,6.25,,
21139,1437,67.969425,-0.044063,4.91,,九斿增二
21144,,67.987314,36.742255,6.35,,
21148,1417,68.007633,53.910792,5.78,,天船增九
21218,,68.276149,-12.543618,6.67,,
21219,,68.279851,67.63127,6.94,,
21239,1447,68.342019,-10.785142,6.06,,
21242,1434,68.353815,43.063926,6.09,,五车增二
21247,1401,68.378451,72.528023,5.94,,
21264,,68.435012,-5.310075,6.66,,
21267,,68.445005,13.251769,6.62,,
21273,1444,68.462845,14.844258,4.65,,天节二
21278,1449,68.478015,-6.738938,5.71,,九州殊口增九
21281,1465,68.499721,-55.044894,3.3,,金鱼二
21287,,68.510868,-28.449889,6.85,,
21295,1448,68.534344,5.568567,5.67,,
21296,1451,68.548304,-8.231334,5.2,,九州殊口增八
21300,,68.564308,-73.208413,6.8,,
21323,1445,68.658291,28.96101,5.88,,
21324,,68.659029,-24.040384,6.37,,
21363,1461,68.753661,-19.921024,6.12,,
21369,,68.7731,57.419727,6.65,,
21377,1460,68.809047,-9.736476,6.74,,
21386,,68.850376,85.527007,6.55,,
21393,1464,68.8873,-30.562423,3.81,Theemin,天园十二
21402,1458,68.913877,10.160455,4.25,,天节七
21421,1457,68.98058,16.508091,0.87,Aldebaran,毕宿五
21426,,69.002321,55.511731,6.91,,
21444,1463,69.079768,-3.352488,3.93,,九州殊口四
21446,,69.081749,11.412452,6.74,,
21452,1440,69.100443,64.261555,5.91,,
21459,1459,69.12217,23.34051,6.01,,
21476,1454,69.172577,41.264687,4.25,,五车增三
21479,1492,69.189031,-62.077609,5.59,,
21515,1469,69.30694,0.99828,5.32,,九斿一
21517,,69.311551,18.542989,6.49,,
21583,,69.524728,46.233516,6.98,,
21585,,69.531196,-58.203635,6.61,,
21589,1473,69.540096,12.510743,4.27,,天节五
21594,1481,69.54459,-14.305158,3.86,Sceptrum,九斿增四
21601,,69.562765,60.88406,6.64,,
21604,1471,69.565866,20.68467,5.85,,
21611,1531,69.590311,-77.656068,6.05,,
21619,1470,69.623287,26.938842,6.56,,
21644,1483,69.722721,-12.123234,4.99,,
21666,1498,69.768067,-51.672635,6.45,,
21670,1480,69.77625,7.870947,5.38,,
21689,1477,69.846573,25.218199,6.21,,
21718,1488,69.946902,-1.052515,6.11,,
21727,1467,69.977754,53.079432,5.07,,天船增七
21743,1495,70.027846,-24.482255,5.56,,
21760,,70.094885,29.97198,6.8,,
21763,1496,70.110656,-19.672113,4.32,,九斿八
21770,1502,70.13926,-41.864231,4.44,,
21771,,70.142648,-48.538077,6.9,,
21819,1490,70.332609,28.614803,5.73,,
21843,,70.442985,-47.259158,6.77,,
21847,1489,70.461365,38.279556,5.97,,
21861,1503,70.51488,-37.143064,5.04,,
21881,1497,70.561236,22.956797,4.27,,诸王六
21882,,70.562794,9.633404,6.76,,
21893,,70.59245,-23.178037,6.8,,
21894,,70.593932,-0.93002,6.73,,
21914,1516,70.693073,-50.481112,5.3,,
21928,1494,70.726663,43.364806,5.3,,五车增一
21942,,70.746949,14.814646,6.69,,
21949,1541,70.766695,-70.930804,5.53,,
21958,1509,70.788497,-30.765983,5.66,,
21961,1499,70.80743,24.088803,6.18,,诸王增一
21966,1486,70.82413,59.520871,6.51,,
21972,1493,70.839922,49.97369,5.86,,
22003,1501,70.95066,32.865173,6.49,,
22024,1508,71.022199,-8.503561,5.78,,九州殊口五
22028,1513,71.033612,-18.666699,5.53,,
22040,1530,71.088506,-59.732449,5.28,,
22041,,71.089592,48.175288,6.78,,
22081,1540,71.24112,-63.229732,6.46,,
22086,1521,71.267457,-21.283493,5.72,,
22093,,71.310337,79.656999,6.67,,
22109,1520,71.375743,-3.254744,4.01,,九斿二
22136,1524,71.457268,-34.004896,6.85,,
22144,1526,71.480566,-39.356742,6.04,,
22152,1468,71.504465,76.610175,6.46,,
22157,1519,71.507696,11.705546,5.35,,
22176,1517,71.570615,18.734248,5.99,,
22190,,71.602786,64.809957,6.85,,
22192,1525,71.607259,-28.087328,6.18,,
22196,,71.612129,42.349014,6.53,,
22220,1514,71.685403,40.312354,5.99,,
22280,1539,71.956787,-30.019778,6.35,,
22287,1511,72.001757,56.756249,5.29,,八谷增一
22309,,72.079765,29.235337,6.89,,
22329,1548,72.140875,-43.97982,6.72,,
22354,1534,72.185927,3.588428,6.04,,
22361,1491,72.210795,75.940365,5.96,,
22381,,72.269665,-56.666439,6.59,,
22393,1529,72.303652,31.436717,5.57,,
22407,1528,72.329682,32.587987,5.84,,
22439,1545,72.425229,-13.77077,6.27,,
22441,1537,72.433699,15.904177,6.09,,参旗增一
22449,1543,72.463027,6.96135,3.19,Tabit,参旗六
22453,1533,72.47735,37.488521,4.89,,五车增七
22479,1549,72.548698,-16.216831,5.03,,九斿六
22488,1557,72.567393,-41.320421,6.06,,
22508,1510,72.651657,70.941398,6.36,,
22509,1544,72.653002,8.899974,4.35,,参旗五
22520,,72.689134,1.147625,6.66,,
22531,1563,72.729603,-53.460946,5.58,,
22545,1535,72.788438,48.740489,5.64,,
22549,1552,72.801491,5.605111,3.68,,参旗七
22552,,72.805534,68.168751,6.54,,
22563,,72.835519,-68.069269,6.81,,
22565,1547,72.844131,18.839653,5.08,,天高二
22570,,72.862573,-51.725487,6.55,,
22573,1559,72.867757,-34.90643,5.82,,
22611,,72.976596,-34.238601,6.68,,
22626,1527,73.022297,63.504818,5.47,,
22650,,73.090107,45.939565,6.69,,
22667,1556,73.133158,14.250283,4.71,,参旗一
22678,1551,73.158047,36.703162,4.79,,五车增八
22697,1554,73.196644,27.897257,5.97,,
22699,1550,73.198891,42.586626,5.68,,
22701,1560,73.223507,-5.452535,4.36,,九斿三
22717,1606,73.272548,-72.405947,6.28,,
22720,1546,73.290607,52.841075,6.4,,
22737,1598,73.377139,-66.67535,6.43,,
22743,,73.392104,23.315686,6.55,,
22754,,73.4159,61.481436,6.64,,
22783,1542,73.512554,66.342727,4.26,,紫微右垣六
22786,,73.517014,-38.162818,6.75,,
22797,1567,73.562913,2.440674,3.71,,参旗八
22812,,73.616735,-3.225929,6.52,,
22833,1569,73.695296,11.426094,5.18,,参旗三
22834,1571,73.69895,7.778924,5.33,,
22840,1574,73.711279,0.467135,5.98,,
22842,1558,73.713696,44.060502,6.06,,
22844,1597,73.722221,-58.547214,6.11,,
22845,1570,73.724126,10.150013,4.64,,参旗四
22847,1584,73.72834,-39.628464,6.11,,
22854,1555,73.76284,55.259055,5.52,,八谷增三
22860,1579,73.778467,-16.740727,5.71,,
22871,1629,73.797353,-74.936457,5.47,,
22897,1583,73.875859,-25.727617,6.71,,
22913,1576,73.958941,15.040205,5.79,,
22923,1578,73.99301,5.398935,6.5,,
22957,1580,74.092301,13.514172,4.06,,参旗二
23011,,74.244873,-8.458867,6.89,,
23015,1577,74.248439,33.165971,2.69,Hassaleh,五车一
23020,,74.260993,49.921316,6.95,,
23033,,74.289761,59.120171,6.55,,
23040,1568,74.321392,53.752148,4.43,,八谷五
23041,1591,74.321399,-1.067431,6.25,,
23043,1585,74.34301,17.153598,5.51,,参旗增二
23047,,74.381894,65.278058,6.72,,
23060,1595,74.436187,-14.231998,6.15,,
23068,1586,74.452716,23.948503,5.79,,诸王五
23088,1590,74.539323,25.050101,5.79,,诸王增二
23092,1596,74.545545,-2.212656,6.34,,
23116,,74.609667,-3.732577,6.97,,
23123,1601,74.637083,1.713965,4.47,,参旗九
23148,1716,74.712106,-82.470484,5.84,,
23166,1604,74.75487,-16.375213,5.65,,
23179,1592,74.81458,37.889621,4.93,,五车增六
23214,,74.935262,15.916547,6.75,,参旗增三
23221,1608,74.960343,-10.264199,5.39,,九斿四
23228,,74.974085,27.325464,6.95,,
23231,1611,74.9825,-12.537971,4.78,,九斿五
23251,1682,75.054558,-78.300005,6.29,,
23261,1599,75.076319,39.394694,5.95,,五车增五
23265,1523,75.08638,81.194263,5.09,,六甲五
23286,,75.141076,14.384143,6.75,,
23287,1610,75.141452,3.615574,6.65,,
23303,,75.177597,10.913373,6.8,,
23311,1614,75.207705,-5.760763,6.22,,
23362,1621,75.356835,-20.052016,4.91,,
23363,,75.356958,-0.697068,6.76,,
23364,1617,75.359765,-7.173932,4.8,,玉井二
23377,1631,75.393807,-39.717833,6.02,,
23408,1618,75.459834,0.721966,5.91,,
23416,1605,75.49223,43.823293,3.03,Almaaz,柱一[毕宿]
23430,1628,75.541537,-26.275519,5.01,,
23446,1635,75.59497,-31.770789,5.92,,
23453,1612,75.619606,41.075699,3.69,Saclateni,柱二[毕宿]
23457,,75.630992,7.423925,6.86,,
23467,1677,75.67909,-71.314231,5.3,,
23475,1625,75.689417,-4.210108,5.86,,
23493,,75.758088,-8.663173,6.86,,
23497,1620,75.774419,21.589702,4.62,,天高一
23522,1603,75.854462,60.442154,4.03,,八谷增十四
23539,,75.928775,-2.539921,6.73,,
23551,1640,75.967194,-14.370211,6.42,,
23554,1645,75.972146,-24.388396,5.61,,九斿增七
23555,1651,75.975001,-41.743934,6.3,,
23583,1626,76.060775,30.494503,6.14,,
23585,,76.067632,45.778947,6.51,,
23595,1652,76.102664,-35.483263,4.55,,
23607,1638,76.142409,15.403907,4.65,,参旗增四
23611,1627,76.153775,32.319834,6.59,,
23614,1632,76.158385,27.695765,6.62,,
23649,1663,76.242403,-49.577857,5.05,,
23653,1667,76.252526,-54.407361,6.26,,
23685,1654,76.365401,-22.371494,3.19,,屏二
23693,1674,76.377354,-57.471951,4.71,,
23699,,76.407147,23.060998,6.69,,
23712,,76.472553,26.429868,6.6,,
23724,1639,76.503692,35.936306,6.49,,
23734,1622,76.535145,58.972325,5.22,,八谷七
23737,1700,76.539113,-73.037276,6.26,,
23767,1641,76.628978,41.234036,3.18,Haedus,柱三[毕宿]
23783,1637,76.668996,51.596608,4.98,,八谷六
23818,,76.790355,-19.390145,6.47,,
23831,1665,76.854907,-12.491954,5.97,,
23833,,76.85809,-44.821614,6.91,,
23835,1656,76.866143,18.64517,4.91,,天高增一
23840,1695,76.891961,-63.399967,5.19,,
23865,,76.94275,55.759083,6.92,,
23871,1658,76.951322,20.418178,5.28,,天高增二
23875,1666,76.961902,-5.086928,2.78,Cursa,玉井三
23879,1664,76.970618,8.498049,5.33,,参旗增十
23883,1660,76.980993,21.70478,5.84,,天高增三
23900,1659,77.027609,24.265142,5.5,,诸王四
23908,,77.05523,-15.095341,6.38,,
23941,1673,77.182435,-4.456105,5.11,,玉井增二
23957,,77.233928,3.218557,6.51,,
23964,,77.268134,49.121915,6.64,,
23972,1679,77.286596,-8.754094,4.25,,玉井一
23983,1672,77.332256,9.829528,5.43,,参旗增七
24003,1636,77.404109,69.638997,6.43,Mago,
24010,1676,77.424764,15.59713,4.81,,参旗增五
24017,1647,77.435193,64.918325,6.37,,
24019,1670,77.438287,28.030074,5.93,,
24038,,77.510175,-40.559316,6.89,,
24041,1681,77.513604,-0.565647,6.11,,
24059,,77.542946,13.548098,6.69,,
24072,1669,77.578381,37.301859,6.02,,
24109,1668,77.679373,46.961109,5.67,,
24114,1694,77.685786,-25.910294,6.4,,
24162,1687,77.830422,-2.490773,5.89,,
24189,1699,77.899271,-37.395217,6.57,,
24193,,77.9097,29.903432,6.42,,
24203,1691,77.938968,1.036957,5.88,,
24239,,78.062396,40.10153,6.97,,
24244,1696,78.074759,-11.869418,4.45,,军井一
24252,,78.089081,26.453673,6.78,,
24254,1643,78.093678,73.94649,5.44,,六甲增一
24294,1697,78.20068,-6.057392,5.9,,
24305,1702,78.233226,-16.205571,3.29,,屏一
24327,1705,78.307743,-12.9413,4.36,,军井二
24331,1698,78.322858,2.861297,4.46,,参宿增九
24340,1689,78.357002,38.484035,4.82,,天潢五
24348,1678,78.379665,62.691137,6.49,,八谷四
24372,1744,78.439689,-67.185006,4.81,,夹白一
24384,1727,78.472228,-52.030844,6.03,,
24394,1710,78.499863,-14.606884,6.22,,
24426,1721,78.620279,-35.976905,5.75,,
24436,1713,78.634479,-8.201644,0.18,Rigel,参宿七
24440,1650,78.64777,76.472738,6.36,,
24441,,78.654088,-0.562867,6.89,,
24447,,78.664204,31.401655,6.63,,
24450,1709,78.683492,5.156206,5.5,,
24451,1692,78.684442,53.213953,6.16,,
24479,1688,78.797761,59.405604,6.15,,
24505,1723,78.851631,-26.943696,5.06,,
24528,,78.932828,-22.894328,6.76,,
24555,1718,79.017168,11.341312,5.52,,参旗增六
24577,,79.099239,-33.537916,6.95,,
24608,1708,79.173026,45.995262,0.08,Capella,五车二
24618,1731,79.201105,-17.142306,6.55,,
24659,1743,79.371941,-34.897359,4.81,,
24665,,79.382241,24.009189,6.85,,
24674,1735,79.40153,-6.844471,3.59,,玉井四
24727,1726,79.544267,33.370583,4.54,,天潢增一
24738,1722,79.565563,42.791917,5.55,,
24766,,79.636133,48.92331,6.93,,
24813,1729,79.789648,40.094805,4.69,,咸池三
24817,1746,79.796629,2.595466,5.34,,参宿增八
24820,1741,79.810986,20.134426,6.12,,
24822,1739,79.819312,22.095976,4.96,,天高四
24825,1753,79.822672,-18.519862,6.37,,
24829,1767,79.842459,-50.604513,5.44,,
24831,1758,79.848661,-27.368935,5.98,,
24845,1756,79.893836,-13.176819,4.29,,军井三
24847,1748,79.897033,-1.411881,6.33,,
24873,1757,79.995852,-12.315535,5.29,,军井四
24881,1733,80.009662,44.425261,6.49,,
24925,1759,80.110005,-5.367558,6.4,,
24927,1762,80.112231,-21.239827,4.7,,
24948,,80.159025,71.714582,6.57,,
24951,1736,80.16313,46.963725,6.54,,
24955,,80.16938,66.747033,6.39,,
24971,,80.22176,9.724873,6.62,,
24984,1750,80.247121,27.957168,6.35,,
25001,1752,80.302855,29.569883,5.66,,
25007,1772,80.320258,-34.345012,6.05,,
25008,,80.322157,54.252712,6.63,,
25011,1761,80.330435,4.01187,6.49,,
25041,1763,80.431488,8.428537,5.78,,
25044,1765,80.44062,-0.382454,4.72,,参宿增五
25045,1771,80.44258,-24.773064,5.06,,
25048,1749,80.451849,41.804333,5.22,,咸池一
25098,1801,80.592223,-56.134261,6.1,,
25110,1686,80.637029,79.232175,5.08,,六甲六
25194,1793,80.850322,-39.678393,5.73,,
25197,1751,80.866189,57.544036,5.24,,八谷增十一
25202,1783,80.875662,-13.927358,5.25,,军井增一
25205,1777,80.879248,5.323192,6.34,,
25221,1797,80.912067,-37.336649,6.8,,
25226,,80.930611,56.08894,6.85,,
25247,1784,80.986694,-7.808351,4.13,,参宿增卅七
25278,1780,81.107772,17.383487,5,,
25280,1792,81.11894,-16.975882,5.64,,
25281,1788,81.119233,-2.397167,3.35,,参宿增三
25291,1776,81.160419,31.143108,5.94,,
25292,1773,81.16309,37.385269,5.02,,天潢四
25301,,81.186668,36.19989,6.49,,
25302,1789,81.186777,1.846441,4.89,,参宿增六
25303,1818,81.192808,-52.316421,6.26,,
25317,1813,81.231556,-44.225629,6.09,,
25329,1799,81.257285,-10.328996,5.6,,
25336,1790,81.282707,6.349617,1.64,Bellatrix,参宿五
25337,,81.293226,20.583706,6.75,,
25378,1803,81.445928,0.520244,6.18,,
25397,1812,81.499292,-19.695522,5.78,,
25401,1806,81.5099,-5.518494,6.24,,
25428,1791,81.573141,28.606337,1.65,Elnath,五车五
25429,1836,81.580182,-58.912315,5.14,,
25473,1811,81.709287,3.095667,4.59,,参宿增十一
25475,1796,81.713754,33.262181,6.18,,
25482,1859,81.748991,-68.622672,6.02,,
25486,1817,81.769959,-11.901278,6.3,,
25488,1827,81.7722,-40.942818,5.86,,
25504,,81.810708,-34.614395,6.94,,
25539,1810,81.908701,21.936922,4.88,,天高增四
25541,1805,81.912014,34.475643,5.08,,天潢二
25542,,81.91327,43.36788,6.76,,
25544,,81.912041,-60.416589,6.99,,
25555,1814,81.940065,15.873916,5.52,,
25562,,81.960603,-32.417819,6.82,,
25569,,81.977966,48.226415,6.51,,
25606,1829,82.061315,-20.759989,2.81,Nihal,厕二
25616,,82.086668,-22.432986,6.78,,
25638,1819,82.144957,13.678883,6.35,,
25646,,82.17695,-8.376653,6.75,,
25647,,82.187277,-65.447603,6.88,,
25662,,82.215656,12.549428,6.71,,
25674,,82.254903,42.270323,6.58,,
25685,1838,82.27777,-30.116667,6.75,,
25695,1821,82.318833,25.149976,5.47,,诸王三
25714,1745,82.35741,77.977415,6.53,,
25748,,82.464781,60.268503,6.86,,
25768,1856,82.539694,-47.078496,5.46,,
25769,1802,82.542426,63.067187,5.43,,
25776,2059,82.558047,-84.785215,6.18,,
25810,1825,82.688046,39.825689,6.38,,咸池二
25816,1824,82.702731,41.461775,5.99,,
25840,,82.750788,-10.083108,6.95,,
25856,,82.793784,-42.29942,6.7,,
25859,1862,82.803374,-35.470736,3.86,,丈人二
25877,,82.861369,38.319281,6.88,,
25887,1870,82.900185,-45.925085,5.86,,
25902,,82.931972,-3.216499,6.69,,
25918,1953,82.97477,-76.339126,5.18,,
25922,,82.981478,-16.677932,6.99,,
25923,1855,82.982748,-7.301565,4.62,,参宿增卅六
25930,1852,83.001681,-0.299088,2.25,Mintaka,参宿三
25945,1845,83.053126,18.594205,4.32,,
25950,1847,83.058898,17.058059,5.5,,
25964,,83.085843,49.39322,6.72,,
25973,1828,83.142158,57.219637,6.44,,八谷增十
25984,1843,83.181957,32.191996,4.71,,柱七[毕宿]
25985,1865,83.182586,-17.822279,2.58,Arneb,厕一
25993,1877,83.21464,-38.513439,5.45,,
26001,1917,83.248688,-64.227527,5.34,,
26008,,83.262178,68.011752,6.82,,
26035,,83.317557,-34.303997,6.87,,
26066,,83.393946,-57.082872,6.76,,
26069,1922,83.406336,-62.489742,3.76,,金鱼三
26071,1854,83.409116,34.725481,6.27,,
26072,1860,83.411848,20.474168,6.19,,
26079,1912,83.435583,-54.902222,6.42,,
26093,1864,83.476168,14.305542,5.6,,
26098,1871,83.489965,1.407646,6.58,,
26126,1872,83.5697,3.766794,5.32,,参宿增十四
26140,,83.603319,-52.628766,7,,
26166,,83.68065,5.660922,6.71,,
26169,1964,83.686592,-73.741038,5.79,,
26190,1936,83.739205,-61.176222,6.32,,
26200,1930,83.76128,-58.871019,6.69,,
26207,1879,83.784483,9.934146,3.39,Meissa,觜宿一
26241,1899,83.858276,-5.909905,2.75,Hatysa,伐三
26243,,83.860707,-15.737883,6.82,,
26245,,83.861138,-33.268554,6.74,,
26248,1875,83.863146,24.03946,5.37,,诸王增三
26291,1878,83.981055,27.662145,6.27,,
26311,1903,84.053401,-1.201927,1.69,Alnilam,参宿二
26315,1869,84.066638,47.715165,6.1,,
26344,1866,84.14666,54.428592,5.74,,
26363,1884,84.218363,40.182348,6.08,,
26368,1960,84.228978,-66.560221,6.28,,
26382,1905,84.265854,17.040101,5.53,,
26386,1908,84.2686,11.034901,5.97,,
26394,2022,84.303256,-80.462415,5.65,,
26395,1919,84.286686,-11.77566,6.1,,
26396,1902,84.286939,26.924327,5.83,,
26408,1857,84.312805,64.154266,6.15,,八谷增十五
26410,1853,84.316438,66.696633,6.26,,
26414,1913,84.330454,8.95186,6.11,,
26451,1910,84.411207,21.142434,2.97,Tianguan,天关
26460,1935,84.435632,-28.689417,5.28,,
26463,1904,84.440987,33.559199,6.36,,
26474,,84.467392,71.654108,6.62,,
26477,1923,84.472426,-4.814028,6.16,,
26487,1920,84.50474,7.541325,5.87,,
26495,,84.528741,-27.210753,6.53,,
26515,,84.572577,-50.640873,6.43,,
26536,1914,84.658535,30.492335,5.4,,柱八[毕宿]
26545,1947,84.681334,-40.707173,5.81,,
26548,,84.685384,70.364267,6.97,,
26592,,84.785973,41.357799,6.44,,
26594,1934,84.79645,4.121467,4.5,,参宿增十五
26602,1944,84.817555,-17.849391,6.4,,
26606,1924,84.826291,29.215168,5.98,,
26623,1942,84.878542,-9.706685,6.49,,
26624,1940,84.879772,-3.564691,5.99,,
26632,,84.903322,37.98888,6.96,,
26634,1956,84.912249,-34.07426,2.65,Phact,丈人一
26638,1844,84.93192,75.044033,6.19,,
26640,1928,84.934229,25.896939,5.18,,诸王二
26642,,84.936244,-20.435125,6.89,,
26649,1958,84.957547,-32.629419,5.44,,
26661,,84.997189,-85.91434,6.77,,
26666,,85.011956,43.324102,6.96,,
26692,,85.078626,15.349882,6.98,,
26718,1939,85.175212,31.920582,6.23,,
26727,1948,85.189719,-1.942556,1.74,Alnitak,参宿一
26762,1955,85.273395,0.337931,5.93,,
26777,1946,85.323864,16.534056,4.84,,天关增二
26779,1925,85.334758,53.477714,6.21,,
26808,,85.396086,-15.33767,7,,
26821,1962,85.422936,-16.725796,6.22,,
26838,,85.486176,35.631342,6.85,,
26862,1972,85.548201,-30.535392,6.18,,
26882,1916,85.610192,65.697513,5.62,,
26885,1963,85.618948,1.474534,4.9,,参宿增十六
26925,,85.723594,18.980286,6.66,,天关增六
26926,1967,85.724728,-6.79578,5.97,,
26931,,85.742705,33.314395,6.91,,
26964,1961,85.831306,23.204272,6.23,,
26966,1975,85.840417,-18.557559,5.73,,
26971,,85.849638,5.35859,6.73,,
26981,1981,85.876173,-39.406882,6.25,,
27046,1943,86.035044,61.476545,6.17,,八谷增十七
27072,1983,86.113775,-22.450736,3.59,,厕三
27075,1980,86.118187,-20.126336,6.34,,
27100,2015,86.1928,-65.735489,4.34,,金鱼四
27116,,86.255242,12.888245,6.47,,
27118,1978,86.257394,4.007894,6.09,,
27164,,86.373363,31.324709,6.5,,
27192,1974,86.456022,40.507216,6.57,,
27196,1971,86.475051,49.826182,5.46,,五车增十七
27204,1996,86.499585,-32.30658,5.18,,屎
27243,2008,86.614127,-46.597077,5.31,,
27244,,86.617037,-53.220223,6.63,,
27249,1969,86.626859,56.115198,5.93,,八谷三
27265,1985,86.689608,15.822478,6,,天关增四
27280,1987,86.717011,9.52193,5.78,,
27288,1998,86.738819,-14.821958,3.55,,厕增七
27293,,86.750035,51.520616,6.47,,
27303,2005,86.769036,-28.638848,6.22,,
27308,2000,86.782457,-16.238141,6.18,,
27314,,86.793133,58.785567,6.56,,
27316,1989,86.804826,14.488052,5.72,,水府增二
27317,2023,86.805605,-54.360721,6.19,,
27319,1979,86.811247,42.526196,6.3,,
27321,2020,86.821246,-51.065991,3.85,,老人增四
27338,1990,86.85914,17.72911,5.47,,天关增五
27346,,86.884173,63.598972,6.49,,
27355,,86.904602,54.494589,6.58,,
27366,2004,86.939128,-9.669612,2.07,Saiph,参宿六
27369,2062,86.950412,-72.702091,6.54,,
27380,,86.984624,35.159263,6.55,,
27383,2017,86.992028,-40.65288,6.62,,
27386,1999,87.001003,6.454014,5.26,,参宿增十七
27421,1997,87.093252,20.869366,6.03,,
27435,2007,87.145987,-4.096122,5.97,,
27446,,87.17087,-1.785569,6.94,,
27468,2002,87.254116,24.567484,4.88,,诸王增四
27483,1995,87.29326,39.180909,4.51,,柱六[毕宿]
27511,2010,87.387066,12.651213,4.89,,
27512,2032,87.392168,-44.875357,6.38,,
27530,2042,87.457861,-56.167121,4.5,,
27533,2026,87.472812,-22.971734,5.87,,
27534,2064,87.472641,-66.901075,5.1,,
27537,,87.476022,-30.62121,6.63,,
27560,2019,87.554487,4.423161,5.96,,
27566,2125,87.56978,-79.360945,5.46,,
27628,2040,87.740412,-35.765722,3.12,Wazn,子二
27639,2011,87.760452,37.305288,4.72,,柱四[毕宿]
27641,,87.763553,11.498966,6.94,,
27654,2035,87.831964,-20.883228,3.76,,厕四
27658,2031,87.841601,-7.518004,5.36,,参宿增卅四
27666,,87.866122,18.444149,6.99,,
27673,2012,87.872563,39.148483,3.97,,柱五[毕宿]
27696,,87.961013,23.382659,6.97,,
27713,2039,88.032184,-9.041693,5.95,,
27737,2072,88.084387,-57.156693,5.93,,
27743,2033,88.092768,14.171768,5.6,,水府增四
27750,2037,88.110116,1.85507,4.76,,参宿增廿二
27778,2028,88.167196,33.917517,6.04,,
27787,2055,88.198806,-38.526075,6.69,,
27795,1994,88.231277,68.471253,6.22,,
27810,2056,88.278638,-33.801155,4.88,,子一
27818,,88.289894,-47.955059,6.75,,
27822,,88.311245,-61.839413,6.81,,
27830,2034,88.331886,27.612201,4.56,,诸王一
27876,2060,88.48993,-19.638884,6.68,,
27890,2102,88.526922,-63.085963,4.65,,
27897,2104,88.549714,-64.481835,6.62,,
27900,2048,88.555629,10.586356,6.13,,
27901,2068,88.558191,-29.147477,6.34,,
27902,2051,88.566045,3.225307,6.3,,
27913,2047,88.59465,20.275543,4.39,,司怪四
27935,,88.66302,-26.660009,6.85,,
27937,2089,88.671278,-49.626922,6.11,,
27938,2065,88.682288,-11.774012,5.62,,
27947,2094,88.708537,-52.633926,5.29,,
27949,2029,88.711549,55.707057,4.96,,八谷二
27955,2082,88.718577,-39.95772,5.55,,
27962,,88.731056,5.860671,6.8,,
27965,2052,88.736199,19.749588,5.92,,司怪增三
27971,2027,88.740973,59.888246,5.2,,八谷八
27973,2046,88.745454,31.700346,5.9,,
27989,2061,88.793115,7.407132,0.45,Betelgeuse,参宿四
28010,2087,88.874947,-37.120821,4.97,,
28011,2070,88.87589,-4.616677,5.87,,
28047,,88.970386,-21.69008,6.77,,
28054,,88.985624,41.32316,6.64,,
28085,2086,89.060278,-22.839767,5.95,,
28086,2045,89.060168,51.803935,6.62,,
28098,2092,89.087277,-31.382404,5.52,,
28103,2085,89.100945,-14.166812,3.71,,厕增六
28110,2075,89.116818,9.509333,5.97,,
28117,2066,89.14071,28.94225,6.35,,
28139,2076,89.206738,11.520695,5.89,,
28154,2074,89.23384,24.249671,6.03,,
28199,2106,89.384186,-35.283207,4.36,,子增一
28201,,89.388612,-18.055165,6.67,,
28205,2041,89.396692,66.096021,6.24,,
28237,2084,89.498544,25.953901,4.81,,司怪一
28252,2097,89.548862,-0.99415,6.21,,
28271,2100,89.601884,1.837058,5.89,,参宿增廿一
28287,2117,89.656342,-44.034503,5.81,,
28296,2103,89.706448,0.552995,5.21,,
28302,2099,89.721761,12.808282,5.7,,
28325,2108,89.768022,-9.558541,5.04,,参宿增卅二
28328,2120,89.786853,-42.815208,3.96,,老人增三
28343,2081,89.840702,49.924523,5.9,,
28353,,89.865434,8.415364,6.77,,
28358,2077,89.882762,54.283799,3.72,,八谷一
28360,2088,89.881669,44.947426,1.9,Menkalinan,五车三
28374,,89.915117,21.604105,6.89,,
28380,2095,89.930628,37.212114,2.65,Mahasim,五车四
28409,,90.004695,-8.107576,6.65,,
28413,2113,90.013998,-3.074718,4.53,,参宿增廿三
28434,2118,90.073536,-12.900356,6.21,,
28447,,90.101199,16.298903,6.54,,
28448,,90.102162,34.507871,6.76,,
28464,,90.149003,-58.101919,6.97,,
28484,2138,90.204574,-51.215706,5.65,,
28485,,90.205441,2.916014,6.98,,
28499,2101,90.244032,47.90179,5.71,,五车增十五
28500,2111,90.2519,27.57235,6.04,,
28517,2110,90.291706,31.034518,6.18,,
28524,2131,90.317948,-33.912005,5.54,,
28532,1885,90.334047,85.182117,6.17,,
28553,,90.413413,-15.589377,6.66,,
28574,2128,90.460043,-10.597908,4.92,,参宿增卅一
28593,,90.527013,-38.988943,6.82,,
28595,,90.537108,-5.137023,6.56,,
28596,2151,90.539109,-60.096779,6.41,,
28614,2124,90.595923,9.647038,4.12,,参宿增十八
28644,2122,90.730505,32.634343,6.23,,
28656,,90.768091,57.018023,6.5,,
28667,,90.791594,7.627129,6.73,,
28675,2140,90.815486,-26.284002,5.03,,
28686,2133,90.85312,11.681033,6.09,,
28716,2135,90.97995,20.138434,4.64,,司怪三
28734,2134,91.030043,23.262576,4.16,,司怪二
28742,,91.050329,25.443672,6.95,,
28744,2142,91.05623,-6.708918,5.19,,
28756,2149,91.084322,-32.171659,5.65,,
28765,2123,91.121308,51.573123,6.39,,
28767,,91.125611,44.259472,6.74,,
28790,2158,91.166367,-45.077309,5.93,,
28792,,91.178333,-1.58057,6.94,,
28796,2162,91.193482,-48.458454,6.6,,
28812,2144,91.24238,5.419969,5.67,,参宿增十九
28814,2145,91.243172,4.158656,5.63,,参宿增廿
28816,2148,91.246334,-16.484455,4.92,,厕增四
28823,2132,91.26371,42.980714,5.9,,五车增十一
28827,,91.278013,-56.232917,6.76,,
28831,2078,91.289221,75.585858,6.28,,
28854,2150,91.362776,-10.24243,5.88,,
28855,2160,91.363356,-35.513545,5.8,,
28861,2139,91.391216,33.598991,6.23,,
28874,2156,91.439854,-24.195709,6.74,,
28899,2164,91.523162,-29.758888,5.79,,
28900,,91.523667,-33.218939,6.7,,
28908,2141,91.534589,35.385854,6.12,,
28910,2155,91.538735,-14.93517,4.67,,厕增五
28930,2146,91.593622,29.512383,6.01,,
28943,2163,91.633661,-23.111028,5.46,,
28946,2143,91.646331,38.482307,5.35,,五车增九
28949,2154,91.661357,-4.193866,5.37,,
28951,2126,91.662634,63.453892,6.42,,
28970,,91.7105,-67.283285,6.7,,
28978,,91.732664,16.366697,6.57,,
28987,,91.748217,-46.205803,6.83,,
28991,2196,91.764418,-62.155029,5.04,,
28992,2170,91.765313,-34.312019,5.82,,
29025,2147,91.861468,41.854156,6.15,,
29034,2177,91.881808,-37.252917,5,Elkurud,孙二
29038,2159,91.893051,14.768336,4.42,,水府一
29040,,91.89956,10.456268,6.7,,
29048,2168,91.923582,-19.165504,5.28,,厕增三
29064,2181,91.97015,-42.154155,5.5,,
29114,2153,92.096406,41.05541,6.34,,
29118,,92.105893,-11.14637,6.79,,参宿增卅
29134,2221,92.183525,-68.843287,5.06,,金鱼五
29138,2167,92.19597,8.669363,6.55,,
29150,2180,92.241076,-22.427749,5.49,,
29151,2174,92.241254,2.499602,5.7,,
29163,,92.278376,-8.30155,6.64,,
29166,,92.280186,7.513509,6.63,,
29178,2182,92.334179,-18.126521,6.36,,
29185,2204,92.347498,-49.562352,6.48,,
29225,2173,92.433264,23.113457,5.75,,
29246,2152,92.496109,58.935817,5.35,,八谷增十九
29263,2203,92.543176,-40.353325,5.54,,
29271,2261,92.563263,-74.754406,5.08,,
29276,2212,92.574574,-54.968604,4.72,,
29284,,92.610118,-77.105473,6.83,,
29294,2200,92.64444,-27.154708,5.72,,
29304,2211,92.666358,-45.281938,6.28,,
29353,2245,92.812073,-65.588661,5.01,,
29365,,92.840637,-15.793175,6.78,,
29367,,92.846593,20.905392,6.84,,
29373,,92.873729,43.165365,6.95,,
29379,2185,92.884617,24.419921,5.83,,
29388,2175,92.902601,48.710631,5.78,,五车增十四
29404,2172,92.941348,52.646719,6.28,,
29417,2205,92.965869,-6.550299,5.06,,
29426,2199,92.984973,14.208636,4.45,,水府二
29432,,93.003626,6.781456,6.85,,
29451,2189,93.083785,32.693353,5.78,,
29464,,93.12146,-36.5637,6.88,,
29487,2210,93.185637,-2.504829,6.62,,
29490,2165,93.212876,65.718222,5.36,,上卫增一
29525,2208,93.302604,10.625245,6.43,,
29541,,93.377039,37.159105,6.77,,
29546,2226,93.389402,-29.395734,6.52,,
29555,,93.418567,-56.918466,6.77,,
29561,,93.423956,-51.667748,6.85,,
29568,2225,93.438402,-23.86123,6.37,,
29569,2188,93.4389,51.172064,6.07,,
29616,2214,93.619081,17.906285,5.86,,
29629,2224,93.65289,-4.568442,5.83,,
29635,,93.674788,-73.626366,6.61,,
29650,2220,93.711336,19.155288,5.2,,司怪增六
29651,2227,93.71385,-6.274904,3.99,,参宿增廿八
29655,2216,93.718972,22.506733,3.31,Propus,钺
29673,2283,93.774775,-71.702424,6.62,,
29692,2243,93.823973,-18.477555,5.99,,
29696,2219,93.844019,29.496404,4.32,,井宿增一
29699,,93.848561,-11.904343,6.6,,
29704,2223,93.854709,16.143094,5.34,,水府三
29705,2237,93.858868,-9.035773,6.09,,
29716,2233,93.891762,-0.513584,5.62,,
29725,2217,93.912096,36.148715,6.86,,
29728,2231,93.917396,6.066054,6.07,,
29730,2201,93.919288,59.99882,5.37,,八谷增廿
29735,2244,93.937108,-13.718484,5,,
29739,2232,93.945857,4.283608,6.63,,
29746,2236,93.974845,1.169272,6.37,,
29771,2249,94.031986,-16.618001,5.97,,
29788,2274,94.077707,-59.215527,6.44,,
29789,2230,94.079265,23.969972,6.09,,
29800,2241,94.111455,12.273353,5.04,,水府增七
29807,2256,94.138066,-35.139961,4.37,,孙一
29808,2262,94.148154,-39.264514,6,,
29842,2263,94.255142,-37.736908,5.54,,
29843,2254,94.265879,-22.716881,6.05,,
29850,2247,94.277613,9.942008,5.39,,水府增八
29855,,94.307775,-26.93279,6.87,,
29885,2255,94.396302,-10.724971,6.76,,参宿增廿九
29901,,94.437426,39.473849,6.72,,
29919,2215,94.478291,61.515272,5.01,,八谷增廿一
29929,,94.523063,-53.558799,6.86,,
29941,2266,94.557159,-19.966928,5.51,,
29949,2239,94.570389,46.359612,6.33,,五车增十二
29955,,94.586679,27.209706,6.66,,
29982,2259,94.66815,9.046914,6.24,,
29993,2268,94.703305,-15.024847,6.04,,
29997,2209,94.711542,69.319139,4.76,,上卫增二
30002,,94.724465,35.207699,6.62,,
30011,2271,94.745707,-20.925586,5.79,,
30038,,94.812957,-69.784118,6.91,,
30051,,94.855994,13.433874,6.9,,
30060,2238,94.905738,59.01112,4.44,,八谷增廿六
30073,2273,94.928298,-7.822904,5.27,,参宿增廿七
30093,2275,94.998287,-2.944499,4.91,,
30094,,94.999298,-61.329177,6.95,,
30099,2269,95.017562,14.651017,5.67,,
30120,,95.071397,7.718731,6.76,,
30122,2282,95.078364,-30.063344,3.02,Furud,孙增一
30132,,95.112365,-49.10434,6.81,,
30141,,95.146345,-23.638383,6.49,,
30153,,95.175414,72.145868,6.57,,
30200,2272,95.299731,29.540524,6.41,,
30205,,95.324524,42.340093,6.79,,
30217,2280,95.357275,2.268351,6.3,,
30218,2277,95.358156,17.763234,6.32,,
30237,,95.419662,-56.362356,6.79,,
30247,2264,95.442447,53.451612,5.34,,八谷增卅四
30252,,95.45871,-51.237678,6.74,,
30267,,95.505483,44.058378,6.88,,
30277,2296,95.528269,-33.436737,3.85,,孙增三
30318,2287,95.651281,12.570033,6,,
30324,2294,95.674913,-17.95592,1.98,Mirzam,军市一
30339,,95.729753,-45.628795,6.73,,
30343,2286,95.740503,22.512891,2.87,Tejat,井宿一
30376,2307,95.809987,-31.790306,6.31,,
30387,2295,95.845005,-4.687607,6.66,,
30407,2301,95.89964,-9.874696,6.11,,
30408,,95.912064,40.52132,6.81,,
30414,,95.92819,-16.467127,6.57,,
30419,2298,95.941891,4.592934,4.39,,四渎四
30420,2303,95.94226,-15.071246,6.27,,
30426,2306,95.948524,-19.785345,6.61,,
30436,2311,95.983009,-25.57789,5.61,,
30438,2326,95.988166,-52.695511,-0.62,Canopus,老人
30444,2316,96.004108,-36.707414,5.62,,
30448,2300,96.009442,8.884957,6.24,,
30457,2305,96.042637,-11.530293,5.21,,
30463,2345,96.057281,-60.281132,5.78,,
30468,2309,96.085722,-12.961916,6.12,,
30476,,96.100782,-42.842549,6.67,,
30492,,96.140868,11.256482,6.85,,
30493,,96.141374,-1.418265,6.72,,
30497,,96.162479,35.254848,6.56,,
30501,,96.182294,25.048703,6.35,,
30503,2318,96.181631,-28.780884,6.37,,
30505,2323,96.185381,-40.284002,6.3,,
30520,2289,96.2246,49.287878,4.92,,座旗增一
30524,2360,96.232414,-63.828063,6.26,,
30541,2310,96.304192,7.085704,6.26,,
30564,2308,96.367371,14.721964,6.3,,
30566,2329,96.375021,-35.06445,6.24,,
30569,,96.38582,23.442078,6.63,,
30591,2348,96.431848,-48.17703,5.76,,
30608,2321,96.495116,-7.895005,6.4,,
30627,,96.539205,-3.515275,6.42,,
30630,,96.541903,18.755857,6.78,,
30651,2291,96.607364,56.285233,5.53,,
30665,,96.663433,13.100517,6.6,,
30679,2293,96.703574,58.417399,5.21,,八谷增廿七
30717,2334,96.807358,0.299194,5.19,,四渎增五
30728,2333,96.834932,2.908371,5.55,,
30741,2319,96.898063,32.562514,6.43,,
30772,2344,96.989847,-4.762174,5.06,,参宿增廿五
30788,2361,97.042426,-32.579917,4.47,,孙增二
30794,2285,97.060335,70.535398,6.03,,
30798,2347,97.069822,1.912582,6.48,,
30804,2342,97.078572,10.303614,6.16,,
30815,2340,97.116281,16.238076,6.24,,
30827,2332,97.142038,30.492939,5.75,,井宿增二
30836,2359,97.156026,-17.465946,5.76,,
30867,2356,97.204411,-7.033094,3.76,,参宿增廿六
30880,2339,97.235502,26.966961,6.57,,
30883,2343,97.240741,20.212043,4.13,,井宿二
30932,2389,97.368301,-56.852558,5.2,,
30953,2384,97.453761,-50.239415,5.28,,
30972,2338,97.512329,46.685603,5.88,,座旗增二
30973,2408,97.512562,-65.567863,6.28,,
30977,2362,97.523326,9.029694,6.57,,
30986,2367,97.546938,-10.081526,5.92,,
30988,,97.549281,-19.21503,6.44,,
31000,,97.591041,22.544854,6.98,,
31002,,97.593937,60.146496,6.8,,
31006,,97.605111,41.401601,6.7,,
31017,,97.624071,-14.954363,6.75,,
31037,2380,97.69281,-27.769538,5.92,,
31056,2390,97.749508,-40.916183,6.19,,
31058,,97.762915,39.754436,6.66,,
31061,,97.768578,-43.716868,6.68,,
31068,2410,97.794198,-61.879478,6.15,,
31072,2388,97.804545,-35.258785,5.82,,
31079,2400,97.827379,-51.825286,5.58,,
31084,2379,97.846298,-12.392067,5.16,,
31092,,97.872902,-21.405396,6.58,,
31096,,97.881542,37.177949,6.64,,
31119,2375,97.95136,11.544591,5.22,,
31121,2381,97.958532,-8.158377,5.43,,
31125,2387,97.96401,-23.418381,4.34,,军市六
31137,2412,97.992956,-58.75382,5.69,,
31147,,98.029716,6.035633,6.7,,
31158,,98.077514,17.784515,6.26,,
31159,2382,98.079795,4.856009,5.88,,四渎增三
31165,2399,98.089706,-37.697197,5.25,,
31167,2386,98.096365,-5.869087,5.6,,
31173,2372,98.113065,32.454784,5.82,,
31193,,98.167604,35.29365,6.79,,
31205,2392,98.195205,-11.166342,6.3,,
31216,2385,98.22592,7.332928,4.47,,四渎三
31277,2391,98.400589,14.154607,5.57,,
31278,2395,98.40802,-1.220266,5.09,,
31290,2383,98.427814,33.024047,6.53,,
31309,,98.490126,52.460907,6.91,,
31314,,98.510063,-77.688088,6.66,,
31325,,98.533702,-29.629825,6.82,,
31344,,98.590249,-3.074097,6.59,,
31359,2376,98.636695,55.353076,6.45,,
31374,,98.68064,-34.009178,6.69,,
31407,2435,98.744004,-52.975535,4.35,,
31434,2398,98.80025,28.022234,5.26,,井宿增六
31446,2409,98.815926,0.890201,5.78,,
31448,2406,98.823323,9.988286,5.93,,
31469,,98.878477,-22.109191,6.32,,
31511,,98.977801,43.705711,6.87,,
31520,,98.997329,31.479085,6.9,,
31523,2413,99.000436,4.497989,6.55,,
31552,,99.064551,58.105526,6.61,,
31579,2405,99.136801,38.445362,5.4,,
31583,2418,99.147238,-5.211235,5.52,,
31592,2429,99.17141,-19.256325,3.95,,野鸡
31603,2445,99.213661,-41.557104,6.36,,
31637,2446,99.307563,-36.990563,5.72,,
31646,2422,99.350163,6.135386,6.05,,
31661,,99.400856,-55.343571,6.88,,
31665,2402,99.409845,56.857592,5.87,,八谷增卅二
31672,2430,99.417775,2.703843,6.17,,
31674,2437,99.420029,-12.985913,6.11,,
31676,2394,99.419653,61.479482,5.94,,八谷增廿三
31681,2421,99.427911,16.398825,1.93,Alhena,井宿三
31685,2451,99.440294,-43.19596,3.17,,老人增二
31688,2447,99.449235,-32.339324,5.25,,
31703,2365,99.474848,73.695651,6.26,,
31733,2440,99.585142,-2.543855,6.14,,
31737,2425,99.595722,28.984256,5.76,,井宿增三
31758,2448,99.647556,-16.873706,6.01,,
31765,2462,99.656852,-48.220056,5.05,,
31766,2442,99.659113,1.613503,6.23,,
31789,2420,99.704848,39.902481,5.34,,座旗七
31813,2436,99.772173,22.030726,6.09,,
31827,2450,99.81969,-14.145808,4.82,,
31832,2427,99.832599,42.48852,4.8,,座旗五
31850,2439,99.881312,24.600738,6.43,,
31859,2455,99.90097,-23.695712,6.05,,
31870,2460,99.927696,-30.471718,5.7,,
31874,,99.943904,-1.380154,6.92,,
31876,2449,99.948719,12.982678,5.99,,
31897,2559,100.011837,-80.813255,5.61,,
31922,2346,100.069074,79.599619,6.74,,
31925,,100.078705,-6.346203,6.91,,
31928,,100.08839,40.969671,6.82,,
31940,2363,100.120758,77.995747,5.75,,
31946,2396,100.134466,71.748856,5.88,,
31976,,100.238777,-12.182266,6.92,,
31977,2505,100.240471,-71.775453,6.5,,
31978,2456,100.244412,9.895738,4.66,,四渎增一
31985,,100.257704,-7.572606,6.84,,
31992,2461,100.272621,0.495291,5.79,,
32007,2475,100.308991,-40.34978,6.16,,
32012,2458,100.321784,11.003245,6.19,,
32019,2453,100.337077,28.196623,6.45,,
32055,,100.460984,14.216529,6.8,,
32064,2469,100.485169,-9.167831,5.21,,
32065,,100.488209,-20.250083,6.85,,
32067,2467,100.496801,6.34544,6.36,,
32076,,100.520536,-15.216075,6.97,,
32091,2482,100.568129,-38.39877,6.28,,
32104,2466,100.601405,17.644749,5.2,,井宿增七
32106,,100.606084,-67.842862,6.72,,
32140,,100.680929,-32.712713,6.76,,
32143,,100.687568,32.558825,6.74,,
32144,2481,100.691475,-22.447946,6.26,,
32146,,100.697493,-4.140874,6.57,,
32173,2459,100.770309,44.524258,5.04,,座旗三
32190,2464,100.807465,37.14723,6.21,,
32222,2531,100.90343,-73.118835,6.36,,
32226,2479,100.911018,3.93251,5.88,,
32243,,100.972708,-25.534898,6.7,,
32246,2473,100.982981,25.131042,3.06,Mebsuta,井宿五
32252,,101.021701,62.962856,6.61,,
32261,2463,101.048332,53.294655,6.28,,
32268,2471,101.052225,36.109257,6.37,,
32292,2492,101.118587,-31.070483,5.23,,弧矢增一
32296,2350,101.127105,82.114986,6.61,,
32311,2480,101.189348,28.97078,5.42,,井宿增四
32322,2493,101.216423,-27.339789,6.43,,
32332,2536,101.231566,-70.433724,6.1,,
32349,2491,101.283516,-16.72393,-1.44,Sirius,天狼
32350,,101.290414,39.367274,6.93,,
32352,,101.291726,-18.268487,6.9,,
32362,2484,101.321601,12.894372,3.35,Alzirr,井宿四
32368,2495,101.347214,-23.462282,6.04,,
32376,,101.360834,9.765528,6.65,,
32398,,101.458519,-0.716486,6.78,,
32402,2515,101.473785,-52.409633,5.81,,
32418,2507,101.513345,-39.540208,6.62,,
32431,,101.543131,23.371514,6.51,,
32438,2470,101.558657,59.441613,4.86,,
32439,2401,101.555467,79.560953,5.44,,六甲一
32455,,101.607677,-19.877929,6.75,,
32474,2502,101.662503,-10.107355,5.66,,
32480,2483,101.684742,43.578485,5.24,,座旗四
32489,2477,101.706455,57.168929,5.34,,八谷增卅一
32492,2504,101.712862,-14.425906,5.28,,天狼增一
32500,2848,101.74383,-87.024977,6.46,,
32504,2509,101.756076,-21.015362,6.07,,军市增三
32531,2526,101.827944,-55.539827,5.6,,
32533,2503,101.832479,8.037178,4.77,,四渎二
32537,2518,101.839084,-37.929765,5.27,,
32538,,101.844705,-48.563338,6.84,,
32539,2499,101.847737,18.193177,6.35,,
32548,,101.869608,-76.851465,7,,
32558,2508,101.905063,-8.998506,5.08,,
32562,2487,101.914851,48.789517,5.22,,座旗一
32578,2506,101.965121,2.41208,4.48,,阙丘一
32607,2550,102.04679,-61.939844,3.24,,金鱼增一
32609,2486,102.051871,55.703526,5.54,,
32669,,102.210701,-29.74366,6.83,,
32682,2517,102.265226,1.002046,6.16,,
32689,,102.292403,27.190076,6.66,,
32698,2521,102.318317,-2.272066,5.75,,
32740,2512,102.421828,32.606432,5.72,,
32743,,102.430387,25.484141,6.8,,
32746,,102.434328,37.512796,6.49,,
32753,2519,102.45755,16.202821,5.87,,
32759,2538,102.46018,-32.508453,3.5,,弧矢八
32761,2554,102.463786,-53.622336,4.41,,
32765,2548,102.477563,-46.612168,5.14,,
32768,2553,102.484379,-50.61498,2.94,,老人增一
32771,2546,102.490492,-45.450787,6.54,,
32775,2562,102.504289,-60.248457,6.11,,
32776,,102.50907,12.05809,6.85,,
32779,,102.510327,-66.293222,6.99,,
32793,,102.551103,5.6735,6.77,,
32809,2535,102.590657,-17.084547,5.77,,
32827,2544,102.653966,-25.778355,6.32,,
32838,2534,102.676205,-8.040978,6.31,,
32839,,102.680194,-4.266235,6.87,,
32844,2516,102.691232,41.780349,4.99,,座旗六
32855,2549,102.71817,-34.367313,4.99,,
32921,2529,102.887647,21.760928,5.28,,井宿六
32926,,102.899218,9.439957,6.84,,
32931,2543,102.914094,3.041802,6.37,,
32938,2558,102.926429,-36.230646,5.94,,
32968,2533,102.999669,23.601654,5.68,,
32990,2552,103.095114,-5.316365,6.3,,
33015,2579,103.196433,-43.975558,6.47,,
33018,2540,103.197219,33.96095,3.6,,五诸侯一[井宿]
33024,2551,103.205907,8.380176,5.75,,
33040,2567,103.251184,-26.95805,6.33,,
33041,2539,103.255849,38.869203,6.1,,座旗九
33044,2542,103.264735,35.787961,6.03,,
33077,2565,103.328058,-19.032722,5.65,,
33082,2555,103.343337,10.995882,6.3,,
33085,,103.358944,51.517863,6.95,,
33094,2576,103.393484,-28.542618,6.05,,
33104,2511,103.426112,68.888359,5.11,,紫微右垣五
33152,2580,103.533114,-24.184178,3.89,,军市五
33160,2574,103.546583,-12.038721,4.08,,天狼增二
33184,2572,103.602864,-1.127087,5.44,,
33189,2591,103.611169,-42.365447,6.32,,
33202,2564,103.661446,13.17733,4.73,,井宿增十三
33205,,103.66564,15.837867,6.57,,
33217,,103.691376,48.90507,6.99,,
33243,2582,103.745458,-2.803591,6.03,,
33269,2557,103.811089,43.909985,6.16,,
33277,2569,103.827529,25.375859,5.74,,天樽增一
33302,2590,103.906309,-20.136243,4.66,,军市增四
33330,2598,103.978155,-31.790135,6.36,,
33345,2593,104.027681,-14.043385,5,,天狼增三
33347,2596,104.034252,-17.054229,4.36,,天狼增五
33357,2608,104.06664,-48.721092,4.94,,
33358,,104.068731,17.736861,6.75,,
33372,2589,104.107533,9.95652,5.9,,
33377,2568,104.133542,46.27403,5.85,,
33384,2689,104.143596,-79.420203,5.45,,
33447,2603,104.31151,-22.202838,6.64,,
33449,2560,104.319269,58.421968,4.35,,八谷增卅
33451,2612,104.32295,-35.507029,6.23,,
33465,2597,104.356616,11.907534,6.26,,
33485,2585,104.404414,45.094073,4.9,,座旗二
33495,,104.439214,-52.650862,6.91,,
33532,2614,104.531455,-27.164354,6.36,,
33534,,104.535492,-10.315676,6.58,,
33537,,104.549289,22.476517,6.94,,
33558,2619,104.604429,-34.111662,5.07,,
33575,2616,104.649536,-25.414123,5.59,,
33579,2618,104.656468,-28.972068,1.5,Adhara,弧矢七
33584,2606,104.661946,7.622165,6.25,,
33588,2634,104.664869,-55.729638,6.26,,
33590,2626,104.673749,-45.767619,6.23,,
33603,2610,104.737577,3.602332,5.96,,
33610,,104.751736,-32.722224,6.76,,
33614,2600,104.76151,38.051534,6.02,,座旗增五
33643,,104.833848,42.314688,6.68,,
33672,,104.935044,52.572318,6.66,,
33682,2662,104.960111,-67.914948,5.18,,
33690,,104.99642,-61.334491,6.81,,
33694,2527,105.018899,76.977318,4.55,,六甲二
33705,,105.040871,-31.141469,6.62,,
33715,2615,105.065931,16.078979,5.73,,井宿增十四
33722,,105.087255,67.330454,6.53,,
33729,2624,105.098942,-8.40681,5.95,,
33743,,105.146234,-20.64035,6.71,,
33779,2652,105.214297,-51.402457,5.14,,
33781,,105.216571,-19.444406,6.99,,
33816,,105.306668,54.856476,6.92,,
33823,2620,105.320793,32.414445,6.55,,
33827,2581,105.339494,70.808195,5.69,,
33856,2646,105.429741,-27.934801,3.49,Nganurganity,弧矢增二
33868,,105.45627,-11.300899,6.54,,
33873,2636,105.470579,-1.346134,6.2,,
33875,2633,105.48023,5.557128,6.59,,
33878,2639,105.48484,-5.722023,5.22,,
33880,,105.487156,63.676809,6.61,,
33891,,105.528035,-3.754847,6.58,,
33927,2630,105.603208,24.215444,5.2,,天樽三
33929,2631,105.606534,17.755695,5.96,,
33971,2648,105.728207,-4.239213,4.99,,阙丘增四
33977,2653,105.756122,-23.833264,3.02,,军市增五
34000,2674,105.812785,-59.178036,5.5,,
34002,2647,105.824492,9.138374,5.96,,
34017,2643,105.878054,29.33179,5.93,,
34033,2649,105.90862,10.95174,5.14,,四渎一
34041,,105.928782,-25.083897,6.86,,
34045,2657,105.939547,-15.633357,4.11,Muliphein,天狼增四
34055,2651,105.964955,12.594199,6.01,,
34059,2672,105.972837,-49.583031,4.92,,
34065,2667,105.987918,-43.605553,5.56,,
34066,2656,105.989359,-10.123761,6.44,,
34068,,105.993102,40.58231,6.97,,
34070,,105.995035,47.050024,6.99,,
34081,2666,106.011482,-42.336822,5.2,,
34083,,106.014945,36.313442,6.7,,
34088,2650,106.027178,20.570291,4.01,Mekbuda,井宿七
34101,,106.062586,75.411231,6.99,,
34105,2683,106.076506,-56.749706,5.14,,
34107,2654,106.084032,1.488458,6.57,,
34142,2664,106.19615,-22.031914,6.09,,
34168,2645,106.287456,47.775046,6.37,,
34182,2659,106.326532,22.637398,6,,天樽增六
34200,2677,106.383092,-34.777445,6.15,,
34229,,106.446797,31.393274,6.64,,
34248,2680,106.501965,-30.655665,6.34,,
34250,2642,106.505428,59.801831,6.4,,
34253,2685,106.509492,-38.382764,6.09,,
34266,,106.548383,24.860062,6.89,,
34267,2660,106.547871,34.473655,5.55,,
34297,2679,106.649832,-12.393937,6.48,,
34301,2678,106.669837,-11.294001,5.41,,
34338,2676,106.77686,4.910539,6.1,,
34339,2691,106.7794,-40.893196,5.8,,
34349,2698,106.805253,-51.96801,5.96,,
34350,,106.817718,-59.716358,6.46,,
34367,2669,106.853604,28.176692,6.47,,
34387,2682,106.956248,7.471001,5.74,,
34416,,107.026319,44.039946,6.84,,
34440,2684,107.0918,15.930013,5.47,,井宿增十五
34444,2693,107.097831,-26.393178,1.83,Wezen,弧矢一
34462,2675,107.150963,37.444999,6.19,,
34481,2736,107.187395,-70.498241,3.78,,飞鱼二
34489,2695,107.20583,-24.043751,6.65,,
34495,2702,107.212694,-39.65561,4.83,,
34536,2694,107.334374,-10.346542,6.23,,
34559,,107.384562,-6.04392,6.96,,
34561,2699,107.389008,-16.234513,6,,
34579,2704,107.429231,-25.231009,5.69,,弧矢增廿六
34588,,107.462542,9.308801,6.72,,
34608,2692,107.52663,21.243963,6.43,,
34615,,107.536185,62.135768,6.96,,
34617,2705,107.539095,-18.685745,6.23,,
34622,2701,107.557011,-4.235714,4.91,,阙丘增五
34624,2708,107.580431,-27.491508,5.46,,
34693,2697,107.784647,30.244853,4.41,,五诸侯二[井宿]
34722,2700,107.845962,26.856374,5.75,,天樽增三
34725,,107.854841,-17.331084,6.66,,
34752,2696,107.914223,39.320562,4.91,,座旗增六
34758,2716,107.923293,-20.882924,5.84,,
34768,2710,107.964015,5.65467,6.07,,
34769,2714,107.966084,-0.492722,4.15,,阙丘增三
34776,,107.980769,-56.155179,6.67,,
34777,,107.987415,49.789678,6.67,,
34780,2754,108.008213,-63.190069,6.03,,
34782,2720,108.016716,-30.821218,6.1,,
34834,2740,108.13884,-46.758621,4.49,,
34855,,108.193058,-57.490809,6.64,,
34888,2723,108.279959,-11.25129,5.77,,
34909,2717,108.342913,16.158699,5.07,,井宿增十七
34912,2703,108.347591,51.428831,5.46,,
34913,,108.348814,13.762903,6.6,,
34922,2748,108.385622,-44.63766,4.42,,
34929,,108.416043,-53.667815,6.7,,
34940,2733,108.451581,-22.905758,6.34,,
34942,,108.457195,10.690713,6.95,,
34952,,108.479981,78.752641,6.93,,
34955,,108.491251,-50.471403,6.79,,
34956,2681,108.492296,71.8167,6.36,,
34982,2732,108.564634,-9.947515,5.9,,
34987,2729,108.583561,3.111395,5.36,,
35005,2728,108.635593,12.115716,5.71,,
35020,2762,108.658877,-48.271921,4.75,,
35025,2725,108.675304,24.884413,5.84,,天樽增四
35037,2749,108.702645,-26.772619,4.01,,弧矢增三
35054,2759,108.738169,-41.426334,5.95,,
35072,,108.786199,-14.609448,6.97,,
35083,2756,108.837698,-30.686373,5.36,,
35095,,108.870832,-58.542576,6.84,,
35120,2747,108.914442,7.977757,5.78,,
35127,2752,108.930364,-10.583612,5.95,,
35136,2721,108.959187,47.238773,5.54,,
35146,2715,108.977485,59.635816,5.2,,内阶增二
35152,2738,108.988092,27.897399,5.75,,
35180,2758,109.060349,-15.58578,5.46,,
35188,,109.080785,-32.041719,6.92,,
35205,2766,109.145713,-27.880931,4.66,,
35210,2764,109.153438,-23.315575,4.83,,
35228,2803,109.207533,-67.957097,3.97,,飞鱼五
35253,,109.264578,26.688643,6.38,,
35261,,109.279263,-12.034321,6.72,,
35264,2773,109.285568,-37.097425,2.71,,弧矢九
35265,,109.289276,33.090948,6.93,,
35298,,109.377215,31.697914,6.75,,
35301,2765,109.381764,-6.679919,6.29,,
35310,,109.410526,9.291356,6.72,,
35341,2753,109.509092,40.88347,5.87,,座旗增七
35350,2763,109.522937,16.540141,3.58,,井宿八
35384,2751,109.633224,49.46478,5,,
35393,2791,109.639556,-39.210227,5.24,,
35415,2782,109.677013,-24.954352,4.37,,弧矢增六
35463,2794,109.806902,-33.727221,6.31,,
35468,,109.826689,-17.524829,6.7,,
35476,2778,109.843198,2.740625,5.9,,
35487,2788,109.868524,-16.396115,5.7,,
35497,,109.884534,-61.144905,6.75,,
35509,2779,109.948916,7.14257,5.91,,
35548,2780,110.028521,15.142813,6.45,,
35550,2777,110.030611,21.982271,3.5,Wasat,天樽二
35567,,110.095314,-56.294252,6.57,,
35578,,110.135332,-26.699956,6.74,,
35589,2815,110.161614,-52.08592,5.38,,
35615,2796,110.242784,-14.360492,5.59,,
35623,2775,110.262756,42.655686,6.33,,
35643,2776,110.322459,45.228276,5.74,,
35648,,110.342198,-48.52692,6.83,,
35690,,110.460264,75.089228,6.96,,
35699,2795,110.486499,20.443506,5.09,,天樽增七
35707,2806,110.508622,-8.979286,6.42,,
35710,2793,110.510118,36.760444,5.12,,积水[井宿]
35712,2801,110.51451,0.177108,5.99,,
35725,2792,110.55588,38.995705,6.4,,
35727,2812,110.556358,-19.016642,4.94,,
35735,2772,110.571583,59.902098,6.36,,
35737,2807,110.577457,-2.979216,6.23,,
35746,,110.596178,-20.506644,6.96,,
35749,2811,110.605707,-5.982882,5.83,,
35785,2784,110.716752,55.281188,5.8,,内阶增一
35795,2819,110.752842,-31.923758,5.4,,
35803,,110.768948,18.273143,6.78,,
35842,2810,110.867057,22.945119,6.17,,
35846,2808,110.868327,25.050349,5.04,,天樽一
35848,2822,110.870991,-27.83432,5.37,,
35855,2823,110.882835,-32.202037,5.41,,
35893,2829,110.992985,-35.837726,6.32,,
35904,2827,111.023735,-29.303062,2.45,Aludra,弧矢二
35907,2805,111.035257,40.672253,5.23,,座旗增八
35929,,111.102302,10.24561,6.9,,
35933,2817,111.115191,15.517186,6.47,,
35946,,111.154854,-71.470396,6.49,,
35951,2825,111.167414,-16.201601,5.18,,
35960,2842,111.197208,-37.291016,6.14,,
35987,2820,111.242307,11.669429,5.37,,水位增一
35998,2832,111.283316,-13.751984,5.79,,
36017,2839,111.333217,-21.982573,6.04,,
36019,2709,111.341414,81.257251,6.3,,
36024,2841,111.355224,-25.217772,5.79,,
36046,2821,111.430773,27.797541,3.78,,五诸侯三[井宿]
36080,2838,111.514094,-4.537482,6.78,,
36114,2862,111.590989,-51.018443,5.09,,
36143,2856,111.676878,-34.140653,5.9,,
36145,2818,111.678442,49.211216,4.61,,座旗增九
36156,2837,111.734723,20.257491,5.94,,天樽增八
36163,,111.743862,43.258347,6.66,,
36186,2853,111.783265,-17.864852,5.6,,
36188,2845,111.78735,8.28907,2.89,Gomeisa,南河二
36211,2809,111.857605,66.331389,6.47,,
36238,2846,111.934506,21.444456,5.2,,天樽增九
36251,2859,111.965242,-11.556882,5.79,,
36264,,112.008122,-26.838916,6.26,,
36265,2851,112.008621,6.941681,5.22,,南河增二
36287,,112.047587,-58.072843,6.52,,
36334,,112.181015,47.920286,6.66,,
36340,2858,112.19684,15.109724,6.23,,
36346,2888,112.214284,-64.509859,6.38,,
36351,,112.218888,46.314198,6.42,,
36363,2875,112.273557,-38.811959,5.41,,
36364,,112.274062,-18.8752,6.94,,
36366,2852,112.279192,31.785788,4.16,,北河一
36377,2878,112.3071,-43.300227,3.25,,弧矢增廿四
36388,2865,112.327713,-1.905386,5.6,,
36395,2868,112.339857,-15.000134,6.05,,
36396,2867,112.342064,-10.326681,5.75,,
36399,2866,112.357158,-7.550363,5.86,,
36411,,112.378209,19.633148,6.73,,
36425,2864,112.449106,12.006441,4.55,,水位一
36431,2874,112.464201,-23.024255,4.85,,
36474,,112.577234,-40.989331,6.55,,
36496,2892,112.628979,-54.399188,5.95,,
36499,,112.639955,5.254587,6.91,,
36514,2881,112.677419,-30.962275,4.65,,
36515,2882,112.676422,-37.339019,6.66,,
36526,2876,112.713018,-5.226514,6.24,,
36528,2830,112.719527,68.465345,5.63,,
36536,,112.736603,51.998606,6.79,,
36547,2742,112.768418,82.411198,4.92,,六甲四
36595,,112.900302,62.501668,7,,
36616,2877,112.951938,17.085565,5.45,,
36624,2872,112.981492,38.895919,6.56,,
36631,,112.996881,12.661051,6.51,,水位增十二
36634,,113.009004,61.757027,6.68,,
36640,2883,113.023416,-8.882396,5.9,,
36641,2880,113.024775,1.914477,5.24,,南河增五
36663,,113.143791,21.407517,6.81,,
36690,2879,113.210802,22.887506,6.54,,
36721,2900,113.290722,-24.710603,5.84,,
36723,2887,113.298509,3.290653,5.59,,南河增四
36732,2899,113.331683,-19.412974,5.64,,
36735,,113.340753,-68.768599,6.6,,
36740,,113.353451,37.187935,6.4,,
36745,,113.363798,-50.58422,6.69,,
36760,2886,113.401808,15.826581,5.27,,水位增二
36773,2902,113.449797,-14.52387,4.82,,
36778,2911,113.462611,-36.338365,5.42,,
36780,,113.467993,-28.567615,6.77,,
36795,2906,113.512977,-22.295768,4.44,,
36796,2893,113.520483,10.567979,6.28,,
36807,2913,113.553015,-33.463026,6.11,,
36809,,113.554292,-16.18692,6.72,,
36817,2909,113.576955,-23.473654,5.06,,
36837,2912,113.62004,-26.117043,6.64,,
36841,,113.631644,28.686579,6.66,,
36850,2891,113.647873,31.887329,1.58,Castor,北河二
36884,,113.747908,4.439501,6.82,,
36893,,113.780932,48.681166,6.97,,
36914,2979,113.840136,-74.274824,6.33,,
36922,,113.85495,7.579891,6.66,,
36942,2934,113.91576,-52.533912,4.93,,
36962,2905,113.980325,26.89505,4.06,,五诸侯四[井宿]
36965,2898,113.98301,43.030622,6.37,,
36977,2941,114.006519,-55.88764,6.39,,
36980,,114.014927,-57.295465,6.64,,
36992,,114.057793,-44.957739,6.9,,
37023,2903,114.131546,46.180077,5.66,,
37043,2940,114.182922,-48.830163,5.69,,
37046,2894,114.195859,55.75481,5.93,,
37065,,114.250056,-21.393713,6.69,,
37072,,114.272985,20.156056,6.73,,
37088,2927,114.319116,-4.110866,5.14,,阙丘增六
37091,2915,114.324014,40.025069,6.34,,
37096,2937,114.342018,-34.968424,4.53,,
37107,,114.376941,18.917252,6.85,,
37111,,114.385158,60.538651,7,,
37122,,114.423331,1.928383,6.89,,
37138,,114.464804,-6.958033,6.97,,
37173,2944,114.575173,-25.364847,4.69,,
37174,2957,114.575829,-48.601403,5.68,,
37179,,114.586348,33.186622,6.84,,
37184,2952,114.59996,-39.991946,6.61,,
37196,,114.620218,66.235001,6.95,,
37229,2948,114.707672,-26.803689,3.8,,弧矢六
37243,,114.73655,-0.260493,6.76,,
37265,2930,114.791096,34.583591,4.89,Jishui,北河增二
37269,2931,114.800016,24.22253,6.18,,
37271,,114.80182,53.900083,6.66,,
37279,2943,114.820889,5.218383,0.4,Procyon,南河三
37289,,114.850819,-16.847389,6.4,,
37297,2961,114.863728,-38.307919,4.84,,弧矢增廿
37300,2938,114.869152,17.674527,5.04,,水位增三
37339,2936,114.975252,32.009473,6.16,,
37364,2960,115.05634,-19.660787,5.92,,
37365,,115.056599,41.163528,6.83,,
37369,2935,115.060889,38.344463,5.77,,
37372,,115.079071,-78.386898,6.64,,
37375,,115.087499,-11.752642,6.43,,
37379,2959,115.096692,-15.2641,4.98,,
37385,,115.10926,-30.0796,6.95,,
37391,2609,115.129546,87.020155,5.05,,勾陈增四
37394,2958,115.148151,-8.185617,6.01,,
37399,2972,115.180745,-27.945325,6.76,,
37406,2929,115.206098,57.082838,6.09,,
37415,2974,115.219144,-31.661147,6.6,,
37428,2951,115.243774,23.018443,5.93,,
37441,2939,115.301161,48.130697,5.58,,
37447,2970,115.311311,-9.551256,3.94,,阙丘增七
37478,2966,115.396469,3.62465,5.95,,
37504,3024,115.455974,-72.606004,3.93,,飞鱼六
37508,2965,115.465796,13.480294,5.79,,
37521,2967,115.513402,14.208434,5.55,,
37545,,115.580502,30.167791,6.69,,
37599,3012,115.721819,-58.229808,6.2,,
37603,,115.735274,-21.995484,6.82,,
37606,2998,115.7372,-45.176654,5.04,,
37609,2946,115.751284,58.710025,4.93,,内阶增三
37614,2982,115.772581,0.189251,6.17,,
37623,2994,115.799765,-36.049998,5.6,,
37635,,115.838875,-52.163053,6.69,,
37636,2978,115.842262,22.399576,6.25,,
37643,,115.873463,-54.24121,6.88,,
37664,3002,115.925809,-40.93484,5.12,,
37677,2996,115.951928,-28.954801,3.94,,弧矢增十九
37701,2969,116.01732,50.433615,5.31,,
37704,2983,116.028713,25.784024,5.3,,积薪增一
37705,2989,116.031691,2.405367,6.46,,
37718,,116.050993,-50.455813,6.64,,
37720,3038,116.05337,-69.821534,6.16,,
37740,2985,116.111741,24.397634,3.57,,积薪
37811,2991,116.288875,20.316037,6.53,,
37815,,116.301333,-4.454236,6.81,,
37819,3017,116.313641,-37.968547,3.62,,弧矢三
37823,3020,116.325102,-43.752583,6.02,,
37826,2990,116.324433,28.025905,1.16,Pollux,北河三
37853,3018,116.394224,-34.161355,5.36,,
37891,3015,116.486882,-14.563765,5.03,,弧矢增九
37901,3014,116.509435,-6.773105,5.49,,
37908,3003,116.530527,18.509714,4.89,,水位增四
37921,3008,116.567301,10.768095,5.25,,水位二
37932,,116.600031,-49.24078,6.95,,
37934,2977,116.613705,62.830132,6.5,,
37946,2999,116.66392,37.517474,5.15,,
37949,2975,116.667431,65.455793,5.93,,
37975,,116.751538,64.051697,6.78,,
37982,3032,116.773804,-39.330896,6.33,,
37995,3023,116.802259,-22.519444,5.9,,
38016,3013,116.876203,33.415515,5.14,,北河增三
38017,,116.875315,-81.596158,6.79,,
38031,3026,116.910518,-15.990665,6.31,,
38048,3029,116.98565,-12.19221,5.48,,弧矢增十
38062,,117.014241,5.409645,6.61,,
38070,3034,117.021467,-25.937138,4.4,,弧矢五
38106,3021,117.14008,23.140966,6.18,,积薪增二
38118,,117.173698,-31.617741,6.97,,
38152,3062,117.2779,-56.410293,5.57,,
38160,3070,117.303281,-60.282792,5.78,,
38164,3055,117.309524,-46.373146,4.1,,
38170,3045,117.323525,-24.85979,3.34,Azmidi,弧矢增十七
38183,3057,117.367457,-44.750973,6.32,,
38196,,117.384587,12.814132,6.42,,
38200,3052,117.397223,-33.288938,5.61,,
38210,3081,117.420774,-66.19598,5.78,,
38211,3044,117.42203,-17.229156,5.17,,弧矢增十二
38246,3051,117.523568,-19.523512,6.11,,
38249,,117.532434,60.342228,6.78,,
38253,3047,117.544072,-9.18344,5.6,,
38257,,117.556134,39.770607,6.83,,
38300,3050,117.697847,3.277064,6.17,,
38303,,117.712819,4.459823,6.49,,
38306,,117.722736,0.079591,6.38,,
38307,3054,117.730154,-11.128814,6.16,,
38317,,117.750713,31.613274,6.83,,
38319,3040,117.759688,33.233699,6.06,,
38325,3028,117.773348,54.12958,6.03,,
38370,3078,117.918107,-42.888151,6.05,,
38373,3059,117.924869,1.766844,5.12,,南河增六
38375,3068,117.928953,-21.17345,5.62,,
38382,3064,117.942477,-13.900232,5.16,,
38403,,118.015806,45.932705,6.5,,
38410,,118.034999,-3.054085,6.94,,
38414,3080,118.054192,-40.575753,3.71,,弧矢增廿三
38423,3079,118.063713,-34.703921,5.01,,
38438,3088,118.12386,-54.367114,5.7,,
38449,3039,118.151549,55.209174,6.36,,
38455,3084,118.160948,-38.862786,4.49,,弧矢增廿一
38474,3072,118.199279,-5.428441,5.76,,
38497,3085,118.264521,-36.363756,5.44,,
38500,3089,118.265067,-49.612951,4.63,,
38518,3090,118.32561,-48.102895,4.22,,
38525,,118.337781,28.051903,6.92,,
38538,3067,118.373981,26.765584,4.97,,五诸侯五[井宿]
38571,,118.455042,-26.262043,6.95,,
38584,,118.509137,-41.702871,6.85,,
38601,,118.555432,21.105148,6.84,,
38615,,118.606221,-28.1053,6.6,,
38639,3066,118.677446,47.564604,5.47,,上台增二
38656,3105,118.721337,-57.302603,5.62,,
38669,,118.758248,12.569458,6.97,,
38707,,118.871574,-19.047429,6.84,,
38712,3087,118.880931,8.862268,5.86,,
38718,,118.898307,-15.578987,7,,
38722,3086,118.916134,19.883715,5.38,,水位增五
38723,3083,118.919686,35.412516,6.23,,
38732,3101,118.944001,-43.845047,6.02,,
38748,,118.993957,-12.607663,6.57,,
38761,,119.026701,23.62369,6.81,,
38778,,119.064609,29.852107,6.81,,
38789,,119.090386,-20.463346,6.84,,
38794,3093,119.099566,4.48552,6.16,,
38800,3077,119.111177,56.504273,6.71,,
38827,3117,119.194342,-52.982252,3.46,,天社增一
38835,3102,119.214545,-22.880041,4.2,,弧矢增十五
38848,3095,119.247521,15.790016,5.8,,水位增九
38863,3139,119.30316,-63.296715,6.14,,
38870,3098,119.316834,1.127048,6.35,,
38872,3116,119.326656,-44.109816,5.08,,
38900,,119.415722,77.576278,6.87,,
38901,3113,119.417047,-30.334523,4.76,,弧矢四
38917,3121,119.465336,-45.57747,5.14,,
38945,3103,119.524486,7.213464,6.42,,
38957,3129,119.560085,-49.244868,4.47,,
38959,3094,119.56936,43.977406,6.36,,
38963,3133,119.588867,-51.448192,6.44,,
38972,,119.626392,2.935794,6.65,,
38987,,119.688205,5.623262,6.95,,
39041,3171,119.815534,-73.244299,6.33,,
39067,3115,119.895925,13.242063,6.05,,
39070,3153,119.906375,-60.586988,5.19,,
39079,3122,119.933614,-3.679595,4.93,,南河增十
39084,,119.941305,-47.303462,6.71,,
39095,3131,119.966822,-18.399452,4.61,,
39117,3075,120.048716,73.91768,5.37,,
39138,3159,120.083168,-63.567334,4.81,,
39157,,120.132618,29.204919,6.97,,
39177,3128,120.197041,17.308686,5.6,,水位增七
39180,3125,120.200483,19.816165,6.3,,
39184,3156,120.207791,-54.151222,5.87,,
39191,3124,120.232926,25.392878,5.87,,爟增二
39194,3127,120.253116,23.582913,6.34,,
39198,,120.26369,-6.41949,6.45,,
39211,3141,120.305982,-1.393092,4.69,,南河增九
39213,3136,120.307676,4.879942,5.65,,
39221,3106,120.336882,59.047607,5.78,,
39238,3161,120.38136,-55.454606,6.28,,
39251,3154,120.406345,-37.283687,5.9,,
39261,3109,120.426453,60.32421,6.02,,
39271,3144,120.461369,8.914146,6.22,,
39279,3130,120.479729,35.413025,6.34,,
39282,,120.487938,-27.214779,6.82,,
39311,3145,120.566226,2.335245,4.39,,南河增八
39313,,120.569122,60.99363,6.87,,
39326,3150,120.608245,-6.337207,6.34,,
39340,3112,120.628189,63.090218,6.09,,
39348,3119,120.648639,57.27325,6.48,,
39360,3162,120.686547,-41.309732,5.52,,
39406,,120.837945,-69.971511,6.76,,
39414,,120.860307,37.136568,6.9,,
39420,3166,120.873188,-42.948346,6.28,,
39424,3149,120.879295,27.794108,4.94,,爟增三
39429,3165,120.895769,-40.003042,2.21,Naos,弧矢增廿二
39480,,121.034873,33.030768,6.7,,
39487,3170,121.067412,-32.674781,5.25,,
39514,,121.135877,-25.69984,6.35,,
39523,,121.16716,39.740602,6.89,,
39527,3178,121.176572,-50.590385,5.96,,
39535,3158,121.188593,18.841895,6.21,,
39538,3082,121.194849,79.479271,5.39,,六甲三
39566,3180,121.265487,-53.107941,5.52,,
39567,3163,121.268479,13.117807,5.14,,水位三
39595,,121.37156,-10.123059,6.97,,
39617,3177,121.436966,-33.56941,6.15,,
39625,3172,121.456719,-0.573313,6.4,,
39659,3169,121.576589,22.635431,5.96,,
39662,,121.579949,-38.896411,6.91,,
39675,3174,121.614182,-9.244425,6.25,,
39690,3187,121.668031,-45.265945,5.04,,
39710,,121.754665,-29.405204,6.8,,
39719,,121.776932,9.980166,6.81,,
39722,3167,121.791316,43.260144,6.35,,
39730,,121.816383,-17.368573,6.5,,
39734,3183,121.825098,-20.554331,5.33,,
39757,3185,121.88545,-24.304028,2.83,Tureis,弧矢增卅二
39780,3176,121.941225,21.581386,5.3,,水位增六
39794,3223,121.981947,-68.616866,4.35,,
39847,3173,122.113742,51.506658,4.78,,上台增一
39863,3188,122.148426,-2.983811,4.36,,外厨增一
39866,3195,122.156786,-37.681167,6.36,,
39888,,122.206605,27.480262,6.88,,爟增四
39898,3189,122.236767,-11.339663,6.31,,
39903,3220,122.250728,-61.304329,4.74,,
39906,3192,122.256752,-19.245048,4.4,,弧矢增十三
39919,3203,122.28951,-48.68442,5.66,,
39920,3199,122.292447,-35.454928,6.21,,
39938,3181,122.345955,42.430139,6.26,,
39947,,122.37486,-51.842546,6.53,,
39948,,122.376786,32.221079,6.68,,
39949,,122.377155,-59.541525,6.6,,
39953,3207,122.38307,-47.336524,1.75,,天社一
39957,3218,122.39016,-56.085149,5.66,,
39961,3204,122.399531,-44.122756,5.2,,
39995,3175,122.515507,58.247771,5.91,,
40001,,122.549576,35.453477,6.65,,
40010,,122.564671,-22.533397,6.8,,
40012,,122.574807,9.168107,6.8,,
40015,,122.588263,69.725829,6.54,,
40023,3191,122.612742,25.50511,5.73,,爟一
40036,,122.667862,2.949319,6.94,,
40058,3198,122.745207,14.629367,6.22,,
40071,,122.790627,53.244624,6.79,,
40084,3211,122.817771,-12.926948,4.72,,外厨增十六
40086,,122.825858,54.539641,6.48,,
40093,3193,122.839327,38.730827,6.61,,
40096,3226,122.857836,-42.987247,4.73,,
40107,3212,122.887247,-7.772704,5.36,,
40118,,122.907533,32.453012,6.78,,
40147,,122.978444,-41.788651,6.7,,
40165,,123.048057,48.959322,6.88,,
40167,3210,123.053221,17.646806,4.67,Tegmine,水位四
40188,,123.136126,-54.14625,6.97,,
40211,3230,123.190972,-29.910556,6.53,,
40215,3182,123.203266,68.474122,5.34,,
40231,3222,123.248796,16.514243,6.03,,
40240,3215,123.286868,29.656405,5.62,,爟四
40259,3229,123.333122,-15.78824,4.99,,外厨增十三
40263,,123.340553,-1.165851,6.48,,
40282,3247,123.392913,-50.196085,5.52,,
40291,3238,123.421395,-33.569465,6.38,,
40293,3224,123.423444,23.137652,6.56,,
40305,3200,123.458825,56.452056,5.88,,
40326,3243,123.512551,-40.348311,4.42,,
40341,3239,123.545923,-32.140667,6.07,,
40354,3231,123.587355,13.048178,6.39,,
40357,3250,123.599376,-45.834452,5.86,,
40361,,123.612709,20.707768,6.93,,
40393,,123.704029,43.034775,6.83,,
40406,,123.732797,-17.275504,6.98,,
40429,3260,123.815948,-62.915714,5.16,,
40476,3251,123.968548,-30.926024,6.22,,
40503,,124.040989,46.802153,6.81,,
40514,,124.072722,-86.557403,6.76,,
40526,3249,124.128539,9.185234,3.53,Tarf,柳宿增十
40543,,124.185612,-21.882055,6.97,,
40559,3108,124.224011,84.057519,6.45,,
40561,3255,124.225882,-21.320603,6.6,,
40581,,124.289977,-3.363793,6.72,,
40597,,124.326901,4.219208,6.53,,
40646,3235,124.460008,59.571148,5.63,,内阶增五
40656,3261,124.493066,-30.003672,6.43,,
40658,,124.497314,6.234224,6.99,,
40675,,124.559961,15.67789,6.42,,
40678,3266,124.572569,-35.451697,5.59,,
40693,3259,124.601611,-12.638492,5.95,,
40702,3318,124.63456,-76.919043,4.05,,小斗增一
40706,3270,124.63792,-36.658646,4.44,,
40766,3265,124.812555,-10.165518,6.31,,
40772,3245,124.821202,62.507214,5.73,,
40793,3216,124.885378,75.757009,5.55,,
40817,3301,124.953666,-71.514669,5.33,,飞鱼四
40818,3269,124.957928,3.947891,6.04,,
40823,,124.982435,39.884661,6.76,,
40834,3302,125.001833,-71.505155,5.63,,
40843,3262,125.015958,27.215304,5.13,,爟增六
40858,3271,125.054412,-0.909866,6.18,,
40859,3272,125.071023,-5.330206,6.12,,
40866,3264,125.087825,20.74743,5.8,,
40875,3254,125.109272,57.743369,5.89,,内阶增四
40876,3276,125.113834,-22.924678,6.12,,
40881,3268,125.133751,24.0222,5.92,Piautos,爟二
40889,3236,125.168052,72.407074,6,,
40926,3298,125.28172,-64.106127,6.11,,
40932,3293,125.30038,-57.973191,5.96,,
40940,,125.328302,-14.975972,6.81,,
40944,3279,125.338411,-20.079178,5.58,,
40945,3282,125.345856,-33.054352,4.83,,
40947,3286,125.350828,-39.620674,6.15,,
40990,3281,125.4769,-17.586424,5.71,,
41003,3334,125.517881,-73.399795,5.28,,
41006,,125.534137,-40.991189,6.96,,
41037,3307,125.628161,-59.509335,1.86,Avior,海石一
41039,3294,125.632,-48.490337,4.79,,
41040,,125.632696,16.162388,6.66,,
41074,3291,125.708033,-26.34818,5.88,,
41075,3275,125.708566,43.187494,4.25,Alsciaukat,上台增四
41080,3288,125.725327,-7.543081,5.92,,
41117,3284,125.840635,18.331989,5.94,,鬼宿增二
41131,,125.877887,-30.801291,6.93,,
41152,3277,125.951803,53.219082,5.52,,
41154,,125.955737,-28.970213,6.64,,
41163,3290,125.980066,10.631921,6.11,,柳宿增九
41166,,125.984028,-1.498125,6.91,,
41174,,126.034626,-19.1363,6.88,,
41191,3393,126.07644,-80.912839,5.67,,
41224,3287,126.178306,42.005305,6.02,,
41239,,126.222907,76.964989,6.96,,
41257,,126.254353,9.426159,6.76,,
41260,3315,126.265377,-24.046082,5.32,,
41262,3292,126.270267,35.011338,6.08,,
41268,,126.294719,-31.940137,6.81,,
41280,,126.326111,-22.140072,6.93,,
41296,3330,126.38037,-51.727307,5.18,,
41299,3305,126.397937,2.102105,5.74,,
41303,,126.405505,-8.956036,6.51,,
41307,3314,126.414712,-3.906578,3.91,,外厨增三
41312,3347,126.433577,-66.137862,3.77,,飞鱼三
41319,3299,126.456527,17.045294,6.11,,鬼宿增三
41323,3326,126.466143,-42.152987,5.45,,
41325,3306,126.477973,7.564445,5.13,,
41328,3320,126.481552,-14.929414,5.96,,
41361,3327,126.573815,-39.058905,6.07,,
41377,3304,126.615192,27.89285,5.58,,爟三
41389,3312,126.665517,24.533645,6.51,,爟增九
41395,3324,126.674191,-12.534767,5.52,,
41400,3319,126.682961,12.653954,5.56,,鬼宿增五
41452,3325,126.821723,-6.409926,6.61,,
41475,3335,126.888727,-20.844055,6.57,,
41478,,126.889998,-75.358269,6.81,,
41483,3350,126.901718,-53.088322,5.08,,
41484,3309,126.903098,45.650741,6.32,,
41504,3339,126.973367,-26.132987,6.6,,
41508,,126.981604,3.218518,6.96,,
41515,3343,126.997532,-35.113692,5.75,,
41524,,127.029839,21.147611,6.87,,
41564,3337,127.121404,-2.517194,6.42,,
41572,3344,127.149955,-23.070969,6.5,,
41578,3333,127.155487,14.210739,5.94,,鬼宿增四
41597,3342,127.212492,-9.748551,6.01,,
41616,3358,127.269729,-47.928879,5.33,,
41629,,127.30306,32.692287,6.92,,
41639,3359,127.364464,-44.724772,5.03,,
41640,3353,127.364778,-27.332177,6.69,,
41645,,127.377113,-0.960101,6.7,,
41652,,127.401579,8.417189,6.83,,
41653,3368,127.401497,-55.191019,6.36,,
41674,3363,127.439896,-46.331601,5.98,,
41676,3303,127.441399,67.297506,5.89,,
41679,,127.456207,26.19279,6.81,,
41704,3323,127.56437,60.717479,3.35,Muscida,内阶一
41723,3362,127.61912,-32.15928,5.61,,
41729,,127.642138,54.119055,6.76,,
41746,,127.692955,-41.514911,6.62,,
41782,,127.794137,40.224733,6.71,,
41816,3355,127.876591,24.080814,5.71,,爟增十一
41817,3367,127.878627,-19.57752,5.42,,
41822,3357,127.898475,18.094059,5.33,,鬼宿一
41893,3374,128.138679,-15.030002,6.38,,
41904,3372,128.166164,10.065968,6.48,,柳宿增八
41909,3366,128.176764,20.440876,5.33,,鬼宿二
41927,3332,128.22254,69.31974,6.31,,
41935,3360,128.228223,38.015265,5.88,,
41939,3385,128.243618,-34.634018,6.36,,
41949,3381,128.270215,-24.60714,6.19,,
41961,,128.295118,-5.222738,6.8,,
41992,,128.389648,-16.109585,6.56,,
42001,3389,128.409961,-38.848767,5.92,,
42008,3378,128.431066,4.756961,5.89,,
42010,3376,128.437473,13.257008,6.26,,
42019,,128.479314,58.607046,6.87,,
42028,3383,128.506526,-2.151423,5.8,,
42042,,128.546715,-36.905804,6.69,,
42049,3380,128.555676,8.452247,6.04,,
42059,,128.593802,-82.566339,6.84,,
42069,,128.620727,-51.09309,6.58,,
42071,,128.6235,-27.098063,6.4,,
42072,,128.624142,47.139654,6.68,,
42080,3354,128.649796,65.144896,5.47,,内阶增八
42088,3407,128.681529,-49.944092,5.01,,
42090,3377,128.682635,36.419354,5.76,,轩辕增八
42101,,128.722469,48.533552,6.75,,
42119,,128.789268,0.36244,6.94,,
42134,3414,128.832763,-58.009056,4.84,,
42142,3392,128.853978,2.743474,6.35,,
42146,3398,128.867351,-7.982189,5.72,,外厨增四
42187,3394,129.032177,15.313484,6.33,,
42191,,129.042354,-56.712625,6.97,,
42197,,129.064935,42.579819,6.98,,
42207,,129.089756,-32.261589,6.69,,
42249,3352,129.2027,74.72356,6.31,,
42265,3406,129.27387,9.655537,5.92,,柳宿增七
42286,3432,129.328321,-62.853607,5.45,,
42294,,129.34224,28.294084,6.63,,
42299,3411,129.363209,-4.933963,6.18,,
42302,3419,129.373263,-33.74595,6.51,,
42312,3426,129.410884,-42.989019,4.11,,天狗一
42313,3410,129.413575,5.703737,4.14,,柳宿一
42334,3420,129.467137,-26.255078,5.24,,
42348,,129.506698,-11.743747,6.58,,
42365,3409,129.578907,32.802001,5.96,,
42368,3416,129.584425,-6.662339,6.52,,
42372,3400,129.591624,53.401445,5.66,,
42394,3425,129.667959,-19.73689,6.32,,
42403,,129.689337,23.684956,6.89,,
42425,3460,129.771873,-70.386985,5.19,,
42430,3430,129.781066,-22.659166,5.05,,
42434,3401,129.791612,59.938817,6.47,,
42441,,129.809207,-37.469964,6.91,,
42442,,129.810108,-69.273848,6.99,,
42462,3424,129.852128,8.017417,6.46,,
42472,,129.882672,32.515505,6.71,,轩辕增十
42483,3433,129.926782,-29.561667,4.86,,
42484,3379,129.927233,73.629043,6.16,,
42502,,129.97309,-17.303953,6.59,,
42515,3438,130.025669,-35.308489,3.97,,天狗四
42527,3403,130.052539,64.328108,4.59,,内阶增七
42536,3447,130.073016,-52.921661,3.6,,
42537,,130.075284,1.919926,6.76,,
42540,3439,130.079423,-40.263825,5.2,,
42556,3429,130.112317,19.544721,6.29,Meleph,积尸增三[鬼宿]
42560,,130.135567,10.924101,6.78,,
42568,3457,130.154186,-59.760972,4.31,,
42570,3445,130.156481,-46.648717,3.77,,天社二
42576,,130.178843,51.431034,6.88,,
42604,3422,130.254713,45.834603,5.35,,
42606,3437,130.25653,-9.051984,6.64,,
42637,3502,130.330323,-78.963182,5.46,,
42649,,130.385224,-73.614543,7,,
42662,3441,130.43059,-15.944003,4.87,,外厨增十
42679,3456,130.487062,-45.410683,5.2,,
42712,3462,130.567426,-48.099066,5.48,,
42717,3471,130.585922,-55.77429,6.26,,
42739,,130.65417,-4.410401,6.9,,
42777,3436,130.750188,46.90045,6.21,,
42795,3450,130.801305,12.680889,5.62,,鬼宿增六
42799,3454,130.806018,3.398654,4.3,,柳宿三
42806,3449,130.820703,21.468249,4.66,Asellus Borealis,鬼宿三
42808,,130.822657,-38.880203,6.58,,
42819,,130.876902,-61.689237,6.85,,
42828,3468,130.897966,-33.186318,3.68,,天狗五
42834,3476,130.917774,-49.822777,5.15,,
42835,3459,130.918143,-7.233737,4.63,,外厨二
42850,3491,130.976391,-68.211412,6.33,,
42871,3451,131.042001,36.917832,6.54,,
42884,3477,131.099566,-42.649153,4.05,,天狗二
42895,3495,131.123827,-65.824767,6.03,,
42911,3461,131.171133,18.15285,3.94,Asellus Australis,鬼宿四
42912,,131.173127,-23.788668,6.72,,
42913,3485,131.176256,-54.709487,1.93,Alsephina,天社三
42915,,131.178031,-74.787969,6.66,,
42917,3465,131.187566,10.081559,5.63,,柳宿增五
42923,3479,131.216294,-37.147223,5.74,,
42928,3473,131.229613,-21.1678,6.1,,
42936,3489,131.273039,-58.724314,6.2,,
42954,3464,131.339238,30.697725,6.12,,轩辕增十一
42957,,131.34701,0.19775,6.55,,
42981,,131.395546,4.663882,6.45,,
42984,,131.408769,-77.075413,6.85,,
42997,,131.447769,-44.247967,6.7,,
43002,3483,131.455159,-25.388039,6.07,,
43013,,131.485759,-32.163767,6.84,,
43035,3480,131.528447,-11.006676,6.22,,
43067,3484,131.594017,-13.54776,4.32,,外厨增九
43068,,131.594331,82.239152,6.86,,
43103,3475,131.674108,28.759618,4.03,,轩辕增廿二
43105,3498,131.677182,-56.769722,4.5,,
43108,,131.689858,-18.757883,6.6,,
43109,3482,131.692304,6.418552,3.38,Ashlesha,柳宿五
43114,3490,131.705076,-34.622909,6.33,,
43142,3486,131.812201,-1.896962,5.28,,
43152,,131.839371,-17.052945,6.48,,
43195,3503,132.000646,-52.850003,6.29,,
43241,,132.136853,2.563477,6.93,,
43251,,132.164611,12.546934,6.66,,
43266,3470,132.204882,66.707855,6.2,,
43325,3514,132.41308,-40.320164,5.47,,
43330,,132.418817,-8.638458,6.82,,
43338,3507,132.4373,-21.048802,6.48,,
43347,3520,132.448378,-45.307783,4.94,,
43351,3544,132.458719,-72.551191,6.1,,
43370,3513,132.509181,-29.462964,5.86,,
43392,3525,132.587523,-42.089767,6,,
43397,,132.603478,-4.198433,6.92,,
43409,3518,132.632056,-27.709282,4.02,,天狗六
43410,3499,132.633791,33.284509,6.22,,
43413,3527,132.639391,-46.529161,5.09,,
43414,3537,132.646577,-66.792338,5.34,,
43427,3504,132.68794,18.832032,6.41,,
43431,,132.694265,78.165061,6.93,,
43454,3510,132.7553,15.351113,6.36,,鬼宿增八
43496,3523,132.893065,-7.17726,5.55,,外厨增六
43499,3536,132.901971,-57.633478,5.59,,
43531,3508,132.986679,43.726895,5.15,,上台增五
43550,3511,133.041485,42.002337,5.98,,
43557,,133.069283,8.061416,6.57,,
43573,3533,133.108817,-32.509375,6.49,,
43580,3529,133.128365,-13.232937,6.12,,
43589,3539,133.160726,-48.359095,5.92,,
43590,3534,133.161163,-36.545357,6.41,,
43603,3535,133.200054,-38.723969,5.79,,
43623,,133.271799,-16.952796,6.43,,
43624,3506,133.274968,59.056131,6.35,,
43625,,133.27505,52.390447,6.92,,
43644,3505,133.343857,61.962411,5.72,,内阶五
43683,,133.48042,19.967093,6.68,,
43685,3528,133.4818,35.538181,6.14,,
43717,,133.553148,-43.498903,6.97,,
43721,3532,133.561672,30.578952,5.4,,轩辕增十二
43726,3538,133.572136,-5.434265,6.01,,
43746,,133.659289,-11.3774,6.59,,
43766,,133.733711,26.195411,6.73,,
43783,3571,133.761414,-60.644341,3.84,,海石增二
43797,3570,133.799362,-54.96635,5.7,,
43798,3554,133.801917,-18.241144,5.75,,
43811,3541,133.845316,17.231317,6.28,,
43813,3547,133.847802,5.945657,3.11,,柳宿六
43822,3552,133.873415,-7.971322,6.07,,外厨增七
43825,3556,133.882144,-27.682516,4.87,,天狗七
43834,3540,133.915216,27.927269,5.23,,轩辕增十八
43837,,133.919369,-2.790619,6.93,,
43850,,133.977057,-15.439813,6.47,,
43853,3559,133.982603,-23.818012,6.39,,
43871,,134.057079,24.44731,6.74,,
43878,3574,134.080083,-52.723381,4.68,,
43894,3546,134.12646,40.20123,5.9,,
43902,3557,134.154327,4.23657,6.13,,
43903,3531,134.155516,64.60331,5.57,,内阶三
43908,3678,134.174517,-85.663235,5.43,,
43923,3545,134.207002,45.63136,5.72,,
43930,,134.232697,-73.921785,6.99,,
43933,,134.237505,56.888926,6.97,,
43937,3582,134.243297,-59.229283,4.93,,
43954,,134.281587,44.409367,6.93,,
43966,,134.306559,2.524822,6.95,,
43970,3561,134.312692,15.322881,5.22,,鬼宿增十
44010,3567,134.425035,9.387727,6.19,,
44042,3573,134.533963,1.541535,6.59,,
44066,3572,134.622031,11.857514,4.26,Acubens,柳宿增三
44075,3578,134.684678,-16.131363,5.8,,
44126,3577,134.794371,18.134432,6.3,,
44127,3569,134.797676,48.040453,3.12,Talitha,三台一
44130,3585,134.815599,-28.805855,6.24,,
44135,,134.835393,-63.466712,6.93,,
44148,,134.861894,13.074346,6.49,,
44154,3575,134.885718,32.418339,5.23,,轩辕增五
44162,3584,134.916044,-19.208659,6.19,,
44175,,134.972844,-22.691302,6.96,,
44180,,134.991176,26.43464,6.86,,
44181,,135.004385,-49.55792,6.88,,
44191,3591,135.022185,-41.253257,4.45,,
44213,3593,135.092659,-43.173988,6.04,,
44231,3580,135.12823,37.604358,6.21,,
44245,,135.158188,-51.555542,6.7,,
44248,3579,135.155701,41.78151,3.96,,轩辕一
44268,,135.222132,-24.153569,6.94,,
44283,3610,135.285762,-68.683911,5.89,,
44290,3597,135.297769,-26.664058,6.2,,
44315,3590,135.380592,5.640961,6.08,,
44316,,135.380128,-4.455923,6.65,,
44331,3586,135.419497,39.713028,6.39,,
44337,3605,135.435507,-52.188598,5.23,,
44342,3589,135.453033,27.902096,6.07,,轩辕增十七
44356,3596,135.491323,-0.482231,5.64,,
44367,3602,135.52628,-39.40192,6.25,,
44382,3615,135.611616,-66.396686,4,,飞鱼一
44390,3576,135.63585,67.629733,4.74,,三师一
44405,3595,135.684426,24.45287,5.45,,轩辕增廿三
44406,3599,135.68668,7.298276,5.85,,
44415,,135.71575,-32.440079,6.94,,
44421,,135.761703,49.948163,6.87,,
44431,3607,135.786702,-25.504225,6.72,,
44445,,135.824117,-70.606732,6.93,,
44464,,135.884483,53.108221,6.87,,
44471,3594,135.906011,47.156172,3.57,Alkaphrah,三台二
44504,3592,136.001661,54.283912,5.74,,
44511,3614,136.03823,-47.097798,3.75,,天社增三
44565,3622,136.199573,-57.852426,6.43,,
44574,3606,136.229052,32.376425,6.46,,
44596,,136.277218,-29.018243,6.63,,
44599,3643,136.286548,-72.602739,4.47,,
44613,3603,136.350288,48.530198,5.48,,
44659,3613,136.49308,5.092245,4.99,,柳宿七
44665,3632,136.532094,-64.499662,6.37,,
44700,3612,136.632129,38.452124,4.56,,轩辕二
44708,3629,136.641691,-55.802365,6.1,,
44717,3608,136.679571,59.344426,6.44,,
44733,,136.728079,-18.201703,6.65,,
44738,3618,136.749676,1.462592,6.16,,
44755,,136.819699,2.581731,6.66,,
44798,3623,136.936591,10.668127,5.23,,柳宿增二
44816,3634,136.998787,-43.432497,2.23,Suhail,天记
44818,3621,136.999975,29.654257,5.42,,轩辕增十四
44824,3628,137.012256,-25.858533,4.62,,
44888,,137.185552,-16.27775,6.48,,
44892,3626,137.19622,26.626745,5.95,,轩辕增十五
44897,3625,137.211329,33.881481,5.95,,
44901,3619,137.216315,51.604442,4.46,,文昌五
44904,,137.222571,-53.593387,6.81,,
44916,,137.257815,7.513102,6.99,,
44936,3636,137.298113,-12.357702,5.76,,
44946,3627,137.339723,22.045441,5.16,Nahn,轩辕增廿四
44961,3641,137.398093,-8.787693,5.47,,星宿增三
44979,3647,137.437476,-49.424567,6.48,,
45001,3644,137.485028,-30.365713,5.59,,
45002,,137.486818,-52.082511,6.19,,
45037,3646,137.595595,-23.176662,6.53,,
45058,3639,137.661588,30.962928,6.04,,
45075,3624,137.730847,63.513246,4.67,,内阶增十
45085,3654,137.76829,-44.867875,4.99,,
45097,,137.801894,80.828814,6.37,,
45101,3663,137.819147,-62.316877,3.96,,海石增三
45111,,137.861918,8.975823,6.98,,
45114,,137.871999,0.291122,6.78,,
45150,3649,137.981187,5.468564,6.34,,
45152,,137.984301,50.439899,6.69,,
45153,,137.986883,18.043972,6.87,,
45158,3653,137.994355,-19.74733,5.72,,
45166,3695,138.052603,-76.663307,6.13,,
45167,3651,138.053341,3.866948,6.14,,
45176,,138.091016,-28.947503,6.76,,
45184,3655,138.108392,-7.109689,6.1,,星宿增五
45214,,138.210572,-60.916647,6.36,,
45238,3685,138.296987,-69.716513,1.67,Miaplacidus,南船五
45270,3670,138.39332,-47.338323,5.92,,
45272,3657,138.40515,21.283136,6.48,,
45290,3652,138.450612,43.217592,5.3,,上台增六
45306,3633,138.512685,71.655603,6.52,,
45328,3679,138.574594,-55.569442,5.26,,
45333,3648,138.585467,61.423113,5.18,,内阶二
45335,,138.589456,-32.55719,6.61,,
45336,3665,138.591806,2.312325,3.89,,柳宿八
45344,3674,138.601805,-43.227417,5.24,,
45349,,138.615998,25.011111,6.92,,
45378,,138.716607,-1.587152,6.97,,
45389,,138.739939,38.609837,6.75,,
45410,3669,138.807462,14.941428,5.36,,鬼宿增十六
45421,3581,138.84134,84.181077,6.3,,
45424,3675,138.85388,-15.025016,6.32,,
45448,3684,138.937946,-37.413191,4.63,,
45455,3660,138.957139,56.741219,5.28,,内阶六
45461,3645,138.96722,72.94597,5.93,,
45493,3662,139.047734,54.022241,4.8,,文昌六
45496,3696,139.049975,-57.541571,4.34,,
45505,3692,139.095956,-44.265705,5.12,,
45511,,139.114397,-13.83398,6.82,,
45521,,139.165992,0.728931,6.73,,
45522,,139.166867,-49.578673,6.96,,
45526,3683,139.172262,-8.744759,5.49,,星宿增二
45527,3681,139.174066,-6.353117,5.24,,星宿增六
45543,,139.237655,-11.103554,6.45,,
45544,3694,139.237573,-39.40176,5.31,,
45550,,139.255891,77.074266,6.98,,
45556,3699,139.272284,-59.275148,2.21,Aspidiske,海石二
45572,,139.324494,33.500234,6.85,,
45581,3720,139.354492,-74.89411,5.28,,
45590,3676,139.380037,46.817303,5.96,,
45595,,139.399694,27.422154,6.77,,
45606,,139.439965,23.078762,6.97,,
45614,3689,139.463884,11.501132,6.4,,
45615,3713,139.465127,-67.050785,6.14,,
45631,3703,139.524249,-51.050763,5.26,,
45661,3686,139.607578,35.363957,5.94,,
45688,3690,139.710754,36.801807,3.82,,轩辕三
45699,,139.744222,17.704497,6.61,,鬼宿增十五
45723,,139.813863,26.251673,6.61,,
45743,3704,139.888298,-15.835001,5.79,,
45751,3706,139.943077,-11.974775,4.77,,星宿六
45754,3710,139.949634,-34.103401,6.4,,
45758,,139.96298,5.215947,6.62,,
45764,3666,139.981134,74.016192,6.42,,
45811,3709,140.120825,-9.555866,4.8,,星宿五
45813,,140.122765,52.451027,6.54,,
45824,,140.1529,0.18158,6.66,,
45836,3697,140.181983,51.266994,6.14,,文昌增五
45837,3715,140.184483,-31.760199,6.8,,
45858,3701,140.247034,38.188134,6.12,,
45860,3705,140.262033,34.392656,3.14,,轩辕四
45866,,140.286908,2.940994,6.99,,
45874,3711,140.31371,15.371315,6.57,,
45875,,140.314092,39.666385,6.66,,
45879,,140.32692,13.110941,6.67,,
45888,,140.348271,45.369972,6.4,,
45902,3718,140.373215,-25.965497,4.71,,
45910,,140.413841,32.264007,6.79,,
45924,3726,140.462963,-42.195181,5.56,,
45941,3734,140.528287,-55.010596,2.47,Markeb,天社五
45962,3730,140.599936,-46.047295,5.74,,
45974,,140.633937,49.544778,6.94,,文昌增六
46026,3733,140.800101,-28.833743,4.71,,
46027,,140.810565,-21.037633,6.83,,
46045,,140.855576,-48.286903,6.27,,
46049,3740,140.863704,-60.302272,6.3,,
46053,,140.873075,7.713486,6.82,,
46065,,140.914534,-33.200409,6.73,,
46075,3735,140.936268,-37.756732,6.47,,
46081,,140.957373,-35.247581,6.57,,
46093,3739,140.99718,-51.737054,6.05,,
46114,3737,141.067968,-39.425669,6.05,,
46125,3727,141.093157,36.586953,6.68,,
46146,3731,141.163358,26.182017,4.47,,轩辕七
46155,,141.188275,19.785917,6.53,,
46165,,141.221688,-4.283206,6.92,,
46232,3736,141.384875,16.585432,6.31,,
46238,,141.404273,-25.337092,6.72,,
46259,,141.486371,-17.947292,6.95,,
46283,3753,141.574617,-53.378837,5.09,,
46288,3741,141.59295,-1.464112,6.01,,
46328,3761,141.682767,-64.929288,6.05,,
46336,,141.703708,-19.155086,6.96,,
46345,,141.73611,14.302827,6.83,,
46358,3777,141.774209,-71.601379,5.46,,
46367,,141.818469,6.231899,6.9,,
46371,3749,141.827881,-22.344742,4.72,,
46390,3748,141.896757,-8.65839,1.99,Alphard,星宿一
46404,3750,141.94342,-6.071604,5.38,,
46410,3719,141.96458,75.098449,6.2,,
46454,3754,142.114435,9.056795,5.4,,酒旗三
46460,3783,142.126729,-66.701585,5.9,,
46464,,142.138914,12.385232,6.88,,
46471,3743,142.166563,45.600665,5.4,Intercrus,上台增七
46482,3776,142.195372,-62.272952,5.91,,
46509,3759,142.287717,-2.768984,4.59,,星宿二
46515,3765,142.31113,-35.951302,4.51,,
46517,3766,142.316526,-38.403524,6.15,,
46526,,142.343697,-43.190322,6.6,,
46535,,142.36819,-44.532273,6.98,,
46543,3762,142.384869,-4.246973,6.25,,
46553,,142.402272,-58.29897,6.75,,
46566,3747,142.447379,55.744965,6.5,,
46578,3770,142.47694,-26.589611,5.49,,
46609,,142.55852,-24.273929,6.57,,
46616,,142.582043,-33.403884,6.87,,
46618,3772,142.593067,-15.57777,5.86,,
46621,,142.59778,21.812544,6.94,,
46651,3786,142.673759,-40.46646,3.6,,天记增一
46652,3764,142.67992,33.655402,5.87,,轩辕增二
46657,3780,142.692255,-31.889354,5.75,,
46701,3803,142.805117,-57.034337,3.16,,天社六
46709,,142.82875,-47.952446,6.53,,
46733,3757,142.883637,63.06203,3.65,,内阶四
46735,3769,142.884607,35.102651,5.39,,轩辕增一
46741,3821,142.900589,-73.0809,5.46,,
46750,3773,142.929987,22.967722,4.32,Alterf,轩辕八
46768,3788,142.981459,-10.370208,6.12,,
46771,3782,142.98583,11.29929,4.99,,酒旗二
46776,3787,142.995461,-1.184689,4.54,,星宿三
46810,3798,143.075961,-28.62749,6.43,,
46813,3796,143.084813,-19.400244,5.74,,
46840,3794,143.172335,1.863921,6.11,,
46853,3775,143.204547,51.673878,3.17,,文昌四
46859,3802,143.232332,-13.516797,5.95,,
46869,3801,143.257931,-8.505595,6.12,,
46873,3778,143.28073,49.438747,6.76,,
46880,3808,143.301781,-21.115625,5.02,,
46891,3792,143.325905,28.367732,6.5,,
46893,3805,143.332544,-7.190352,6.25,,
46897,3810,143.358062,-22.863531,5.92,,
46928,3860,143.471006,-80.941164,5.07,,小斗五
46950,3819,143.536548,-51.255225,5.01,,
46952,3800,143.555809,36.397412,4.54,,内平增六
46963,3797,143.58089,46.901966,6.54,,
46974,3825,143.610902,-59.229713,4.08,,海石三
46977,3771,143.619071,69.830836,4.54,,紫微右垣四
46982,3814,143.636105,-5.91532,5.56,,星宿增八
47007,,143.711415,-12.130658,6.54,,
47029,3809,143.765715,39.621627,4.81,,
47096,3818,143.970074,14.379573,6.32,,酒旗增二
47168,3820,144.178572,31.161454,5.57,,
47172,3837,144.19155,-52.94305,6.18,,
47175,3836,144.205142,-49.354756,4.34,,
47187,3830,144.250426,-25.296528,5.68,,
47189,3826,144.260644,16.437933,5.73,,酒旗增一
47193,3751,144.271313,81.326277,4.28,,四辅增一
47199,3833,144.291448,-32.178736,5.62,,
47204,3840,144.302458,-53.668567,5.44,,
47205,3827,144.302322,6.835872,5,,轩辕增四五
47224,3835,144.368138,-36.096003,5.96,,
47231,,144.406141,60.213472,6.41,,
47237,,144.418312,1.696192,6.85,,
47242,,144.44133,-3.17073,6.45,,
47247,,144.457176,24.670172,6.61,,轩辕增廿六
47249,3832,144.464211,-9.424397,6.4,,星宿增十五
47267,3842,144.506271,-43.191142,5.51,,
47291,,144.5668,12.736307,6.74,,
47301,,144.591239,-64.402345,6.69,,
47310,3834,144.612645,4.648974,4.68,,轩辕增四六
47352,,144.727638,20.297442,6.79,,
47363,,144.75,-17.624113,6.74,,
47380,,144.794423,43.143774,6.59,,
47391,3856,144.83703,-61.327941,4.51,,
47401,3824,144.86569,67.271981,5.96,,
47427,3846,144.947406,-10.570232,6.31,,星宿增十三
47431,3845,144.964317,-1.143212,3.9,Ukdah,星宿四
47452,3849,145.076346,-14.332416,5.07,,张宿五
47479,3863,145.176777,-57.983504,5.3,,
47508,3852,145.286702,9.892069,3.52,Subra,轩辕十五
47521,,145.319364,55.866269,6.5,,
47522,3858,145.320662,-23.591496,4.76,,
47550,3853,145.41022,25.912667,6.26,,轩辕增廿七
47559,3868,145.449561,-55.21374,5.99,,
47570,3851,145.50102,39.757544,5.61,,内平增三
47591,,145.55379,-66.914824,6.33,,
47608,,145.616054,-46.865077,6.97,,
47617,,145.644358,32.994974,6.93,,轩辕五
47623,,145.663483,-72.190749,6.54,,
47627,3867,145.672144,-35.50166,6.39,,
47631,3857,145.677922,35.093034,6.12,,内平三
47633,3854,145.679261,48.43085,6.36,,
47654,3839,145.737727,72.252446,5.15,,少辅增一
47664,3855,145.778667,54.363487,6.5,,
47694,3872,145.864782,-51.228082,6.15,,
47698,,145.877404,-20.365888,6.58,,
47701,3861,145.888456,29.973814,5.64,,轩辕六
47723,3866,145.932975,14.021653,5.36,,酒旗一
47752,,146.028475,42.050319,6.84,,
47758,3871,146.050017,-27.76923,4.78,,
47762,3874,146.064634,-39.571142,6.81,,
47777,,146.108921,74.58764,6.78,,
47779,3869,146.125012,18.86314,6.49,,
47790,,146.151227,-22.751744,6.76,,
47791,3859,146.151459,64.984237,6.18,,
47793,,146.155366,-48.548807,6.7,,
47854,3884,146.311531,-62.507849,3.69,,海石四
47868,3878,146.341611,-30.202721,6.45,,
47880,,146.369424,10.221873,6.9,,
47884,3843,146.379382,78.1347,6.25,,
47908,3873,146.462478,23.774193,2.97,Ras Elased Australis,轩辕九
47911,3865,146.480442,63.65304,6.51,,文昌增一
47940,,146.537296,-45.917968,6.6,,
47943,3876,146.541886,6.708402,5.8,,
47950,,146.567117,-33.508266,6.94,,
47956,3902,146.588304,-76.776483,5.43,,
47959,3877,146.597101,11.810154,5.67,,轩辕增四四
47960,3879,146.59803,1.785323,5.65,,
47963,3886,146.62643,-44.755064,5.58,,
47965,3870,146.631935,57.128283,5.09,,文昌增二
47999,,146.766231,-31.268101,6.97,,
48002,3890,146.775328,-65.071977,2.92,,海石五
48009,,146.808455,-17.205856,6.72,,
48017,3847,146.824164,79.136552,6.09,,
48037,,146.895021,-38.189712,6.83,,
48054,,146.932928,-49.94334,6.52,,
48113,3881,147.149418,46.020418,5.08,,
48119,3895,147.165988,-56.411796,6.05,,
48125,,147.177408,-26.414216,6.63,,
48126,,147.181001,-9.918679,6.98,,
48172,,147.287046,-43.482729,6.53,,
48191,3892,147.366304,-37.186712,5.95,,
48192,,147.368872,36.747268,6.61,,
48212,,147.444892,31.076739,6.82,,
48218,3889,147.458429,21.179331,6.1,,轩辕增廿九
48223,,147.476925,-68.419221,6.7,,
48256,,147.557822,39.631749,6.64,,内平增二
48266,3885,147.597369,65.593046,6.27,,
48273,3893,147.624376,4.343325,6.24,,轩辕增四八
48298,,147.705204,11.842424,6.86,,
48319,3888,147.743672,59.037765,3.78,,文昌二
48320,,147.753166,-80.060964,6.47,,
48324,3896,147.758398,13.066191,6.45,,轩辕增四三
48339,3913,147.800635,-59.42604,5.79,,
48341,3899,147.808558,-4.24353,6.01,,星宿增九
48351,3901,147.839253,-6.181585,6.42,,
48356,3903,147.869675,-14.846743,4.11,Zhang,张宿一
48374,3912,147.919221,-46.547558,4.58,,
48375,,147.92194,-11.340762,6.48,,
48390,3900,147.971144,24.394255,5.29,,轩辕增廿八
48396,3908,147.998151,-16.535207,6.08,,
48402,3894,148.026442,54.064455,4.55,,文昌三
48413,3907,148.049773,0.075448,6.34,,
48414,3906,148.0495,2.45474,6.02,,轩辕增四七
48428,,148.089689,37.914329,6.71,,内平增一
48437,3909,148.126408,-8.105332,5.07,,星宿增十二
48455,3905,148.189369,26.006601,3.88,Rasalas,轩辕十
48468,3916,148.239776,-27.331562,6.28,,
48512,,148.404069,34.98373,6.76,,
48519,3915,148.428835,5.958584,5.9,,
48559,3919,148.550016,-25.931983,4.87,,
48584,3921,148.632375,-22.487466,6.23,,
48613,3927,148.713094,-50.243913,5.71,,
48615,3923,148.71722,-19.009596,4.94,Felis,
48638,3911,148.764088,61.116102,6.29,,
48682,3917,148.929147,49.819967,5.27,,文昌增七
48699,,148.979062,7.677017,6.79,,
48703,,148.995686,-39.55352,6.99,,
48706,3930,149.022024,-40.824655,6.39,,
48710,,149.024715,52.268767,6.63,,
48715,3944,149.040246,-71.389274,6.3,,
48723,,149.064903,-31.091506,6.93,,
48730,3935,149.091145,-51.33617,6.39,,
48734,3926,149.107688,8.933288,5.85,,轩辕增四十
48741,,149.128684,-13.463926,6.78,,
48748,3932,149.14815,-33.418357,5.83,,
48768,,149.201357,4.241757,6.7,,
48774,3940,149.215441,-54.567771,3.52,,
48799,3941,149.295491,-52.638755,6.13,,
48806,3948,149.311378,-64.488795,6.59,,
48830,,149.415374,-16.522325,6.62,,
48833,3928,149.420073,41.055465,5.11,,中台增二
48835,3943,149.427395,-48.414085,6.06,,
48839,,149.432982,-1.941696,6.43,,
48861,3929,149.486914,45.414078,6.34,,
48883,3937,149.555571,12.444698,5.26,,轩辕增四二
48884,,149.55818,-25.131104,6.77,,
48893,3918,149.593369,72.879273,5.86,,
48895,3936,149.607658,27.758818,6.48,,
48926,3947,149.717105,-35.891077,5.23,,
48942,,149.773822,-63.345565,6.68,,
48943,3946,149.776104,-23.950736,6.11,,
48964,,149.827849,-20.356843,6.7,,
48975,,149.859118,-44.955479,6.72,,
48982,3942,149.900195,29.644992,5.75,,
48990,3945,149.929141,3.384907,6.69,,轩辕增五十
49005,3939,149.964986,56.811628,5.5,,
49029,3950,150.053164,8.044082,4.68,,轩辕增卅八
49081,3951,150.248753,31.92093,5.37,,内平增九
49092,,150.299624,-56.096552,6.42,,
49160,3957,150.491416,-57.349642,6.2,,
49163,,150.495937,74.758852,6.91,,
49164,3960,150.500309,-60.420864,5.93,,
49202,,150.637363,-13.296399,6.98,,
49220,3952,150.703862,21.949224,5.68,,
49221,,150.705242,-1.068403,6.7,,
49222,3956,150.705283,-30.577357,6.54,,
49253,,150.806834,50.109177,6.9,,
49264,,150.847911,-33.238296,6.62,,
49281,3971,150.891911,-61.884014,6.14,,
49293,3959,150.920734,-9.573851,6.09,,
49308,,150.97207,38.01964,6.75,,
49321,3963,151.011535,-18.101383,6.3,,张宿四
49326,3997,151.027695,-81.565156,6.6,,
49329,3961,151.034662,3.200456,6.43,,轩辕增五一
49339,3965,151.086435,-24.285373,5.7,,
49343,3968,151.097035,-39.975854,6.42,,
49363,3954,151.151103,53.891692,5.71,,
49408,3958,151.293116,52.371271,6.31,,
49411,,151.299864,-28.197002,6.97,,
49413,,151.30358,-42.172313,6.53,,
49428,,151.360475,-34.882674,6.6,,
49485,3976,151.546612,-47.370336,5.06,,
49530,3973,151.697395,5.611389,6.2,,轩辕增五二
49561,,151.782103,-21.255721,6.66,,
49569,3977,151.789684,-17.142093,5.59,,
49583,3975,151.833124,16.762661,3.48,,轩辕十三
49593,3974,151.85774,35.244698,4.49,,内平二
49610,,151.884023,-22.489619,6.99,,
49613,,151.888791,0.918274,6.67,,
49619,,151.898667,-48.260795,6.4,,
49633,,151.939771,-7.63086,6.63,,
49637,3980,151.975602,9.997098,4.39,,轩辕十七
49641,3981,151.984331,-0.37166,4.48,,
49645,3984,152.006652,-37.333401,6.34,,
49658,3979,152.065597,31.603466,6.23,,
49669,3982,152.091333,11.967238,1.36,Regulus,轩辕十四
49689,3986,152.147354,-15.611919,6.25,,
49698,3995,152.177134,-65.815191,5.26,,
49701,3985,152.190207,-10.884838,6.54,,
49712,3990,152.23418,-51.811257,4.85,,
49724,,152.282086,63.952427,6.53,,
49729,,152.285488,18.530175,6.92,,
49764,4002,152.37536,-68.682641,5.8,,
49769,3992,152.37887,-35.856666,6.14,,
49828,,152.588216,-67.263361,6.88,,
49841,3994,152.645685,-12.354724,3.61,,张宿二
49865,3996,152.732756,-8.418752,5.64,,天相增一
49870,3987,152.745624,40.661622,6.34,,
49882,,152.78651,20.695249,6.64,,
49893,3993,152.80308,37.401716,5.86,,
49908,,152.82887,49.45101,6.6,,
49929,3998,152.909467,13.354878,6.43,,轩辕增卅七
49934,4009,152.943454,-58.060501,5.7,,
49943,,152.954437,-34.334316,6.66,,
49967,4003,153.011592,-28.605958,6.28,,
50013,4005,153.156692,-19.153652,6.45,,
50019,,153.177046,28.241936,6.86,,
50027,4004,153.201211,4.614652,5.77,,轩辕增五三
50066,4011,153.33063,-27.028662,6.23,,
50069,,153.342569,-56.586693,6.48,,
50075,4013,153.350219,-33.031311,6.38,,
50097,,153.43285,50.496524,6.63,,
50099,4037,153.433574,-70.037853,3.29,,南船四
50103,4015,153.440732,-40.346003,5.91,,
50109,4006,153.456893,27.135799,6.05,,
50142,,153.537161,-23.813876,6.36,,
50149,,153.557201,-39.10382,6.53,,
50191,4023,153.682685,-42.121623,3.85,,天记增二
50210,,153.753159,-44.467779,6.59,,
50218,4014,153.776136,31.468041,6.47,,内平一
50222,4008,153.782133,59.985569,6.18,,
50234,4029,153.836733,-36.517668,6.17,,
50287,4043,154.012884,-59.903341,6.22,,
50292,4034,154.037336,-11.203423,6.08,,
50303,4024,154.059616,29.310346,5.49,,内平增十
50305,4028,154.066829,17.740356,6.6,,
50308,,154.072744,78.947001,6.85,,
50333,4035,154.169596,13.728237,5.42,,轩辕增卅六
50335,4031,154.17271,23.417264,3.43,Adhafera,轩辕十一
50336,4032,154.173079,25.370726,5.84,,
50340,4040,154.190523,-20.669781,6.57,,
50371,4050,154.270409,-61.332264,3.39,,南船一
50372,4033,154.272649,42.914092,3.45,Tania Borealis,三台三
50414,4042,154.40648,-8.068897,5.25,,天相三
50433,4021,154.459933,71.060421,6.66,,
50447,4016,154.503196,73.073079,6.53,,
50456,4049,154.531514,-28.99193,5.52,,
50459,4041,154.54363,27.415543,6.53,,
50461,,154.548808,-82.910895,6.68,,
50505,,154.717008,44.046411,6.66,,
50509,4044,154.744233,46.760575,6.42,,
50513,,154.749397,51.405486,6.81,,
50516,4048,154.752552,24.712184,6.42,,
50519,,154.760585,-50.716057,6.89,,
50520,4065,154.770611,-64.676181,5.66,,
50525,,154.794599,-34.616311,6.73,,
50536,4055,154.820171,-12.528215,6.01,,
50546,4046,154.860592,48.396057,6,,
50552,4059,154.884512,-5.1066,6.38,,
50555,4063,154.902967,-55.02928,4.59,,
50583,4057,154.995256,19.840513,2.01,Algieba,轩辕十二
50584,4060,154.997428,-9.059462,6.31,,
50609,4066,155.069555,-47.699063,5.66,,
50635,4052,155.129401,54.216802,6.01,,
50641,,155.141081,-31.813372,6.57,,
50676,4074,155.228111,-56.043212,4.5,,
50685,4047,155.262959,68.747432,5.88,,
50693,4068,155.282957,-17.985145,6.5,,
50705,,155.310319,-13.786561,6.56,,
50719,,155.339621,-25.373048,6.71,,
50728,4071,155.369086,-23.710722,6.47,,
50739,4073,155.399084,-22.528506,6.52,,
50755,4070,155.459381,14.975702,6.16,,轩辕增卅五
50790,4076,155.553679,-19.866512,6.12,,
50799,4080,155.581368,-41.649571,4.82,,
50801,4069,155.58156,41.499734,3.06,Tania Australis,三台四
50847,4089,155.741905,-66.90143,4.97,,
50851,4077,155.751754,6.542013,6.06,,轩辕增五五
50868,4083,155.80477,-30.162337,6.25,,
50885,4082,155.859999,-4.074008,5.93,,天相增四
50887,,155.868619,-0.90246,6.45,,天相增八
50888,4086,155.870777,-38.01018,5.34,,
50904,4078,155.923943,29.615772,6.36,,
50915,,155.956223,25.567828,6.76,,
50933,4072,156.032557,65.566292,4.94,,
50939,4085,156.055192,2.367877,6.33,,
50954,4102,156.0984,-74.031785,3.99,,南船增一
51001,,156.278061,-50.106944,6.78,,
51008,4088,156.313387,8.784597,5.61,,轩辕增五六
51046,4092,156.433598,-7.059005,5.6,,
51047,,156.436344,35.42506,6.49,,势增五
51056,4090,156.477817,33.795742,4.72,,势增九
51069,4094,156.521749,-16.836802,3.83,,张宿三
51075,,156.538346,3.932537,6.67,,
51077,4099,156.540136,-42.738744,6.13,,
51104,,156.606416,-39.362011,6.8,,
51161,4097,156.751626,19.364502,6.15,,
51172,4104,156.78732,-31.067716,4.28,,
51179,,156.800721,11.317194,6.64,,
51192,4110,156.851879,-57.638778,4.65,,
51194,4115,156.854079,-65.704535,6,,
51213,4101,156.912518,9.762356,6.01,,轩辕增五七
51224,,156.940617,59.597116,6.86,,
51232,4114,156.96955,-58.739388,3.81,,海山一
51233,4100,156.969809,36.706512,4.2,,势增四
51245,4111,157.008919,-49.406088,6.1,,
51248,4098,157.016951,48.779268,6.42,,
51290,4103,157.15197,45.212079,6.37,,
51291,,157.153678,-19.524977,6.7,,
51294,,157.176409,-43.838189,6.68,,
51313,4120,157.218838,-64.172257,5.27,,
51325,,157.256745,29.727302,6.61,,
51362,4116,157.36928,-2.73916,5.19,,天相增六
51364,4117,157.370277,-29.663775,5.58,,
51384,4062,157.414564,84.251756,5.52,,四辅二
51386,,157.424987,1.490318,6.88,,
51399,,157.473754,28.581217,6.88,,
51420,4113,157.526743,38.925101,5.79,,势增三
51434,,157.563585,50.5689,6.74,,
51437,4119,157.572573,-0.637168,5.08,,天相增十
51438,4138,157.584444,-71.992987,4.72,,
51448,4108,157.61003,64.257368,6.07,,
51459,4112,157.654563,55.980323,4.82,,天璇增一
51472,,157.705311,-86.090675,6.64,,
51475,4125,157.713712,-26.483681,6.51,,
51490,4122,157.744626,-7.637563,6.2,,
51491,4123,157.749107,-13.588474,5.59,,
51502,4084,157.765526,82.558716,5.25,,四辅三
51523,4134,157.83641,-53.714144,4.89,,
51538,,157.900846,2.844617,6.57,,
51551,4130,157.952236,-28.237132,6.04,,
51556,4124,157.964189,32.379598,5.9,,势二
51561,4135,157.989174,-45.066701,5.76,,
51576,4140,158.005881,-61.685262,3.3,,南船二
51585,4127,158.048788,14.137428,5.43,,长垣一
51602,,158.118825,-6.075304,6.82,,
51624,4133,158.202768,9.306563,3.84,,轩辕十六
51635,4143,158.236686,-47.003309,5.02,,
51658,4132,158.306682,40.425612,4.72,,
51685,4137,158.378577,34.988675,5.57,,势一
51718,4145,158.50361,-23.74503,5.08,,张宿增四
51739,,158.570601,-37.386765,6.9,,
51775,4146,158.699418,6.954111,5.07,,长垣四
51781,,158.70954,27.961029,6.82,,
51784,,158.70924,-3.900724,6.67,,
51795,4149,158.739716,-23.176031,6.1,,
51808,4126,158.771654,75.712852,4.86,,阴德一
51813,,158.786025,41.908825,6.94,,
51814,4141,158.791161,57.082872,5.16,,天璇增二
51816,4154,158.792978,-43.664388,6.09,,
51821,4153,158.803278,-39.562566,5.5,,
51835,4170,158.852687,-76.308936,6.29,,
51839,4174,158.865883,-78.607711,4.11,,小斗三
51849,4159,158.896892,-57.557635,4.45,,
51852,4152,158.911974,-18.568904,6.49,,
51883,4121,159.00746,80.494606,6.48,,
51907,4155,159.072592,-10.583605,6.58,,
51914,4150,159.089545,36.326709,6.29,,势增一
51933,4158,159.136687,-12.234417,5.71,,
51936,,159.147151,-28.771765,6.83,,
51977,,159.303289,-31.762658,6.77,,
51979,4162,159.306376,-27.412496,4.87,,
51986,4167,159.324326,-48.22563,3.84,,海山增一
52009,4163,159.388912,-13.384784,4.89,,
52032,,159.467623,34.078655,6.42,,势增十
52064,,159.58248,60.123246,6.77,,
52085,4171,159.644976,-16.8764,4.91,,张宿六
52098,4166,159.680056,31.976282,4.68,,势增十一
52102,4177,159.687309,-59.182995,4.69,,
52112,4175,159.709466,-42.753521,6.1,,
52120,,159.727607,16.127284,6.61,,长垣增一
52136,4165,159.772591,53.667795,5.55,,
52139,4168,159.780022,37.909708,5.84,,势增二
52150,4186,159.815799,-74.493383,6.08,,
52151,,159.817424,-36.67705,6.69,,
52154,4180,159.826427,-55.603242,4.29,,
52203,,159.990898,-52.284094,6.88,,
52204,,159.992086,-49.279473,6.97,,
52273,4183,160.214532,-35.741683,6.36,,
52316,4182,160.349906,-1.742252,6.25,,天相增十一
52378,,160.591572,-47.22038,6.96,,
52385,,160.613647,-8.727173,6.86,,
52391,4190,160.630627,-13.974435,6.24,,
52401,,160.655694,3.583334,6.57,,长垣增六
52407,4194,160.679708,-32.715674,5.63,,
52419,4199,160.738899,-64.394375,2.74,,南船三
52422,4189,160.757135,26.325262,5.51,,少微增二
52425,4181,160.766834,69.076135,5.01,,
52452,4193,160.837295,4.747459,5.77,,长垣增七
52457,4192,160.853168,23.188458,5.08,,少微三
52469,4191,160.884573,46.203457,5.18,,
52478,4187,160.930773,57.198873,5.79,,天璇增五
52535,4213,161.109136,-72.443158,6.26,,
52536,,161.116909,-23.985335,6.63,,
52550,,161.164898,-36.930778,6.69,,
52577,4195,161.266859,67.411392,5.95,,
52584,4201,161.289098,2.487818,6.27,,灵台增二
52633,4234,161.444389,-80.54015,4.45,,小斗四
52636,,161.460454,-40.973332,6.84,,
52638,4203,161.466027,30.682081,5.36,,势三
52639,,161.466437,72.287935,7,,
52660,4207,161.523619,6.372949,6.38,,长垣增八
52679,4217,161.570529,-60.602821,6.26,,
52683,,161.580474,12.74765,6.9,,
52686,4208,161.602904,18.891263,5.5,,少微四
52689,4209,161.604502,14.19423,5.49,,长垣二
52690,,161.607822,-63.300028,6.97,,
52721,,161.676779,-26.047838,6.7,,
52727,4216,161.693022,-49.420599,2.69,,海山增二
52730,,161.70018,-69.209767,6.34,,
52737,4214,161.716791,-17.296988,5.44,,翼宿增三
52797,4226,161.909839,-57.467395,6.29,,
52804,,161.928568,-15.109755,6.96,,
52816,,161.98075,-52.246064,6.74,,
52822,,162.003263,39.742128,6.78,,
52823,,162.010407,41.109946,7,,
52841,4225,162.058573,-31.68784,5.87,,
52863,4224,162.168867,-1.958845,5.92,,
52865,,162.172064,-47.749702,6.51,,
52877,4215,162.207868,65.13254,6.4,,
52882,4223,162.237866,29.415818,6.15,,势增十四
52883,,162.239874,-27.917715,6.94,,
52911,4227,162.314268,10.545046,5.32,,长垣三
52913,4229,162.321645,-4.023943,6.61,,天相增十二
52924,,162.356329,-42.367226,6.77,,
52929,,162.369784,63.8101,6.42,,
52943,4232,162.406817,-16.192377,3.11,,翼宿五
52959,4230,162.473781,27.974148,6.05,,势增十五
52965,4238,162.487263,-34.058137,5.61,,
52980,4237,162.575195,-8.897856,5.8,,翼宿增一
53005,,162.651912,23.406404,6.59,,
53037,,162.774691,-18.33217,6.56,,翼宿增四
53039,,162.784991,11.578573,6.85,,
53043,4235,162.795073,56.582284,5.66,,天璇增七
53064,4236,162.848471,59.31979,5.57,,天璇增三
53085,,162.905134,-21.250071,7,,
53113,,162.993367,-55.138273,6.53,,
53134,,163.04223,50.265029,6.63,,
53157,4242,163.132962,52.503275,6.44,,
53167,4245,163.150338,-0.201818,6.31,,
53190,,163.192767,-68.210217,6.7,,
53211,,163.255332,-35.489048,6.79,,
53229,4247,163.328647,34.213043,3.79,Praecipua,势四
53252,4251,163.373603,-20.140259,5.23,,翼宿增五
53253,4257,163.374546,-58.852926,3.78,,
53259,4252,163.387537,-15.446189,6.34,,
53260,,163.388985,-56.420467,6.45,,
53261,4246,163.39281,54.585065,5.12,,天璇增八
53272,4262,163.424748,-70.720332,5.99,,
53273,4253,163.431605,-2.129109,5.45,,
53295,4248,163.495153,43.1898,4.66,,天牢一
53316,4255,163.574028,-13.757975,5.65,,
53334,4266,163.623411,-61.826647,5.95,,
53345,,163.646606,29.629767,6.53,,
53394,4271,163.821281,-60.516466,5.93,,
53411,,163.862904,-43.020472,6.4,,
53417,4259,163.902765,24.749622,4.3,,少微二
53423,4265,163.927313,0.736901,5.91,,灵台增三
53449,4267,164.005983,6.185336,5.91,,灵台增一
53465,4264,164.060611,42.007531,6.03,,
53472,4269,164.069968,22.351734,6.17,,
53481,,164.111168,57.502762,6.8,,
53502,4273,164.179975,-37.138559,4.6,,
53530,4274,164.282319,-50.764934,5.9,,
53532,,164.282415,-0.312162,6.88,,
53546,4279,164.315473,-75.099733,6.16,,
53576,,164.406956,-45.875853,6.83,,
53675,,164.736609,-19.605252,6.84,,
53699,4282,164.807219,-33.737965,5.7,,
53700,4304,164.798941,-81.55573,6.7,,
53702,4312,164.809022,-84.593874,6.19,,
53706,4275,164.824295,51.882336,6.22,,
53721,4277,164.86391,40.430608,5.03,Chalawan,天牢三
53723,4284,164.878581,-16.353756,5.88,,
53726,4278,164.887146,36.092775,5.99,,
53737,4281,164.919712,11.706156,6.53,,
53740,4287,164.94049,-18.297959,4.08,Alkes,翼宿一
53761,4272,164.984654,77.770043,6.18,,
53762,4292,164.996852,-43.807047,5.81,,
53771,4296,165.033831,-51.81778,6.15,,
53773,4293,165.038803,-42.225831,4.37,,
53778,4289,165.048666,-14.083551,5.86,,
53781,4280,165.061357,45.526295,5.47,,
53791,4285,165.085208,42.910943,6.03,,
53807,4291,165.1403,3.61739,4.84,,灵台三
53811,,165.150122,-53.111732,6.44,,
53818,4298,165.169342,-31.838712,6.06,,
53824,4294,165.186349,6.101307,4.98,,灵台二
53838,4288,165.209408,39.211986,5.06,,天牢五
53860,4286,165.272847,63.420779,6.38,,
53906,,165.454926,29.871412,6.95,,
53907,4299,165.457043,-2.484816,4.73,,灵台增五
53909,,165.457112,-64.303902,6.94,,
53910,4295,165.461264,56.382641,2.34,Merak,北斗二
53940,,165.557857,-41.114351,6.48,,
53951,,165.573047,58.666257,6.63,,
53954,4300,165.582336,20.180094,4.42,,西上相增一
54006,,165.727573,-72.242235,6.78,,
54019,,165.770617,-25.574928,6.72,,
54029,4305,165.811462,-11.304153,5.51,,
54038,,165.8643,70.030531,6.44,,
54048,4308,165.902262,-13.434945,6.34,,
54049,4306,165.902085,-0.000836,5.95,,灵台增七
54061,4301,165.930116,61.750811,1.81,Dubhe,北斗一
54063,,165.935908,25.774723,6.97,,
54075,,165.975427,-19.649935,6.64,,
54082,,166.000726,-57.95533,6.16,,
54087,,166.011969,-54.19777,6.54,,
54110,,166.080148,-1.278307,6.89,,
54136,4309,166.129516,38.241372,6.01,,
54137,4311,166.128915,-47.678894,5.67,,
54141,,166.138928,12.666954,6.87,,
54173,4313,166.225631,-35.804651,5.43,,
54182,4310,166.252064,7.335704,4.62,,灵台一
54185,4316,166.266776,-49.39223,6.11,,
54204,4314,166.331581,-27.293656,4.92,,翼宿廿
54264,4318,166.523919,-51.213383,6.28,,
54301,4325,166.634609,-62.424049,4.62,,
54311,4320,166.661533,-28.727803,6.76,,
54319,,166.683622,17.7372,6.4,,
54327,4329,166.707432,-70.877911,5.58,,
54336,4319,166.723415,1.954978,5.52,,灵台增八
54360,4327,166.818833,-42.638419,5.15,,
54388,4322,166.915316,23.323826,6.48,,少微增七
54430,4331,167.065799,-29.972567,6.47,,
54432,,167.070621,-1.903174,6.66,,
54463,4337,167.147392,-58.975023,3.93,,
54487,4332,167.204615,24.658503,5.7,,少微增六
54493,,167.23766,-19.416517,6.92,,
54518,,167.319731,51.378957,6.82,,
54522,4333,167.329157,36.309234,5.71,,
54537,4336,167.409835,43.207695,5.89,,
54539,4335,167.415313,44.49831,3,,太尊
54540,4330,167.41433,67.210031,6.07,,
54561,4339,167.472605,-32.367717,5.79,,
54582,,167.554048,-7.390497,6.81,,
54682,4343,167.914573,-22.82648,4.46,,翼宿十六
54688,4341,167.931921,14.400069,6.3,,
54703,,167.990811,-26.806013,6.43,,
54718,,168.042024,-46.266725,6.27,,
54734,,168.09392,34.784265,6.93,,
54742,4347,168.126418,-18.500025,6.11,,
54746,4350,168.136772,-49.100782,5.37,,
54749,4348,168.145092,-21.74931,6.39,,
54751,4352,168.149968,-60.317612,4.59,,
54765,4344,168.185212,54.894275,6.63,,
54767,4355,168.187671,-64.169737,5.22,,
54811,4354,168.311147,-44.372204,5.77,,
54819,,168.331009,33.443331,6.62,,
54842,4351,168.416933,41.088939,6.33,,
54849,4356,168.439486,-0.069484,5.4,,明堂增五
54854,,168.461603,-52.856266,6.82,,
54863,4358,168.507939,8.060013,5.79,,
54872,4357,168.52806,20.522883,2.56,Zosma,太微右垣五
54879,4359,168.559629,15.429063,3.33,Chertan,太微右垣四
54910,,168.657383,-1.271007,6.63,,
54949,,168.785681,-39.477008,6.87,,
54951,4362,168.800803,23.095441,4.56,,虎贲
54960,,168.822933,-19.637489,6.89,,
54971,,168.842222,-66.511925,6.86,,
54999,,168.915687,-12.592649,6.51,,
55003,,168.927968,-57.355919,6.42,,
55016,4365,168.966285,13.307538,5.31,,西次相增三
55019,,168.973484,-47.920918,6.54,,
55029,,168.98459,12.61347,6.82,,
55044,4363,169.018495,52.773522,6.51,,
55048,,169.035024,78.308877,6.89,,
55063,,169.082207,-34.667885,6.8,,
55084,4368,169.16473,-3.651829,4.45,,明堂增六
55086,4367,169.17354,49.476179,5.88,,
55106,4369,169.242361,-7.13464,6.11,,
55130,4372,169.299448,-38.014309,6.24,,
55133,,169.309229,-41.934384,6.46,,
55137,4371,169.322848,2.009643,5.18,,明堂增四
55140,4379,169.329583,-67.82356,6.06,,
55148,,169.362368,60.271775,6.65,,
55149,,169.364458,-59.105349,6.7,,
55165,,169.413963,-33.549261,6.84,,
55168,4376,169.427842,-36.53404,6.67,,
55170,,169.434686,27.362154,6.96,,
55193,,169.505529,22.179882,6.84,,
55218,,169.620344,42.31615,6.94,,
55219,4377,169.619538,33.094483,3.49,Alula Borealis,三台五
55225,4385,169.64537,-79.668781,6.35,,
55228,,169.652036,-24.343233,6.69,,
55243,,169.701774,35.489366,6.67,,
55254,,169.749981,14.26771,6.6,,
55256,,169.764065,62.182841,6.93,,
55266,4380,169.782452,38.185122,4.76,,天牢增二
55282,4382,169.834375,-14.777222,3.56,,翼宿七
55288,,169.842913,-1.65586,6.61,,
55308,4387,169.901598,-75.142456,6.26,,
55374,,170.07697,-28.332193,6.68,,
55387,,170.124931,-45.728943,6.91,,
55389,,170.12948,-10.294486,6.54,,
55391,,170.13269,44.99812,6.73,,
55412,4383,170.224775,67.100414,6.2,,
55425,4390,170.251303,-54.491034,3.9,,
55434,4386,170.283555,6.02924,4.05,,太微右垣二
55485,4388,170.454679,57.074895,6.43,,
55488,,170.458586,9.168175,6.69,,
55497,4397,170.484746,-77.608421,6.43,,
55528,4393,170.595886,-44.646126,6.1,,
55531,,170.619451,-8.842611,6.91,,
55549,,170.673368,40.17549,6.58,,
55560,4392,170.706276,43.482613,4.99,,天牢六
55564,4391,170.713448,64.330738,6.02,,
55569,,170.72775,-50.786671,6.87,,
55581,4398,170.783512,-56.779318,5.82,,
55588,4396,170.802636,-36.164772,5,,
55595,4394,170.824547,0.131999,6.05,,
55597,4401,170.838823,-64.954669,5.09,,
55598,4395,170.839123,-18.780158,5.08,,翼宿四
55641,,170.971738,37.234776,6.93,,
55642,4399,170.98197,10.529012,4,,太微右垣三
55645,,170.985781,-57.880553,6.5,,
55650,4400,171.009591,1.40777,5.39,,明堂增三
55657,4406,171.045818,-72.256626,5.55,,
55666,,171.090105,-5.910578,6.94,,
55682,,171.143818,48.605737,6.78,,
55687,4402,171.152301,-10.859167,4.81,,翼宿十
55705,4405,171.219865,-17.68399,4.06,,翼宿二
55735,,171.296978,-73.632028,6.88,,
55765,4408,171.400619,16.456508,5.58,,西次相增二
55766,,171.408897,29.987409,6.88,,
55791,4410,171.458034,3.859888,6.35,,明堂增二
55795,,171.474836,-13.751323,6.52,,
55797,4407,171.487144,55.850771,5.73,,天理二
55802,,171.507867,-20.582461,6.72,,
55816,,171.575144,8.659453,6.73,,
55821,4412,171.606222,33.450718,6.33,,
55849,4417,171.696503,-53.159806,5.8,,
55863,,171.748467,-61.369311,6.72,,
55874,4416,171.789011,-12.356597,5.93,,翼宿九
55912,,171.906408,-25.860694,6.75,,
55936,,171.959821,45.18511,6.68,,
55941,4419,171.973563,-1.699926,6.23,,
55945,4418,171.98445,2.856199,4.95,,明堂一
55953,4420,171.994532,-35.32885,6.44,,
55958,,172.008479,11.973003,6.55,,
56000,4423,172.145861,-42.674161,5.14,,
56028,,172.246074,10.038191,6.97,,
56034,4422,172.266728,39.337057,5.3,,天牢二
56076,,172.406255,-28.030598,6.67,,
56078,4428,172.410545,-24.463887,5.77,,
56079,,172.41661,7.599211,6.73,,
56080,4426,172.424164,15.412964,5.74,,五帝座增二
56081,,172.425585,-38.456868,6.74,,
56127,4432,172.578854,-3.00361,4.77,,明堂三
56135,4430,172.603388,46.657709,6.3,,
56146,4433,172.620409,18.409967,5.54,,西上相增二
56148,4431,172.629288,43.173766,5.94,,天牢四
56165,,172.708751,41.28626,6.95,,
56178,,172.728067,28.451582,6.74,,
56194,4436,172.792489,48.789414,6.54,,
56211,4434,172.850177,69.330955,3.82,Giausar,紫微右垣三
56228,,172.897851,-44.738398,6.96,,
56242,4437,172.935103,14.363299,6.27,,五帝座增三
56243,4441,172.941906,-59.442057,5.07,,
56245,4440,172.947329,-20.776221,6.24,,
56253,4429,172.954583,81.127477,6.12,,
56260,,172.98566,-6.471075,6.74,,
56280,4443,173.068196,-29.2601,4.93,,青丘三
56287,4448,173.083318,-66.961795,5.89,,
56290,4439,173.086228,61.08191,5.46,,
56293,4445,173.096419,-26.746679,6.15,,
56318,4446,173.198025,-7.827521,5.94,,
56319,4447,173.199718,-40.43582,5.64,,
56326,,173.212696,-36.209394,6.68,,
56343,4450,173.248909,-31.857891,3.54,,青丘五
56364,4451,173.311897,-16.280663,6.05,,
56391,4453,173.404296,-40.586463,5.39,,
56410,4452,173.483513,36.815293,6.38,,
56418,,173.515697,-16.045967,6.99,,
56429,4454,173.541692,11.023719,6.54,,
56444,,173.588343,-5.527019,6.76,,
56445,4455,173.590296,3.05951,5.76,,明堂增一
56473,4456,173.676985,16.796912,5.95,,五帝座增一
56480,4460,173.689634,-54.263985,4.62,,
56497,4462,173.735192,-49.135288,5.5,,
56500,,173.74515,-4.361584,6.43,,
56508,4459,173.765244,20.441537,6.45,Formosa,
56510,4457,173.770572,54.785535,5.63,,
56561,4467,173.944878,-63.019888,3.11,,海山五
56573,4466,173.981925,-47.641966,5.26,,
56601,4465,174.074953,27.781479,5.8,,
56606,4472,174.093012,-61.052425,5.84,,
56618,,174.141683,6.105751,6.83,,
56620,4469,174.145823,-33.570274,5.71,,
56632,4470,174.169469,-37.23717,6.3,,
56633,4468,174.170083,-9.802229,4.7,,翼宿十三
56647,4471,174.237224,-0.823471,4.3,,明堂二
56654,,174.249122,-22.947767,6.51,,
56673,,174.31043,-69.674213,6.62,,
56675,4479,174.311782,-75.89655,5.64,,
56698,,174.385876,-39.358914,6.85,,
56716,,174.426379,77.59571,6.49,,
56721,,174.443824,-31.219046,6.92,,
56731,4474,174.470379,50.61804,6.14,,
56756,4478,174.54058,8.88383,6.18,,
56770,4477,174.584416,43.625204,5.56,,天牢增一
56775,4484,174.60003,-2.435805,6.22,,
56779,4483,174.615016,8.134339,5.24,,内屏增一
56789,4480,174.639304,46.834033,6.09,,太阳守增一
56802,4488,174.667389,-13.201137,5.48,,翼宿八
56809,4486,174.681706,45.108509,6.29,,
56816,4481,174.704928,64.346973,6.49,,
56830,4489,174.752056,-24.722628,6.4,,
56841,,174.794212,-57.739523,6.97,,
56899,4491,174.959612,-16.620285,6.17,,
56901,4490,174.962768,-14.468576,6.21,,
56904,,174.97304,-50.485914,6.67,,
56920,,175.038296,23.708183,6.88,,
56922,4494,175.05294,-34.74467,4.7,,青丘七
56941,,175.100341,0.952128,6.87,,
56944,4493,175.114179,57.970486,6.35,,
56970,4497,175.176894,-53.96876,5.95,,
56975,4495,175.195691,21.352435,5.26,,从官[太微垣]
56986,4499,175.223271,-62.090094,4.93,,
56992,,175.244937,-55.573831,6.96,,
56996,4507,175.252272,-83.099872,6.32,,
56997,4496,175.262463,34.199205,5.31,,下台增一
57001,4498,175.282762,-29.194831,6.44,,
57013,4502,175.331735,-43.095639,5.54,,
57027,,175.386335,-77.054793,6.93,,
57029,4501,175.390105,31.746255,5.73,,下台增二
57047,4503,175.433081,-32.499618,5.2,,青丘增一
57072,,175.491465,-24.385997,6.9,,
57079,4506,175.514647,-20.294512,6.21,,
57107,,175.606076,2.361902,6.94,,
57111,4504,175.617441,66.745162,5.32,,上辅增二
57137,4509,175.733281,-79.30646,6.38,,
57165,4508,175.863123,-37.190295,5.98,,
57179,,175.888682,-52.619603,6.85,,
57189,,175.902807,-68.478725,6.99,,
57191,,175.905033,41.722398,6.71,,
57192,,175.902766,-80.483514,6.61,,
57213,,175.979605,-9.132566,6.88,,
57214,4510,175.980029,-6.677429,6.05,,
57240,4512,176.054751,25.21839,6.02,,
57283,4514,176.190918,-18.350831,4.71,,翼宿三
57296,,176.218006,-73.150506,6.96,,
57322,4516,176.302427,-49.069773,6.26,,
57328,4515,176.321388,8.257974,4.84,,内屏一
57362,,176.395687,35.894509,6.91,,
57363,4520,176.400126,-66.728551,3.63,,海山六
57380,4517,176.464699,6.528226,4.04,,内屏二
57399,4518,176.51124,47.779588,3.69,Taiyangshou,太阳守
57439,4522,176.628132,-61.178503,4.11,,
57443,4523,176.616603,-40.497776,4.89,,
57451,,176.651423,-64.765992,6.89,,
57477,4521,176.73191,55.627987,5.27,,
57488,,176.753275,23.720543,6.94,,
57497,4524,176.779707,-35.907046,6.16,,
57498,,176.781989,61.401597,6.59,,
57507,4525,176.813899,-30.287965,6.48,,
57512,4526,176.829445,-57.69637,5.42,,
57565,4527,176.995405,20.218905,4.5,,太子
57581,4530,177.061057,-66.815014,4.75,,
57587,4529,177.097175,-10.313802,6.24,,翼宿十四
57611,,177.173372,-14.344941,6.85,,
57613,4532,177.187593,-26.749838,5.1,,
57629,4533,177.254023,-0.318648,6.15,,
57632,4534,177.261618,14.571333,2.14,Denebola,五帝座一
57636,,177.27909,5.182389,6.55,,
57646,4535,177.311875,16.242536,6.05,,五帝座二
57670,4536,177.422893,34.931807,5.73,,
57696,4538,177.485744,-70.225806,4.98,,
57732,4539,177.581667,-15.863563,6.13,,
57757,4540,177.67856,1.762985,3.59,Zavijava,太微右垣一
57779,4543,177.729691,12.279211,6.37,,五帝座五
57791,4544,177.759307,-5.333326,5.62,,
57803,4546,177.785562,-45.173526,4.47,,
57805,4545,177.789578,33.375146,6.25,,
57806,,177.795684,-7.991767,6.87,,
57809,,177.804454,-43.933119,6.62,,
57819,4547,177.839671,-12.187521,6.34,,
57841,4548,177.9233,-30.836682,5.85,,
57936,4552,178.226724,-33.908109,4.29,,青丘一
57939,4550,178.277213,37.681542,6.42,Groombridge 1830,
57960,,178.320229,-36.577599,6.62,,
57971,4553,178.361087,-35.066837,6.17,,
57994,,178.428406,73.755313,6.77,,
58001,4554,178.458855,53.694832,2.41,Phecda,北斗三
58002,4555,178.459224,0.552133,6.31,,
58057,4557,178.604884,-37.74857,6.46,,
58110,4559,178.762867,8.444042,5.58,,内屏增三
58112,4560,178.774054,46.476866,6.54,,
58135,,178.851714,25.522168,6.97,,
58148,,178.875961,-24.857348,6.8,,
58158,4565,178.917242,-28.477277,5.93,,青丘二
58159,4564,178.918964,15.64684,5.53,,五帝座四
58177,4568,178.978714,-39.689625,6.13,,
58181,4566,178.993495,56.59855,5.83,,天理三
58188,4567,179.003644,-17.150882,5.17,,翼宿六
58208,,179.070799,35.448234,6.62,,
58213,,179.084978,26.67973,6.79,,
58221,,179.111602,14.186127,6.74,,
58232,,179.157925,65.242793,6.51,,
58242,4570,179.181789,-47.072233,6.26,,
58259,4569,179.221404,61.548938,6.22,,天理四
58264,,179.234491,-13.755478,6.54,,
58275,,179.272563,-52.100369,6.52,,
58287,4572,179.309432,40.343349,6.6,,
58301,,179.333297,-49.360169,6.68,,
58327,,179.426092,17.467855,6.8,,
58331,,179.438044,-8.548576,6.58,,
58334,,179.442416,-60.45132,6.83,,
58358,,179.499912,67.811928,6.96,,
58368,,179.527493,-4.370052,6.93,,
58379,4576,179.563187,-56.3173,5.44,,
58380,,179.563788,-47.97765,6.76,,
58388,4577,179.584006,-40.947128,6.77,,
58406,,179.631434,47.765418,6.93,,
58427,4578,179.698493,-64.339569,5.59,,
58436,4579,179.72636,-25.909001,6.42,,
58445,4580,179.763489,0.530869,6.18,,
58452,,179.794225,-45.832273,6.36,,
58453,4582,179.795099,-51.696793,6.04,,
58460,4581,179.823076,33.166958,5.95,,
58463,,179.842788,-30.06082,6.83,,
58466,,179.849604,1.826454,6.82,,
58469,,179.856667,-62.830944,6.34,,
58484,4583,179.90527,-78.221895,4.88,,小斗二
58510,4585,179.987014,3.655143,5.36,,内屏增六
58519,,180.018938,19.419196,6.94,,幸臣
58574,4588,180.175869,-21.837554,6.28,,
58576,4587,180.186141,-10.449102,5.54,,
58587,4590,180.213052,-19.658939,5.28,,轸宿增三
58590,4589,180.218284,6.614133,4.65,,内屏三
58591,,180.2195,70.237936,6.75,,
58603,4591,180.257121,-1.768638,6.32,,
58616,,180.307145,12.377807,6.93,,
58642,4592,180.370939,-57.503882,6.16,,
58654,4593,180.413819,36.041583,5.59,,
58661,,180.4342,22.094228,6.57,,
58669,,180.440621,-34.650246,6.91,,
58684,4594,180.52526,43.045956,5.22,,常陈七
58697,4595,180.586145,-85.631762,6.05,,
58706,4596,180.617372,-71.488913,6.41,,
58741,4598,180.71503,-7.683519,6.24,,
58798,,180.89797,69.019943,7,,
58799,,180.898393,-39.009358,6.51,,
58803,4600,180.917682,-42.434763,5.15,,
58809,,180.934225,5.557219,6.39,,
58810,4601,180.935113,-74.214124,6.44,,
58820,,180.967283,-53.498222,6.99,,
58858,4602,181.069394,21.459124,5.89,,郎位十五
58874,4606,181.118872,85.586908,6.27,,
58884,4604,181.161342,-68.328953,5.34,,
58901,,181.188075,-59.253387,6.3,,
58905,4605,181.191504,-76.51876,5.04,,
58921,4607,181.238072,-60.96829,5.95,,
58948,4608,181.300828,8.733353,4.12,,内屏四
58981,,181.395822,-5.84585,6.62,,
58989,4610,181.414728,62.93266,6.14,,
59008,4612,181.485831,-35.693909,6.23,,
59010,4613,181.499054,-3.131717,6.37,,
59021,,181.521061,-32.962472,6.49,,
59050,4615,181.595073,-65.709528,5.95,,
59068,,181.696487,-12.240857,6.77,,
59072,4616,181.720926,-64.613972,4.14,,
59135,,181.896257,-31.411258,6.72,,
59151,4617,181.955475,-75.366896,5.17,,
59164,,182.002412,0.621146,6.98,,
59184,4620,182.06111,-48.692531,5.34,,
59196,4621,182.0891,-50.722467,2.58,,马尾三
59199,4623,182.104113,-24.729127,4.02,Alchiba,右辖
59229,4624,182.223751,-44.326258,5.75,,
59232,4625,182.227357,-41.231656,5.51,,
59285,4626,182.4224,1.896736,5.95,,谒者增一
59307,4628,182.510277,-34.704755,6.16,,
59309,4629,182.513214,5.807125,5.72,,内屏增五
59313,,182.523541,-17.537667,6.63,,
59316,4630,182.530672,-22.6197,3.02,,轸宿二
59346,,182.613194,-7.773832,6.55,,
59352,4632,182.631636,16.809256,6.4,,五诸侯增七[太微垣]
59353,4631,182.64128,-37.870561,6.07,,
59360,,182.674734,-56.442368,6.97,,
59364,4633,182.691987,27.281444,6.01,,
59366,,182.696741,39.891436,6.85,,
59384,4639,182.748801,81.709819,6,,
59423,,182.84191,-2.699565,6.74,,
59449,4638,182.912521,-52.368577,3.97,,马尾二
59451,,182.91763,4.055964,6.93,,
59459,,182.942177,23.322362,6.73,,
59468,4640,182.962968,25.870083,5.66,,郎位增三
59489,4642,183.004728,28.535917,6.47,,
59501,4643,183.03862,20.541954,5.6,,郎位十四
59504,4646,183.050067,77.616371,5.14,,大理一
59517,4644,183.091513,-62.950773,5.91,,
59528,,183.10464,-60.067791,6.82,,
59551,4645,183.195769,-70.151787,6.05,,
59607,4648,183.354079,-38.929261,5.77,,
59608,4650,183.357466,10.26229,5.85,,内屏增四
59622,4651,183.403447,-33.793017,6.34,,
59646,,183.481803,2.260097,6.91,,
59654,4652,183.510913,-45.723892,5.31,,
59658,,183.522921,66.10934,6.74,,
59676,,183.563847,-5.71587,6.56,,
59742,,183.776458,-29.237424,6.5,,
59746,4659,183.784927,70.199831,5.72,,
59747,4656,183.78587,-58.748998,2.79,Imai,十字架四
59750,4657,183.794202,-10.318869,6.11,,
59753,,183.80651,16.907517,6.82,,
59767,4686,183.836126,87.699991,6.27,,
59774,4660,183.857723,57.032667,3.32,Megrez,北斗四
59785,4658,183.873979,-41.914433,6.24,,
59791,,183.902078,-20.529295,6.85,,
59796,4665,183.922678,72.551034,6.29,,
59801,4661,183.944603,-23.354157,6.53,,
59803,4662,183.950477,-17.541787,2.58,Gienah,轸宿一
59811,,183.981322,-54.05687,6.61,,
59819,4663,184.000242,14.898876,5.09,,五诸侯五[太微垣]
59831,4666,184.031606,40.659976,5.69,,常陈六
59847,4667,184.085387,23.945371,4.93,,郎位十
59851,4664,184.098528,-72.614603,6.21,,
59856,4668,184.125152,33.060814,4.99,,
59920,4672,184.373744,53.191041,5.8,,
59923,4673,184.377159,28.937415,5.71,,
59926,,184.380233,-48.925837,6.81,,
59929,4671,184.38888,-67.960901,4.06,,
59950,4675,184.446608,-36.094029,6.15,,
59984,4678,184.539786,-3.948638,6.57,,
60000,4674,184.585453,-79.312163,4.24,,小斗一
60009,4679,184.60888,-64.003135,4.06,,
60018,4680,184.632321,30.248292,6.23,,
60041,,184.69479,-88.414948,6.63,,
60044,4687,184.707358,75.16059,5.47,,大理增一
60059,4682,184.748202,-55.143071,5.01,,
60087,4685,184.829878,23.034615,6.26,,
60088,,184.834153,-8.914812,6.84,,轸宿增二
60122,4690,184.952821,48.984191,5.28,,相增二
60129,4689,184.976112,-0.666951,3.89,Zaniah,太微左垣一
60132,,184.979923,-26.73704,6.6,,
60150,,185.019853,13.854982,6.94,,
60161,,185.055752,37.902079,6.73,,
60172,4695,185.085545,3.312173,4.97,,谒者
60189,4696,185.139422,-22.216078,5.2,,长沙
60197,4698,185.172466,27.053777,6.32,,
60202,4697,185.178545,17.793433,4.72,,五诸侯增六[太微垣]
60210,,185.202642,15.541037,6.47,,
60212,4701,185.212587,57.863669,5.54,,天权增二
60221,4699,185.232107,-13.565658,5.14,,
60235,,185.277364,-42.562023,6.83,,
60260,4700,185.337825,-60.400558,3.59,Ginan,
60305,,185.483827,47.182052,6.33,,
60308,4702,185.489155,-56.37439,5.91,,
60316,,185.518839,61.591361,6.74,,
60338,,185.57736,-15.555546,6.54,,
60351,4707,185.626223,25.846103,4.78,,郎位七
60353,4708,185.632425,5.305105,6.46,,谒者增二
60370,,185.688132,-39.178624,6.7,,
60374,,185.694388,-52.293144,6.52,,
60379,4706,185.705508,-57.676214,5.38,,
60407,,185.789588,-7.299104,6.96,,
60418,,185.814217,-4.974685,6.47,,
60425,4711,185.839789,-24.840794,5.66,,轸宿增五
60449,4712,185.897259,-35.412724,5.32,,
60467,4715,185.945193,42.542834,6.03,,常陈增一
60468,,185.949359,-30.335493,6.39,,
60485,4716,186.006364,51.562327,4.76,,相
60517,,186.088804,-47.372952,6.61,,库楼九
60526,,186.116508,-77.214688,6.98,,
60584,4726,186.263207,56.777747,5.82,,
60589,4727,186.276279,63.802798,6.31,,
60591,4721,186.284325,-42.514454,6.1,,
60595,4722,186.298642,-11.610794,5.95,,
60598,,186.30707,-25.986117,6.85,,
60601,4720,186.322069,-65.770487,6.29,,
60603,4723,186.326727,-27.74901,6.09,,
60646,4728,186.461596,39.018398,5.01,,常陈五
60672,,186.513656,15.864004,6.74,,
60710,4732,186.632009,-51.450698,4.82,,马尾一
60718,4730,186.649071,-63.099186,0.77,Acrux,十字架二
60729,4734,186.694355,-48.913696,6.25,,
60735,4735,186.715338,-32.830312,5.56,,
60742,4737,186.733861,28.267906,4.35,,郎位一
60746,4738,186.746989,26.82564,4.98,,郎位四
60791,,186.887978,41.354989,6.51,,
60795,4745,186.896024,55.712651,5.68,,天权增三
60804,4741,186.925489,8.610272,6.36,,
60813,4746,186.96423,-4.615263,6.23,,
60816,,186.979762,-8.678227,6.75,,
60821,,187.007424,-14.451145,6.81,,
60823,4743,187.009596,-50.230714,3.91,,库楼十
60850,,187.076436,4.396446,6.72,,
60851,4744,187.079728,-64.341065,6.05,,
60855,4748,187.093361,-39.041262,5.45,,
60861,4747,187.106749,-61.794873,6.21,,
60912,,187.251262,-83.802624,6.61,,
60924,,187.290248,-2.429595,6.86,,
60941,4753,187.362553,24.108937,5.47,,郎位九
60957,4756,187.430336,20.895909,5.68,,郎位十三
60965,4757,187.464664,-16.516323,2.94,Algorab,轸宿三
60978,4760,187.488037,58.406307,5.37,,天权增一
60979,4755,187.491234,-41.736004,6,,
61053,4767,187.709103,53.077772,6.2,,
61058,,187.722217,71.299839,6.95,,
61068,,187.741942,65.897836,6.93,,
61078,,187.768416,39.582012,6.79,,
61084,4763,187.79183,-57.114899,1.59,Gacrux,十字架一
61103,4770,187.839095,7.604377,6.05,,
61133,,187.911126,-30.981916,6.73,,
61134,4772,187.91114,-5.052395,6.19,,
61136,4768,187.917874,-59.423944,5.49,,
61172,4774,188.018101,-32.533837,6.46,,
61174,4775,188.014795,-16.196381,4.3,,左辖
61199,4773,188.115677,-72.13302,3.84,,
61212,4776,188.149022,-13.859449,5.74,,
61246,4777,188.261665,10.295698,6.29,,九卿增八
61281,4787,188.369528,69.788312,3.85,,紫微右垣二
61283,,188.373612,38.068958,6.53,,
61309,4783,188.412326,33.247384,5.42,,
61317,4785,188.429606,41.35935,4.24,Chara,常陈四
61318,4781,188.44425,-9.452077,5.48,,轸宿增一
61359,4786,188.596823,-23.397117,2.65,Kraz,轸宿四
61379,4788,188.675957,-44.674334,5.76,,
61394,4789,188.712444,22.629441,4.8,,郎位十一
61418,4792,188.782303,18.377206,5.03,,
61468,4794,188.93881,-41.021939,5.12,,
61486,,188.969683,-12.068988,6.61,,
61496,4797,188.9952,-20.527799,6.2,,
61513,,189.051098,-52.417785,6.56,,
61557,,189.193699,-50.335455,6.4,,
61558,4799,189.197128,-5.832023,5.88,,进贤增九
61571,4801,189.242808,17.089424,5.7,,五诸侯增四[太微垣]
61578,,189.279445,-2.323034,6.95,,
61579,,189.281385,8.796891,6.61,,九卿三
61585,4798,189.295196,-69.135646,2.69,,蜜蜂三
61597,,189.325112,79.215578,6.99,,
61621,4803,189.426732,-27.139489,5.41,,
61628,,189.465773,4.288412,6.99,,
61631,,189.485075,54.853126,6.89,,
61637,4805,189.518215,3.282372,6.33,,
61639,,189.529799,-55.931299,6.95,,
61658,4807,189.592855,1.85455,5.68,,
61685,,189.680241,-4.373559,6.67,,
61688,4809,189.685049,-18.249929,6,,
61703,4806,189.718094,-67.193051,6.22,,
61720,4810,189.764129,-30.422486,5.86,,
61724,4815,189.779921,21.062504,5.49,,郎位十二
61738,4804,189.810042,-75.370659,6.46,,
61740,4813,189.811025,-7.995722,4.66,,进贤增八
61748,4816,189.82041,35.951944,6.39,,
61789,4817,189.968516,-39.987462,4.63,,
61853,,190.150021,-14.099824,6.84,,
61902,,190.282199,30.437208,6.94,,
61905,,190.289494,-44.101193,6.72,,
61910,4821,190.315694,-13.013851,5.17,,
61916,4818,190.345119,-46.145199,5.84,,
61927,,190.36938,49.290764,6.89,,
61932,4819,190.377508,-48.959896,2.2,,库楼七
61941,4825,190.411235,-1.448987,2.74,Porrima,太微左垣二
61951,4827,190.454579,-19.758983,6.02,,
61960,4828,190.4716,10.235054,4.88,,九卿一
61968,4829,190.487528,6.806546,5.57,,三公二[太微垣]
61982,,190.526761,-54.760775,6.58,,
61995,,190.572195,33.6879,6.64,,
62073,,190.82718,26.126568,6.68,,
62109,,190.949003,-12.014357,6.61,,
62128,4838,190.99452,-36.349201,6.38,,
62131,4839,191.001992,-28.324209,5.46,,
62141,,191.046115,-2.842617,6.76,,
62170,4852,191.109622,80.620753,6.33,,
62177,,191.140453,43.12659,6.96,,
62207,4845,191.244545,39.279807,5.95,,常陈二
62223,4846,191.28259,45.44034,5.42,La Superba,
62267,4847,191.403703,7.673355,5.22,,九卿二
62268,4842,191.410027,-60.981732,4.69,,
62285,,191.469067,-21.768329,6.91,,
62322,4844,191.569335,-68.108188,3.04,,蜜蜂一
62325,4849,191.59574,9.536776,5.65,,九卿增六
62327,4848,191.594265,-56.488909,4.62,,
62356,4851,191.661583,16.577803,5.12,,五诸侯三[太微垣]
62376,4854,191.759801,5.950019,6.31,,
62388,,191.794143,15.59158,6.66,,
62394,4855,191.807134,11.957971,6.11,,九卿增四
62402,4859,191.829237,62.781193,5.88,,
62421,4856,191.889302,-6.302021,6.27,,
62423,4863,191.893127,66.790275,5.43,Tianyi,内厨一
62434,4853,191.929654,-59.688846,1.25,Mimosa,十字架三
62437,,191.950186,50.156914,6.82,,
62443,4858,191.964161,3.572702,6.42,,三公三[太微垣]
62448,4857,191.973231,-24.851425,6.43,,
62459,,192.001904,18.836695,6.91,,
62476,,192.055412,52.453097,6.88,,
62478,4861,192.059414,13.552801,6.47,,九卿增三
62483,,192.068389,-44.718809,6.88,,
62500,4860,192.108305,-27.597789,5.65,,
62512,4867,192.165829,60.319627,5.83,,
62516,4866,192.17356,48.466906,6.25,,相增三
62523,4864,192.193682,24.839549,6.29,,
62541,4865,192.226085,14.122454,5.71,,九卿增一
62572,4893,192.305342,83.413016,5.38,,北极五
62610,,192.440293,-15.883274,6.63,,
62614,,192.452861,26.431222,6.87,,
62618,,192.464772,-50.323936,6.93,,
62636,,192.519906,-7.632134,6.99,,
62641,4875,192.544044,37.517078,5.87,,
62651,,192.558141,-62.641168,6.61,,
62653,4873,192.572799,22.862984,6.43,,
62683,4874,192.671304,-33.999394,4.9,,
62703,4872,192.740862,-52.787503,5.7,,
62763,4883,192.924608,27.540656,4.93,,郎将
62773,,192.960617,-31.201974,6.97,,
62785,,192.986503,-35.082409,6.98,,
62788,4881,192.990451,-26.738072,6.14,,
62825,4886,193.114282,16.122414,6.29,,
62861,4885,193.266281,-54.952444,5.91,,
62867,4888,193.278002,-48.943476,4.33,,
62886,4894,193.323641,21.244738,4.89,,五诸侯增二[太微垣]
62896,4889,193.359746,-40.179011,4.25,,
62904,,193.382763,19.479932,6.42,,
62915,4896,193.408868,-4.225062,6.45,,
62933,4900,193.457554,12.418191,6.25,,东次将增一
62956,4905,193.508562,55.959764,1.76,Alioth,北斗五
62972,4904,193.553832,33.534678,6.25,,
62981,,193.574623,-70.036773,6.88,,
62983,4901,193.576836,-11.648503,6,,
62985,4902,193.588065,-9.539121,4.77,,进贤增五
62986,4895,193.591535,-58.430629,6.74,,
62996,,193.625727,-20.098045,6.73,,
63003,4898,193.648075,-57.17801,4.03,,
63024,4909,193.735338,47.196679,5.75,,
63031,4870,193.743111,-85.123425,5.45,,
63033,4903,193.74169,-44.153444,5.89,,
63046,,193.779174,-13.452779,6.97,,
63066,4906,193.830633,-42.915813,5.46,,
63076,4916,193.868882,65.43828,5.23,Taiyi,内厨二
63083,,193.885329,-30.070181,6.9,,
63090,4910,193.897842,3.397133,3.39,Minelauva,太微左垣三
63104,,193.936583,32.000471,6.85,,
63109,4911,193.971717,-15.327032,6.18,,
63117,4908,193.988,-56.835811,5.34,,
63125,4915,194.005048,38.318731,2.89,Cor Caroli,常陈一
63143,4917,194.072339,54.099507,5.84,,
63155,,194.110821,-0.955152,6.62,,
63159,4912,194.125629,-26.460426,6.73,,
63179,,194.161788,43.552025,6.97,,
63182,,194.164342,-47.686298,6.75,,
63210,4913,194.267833,-51.198845,5.17,,
63221,,194.305905,8.293853,6.81,,
63235,,194.358429,1.427891,6.91,,
63242,,194.382129,-65.64626,6.86,,
63243,4918,194.387635,-22.753583,6.31,,
63286,,194.540002,-23.055215,6.95,,
63320,,194.640133,28.319639,6.94,,
63331,,194.670336,-36.275237,6.95,,
63340,4927,194.697561,75.472593,6,,
63355,4920,194.730756,17.409669,4.76,,五诸侯二[太微垣]
63356,,194.736056,39.844329,6.86,,
63359,,194.740687,-21.546926,6.62,,
63414,4921,194.914351,-3.811884,5.79,,进贤
63420,,194.941563,9.526008,6.74,,
63432,4928,194.977217,66.597179,5.37,,内厨增一
63462,4924,195.068468,30.784981,4.88,,周鼎二
63490,4922,195.135499,-33.505725,6.01,,
63583,,195.441355,-39.615978,6.65,,
63584,4934,195.443063,63.610385,6.01,,
63608,4932,195.54236,10.959278,2.85,Vindemiatrix,太微左垣四
63613,4923,195.573082,-71.549005,3.61,,
63623,,195.594051,-28.286253,6.68,,
63647,4936,195.668049,59.716241,6.5,,
63692,,195.793001,23.826584,6.98,,
63738,4935,195.943115,-20.583465,5.58,,
63748,,195.972416,43.007567,6.8,,
63822,4950,196.206855,73.025036,6.43,,
63839,,196.257945,-64.441701,6.64,,
63849,,196.277316,-47.117128,6.44,,
63883,4939,196.377706,-52.115604,6.43,,
63901,4943,196.434861,35.799023,5.2,,
63916,4945,196.467646,45.268708,5.64,,
63933,4948,196.542231,29.029168,6.51,,
63943,,196.564867,-55.611677,6.95,,
63945,4940,196.56932,-48.463382,4.71,,库楼六
63948,4946,196.588021,21.153099,6,,五诸侯一[太微垣]
63950,4949,196.594387,22.615914,5.53,,五诸侯增一[太微垣]
63952,4953,196.595575,62.041593,6.15,,
63972,4941,196.646556,-41.588537,5.59,,
63981,,196.657525,-31.6121,6.75,,
64003,4947,196.726332,-35.862584,5.63,,
64004,4942,196.727398,-49.906324,4.27,,
64030,,196.831422,0.584338,7,,
64033,4944,196.851079,-59.860563,5.98,,
64053,4951,196.909122,-53.459894,5.7,,
64078,4955,196.974323,-10.740468,5.15,,角宿增十五
64122,4957,197.135037,-8.984795,5.57,,
64150,,197.213134,5.202961,6.78,,
64166,4958,197.263486,-23.118324,4.94,,平增一
64179,4960,197.301967,10.022469,5.79,,
64218,,197.426399,-16.515206,6.75,,
64238,4963,197.487243,-5.539219,4.38,,平道一
64241,4968,197.494005,17.530259,4.32,Diadem,太微左垣五
64246,4971,197.512815,38.499266,5.91,,常陈增六
64302,,197.691138,34.300462,6.89,,
64346,,197.839639,-13.962588,6.92,,
64348,4973,197.845732,-43.368679,5.24,,
64362,,197.87655,-35.129903,6.63,,
64365,,197.884582,21.918516,6.82,,
64370,,197.900141,-56.908965,6.79,,
64375,4978,197.912804,-26.551712,6.49,,
64390,4966,197.964987,-69.942011,5.92,,
64394,4983,197.962515,27.883822,4.23,,周鼎一
64398,,197.98138,-61.117345,6.74,,
64405,,198.008714,32.085241,6.71,,
64407,4981,198.015408,-16.200437,5.04,,天门一
64408,4979,198.010176,-37.80272,4.85,,
64417,4984,198.034887,24.25776,6.31,,
64437,5009,198.10573,80.471383,6.25,,
64470,,198.20627,42.626808,6.79,,
64496,4992,198.300226,18.726693,6.1,,
64515,4985,198.346959,-50.699941,5.9,,
64520,4990,198.361671,-18.826474,6.26,,天门增三
64522,,198.364212,67.288025,6.52,,
64530,,198.399797,36.887584,6.5,,
64532,,198.405507,56.708158,6.82,,
64556,,198.489518,1.45616,6.55,,
64564,,198.507892,-62.653913,6.82,,
64583,4989,198.559992,-59.104222,4.9,,
64587,4976,198.571945,-78.447475,5.84,,
64603,,198.614183,-24.284207,6.66,,
64607,4998,198.630794,11.331319,5.64,,
64623,4996,198.67922,-48.957594,5.84,,
64625,,198.687826,-10.37066,6.95,,角宿增十二
64648,,198.785402,35.445851,6.8,,
64651,4999,198.789063,-36.371546,6.17,,
64661,4993,198.81163,-67.894655,4.79,,
64711,,198.945379,7.953038,6.75,,
64725,5001,198.996947,-19.94384,5.21,,天门增一
64774,5018,199.119057,68.408101,6.2,,
64779,5010,199.133673,19.785479,6.43,,
64792,5011,199.191648,9.425375,5.19,,东次将增三
64797,,199.216933,17.015516,6.49,,
64803,5006,199.22166,-31.506512,5.1,,
64820,5002,199.303977,-66.783479,4.86,,
64822,5008,199.307966,-43.979578,5.82,,
64823,5013,199.315165,13.676025,5.33,,
64828,,199.341147,-11.483475,6.61,,
64838,5014,199.37396,-0.676126,6.36,,
64843,,199.382087,-15.548454,6.68,,
64844,5017,199.384533,40.572724,4.72,,常陈增三
64852,5015,199.40113,5.469933,4.78,,天田增一[角宿]
64906,5023,199.560137,49.682188,5.14,,三公三[紫微垣]
64920,,199.597006,-28.333066,6.8,,
64924,5019,199.59411,-18.317992,4.74,,天门增四
64925,,199.603454,-45.764771,6.87,,
64927,5022,199.615762,34.098333,5.81,,
64951,,199.700484,-79.97616,6.34,,
64954,5021,199.712682,3.687541,6.62,,
64962,5020,199.730878,-23.171775,2.99,,平一
64994,5012,199.828973,-72.035929,6.04,,
65046,,199.990111,-41.190583,6.73,,
65109,5028,200.146522,-36.712858,2.75,,柱十一[角宿]
65112,5026,200.157273,-52.747929,5.47,,
65129,5027,200.201369,-55.800661,6,,
65144,5029,200.239727,-46.879874,5.76,,
65151,,200.269684,-24.470169,6.89,,
65183,5033,200.373517,-19.489311,6.21,,
65198,5037,200.423118,2.086908,5.69,,
65230,5045,200.51579,43.903496,6.34,,
65235,,200.526704,-14.420158,6.84,,
65239,,200.534422,-12.579573,6.88,,
65241,5040,200.539927,5.154537,5.89,,天田增二[角宿]
65245,,200.562973,30.291722,6.8,,
65265,,200.628488,-6.203067,6.63,,
65271,5035,200.657598,-60.988487,4.52,,
65288,5038,200.71896,-47.943225,6.18,,
65301,5044,200.754313,-17.735457,5.36,,天门增五
65309,,200.772741,47.002097,6.64,,
65311,5043,200.785828,-33.189856,6.17,,
65376,5052,200.974819,37.033849,6.1,,
65378,5054,200.982783,54.925222,2.23,Mizar,北斗六
65381,,200.987592,-20.924713,6.44,,
65387,5041,201.002441,-64.535801,4.52,,
65417,5053,201.127132,12.432061,6.44,,
65420,5050,201.139468,-5.164242,5.76,,角宿增十六
65466,5057,201.277752,23.854367,5.75,,
65468,5042,201.277001,-74.88866,5.04,,
65474,5056,201.297969,-11.161525,0.98,Spica,角宿一
65503,,201.3803,-68.528067,6.98,,
65509,,201.416459,15.564051,6.83,,
65522,5049,201.45852,-70.627243,5.65,,
65528,,201.491783,-35.07588,6.82,,
65530,5070,201.493832,63.262681,6.5,,
65536,5073,201.534089,72.39142,5.82,,
65545,5059,201.54682,-1.192438,5.97,,
65550,5067,201.569456,46.027928,5.88,,
65581,5064,201.679025,-12.7078,5.27,,角宿增九
65593,5060,201.733735,-41.497555,5.69,,
65595,5091,201.732123,78.644062,5.74,,
65603,5074,201.768173,64.735754,6.64,,
65606,5061,201.776465,-49.143744,6.31,,
65639,5068,201.862375,-15.973441,4.76,,天门二
65678,5076,201.997381,52.745446,6.34,,
65682,,202.007817,-26.402262,6.49,,
65709,,202.078154,31.149242,6.94,,
65721,5072,202.105994,13.775106,4.97,,东上将增一
65723,5077,202.10945,40.729279,6.49,,
65728,5085,202.111868,59.946009,5.4,,
65754,5083,202.191317,50.718092,6.42,,
65790,5081,202.303769,10.818083,5.65,,东上将增二
65798,,202.316788,-45.537797,6.61,,
65810,5071,202.355214,-51.165183,5.04,,
65822,,202.400457,-47.87591,6.94,,
65835,5080,202.427833,-23.281262,6.4,,
65839,,202.445769,1.094701,6.59,,
65855,5087,202.490069,6.013914,6.51,,
65862,5086,202.500356,7.178885,6.18,,
65891,,202.604994,-58.664413,6.75,,
65911,,202.662942,9.316697,6.88,,
65920,,202.714277,-3.049615,6.91,,
65936,5089,202.760941,-39.407377,3.9,,库楼五
65951,5096,202.814872,42.10633,6.07,,
65955,,202.843996,-42.464871,6.56,,
65970,,202.889171,-61.582365,6.66,,
66006,5095,202.990517,-6.256093,4.68,,角宿增三
66015,5094,203.011049,-18.728993,6.01,,天门增十一
66065,5097,203.148882,-28.692911,5.69,,
66089,,203.212116,34.907058,6.78,,
66091,5099,203.214657,-15.36301,5.52,,天门增六
66098,5100,203.241773,-10.165242,5.21,,角宿增八
66121,5082,203.296032,-77.570363,6.52,,
66128,,203.343884,33.657564,6.68,,
66152,5093,203.398935,-65.632866,6.36,,
66198,5109,203.530225,55.34839,5.6,,
66200,5105,203.533326,3.658813,4.92,,天田一[角宿]
66223,5108,203.591287,38.789413,6.37,,
66234,5112,203.612338,49.016149,4.68,,三公二[紫微垣]
66247,5106,203.668222,-13.21437,5.92,,
66249,5107,203.671515,-0.59551,3.38,Heze,角宿二
66251,5131,203.67743,76.546716,6.46,,
66254,5104,203.681172,-33.310932,6.46,,
66257,5110,203.699887,37.182351,4.91,,
66275,,203.756974,12.513979,6.56,,
66289,,203.796343,-62.630902,6.7,,
66290,,203.795851,22.500547,6.91,,
66292,,203.800414,-32.212576,6.77,,
66294,5116,203.80861,44.197136,6.83,,
66320,5111,203.880505,-5.395664,5.7,,角宿增四
66326,5114,203.889848,10.204625,6.48,,
66345,,203.966633,8.292833,6.93,,
66400,5120,204.201209,-26.4951,5.73,,
66405,5117,204.210649,-34.468061,6.48,,
66417,5123,204.246002,24.613283,5.72,,
66422,,204.262695,67.036053,6.7,,
66427,5118,204.274593,-44.143294,5.96,,
66435,5139,204.29507,71.242213,5.5,,
66454,5121,204.347539,-46.427982,5.91,,
66458,5127,204.364369,36.295048,4.82,,
66476,,204.433217,2.382228,6.66,,
66482,,204.445703,-3.236179,6.68,,
66515,,204.514456,-42.764982,6.97,,
66522,5129,204.533143,14.30183,6.49,,
66563,5128,204.674651,-29.561359,5.81,,
66594,5137,204.759195,18.265193,6.46,,
66607,5115,204.79952,-75.683837,6.32,,
66618,,204.838753,-67.672032,6.97,,
66634,5142,204.875431,52.921569,5.46,,开阳增二
66640,5138,204.893504,10.746183,5.57,,东上将增四
66656,5136,204.951888,-40.052059,5.61,,
66657,5132,204.97175,-53.466475,2.29,,南门一
66663,,204.993798,-16.446597,6.71,,
66666,5134,204.998211,-49.949836,5.74,,
66668,5125,205.001831,-70.787842,6.59,,
66679,,205.036063,-27.577865,6.8,,
66681,5130,205.043577,-64.576549,5.79,,
66690,5143,205.064368,31.012624,6.21,,
66700,5153,205.088506,57.207776,6.28,,
66704,5148,205.095554,50.519781,6.31,,
66725,5145,205.162313,28.065229,6.22,,
66727,5144,205.16831,19.955868,5.73,,右摄提增三
66738,5154,205.184265,54.681562,4.63,,辅增一
66753,5084,205.234057,-85.785994,5.56,,
66763,5149,205.25967,22.4956,5.63,,右摄提增二
66798,5162,205.375374,64.822334,5.85,,太乙
66800,5146,205.378488,-23.449807,6.6,,
66802,,205.402886,-45.494042,6.89,,
66803,5150,205.40264,-8.702727,5.03,,平道二
66821,5141,205.436067,-54.559582,4.99,,
66849,5140,205.50415,-58.787151,5.38,,
66860,5156,205.550732,8.387838,6.16,,
66874,,205.586399,-33.980311,6.66,,
66878,5203,205.597887,82.752134,5.92,,
66907,5161,205.681065,34.989092,5.98,,
66925,5151,205.733699,-56.768001,6,,
66936,5159,205.763588,3.537437,5.35,,天田增三[角宿]
66958,,205.857571,45.520322,6.69,,
66974,,205.896667,14.365568,6.92,,
66984,5157,205.916912,-42.067548,5.96,,
67004,5163,205.975638,-5.499024,6.51,,
67005,5169,205.978028,52.064377,6.02,,
67057,5165,206.124358,-16.179108,5.55,,天门增七
67069,,206.185844,-14.226287,6.9,,
67103,5177,206.306246,55.877057,6.47,,
67104,,206.305618,10.325019,6.42,,
67125,,206.362445,-48.791484,6.76,,
67143,5167,206.403208,-26.116075,5.81,,
67153,5168,206.41833,-33.044657,4.23,,柱九[角宿]
67172,5173,206.484542,-12.426476,5.5,,角宿增七
67194,5179,206.55548,41.088475,5.88,,
67234,5172,206.664176,-51.432943,4.64,,
67239,5182,206.680377,25.701857,5.97,,帝席增一
67246,5183,206.734718,6.349673,6.33,,
67250,5186,206.747968,38.542559,5.51,,
67261,5171,206.795192,-62.589736,6.4,,
67271,5178,206.805847,-9.709731,6.04,,
67275,5185,206.812377,17.457251,4.5,,右摄提二
67301,5191,206.883971,49.313167,1.85,Alkaid,北斗七
67304,5176,206.909174,-50.320722,5.46,,
67338,,207.021476,42.047106,6.59,,
67355,,207.074684,-6.837504,6.57,,角宿增六
67384,5195,207.161372,31.190448,5.61,,
67385,,207.162001,-2.840531,6.71,,
67457,5192,207.361005,-34.45116,4.19,,库楼四
67459,5200,207.36871,15.798166,4.05,,右摄提三
67464,5190,207.375936,-41.687841,3.41,,衡一
67480,5201,207.42861,21.264214,4.92,,右摄提增一
67481,,207.433801,8.408707,6.6,,
67483,5204,207.436561,36.632979,6.43,,
67485,5213,207.44044,61.488703,5.97,,
67494,5196,207.467174,-18.134408,4.96,,天门增九
67495,,207.468007,13.192074,6.65,,
67512,,207.503988,78.9957,6.59,,
67521,,207.525654,18.628786,6.84,,
67537,5198,207.580883,-39.900913,6.43,,
67545,5205,207.602889,5.497228,6,,
67548,5216,207.615334,58.539536,6.45,,
67555,5202,207.643898,-19.89784,6.54,,
67589,5227,207.743277,68.314931,6.39,,
67592,,207.754178,80.767889,6.67,,
67620,5209,207.830622,-24.391932,6.43,,
67648,5208,207.901191,-36.434005,6.34,,
67664,5194,207.947691,-69.401286,5.73,,
67665,5219,207.94765,34.444036,4.76,,
67669,5210,207.956393,-32.994281,4.32,,柱八[角宿]
67674,,207.965559,10.135784,6.57,,
67696,5212,208.003822,-31.619394,6.11,,
67714,5220,208.076864,12.165073,6.1,,
67735,,208.136068,16.728882,6.65,,
67778,,208.285075,40.337912,6.48,,
67782,5229,208.29196,28.648313,5.91,,
67786,5221,208.302151,-31.927682,4.75,,柱七[角宿]
67799,,208.333993,52.322992,6.76,,
67836,5217,208.429397,-53.373434,5.87,,
67848,5238,208.46225,53.728638,5.7,,辅增三
67851,5224,208.464613,-35.314807,6.17,,
67890,5228,208.568104,-28.570014,6.05,,
67896,,208.588855,-17.180168,6.59,,
67927,5235,208.670749,18.395429,2.68,Muphrid,右摄提一
67929,5232,208.675065,-1.503265,5.16,,天田增六[角宿]
67942,5218,208.704353,-67.65219,5.74,,
67953,5233,208.741386,-8.059083,6.19,,
67958,,208.757191,-19.217318,6.97,,
67973,5230,208.80029,-52.160959,5.66,,
68002,5231,208.884397,-47.288661,2.55,,库楼一
68009,5188,208.91072,-82.66634,5.95,,
68024,,208.949694,-9.559959,6.69,,
68030,5243,208.956387,14.056562,6.16,,
68043,,208.97685,-30.578248,6.96,,
68054,,209.018815,-55.953179,6.83,,
68064,,209.038964,25.918676,6.78,,
68065,5245,209.04268,32.032908,6.31,,
68092,5244,209.115981,1.050669,5.9,,天田增四[角宿]
68101,5236,209.136813,-54.70611,6,,
68103,5247,209.142619,27.491778,5.02,,帝席三
68108,,209.153629,15.891461,6.82,,
68114,,209.179775,-38.31924,6.97,,
68177,5246,209.365283,-23.022572,6.14,,
68191,5241,209.411428,-63.686904,4.71,,
68207,,209.453119,-49.019127,7,,
68245,5248,209.567566,-42.10088,3.83,,衡三
68267,,209.624407,-14.122076,6.84,,
68269,5250,209.62942,-24.972435,5.2,,平增二
68276,5255,209.66211,21.695951,5.76,,
68279,5254,209.665866,14.6489,6.01,,
68282,5249,209.669527,-44.803722,3.87,,柱二[角宿]
68290,,209.690291,46.596213,6.98,,
68304,,209.731081,53.106469,6.83,,
68309,,209.749755,-6.925698,6.95,,
68333,5251,209.823124,-50.369753,5.92,,
68380,5258,209.955138,-3.550148,6.36,,
68398,,210.019315,-8.161939,6.56,,
68413,5252,210.071593,-61.481251,6.49,,
68414,,210.078505,-46.127228,6.57,,
68418,,210.097766,39.029931,6.63,,
68431,5240,210.136261,-78.590042,6.09,,
68434,,210.15025,-26.26742,6.73,,
68455,5253,210.21668,-66.269063,5.96,,
68474,,210.285651,-37.470268,6.88,,
68475,,210.285187,-44.197956,6.7,,
68493,5259,210.329173,-40.221939,6.12,,
68498,5262,210.335334,8.894899,5.98,,
68501,,210.342902,31.563346,6.87,,
68516,,210.403076,17.66786,6.36,,
68520,5264,210.41175,1.544396,4.23,,天田二[角宿]
68536,,210.455586,40.419994,6.81,,
68567,5271,210.551045,45.752958,6.28,,
68581,5265,210.59469,-27.429799,5.47,,
68637,5280,210.748806,50.971765,6.16,,
68641,5268,210.757358,-31.683615,6.18,,
68643,,210.765704,-17.367072,6.32,,
68665,,210.841492,22.495638,6.88,,
68670,5266,210.859674,-56.21357,5.93,,
68682,5273,210.885355,10.784836,6.27,,
68687,5274,210.90295,7.546059,6.25,,
68702,5267,210.95542,-60.373196,0.61,Hadar,马腹一
68705,5272,210.971129,-22.421564,6.3,,
68707,5275,210.982249,4.900956,6.24,,
68739,5276,211.060563,-5.381497,6.39,,
68756,5291,211.096449,64.37596,3.67,Thuban,紫微右垣一
68763,5277,211.112186,-14.971845,6.35,,
68785,,211.191485,25.817041,6.95,,
68808,5284,211.308404,-16.335987,6.56,,
68815,5261,211.330383,-76.796953,5.69,,
68842,5278,211.443068,-54.669524,6.2,,
68862,5285,211.511329,-41.179771,4.36,,衡四
68872,5286,211.545384,-43.09192,6.18,,
68888,,211.574043,-8.89149,6.54,,亢宿增一
68895,5287,211.593209,-26.683261,3.25,,平二
68913,,211.623289,16.97031,6.54,,
68915,,211.624942,-34.898759,6.84,,
68933,5288,211.666497,-36.373264,2.06,Menkent,库楼三
68955,,211.732108,28.438054,6.89,,
68956,5305,211.733583,74.593862,6.43,,庶子增二
68958,,211.742531,-47.589302,6.99,,
69011,,211.919678,-48.704204,6.43,,
69012,,211.922656,-49.866928,6.45,,
69038,5299,211.98242,43.854261,5.13,,
69040,,211.984456,48.210672,6.8,,
69065,5289,212.059847,-63.207725,6.39,,
69068,5300,212.071513,49.458551,5.26,,天枪增一
69090,5279,212.107263,-74.849133,6.02,,
69092,,212.120609,-11.829534,6.84,,
69107,5302,212.190318,59.337514,6.47,,
69112,5321,212.2113,77.547728,4.8,,北极四
69122,5292,212.234222,-59.276821,6.34,,
69174,5296,212.395633,-51.504742,5.96,,
69191,5297,212.476858,-53.439523,4.74,,
69213,,212.553943,-30.621128,6.77,,
69226,5304,212.599555,25.091292,4.82,,帝席一
69241,5293,212.628638,-70.3055,6.07,,
69260,,212.68063,15.290738,6.95,,亢池二
69265,,212.698689,0.799367,6.85,,
69269,5301,212.710382,-16.302099,4.93,,
69271,,212.715928,-32.075699,6.64,,
69316,5310,212.812835,32.296136,6.14,,
69373,5334,213.016238,69.432233,5.18,,天床一
69389,5313,213.065565,2.409266,4.99,,
69398,5309,213.102503,-24.363386,6.35,,
69415,5312,213.191678,-27.261413,5.07,,折威一
69427,5315,213.223999,-10.272803,4.18,Kang,亢宿一
69429,,213.229422,-40.833531,6.75,,
69449,,213.29047,-13.860086,6.82,,
69483,5329,213.371503,51.789899,4.53,,
69491,5311,213.415736,-54.625698,6.09,,
69493,5317,213.421282,-0.846351,5.89,,
69500,,213.429191,-11.838501,6.98,,
69523,,213.477904,29.105396,6.82,,
69536,5323,213.519923,12.959095,5.53,,亢池三
69569,5335,213.597924,41.51808,6.23,,
69592,5333,213.670966,21.873346,6.38,,
69612,5330,213.711729,10.099561,5.29,,
69614,5331,213.720594,3.335719,6.41,,
69623,5324,213.75495,-29.281994,6.1,,
69626,,213.756357,23.685933,6.78,,
69658,5332,213.850054,-18.200764,5.53,,
69671,5325,213.912345,-45.001634,6.31,,
69673,5340,213.907905,19.169636,-0.05,Arcturus,大角
69699,,213.999485,56.688565,6.68,,
69701,5338,214.00346,-6.003229,4.07,Syrma,亢宿二
69722,5337,214.076597,-33.241301,6.57,,
69732,5351,214.094178,46.089321,4.18,Xuange,玄戈
69735,5347,214.09997,39.744755,6.38,,
69747,5342,214.125543,-3.196513,6.15,,
69753,,214.141539,32.208474,6.73,,
69763,5320,214.161196,-66.587924,5.72,,
69773,,214.202956,-8.884565,6.47,,
69828,,214.364722,-19.963946,6.95,,
69829,5352,214.368656,15.263429,5.84,,
69862,5363,214.454881,48.00176,6.32,,
69879,5361,214.499291,35.509597,4.8,,
69896,5303,214.557088,-81.008181,4.89,,异雀七
69929,5355,214.658953,-18.716194,5.86,,
69958,5372,214.732746,54.863699,6.47,,
69965,5356,214.751202,-25.813083,5.87,,
69974,5359,214.777348,-13.370907,4.52,Khambalia,亢宿四
69989,5365,214.818534,13.004093,5.41,,亢池四
69996,5354,214.850813,-46.058117,3.55,,柱三[角宿]
70012,5366,214.884568,-2.265977,5.14,,亢宿增十二
70022,5368,214.920385,0.384254,6.18,,
70027,5370,214.937543,16.307333,4.84,,亢池一
70029,5373,214.949127,38.793986,6.33,,
70035,5349,214.962405,-61.273538,5.22,,
70038,,214.971079,-6.746317,6.42,,
70041,,214.977977,67.782524,6.95,,
70042,,214.988865,-73.968442,6.58,,
70051,5374,215.036034,30.429087,6.45,,
70054,5362,215.040351,-43.058793,5.55,,
70069,5358,215.081318,-56.386545,4.3,,
70090,5367,215.138774,-37.885369,4.05,,柱六[角宿]
70145,,215.289052,19.18024,6.9,,
70236,,215.558052,29.369752,6.5,,
70243,5376,215.581957,-34.786795,5.57,,
70264,5371,215.653879,-58.459009,4.76,,
70269,,215.661201,-7.769032,6.82,,
70270,5375,215.661256,-48.319886,6.1,,
70282,,215.692921,-0.637217,6.74,,
70306,5381,215.772602,-27.754762,4.78,,折威增二
70310,5387,215.777315,25.338581,6.22,,
70319,5384,215.815113,1.238518,6.25,,
70325,5377,215.834265,-50.772297,6.03,,
70327,5385,215.844073,8.446556,4.86,,
70336,5383,215.856722,-11.714417,6.22,,
70356,,215.923863,40.844565,6.72,,
70363,5380,215.951799,-53.176294,5.99,,
70379,,215.990253,-16.101942,6.69,,
70385,,216.00823,27.413149,6.39,,
70386,,216.024444,11.24695,6.76,,
70400,5392,216.046765,5.820172,5.1,,
70405,,216.060685,-33.086912,6.8,,
70451,,216.169723,-44.311395,6.43,,
70469,5390,216.202234,-24.806426,5.34,,
70492,5379,216.276219,-68.195354,5.56,,
70497,5404,216.296709,51.848195,4.04,,天枪三
70508,,216.345641,-55.018355,6.84,,
70517,5402,216.371514,38.39293,6.28,,
70518,5397,216.374369,-19.97007,6.63,,
70528,5382,216.414926,-66.173024,6.36,,
70580,5398,216.555055,-42.318927,6.33,,
70602,5405,216.613535,19.22707,5.4,,大角增一
70626,5400,216.707641,-39.874136,6.36,,
70638,5339,216.724593,-83.667966,4.31,,异雀五
70692,5430,216.88166,75.696132,4.25,,北极三
70693,,216.881305,-35.447586,6.89,,
70714,,216.938255,-13.359491,6.65,,
70753,5407,217.043263,-29.49179,4.97,,
70755,5409,217.049669,-2.227976,4.81,Elgafar,亢宿三
70762,5416,217.06833,36.197052,6.22,,
70784,,217.132766,-10.004434,6.61,,
70791,5420,217.15454,49.844555,5.58,,天枪增二
70794,5410,217.173747,-6.900858,5.42,,亢宿增五
70800,,217.191874,25.853808,6.67,,
70802,,217.200494,-5.218492,6.6,,
70816,,217.235232,3.71972,6.84,,
70844,,217.312236,44.262194,6.52,,
70857,,217.339966,80.809006,6.88,,
70866,,217.379581,-26.013329,6.88,,
70873,5423,217.404744,41.794501,6.36,,
70874,5389,217.403419,-76.729266,6.06,,
70892,5422,217.456817,31.791232,6.06,,
70894,5418,217.460601,0.828975,5.96,,
70915,5412,217.53561,-45.321532,5.51,,
70945,,217.668512,-22.460935,6.92,,
70949,5424,217.689125,4.772205,6.01,,
70952,5436,217.68944,63.185848,6.1,,
70966,5417,217.735789,-40.845149,6.39,,
70987,5419,217.795212,-38.869527,5.99,,
71040,5437,217.927759,60.22576,6.26,,
71053,5429,217.956719,30.372205,3.57,,梗河三
71075,5435,218.018532,38.309223,3.04,Seginus,招摇
71094,5433,218.083774,26.677133,6,,
71111,5442,218.128962,55.397916,5.74,,
71115,5434,218.134713,22.260317,5.91,,
71116,5421,218.137787,-56.887761,6.71,,
71121,5425,218.154111,-50.457251,4.44,,车骑三
71154,5428,218.29051,-30.715323,6.07,,
71179,,218.364426,-33.316024,6.94,,
71182,5427,218.374835,-52.67963,5.86,,
71184,5426,218.383865,-54.998661,5.86,,
71192,,218.39896,65.395715,6.6,,
71196,5479,218.405995,79.660961,6.27,,
71209,,218.443014,-79.955294,6.66,,
71235,,218.520551,46.78654,6.51,,
71243,5445,218.549579,32.534513,6.32,,
71251,5451,218.568949,57.063772,6.46,,
71277,5448,218.660228,36.625766,6.02,,
71280,5452,218.66464,49.368676,5.74,,
71295,5438,218.711482,-20.439391,6.49,,
71348,,218.878316,-89.771697,6.82,,
71350,,218.872278,-73.694422,6.96,,
71352,5440,218.876458,-42.158031,2.33,,库楼二
71406,5454,219.028567,23.250533,6.39,,
71452,,219.181768,12.878061,6.98,,
71453,5449,219.183694,-40.211721,5.74,,
71466,,219.231792,42.830808,6.59,,
71469,5455,219.243376,-12.303017,6.2,,
71492,,219.299821,-62.010919,6.78,,
71500,5450,219.333835,-46.133509,5.39,,
71510,,219.368382,2.27677,6.45,,
71530,5443,219.436807,-67.933813,6.03,,
71536,5453,219.471504,-49.426015,4.05,,车骑二
71548,,219.502363,51.578399,6.95,,
71571,5462,219.558084,18.297968,5.9,,
71573,5467,219.563616,54.023217,5.83,,
71581,5456,219.581047,-38.794317,6.04,,
71618,5468,219.708662,44.404381,5.39,,玄戈增一
71632,,219.751597,-10.554693,6.73,,
71682,,219.920985,-26.72382,6.99,,
71683,5459,219.853845,-60.830894,-0.01,Rigil Kentaurus,南门二
71725,,220.07685,87.21472,6.91,,
71745,,220.134046,-14.046783,6.97,,
71762,5475,220.181598,16.418385,4.49,,左摄提二
71783,5466,220.255542,-36.134897,5.67,,
71795,5477,220.287644,13.728219,3.78,,左摄提三
71832,5480,220.411393,8.161785,4.86,,左摄提增三
71837,5481,220.430299,11.659945,5.55,,左摄提增二
71853,5474,220.463384,-30.933254,6.38,,
71855,,220.471581,-75.139601,6.73,,
71857,5483,220.475897,21.123192,6.4,,
71860,5469,220.482113,-47.388354,2.3,,骑官十
71865,5471,220.489722,-37.793694,4.01,,阳门一
71873,,220.509515,-12.234899,6.82,,
71876,5492,220.514542,61.261729,6.24,,
71890,,220.553652,-32.771142,6.63,,
71908,5463,220.623839,-64.976635,3.18,,南门增二
71934,,220.687333,-19.311581,6.87,,
71957,5487,220.765771,-5.66025,3.87,,亢宿增七
71997,,220.857773,-9.699941,6.52,,
72010,5485,220.913863,-35.174784,4.06,,阳门二
72012,5493,220.935036,40.459387,5.72,,
72047,,221.055685,-8.25145,6.64,,
72066,,221.118099,45.185881,6.73,,
72097,5486,221.2301,-58.477764,6.1,,
72105,5505,221.246384,27.074351,2.35,Izar,梗河一
72121,5488,221.295588,-55.601691,6.1,,
72122,5496,221.298416,-1.417534,6.06,,
72124,5510,221.307473,32.787913,6.27,,
72125,5502,221.30985,16.963956,4.6,,左摄提一
72131,5482,221.323223,-62.87616,5.36,,
72135,,221.328237,-51.315023,6.44,,
72139,5507,221.335818,18.885075,6.15,,
72142,,221.339698,10.599035,6.91,,
72154,5501,221.375597,0.71722,5.68,,亢宿增九
72183,,221.465619,13.10093,6.57,,
72192,,221.489921,-44.867656,6.91,,
72194,5503,221.490385,-15.45953,6.33,,氐宿增六
72197,5497,221.499265,-25.443877,5.15,,折威增三
72208,5512,221.524208,15.13191,5.78,,
72210,5499,221.528388,-23.153426,5.8,,
72217,5504,221.544958,-21.176629,6.43,,
72220,5511,221.561447,1.892746,3.73,,亢宿增十
72238,,221.597469,56.616401,6.61,,
72290,5495,221.755205,-52.384044,5.22,,
72296,5508,221.771666,-38.291167,5.9,,
72338,5509,221.883613,-43.556888,6.3,,
72362,,221.945303,-39.926475,6.92,,
72370,5470,221.965261,-79.04485,3.83,,异雀八
72373,5518,221.979277,-12.840599,6.34,,
72378,5517,221.98974,-26.646211,5.76,,折威增七
72423,,222.132341,-17.340646,6.87,,
72432,5519,222.158432,-36.63499,5.89,,
72438,5500,222.185507,-66.593634,5.91,,
72447,,222.221967,5.953846,6.83,,
72471,5515,222.278179,-56.668594,6.21,,
72480,,222.311675,25.150818,6.68,,
72487,5533,222.327725,46.115713,5.76,Merga,玄戈增二
72488,5521,222.327958,-24.251473,5.68,,
72489,5523,222.328941,-14.149116,5.32,,氐宿增五
72499,,222.358625,10.04362,6.64,,
72508,5537,222.385085,51.374518,6.49,,
72524,5538,222.421313,48.721437,5.68,,天枪增三
72527,,222.425547,7.986726,6.96,,
72536,,222.455955,-32.427484,6.85,,
72552,5532,222.493467,28.615827,5.8,,
72567,5534,222.566891,23.912052,5.86,,
72571,5526,222.570402,-27.960769,4.42,,阵车一
72573,5596,222.593802,82.510516,5.63,,
72582,5541,222.62182,37.272656,5.47,,
72607,5563,222.675601,74.155582,2.07,Kochab,北极二
72622,5531,222.718931,-16.042219,2.75,Zubenelgenubi,氐宿一
72629,5536,222.750186,-0.257447,6.18,,
72631,5535,222.755022,-2.29994,4.93,,亢宿增八
72659,5544,222.848445,19.100004,4.54,,左摄提增一
72664,5552,222.858636,59.29486,5.48,,
72687,,222.918182,83.937492,6.95,,
72702,,222.963684,-18.355333,6.27,,氐宿增八
72725,,223.031044,20.290682,6.91,,
72756,,223.100466,-46.75997,6.85,,
72763,,223.122459,-48.247053,6.96,,
72772,5542,223.135423,-30.577517,6.3,,
72773,5527,223.146761,-63.809854,5.91,,
72800,5543,223.212645,-37.803273,5.02,,
72819,,223.264937,78.176645,6.52,,
72833,5520,223.306956,-73.189855,5.59,,
72846,5550,223.347131,15.705315,6.41,,
72868,,223.412441,2.237416,6.82,,
72869,,223.415761,6.241828,6.63,,
72929,5548,223.583797,-24.642378,5.27,,折威六
72953,,223.64811,30.063788,6.84,,
72983,,223.724977,-69.861039,6.38,,
73028,,223.868903,12.430486,6.78,,
73036,5546,223.892385,-60.114879,5.18,,
73049,5558,223.936426,-33.855796,5.32,,
73068,5569,223.993732,32.300043,6.12,,
73071,,224.001969,24.385869,6.82,,
73087,5567,224.055039,14.446265,5.9,,
73095,5556,224.072169,-52.809496,5.38,,
73100,5581,224.0971,49.627004,5.63,,
73102,,224.103684,-44.704257,6.76,,
73107,5562,224.128587,-32.63698,6.06,,
73129,5551,224.183105,-62.781091,5.08,,
73133,5564,224.19219,-11.409629,5.48,,氐宿增三
73150,,224.23925,-26.285194,6.91,,
73165,5570,224.295202,-4.34745,4.47,,氐宿增廿九
73166,5575,224.298631,16.388096,5.72,,
73171,5565,224.306991,-29.157866,6.28,,
73184,5568,224.373763,-21.4265,5.72,,
73193,5573,224.388926,-0.167779,5.51,,
73199,5589,224.394636,65.93267,4.63,,天床五
73211,,224.436464,18.986975,6.62,,
73223,5540,224.468867,-76.66276,5.37,,
73238,,224.52161,-17.364185,6.64,,
73241,5566,224.536513,-48.865164,6.34,,
73273,5571,224.632737,-43.134205,2.68,,骑官四
73279,5572,224.651574,-39.907679,6.17,,
73334,5576,224.7902,-42.104329,3.13,,骑官三
73345,,224.830279,-51.5762,6.78,,
73350,5584,224.846317,4.567731,5.91,,
73357,,224.87167,-30.711768,6.91,,
73366,,224.894306,53.860218,6.84,,
73369,5588,224.90369,39.2656,5.64,,七公增六
73394,5555,224.982197,-75.032797,6.2,,
73398,,225.001581,-36.030805,6.94,,
73424,,225.077833,7.648237,6.99,,
73440,,225.104006,71.765972,6.64,,天床增一
73464,5592,225.217783,22.045629,6.29,,
73473,5586,225.242686,-8.518965,4.91,,氐宿增一
73493,5585,225.304814,-38.058617,5.88,,
73494,,225.313215,-67.983332,6.99,,
73497,5590,225.33279,-2.75507,5.52,,
73500,,225.34391,-71.490941,6.72,,
73507,5608,225.36272,60.204532,5.91,,
73522,,225.409848,-56.26021,6.89,,
73555,5602,225.486169,40.390378,3.49,Nekkar,七公增五
73559,5587,225.491783,-34.359028,6.21,,
73566,5591,225.527423,-28.06083,5.83,,阵车二
73568,5600,225.527082,25.007828,4.8,,梗河增四
73589,,225.627567,31.683977,6.6,,
73620,5601,225.724802,2.091385,4.39,,氐宿增廿七
73624,5595,225.746823,-32.643421,5.45,,
73634,5609,225.774922,35.205855,5.52,,
73636,,225.77708,-17.633207,6.93,,
73637,5612,225.77652,44.644753,6.59,,
73654,,225.840068,56.034585,6.86,,
73655,,225.843156,0.889481,6.91,,
73695,5618,225.942958,47.654182,4.83,,天枪增四
73714,5603,226.017052,-25.282251,3.25,Brachium,折威七
73745,5616,226.110161,26.94762,4.52,,梗河增一
73771,5545,226.195047,-83.038421,5.65,,
73776,5593,226.202273,-64.031289,5.16,,
73807,5605,226.279304,-47.05138,3.91,,骑官八
73826,5607,226.330052,-41.06724,5.13,,
73850,,226.391347,-30.55033,6.48,,
73896,,226.544384,-24.132037,6.73,,
73901,5615,226.557867,-36.264637,6.27,,
73909,5635,226.570175,54.556399,5.24,,
73927,5620,226.613574,-22.032163,6.13,,
73941,5630,226.645921,36.456319,6.35,,
73945,5622,226.656413,-16.256967,5.19,,氐宿增十
73996,5634,226.82658,24.86815,4.93,,梗河增三
74000,5633,226.835159,18.441506,6.03,,
74016,,226.886043,9.226193,6.72,,
74026,5631,226.918009,5.497895,6.16,,
74037,,226.959045,63.117102,6.82,,
74044,,226.983961,-61.128711,6.49,,
74047,5611,226.986652,-65.275476,6.18,,
74080,,227.076496,33.706591,6.7,,
74082,,227.080595,65.788806,6.63,,
74083,5648,227.081373,50.054819,6.33,,
74091,,227.124963,-80.313934,6.81,,
74100,5625,227.163144,-42.868057,5.85,,
74121,5639,227.222676,13.235716,6.16,,
74122,,227.224425,-59.142219,6.87,,
74131,,227.239615,-26.497266,6.92,,
74184,5621,227.37458,-67.084151,5.76,,
74224,5636,227.530322,-38.792643,5.98,,
74253,,227.63134,11.673755,6.89,,
74305,5637,227.816547,-55.346078,5.45,,
74336,5642,227.894876,-45.277365,6.44,,
74357,,227.941431,-33.638945,6.99,,
74367,,227.958151,-16.159698,6.68,,
74376,5646,227.982712,-48.738126,3.88,,骑阵将军
74386,5654,228.017656,18.976105,5.9,,
74392,5652,228.05514,-19.791918,4.54,,氐宿二
74395,5649,228.070043,-52.099699,3.41,,车骑一
74421,5628,228.141268,-72.7707,6.02,,
74441,,228.196292,10.701874,6.5,,
74479,5653,228.281738,-36.09157,6.09,,
74488,,228.311121,-11.007337,6.65,,
74490,5655,228.322391,-24.00845,6.47,,
74505,5665,228.383139,22.984037,6.31,,
74514,5673,228.398206,38.264397,6.19,,
74537,,228.453954,-1.354602,6.58,,
74539,5658,228.472041,-26.193596,5.84,,
74561,5674,228.525494,31.787653,5.98,,
74571,5677,228.54317,42.171306,6.12,,
74581,,228.578332,-14.209596,6.75,,
74582,5644,228.579985,-70.07953,5.75,,
74596,5676,228.62098,29.164474,5.28,,贯索增一
74600,5662,228.640555,-17.768674,6.18,,氐宿增十二
74604,5660,228.655418,-31.51911,4.91,,顿顽二
74605,5691,228.663423,67.344217,5.15,,天床二
74623,5669,228.710647,-5.50251,6.28,,
74625,5693,228.715387,68.945753,6.52,,
74649,5675,228.797158,4.939387,5.32,,蜀增二
74663,,228.864517,-79.13673,6.66,,
74666,5681,228.876333,33.314128,3.46,,七公七
74675,,228.913872,-27.596218,6.79,,
74678,,228.922683,25.642521,6.97,,
74690,,228.961519,50.938164,6.47,,
74695,,228.973131,6.464717,6.47,,
74702,,228.997665,0.79549,6.92,,
74707,5667,229.01668,-41.491186,5.15,,
74716,5668,229.043523,-43.485045,6.05,,
74732,5678,229.095651,-22.399404,5.52,,
74745,,229.134952,-39.560988,6.88,,
74749,,229.149377,9.712954,6.74,,
74752,,229.154595,-42.370327,6.76,,
74775,,229.227787,-46.202521,6.44,,
74778,5664,229.237049,-60.95728,5.04,,
74782,,229.246666,-38.447661,6.86,,
74785,5685,229.251092,-9.38305,2.61,Zubeneschamali,氐宿四
74801,,229.308329,-66.092264,6.84,,
74818,,229.343846,74.045357,6.67,,
74824,5670,229.377314,-58.802075,4.07,,
74837,5666,229.412066,-63.610412,4.85,,
74857,5686,229.45761,-30.148701,4.35,,阵车三
74893,,229.585061,26.840844,6.59,,
74896,5692,229.602,20.572694,5.68,,
74901,5690,229.608775,-0.461226,5.88,,
74911,5683,229.633118,-47.87548,4.27,,骑官七
74946,5671,229.726255,-68.679751,2.87,,三角形一
74975,5694,229.830702,1.762126,5.04,,氐宿增廿四
75039,,230.009298,40.985315,6.9,,
75043,5715,230.021565,51.958588,5.65,,
75091,5684,230.168851,-67.481593,6.27,,
75095,,230.178277,-56.13268,6.8,,
75097,5735,230.181774,71.834131,3,Pherkad,北极一
75101,5706,230.194232,-2.414418,6.34,,
75104,,230.207319,31.480994,6.9,,
75110,5701,230.223602,-18.159038,6.16,,氐宿增十三
75118,5703,230.255922,-15.548226,6.14,,氐宿增十七
75119,5710,230.258053,0.714671,5.35,,氐宿增廿五
75125,5711,230.278489,24.957899,6.36,,
75127,5707,230.281385,-5.824923,5.54,,
75141,5695,230.342857,-40.647672,3.22,,骑官二
75177,5705,230.450801,-36.261925,3.57,,顿顽一
75178,5718,230.452031,32.933782,5.38,,
75207,,230.53626,-32.189708,7,,
75210,,230.546724,-37.635773,6.65,,
75230,5717,230.596831,12.567492,6.29,,
75243,,230.621911,-74.399536,6.51,,
75256,5731,230.655379,62.046832,5.99,,
75257,5726,230.655734,39.581373,5.56,,
75260,5737,230.65986,63.340852,5.72,,
75264,5708,230.670105,-44.68975,3.37,,骑官六
75272,,230.688601,-29.342008,6.5,,
75288,,230.737833,-26.688735,6.53,,
75312,5727,230.802228,30.286684,4.99,,贯索增三
75324,,230.853837,-46.140476,6.49,,
75342,5721,230.93263,-1.022564,6.11,,
75349,,230.962901,-57.330668,6.78,,
75352,5720,230.967409,-12.369735,5.72,,
75369,5732,231.021177,45.271047,6.07,,
75379,5723,231.049098,-10.323241,4.92,,氐宿增廿
75411,5733,231.121416,37.377708,4.31,Alkalurops,七公六
75458,5744,231.232284,58.966177,3.29,Edasich,紫微左垣一
75501,5724,231.333863,-38.733706,4.6,,
75522,,231.43719,-53.057927,6.66,,
75530,5739,231.44738,15.427989,5.16,,周增一
75535,5740,231.471587,19.480661,6.26,,
75552,,231.522075,-21.380131,6.97,,
75572,5741,231.571553,34.336382,5.46,,
75584,,231.626058,10.035971,6.97,,
75587,5748,231.634309,54.020205,6.44,,
75607,,231.709933,-20.005071,6.97,,
75634,,231.793343,84.825362,6.87,,
75647,5736,231.825363,-36.767714,5.46,,
75665,5725,231.887654,-64.531627,5.71,,
75674,5745,231.912025,25.101545,6.01,,
75695,5747,231.955874,29.106257,3.66,Nusakan,贯索三
75696,5755,231.964043,60.670193,5.9,,
75714,,232.018794,11.861834,6.93,,
75718,,232.040514,-9.350391,6.89,,
75736,5491,232.086194,-88.132813,6.49,,
75742,5738,232.113351,-51.597964,6.1,,
75752,,232.130645,38.723771,6.69,,
75761,5746,232.158786,1.841867,5.15,,氐宿增廿三
75762,,232.159414,-15.700356,6.79,,
75770,5752,232.184768,47.201545,6.15,,
75783,,232.213263,57.446235,6.91,,
75788,5759,232.236677,55.195168,6.45,,
75790,,232.244108,-28.867101,6.43,,
75809,5829,232.287931,80.449294,6.57,,
75810,,232.300252,16.396007,6.38,,
75818,,232.330032,-38.63545,6.44,,
75828,5742,232.351042,-46.732738,5.26,,
75842,,232.386641,-58.351761,6.7,,
75848,,232.394318,-17.440897,6.69,,
75870,,232.465516,82.263557,6.93,,
75915,,232.588514,-41.919193,6.23,,
75939,5749,232.651106,-20.72874,6.2,,
75953,,232.691759,34.465589,6.81,,
75959,,232.704764,-71.654278,6.39,,
75971,5758,232.731155,8.579071,6.57,,
75974,5785,232.730718,64.209188,5.74,,
75980,,232.74528,-47.920447,6.84,,
76006,5769,232.842925,36.616436,6.39,,
76013,5730,232.878442,-73.389706,5.4,,三角形增三
76041,5774,232.945651,40.899238,4.98,,七公增九
76048,5753,232.959147,-32.881248,6.49,,
76106,5762,233.152797,-19.670713,5.5,,
76126,5764,233.230005,-16.852942,5.53,,氐宿增十四
76127,5778,233.232273,31.359075,4.14,,贯索二
76133,5772,233.241289,-1.186662,5.5,,氐宿增廿一
76143,5765,233.289428,-24.490671,6.26,,
76170,,233.361992,-61.273654,6.7,,
76207,5767,233.506792,-40.066651,5.82,,
76219,5777,233.546571,-10.066025,4.61,,氐宿增十九
76233,5779,233.586104,-5.69506,6.52,,
76256,,233.6511,67.804551,6.98,,
76267,5793,233.67282,26.714121,2.22,Alphecca,贯索四
76276,5788,233.700141,10.538887,3.8,,天市右垣六
76291,5791,233.768552,1.66906,6.55,,
76297,5776,233.785054,-41.16692,2.8,,骑官一
76299,,233.79131,43.167793,6.75,,
76307,5800,233.812374,39.010123,5.14,,七公增八
76333,5787,233.882015,-14.789492,3.91,Zubenelhakrabi,氐宿三
76337,5795,233.887944,17.65547,6.1,,周增五
76371,5781,233.971682,-44.958525,4.55,,
76376,5818,233.987255,54.630565,5.77,,
76395,5790,234.047196,-33.092963,6.26,,
76424,5804,234.122301,16.11905,5.93,,周增三
76440,5771,234.180494,-66.317387,4.11,,三角形增二
76456,5813,234.223279,29.990814,6.46,,
76470,5794,234.255954,-28.135101,3.6,,天辐一
76503,5801,234.368652,-26.280012,6.19,,
76508,,234.380455,-22.117059,6.98,,
76519,5844,234.412147,69.283677,5.65,,
76530,,234.440615,71.153735,6.99,,
76534,5823,234.457172,40.353813,5.25,,七公增十
76549,,234.50889,-54.522152,6.98,,
76552,5797,234.512086,-42.566989,4.34,,
76568,5830,234.568531,46.797109,5.76,,
76569,5810,234.568285,-21.016782,5.82,,
76573,,234.569187,24.521762,6.82,,
76579,,234.594622,43.60429,6.8,,
76591,5805,234.635822,-39.160852,6.59,,
76594,5835,234.642434,50.423103,5.84,,
76600,5812,234.66388,-29.777924,3.66,,天辐二
76603,5816,234.667104,-8.791664,6.45,,
76617,5827,234.703496,34.674937,6.12,,
76618,5798,234.705763,-52.372893,5.43,,
76637,,234.754886,-78.23548,6.99,,
76651,5841,234.789583,57.924451,6.45,,
76669,5833,234.844361,36.635769,4.64,,七公增七
76705,5820,234.941623,-34.412013,4.66,,从官增一[房宿]
76716,5803,234.984052,-59.909713,5.95,,
76734,,235.04536,-56.914768,6.63,,
76736,5792,235.047355,-70.228237,6.45,,
76739,5822,235.064321,-31.213975,6.35,,
76742,5824,235.070277,-23.81813,4.97,,房宿增三
76809,5821,235.242288,-47.736363,6.21,,
76829,5825,235.295891,-44.662904,4.64,,
76849,,235.377581,-53.391346,6.92,,
76852,5842,235.387334,19.670125,4.51,,周增七
76866,5843,235.447822,12.847499,5.34,,周增十四
76877,5786,235.477629,-76.082208,5.95,,
76878,5845,235.477493,18.4644,5.8,,周增六
76880,5838,235.486426,-19.679494,4.75,,日
76894,,235.507327,-64.180316,6.53,,
76935,5832,235.655077,-49.489696,6.02,,
76939,5837,235.65923,-37.425038,5.23,,
76952,5849,235.684884,26.295962,3.81,,贯索五
76957,5857,235.710812,52.361091,5.48,,
76982,,235.786873,-13.056902,6.64,,
76996,5729,235.81709,-84.465507,5.57,,
77001,,235.842935,11.710927,6.94,,
77048,5855,235.99686,32.515751,5.57,,贯索一
77052,5853,236.007297,2.514249,5.86,,巴增一
77055,5903,236.015274,77.794475,4.29,,勾陈四
77060,5848,236.018116,-15.673239,5.41,,西咸四
77070,5854,236.067839,6.425909,2.63,Unukalhai,天市右垣七
77086,5846,236.094313,-41.819274,5.93,,
77111,5858,236.175347,17.264268,6.15,,周增九
77138,,236.247665,-50.785612,6.41,,
77186,5861,236.414704,0.891011,6.32,,
77191,,236.428719,-22.753435,6.72,,
77196,,236.44279,-30.041627,6.88,,
77233,5867,236.547346,15.421561,3.65,,天市右垣五
77235,5856,236.553083,-28.061622,6.49,,
77277,5886,236.667257,62.599196,5.19,,天床三
77286,5860,236.684086,-34.682625,5.61,,
77287,5866,236.689195,-6.120347,6.24,,
77294,,236.711954,-58.125531,6.83,,
77336,5870,236.82181,14.11555,5.71,,周增十二
77350,5862,236.855005,-40.194482,6.41,,
77362,,236.882681,59.568491,6.53,,
77372,,236.908281,-9.480334,7,,
77381,,236.942951,45.732884,6.76,,
77390,5851,236.970627,-65.442556,5.54,,
77394,,236.985544,-25.987005,6.98,,
77397,5877,237.007482,31.735337,6.41,,
77433,,237.104061,-13.499291,6.94,,
77435,,237.110645,-23.834165,6.71,,
77437,,237.119798,22.415228,6.85,,
77442,5880,237.143376,28.156675,5.89,,
77448,,237.177417,83.61965,7,,
77450,5879,237.184548,18.140996,4.09,Gudja,周增八
77455,,237.210257,12.72356,6.79,,
77458,,237.219737,-1.001271,6.81,,
77512,5889,237.39795,26.067987,4.59,,贯索六
77516,5881,237.404398,-3.430383,3.54,,天乳
77534,,237.468056,-17.901975,6.82,,
77541,5871,237.489311,-48.912474,5.86,,
77562,5869,237.529227,-53.210018,5.78,,
77574,5872,237.568323,-45.401927,6.11,,
77578,5888,237.573295,2.196205,5.21,,巴增二
77622,5892,237.704845,4.478126,3.71,,天市右垣八
77634,5883,237.739706,-33.627323,3.97,,从官二[房宿]
77645,5873,237.77831,-55.055553,5.74,,
77652,,237.791916,52.906973,6.74,,
77655,5901,237.80798,35.655162,4.79,,贯索增四
77661,5899,237.815903,20.978035,4.74,,贯索增十三
77678,5882,237.879861,-47.061014,6,,
77729,5893,238.05231,-29.887098,6.39,,
77738,5922,238.06873,55.82706,5.81,,
77760,5914,238.172713,42.455541,4.6,,七公四
77771,5890,238.213748,-50.615875,6.63,,
77782,5909,238.233447,17.403097,6.29,,
77801,5911,238.299426,13.193028,6.07,,周增十三
77811,5902,238.33355,-20.167161,5.04,,房宿增一
77824,,238.370624,65.288474,6.73,,
77838,,238.402371,68.719906,6.76,,
77853,5908,238.457067,-16.728429,4.13,,西咸三
77858,5906,238.474552,-24.533319,5.38,,
77893,,238.606867,5.294344,6.87,,
77900,5910,238.625363,-27.338807,6.15,,
77910,5919,238.667819,8.580333,6.28,,
77911,,238.673201,-22.766393,6.86,,
77942,,238.755054,75.574226,6.88,,
77952,5897,238.782976,-63.433292,2.83,,三角形二
77958,,238.815788,-42.605368,6.68,,
77982,5891,238.873162,-68.603042,5.11,,
77985,5916,238.877451,-31.083484,6.21,,
77995,5931,238.916001,18.620677,6.26,,
78003,,238.926137,-8.64803,6.94,,
78012,5936,238.948513,37.947469,5.43,,贯索增五
78024,,238.976872,-2.164798,6.77,,
78045,5905,239.024164,-60.48293,5.76,,
78046,5918,239.028535,-39.864478,6.04,,
78072,5933,239.115333,15.653426,3.85,,天市右垣四
78097,,239.189318,12.47791,6.94,,
78104,5928,239.221037,-29.214232,3.87,Iklil,房宿二
78105,5925,239.223086,-33.966428,5.14,,
78117,5921,239.265078,-48.162888,6.31,,
78132,5940,239.309912,14.415037,5.54,,
78142,5929,239.33879,-36.185424,5.78,,
78153,5950,239.373733,39.695407,6.3,,
78159,5947,239.396327,26.877494,4.14,,贯索七
78168,5934,239.418539,-20.983222,5.84,,
78180,5960,239.445996,54.750441,4.96,,
78207,5941,239.547302,-14.279466,4.95,,西咸二
78221,,239.599566,-44.081047,6.72,,
78246,5942,239.645192,-24.831641,5.43,,
78265,5944,239.712893,-26.11427,2.89,Fang,房宿一
78276,5957,239.740678,36.643951,5.61,,
78279,5920,239.742126,-65.037628,5.74,,
78286,5964,239.768518,49.880687,6.04,,
78323,5943,239.875779,-41.744542,4.99,,
78333,,239.921979,-7.302122,6.64,,
78384,5948,240.030387,-38.396878,3.42,,积卒二
78387,,240.049567,44.279208,6.78,,
78400,5954,240.077379,-16.535893,5.47,,罚三
78401,5953,240.083308,-22.621945,2.29,Dschubba,房宿三
78429,,240.177646,31.567891,6.61,,
78436,5959,240.198383,-8.41143,5.53,,西咸增一
78442,5963,240.212781,4.427844,5.82,,巴增三
78459,5968,240.259581,33.298569,5.39,,贯索九
78481,5966,240.30936,17.819374,5.1,,晋增一
78493,5971,240.360395,29.851017,4.98,,贯索八
78513,,240.421102,-3.763243,6.87,,
78527,5986,240.468366,58.56739,4.01,,紫微左垣二
78540,,240.518527,-51.120868,6.38,,
78542,5981,240.523172,52.915685,5.93,,
78553,,240.566475,-73.515881,6.68,,
78554,5972,240.573743,22.804608,4.82,,贯索增十二
78574,,240.66259,47.240768,6.52,,
78575,5965,240.664502,-29.135862,6.07,,
78592,5982,240.700101,46.036315,4.72,,七公增四
78603,5951,240.718297,-62.541761,6.25,,
78639,5962,240.804139,-49.22963,4.65,,
78647,,240.817198,-26.718252,6.96,,
78661,6034,240.880145,76.794071,5.73,,
78662,5961,240.882303,-57.775566,4.63,,
78665,5970,240.892876,-32.000724,6,,
78699,5973,240.977899,-24.726273,6.22,,
78710,,241.025764,-59.176206,6.4,,
78722,,241.055954,34.178878,6.78,,
78726,5974,241.074013,-33.213936,6.1,,
78731,,241.088793,-53.710483,6.46,,
78742,,241.123327,0.671692,6.81,,
78761,,241.204114,70.261883,6.85,,
78775,,241.231927,39.156846,6.66,,
78785,,241.261761,-18.539659,6.74,,
78820,5984,241.359242,-19.805612,2.56,Acrab,房宿四
78849,5989,241.435958,-6.291092,6.35,,
78851,,241.437789,32.247618,6.71,,
78868,5955,241.481857,-72.400442,5.7,,
78875,,241.511883,13.320804,6.8,,
78893,6025,241.581387,67.810535,5.44,,
78914,5980,241.622805,-45.172948,4.73,,
78918,5987,241.647967,-36.802487,4.22,,积卒一
78955,5996,241.762332,-14.071217,6.32,,
78985,6005,241.8423,21.82234,6.15,,
78989,5979,241.850332,-56.190955,6.16,,
78990,5997,241.851671,-20.869054,4.31,,钩钤二
79005,6002,241.901449,-12.745587,5.75,,罚二
79007,6004,241.906285,9.891698,5.63,,斗增四
79043,6008,242.018628,17.046945,5,Marsic,天市右垣三
79050,6001,242.032316,-26.326717,5.35,,
79072,6010,242.116901,8.53427,5.69,,斗增五
79081,6000,242.143948,-39.092998,6.65,,
79098,6003,242.182088,-23.685581,5.86,,
79101,6023,242.19217,44.935135,4.23,,七公三
79119,6018,242.242576,36.493137,4.73,,贯索增六
79120,6011,242.24509,3.454553,5.93,,
79125,6036,242.261756,57.938097,6.33,,
79134,,242.288885,50.180976,6.86,,
79137,6014,242.298393,6.373924,5.93,,
79152,,242.321096,41.095626,6.69,,
79161,,242.348116,63.407556,6.86,,
79164,6038,242.357843,55.829123,6.43,,
79187,,242.422456,0.819707,6.68,,
79195,6016,242.46035,-3.466725,5.39,,
79199,6007,242.468929,-33.546092,5.5,,
79203,6012,242.47983,-18.341063,6.43,,
79231,,242.551301,1.600743,6.61,,
79248,,242.602473,43.815739,6.61,,七公增十三
79302,6017,242.75801,-29.416781,5.09,,
79320,6015,242.823115,-41.120604,5.86,,
79349,6039,242.908329,23.494727,5.74,,贯索增十一
79350,6043,242.915049,33.342856,6.3,,
79357,6050,242.948271,42.374726,5.89,,
79374,6027,242.998815,-19.460869,4,Jabbah,键闭
79375,6031,242.999798,-10.064431,4.93,,罚增二
79385,,243.027228,39.055387,6.39,,
79404,6028,243.075777,-27.926519,4.58,,心宿增二
79441,6052,243.189951,26.670379,6.48,,
79472,,243.282814,21.566302,6.69,,
79488,6047,243.314534,5.021054,5.46,,斗增七
79492,,243.328085,13.524236,6.68,,斗二
79509,6024,243.36964,-54.630612,4.95,,
79522,,243.410484,-1.475113,6.45,,
79540,6048,243.462066,-11.837812,5.24,,罚增三
79571,,243.532608,-48.932828,6.75,,
79578,,243.54911,-31.665266,6.55,,
79593,6056,243.586129,-3.695236,2.73,Yed Prior,天市右垣九
79595,,243.592167,2.646827,6.93,,
79601,6088,243.639104,73.395109,6.02,,
79605,6053,243.662901,-18.536454,6.32,,
79608,,243.675905,7.858211,6.59,,斗增六
79622,6054,243.722569,-25.477116,6.06,,
79653,6045,243.813465,-47.372314,5.13,,
79664,6030,243.859501,-63.68577,3.86,,三角形增一
79666,6065,243.868844,18.807546,5.72,,河间增一
79672,6060,243.906793,-8.37261,5.49,,罚一
79685,,243.947146,53.236277,6.95,,
79686,6068,243.946927,27.421832,6.14,,
79689,6040,243.957336,-57.912669,5.61,,
79692,6061,243.964604,-14.849106,6.09,,
79724,,244.06957,23.122648,6.57,,贯索增十
79757,6074,244.186776,29.150151,5.8,,贯索增八
79785,6066,244.244751,-21.304294,6.61,,
79797,6037,244.271798,-67.941825,5.95,,
79804,6086,244.314036,59.755187,5.37,,
79812,6059,244.336521,-53.086703,6.3,,
79822,6116,244.373869,75.756975,4.95,,勾陈增九
79834,,244.430559,1.496706,6.5,,
79837,,244.44269,31.806378,6.84,,
79881,6070,244.574321,-28.614663,4.8,,
79882,6075,244.580905,-4.692255,3.23,Yed Posterior,天市右垣十
79887,,244.597844,-73.043511,6.58,,
79889,,244.598527,25.896688,6.7,,贯索增九
79938,6078,244.751605,-14.872833,5.97,,
79945,6076,244.782287,-20.218169,6.29,,
79948,,244.789117,-6.87687,6.88,,
79953,6090,244.796521,49.038371,5.93,,
79962,,244.821383,-35.491118,6.63,,
79963,6071,244.823568,-42.674032,5.44,,
79980,6077,244.887034,-30.906575,5.53,,
79992,6092,244.935037,46.313617,3.91,,七公二
80000,6072,244.958505,-50.155845,4.01,,
80008,6091,244.978695,39.708568,5.48,,
80021,6087,245.017655,21.132279,6.04,,
80042,,245.075766,36.975437,6.57,,
80051,,245.102622,52.03901,6.63,,
80054,6073,245.105436,-55.139796,5.76,,
80060,,245.117212,-12.910834,6.56,,
80079,6081,245.159067,-24.169413,4.55,,心宿增三
80111,,245.294578,22.239733,6.91,,
80112,6084,245.297092,-25.592912,2.9,Alniyat,心宿一
80142,,245.362497,-48.188771,6.51,,
80151,,245.403533,-51.751572,6.87,,
80152,,245.405364,-71.874074,6.71,,
80170,6095,245.479731,19.153415,3.74,,天市右垣二
80179,6093,245.517133,1.029346,4.82,,列肆一
80181,6103,245.523553,30.892683,4.86,,天纪一
80197,6107,245.589314,33.798809,5.2,,
80212,6085,245.621034,-43.912123,5.89,,
80227,6096,245.66207,-2.079917,6.24,,
80240,,245.723459,-17.019184,6.87,,
80241,,245.725126,-75.974796,6.86,,
80244,,245.728131,-66.887414,6.75,,
80247,6110,245.73559,32.332968,6.41,,天纪增四
80324,6097,245.98623,-33.199572,6.45,,
80331,6132,245.997623,61.514576,2.73,Athebyne,紫微左垣三
80337,6094,246.005983,-39.192957,5.37,,
80343,6104,246.025627,-20.03763,4.48,,东咸三
80351,6111,246.045161,6.948301,5.83,,斗增九
80372,,246.100595,10.254288,6.93,,
80375,6127,246.105704,55.205229,5.75,,
80399,6105,246.166219,-29.705186,5.4,,
80421,6099,246.225833,-45.349594,6.32,,
80460,6123,246.350717,37.39408,5.53,,天纪增二
80463,6117,246.354241,14.032887,4.57,Cujam,斗一
80473,6112,246.396288,-23.447339,4.57,,心宿增四
80480,6173,246.426149,78.964521,5.55,,
80514,6121,246.547125,11.407576,6.11,,
80528,,246.589691,40.809141,6.9,,
80538,,246.632694,47.958419,6.51,,
80543,,246.663375,15.972616,6.7,,
80546,,246.671653,9.272783,6.66,,
80569,6118,246.755938,-18.456394,4.22,,东咸二
80582,6115,246.795854,-47.554919,4.46,,
80610,,246.88451,2.870567,6.35,,
80628,6129,246.950353,-8.371812,4.62,,车肆一
80641,,246.977537,25.984451,6.88,,
80645,6109,246.989694,-64.057776,5.28,,
80648,,246.990268,32.699449,6.87,,天纪增五
80650,6161,246.995459,68.768353,4.94,,尚书二
80672,6122,247.060401,-37.180053,5.79,,
80675,6114,247.062887,-58.600018,5.67,,
80682,,247.087749,67.043969,6.45,,
80686,6098,247.121025,-70.08369,4.9,,
80687,,247.117064,-13.399631,6.89,Timir,
80704,6146,247.160859,41.881641,4.83,,七公增十四
80708,,247.175913,0.054228,6.46,,
80710,6150,247.181377,51.407784,6.31,,
80725,,247.217112,18.416521,6.98,,
80763,6134,247.351858,-26.432151,1.06,Antares,心宿二
80782,6131,247.426335,-46.243253,5.35,,
80791,,247.444722,7.748861,6.85,,
80793,6140,247.445732,-14.55083,5.66,,
80795,,247.451825,-11.129562,6.9,,
80809,6156,247.524689,48.960729,6.44,,七公增三
80815,6141,247.551956,-25.115393,4.79,,心宿增五
80816,6148,247.554333,21.48952,2.78,Kornephoros,天市右垣一
80819,,247.565261,-27.916341,6.89,,
80839,,247.623727,33.751093,6.97,,
80850,6191,247.658616,77.448259,6.35,,
80874,6125,247.705498,-61.633558,5.19,,
80883,6149,247.728229,1.983457,3.82,Marfik,列肆二
80888,6157,247.761533,35.224959,6.25,,
80894,6147,247.784565,-16.612975,4.29,,东咸一
80911,6143,247.845462,-34.704485,4.24,,
80920,6180,247.866827,72.612697,6.27,,
80945,6142,247.92401,-41.81715,5.31,,
80953,6162,247.946713,45.598534,5.61,,
80964,,247.985181,9.414171,6.51,,
80974,,248.033539,-12.431698,6.98,,
80975,6153,248.034304,-21.466158,4.45,,东咸四
80991,6170,248.107277,60.823258,5.92,,
81007,6158,248.148778,5.521218,5.63,,斗增十
81008,6159,248.150062,11.487536,4.84,,斗四
81028,,248.235876,50.141938,6.82,,
81065,6102,248.358683,-78.897646,3.86,,异雀四
81066,,248.371059,30.499052,6.87,,天纪增六
81079,,248.399691,-53.200542,6.59,,
81085,,248.42398,38.091593,6.59,,
81095,,248.459879,13.394458,6.92,,
81100,,248.468294,-48.111265,6.73,,
81122,6155,248.520914,-44.045332,4.86,,
81126,6168,248.525667,42.437424,4.2,,七公增十五
81150,,248.615279,8.673969,6.85,,
81198,6160,248.781991,-45.244761,6.43,,
81231,6169,248.859472,17.057334,6.42,,
81252,6151,248.937255,-65.495586,5.5,,
81259,,248.955204,-71.894482,6.52,,
81266,6165,248.970586,-28.21616,2.82,Paikauhale,心宿三
81289,6183,249.046565,46.613353,5.83,,
81292,6185,249.057029,52.924598,5.07,,七公增一
81300,6171,249.092273,-2.326549,5.77,,列肆增四
81303,,249.092382,33.821799,6.95,,
81304,6166,249.093748,-35.255247,4.18,,
81305,6164,249.093966,-42.85888,5.46,,
81337,6176,249.178825,15.49726,6.36,,
81358,6198,249.229204,63.072262,6.17,,
81377,6175,249.289829,-10.566928,2.54,,天市右垣十一
81404,,249.390615,5.277446,6.48,,
81428,6238,249.468916,78.918936,6.33,,
81437,6199,249.502002,56.015935,5.28,,
81440,6179,249.506428,-6.538073,6.05,,
81445,,249.516537,39.576831,6.74,,
81477,,249.628825,-39.152458,6.93,,
81486,,249.644698,-18.825779,6.97,,
81497,6200,249.68639,48.928514,4.86,,七公一
81499,,249.698875,-8.618675,6.44,,
81507,6167,249.719557,-60.990625,6.16,,
81523,6178,249.771685,-37.21765,5.93,,
81555,,249.841134,22.005406,6.76,,
81589,,249.93632,-56.994493,6.73,,
81616,,250.044073,-28.9403,6.89,,
81641,6195,250.161197,4.21972,5.77,,斛增六
81650,,250.18513,-51.477428,6.3,,
81659,6203,250.213708,12.395008,6.08,,
81660,6223,250.229663,64.588946,4.84,,尚书三
81670,6208,250.252175,24.858718,6.07,,
81680,,250.282392,-11.838681,6.85,,
81687,6201,250.298238,-1.000385,6.25,,
81693,6212,250.318018,31.604931,2.81,,天纪二
81702,6187,250.335039,-48.762923,5.57,,
81724,6196,250.393123,-17.742173,4.91,,东咸增一
81728,6193,250.400363,-24.468022,6.07,,
81729,6213,250.402931,26.916594,5.92,,天纪增七
81733,6188,250.417575,-49.651568,5.62,,
81734,6205,250.426345,1.181573,5.74,,列肆增三
81741,6192,250.43894,-33.146123,5.84,,
81754,6202,250.473911,-19.924109,5.55,,
81757,,250.487926,73.887607,6.82,,
81800,,250.617208,49.935752,6.48,,
81823,,250.701738,-62.553987,6.23,,
81833,6220,250.724305,38.92171,3.48,,天纪增一
81847,6197,250.764849,-46.070319,6.22,,
81848,,250.767609,36.509697,6.86,,
81852,6163,250.761052,-77.519703,4.23,,异雀三
81891,6211,250.911289,-32.106093,6.46,,
81904,6210,250.948254,-38.156623,6.05,,
81910,,250.964154,-26.809601,6.72,,
81911,6222,250.96481,34.03917,6.02,,
81933,,251.043931,23.517583,6.87,,
81966,6207,251.165481,-53.152375,5.96,,
81972,6214,251.177365,-40.839815,5.64,,
81992,6218,251.250585,-28.50966,5.99,,
82007,,251.285938,-23.184239,6.98,,心宿增六
82011,,251.297686,-3.085001,6.95,,
82020,6237,251.324542,56.782303,4.84,,
82022,,251.329078,-30.80667,6.99,,
82028,6227,251.343995,15.744966,5.6,,
82038,,251.375741,-19.136926,6.6,,
82051,,251.408745,55.313703,6.96,,
82073,6228,251.457868,8.582717,5.15,,斛四
82076,6138,251.474806,-83.240014,6.58,,
82080,6322,251.493576,82.037293,4.21,,勾陈三
82091,,251.526525,-46.532204,6.47,,
82129,6204,251.66638,-67.109778,5.1,,
82135,6221,251.699684,-39.37713,5.48,,
82140,6225,251.71389,-25.528658,6.72,,心宿增八
82162,6232,251.79058,2.064429,6.07,,
82166,,251.815086,63.531933,6.8,,
82172,6242,251.832299,42.238757,5.86,,
82216,6234,251.943275,5.246498,5.22,,斛增三
82259,6235,252.112282,-14.909478,6.03,,
82273,6217,252.166541,-69.027927,1.91,Atria,三角形三
82310,,252.267573,34.956471,6.92,,
82316,,252.290058,12.909173,6.64,,
82321,6254,252.309456,45.982995,4.82,,七公增十六
82347,,252.388276,-31.651438,6.81,,
82350,6246,252.394205,13.260986,5.91,,
82355,6256,252.41893,43.430376,6.18,,
82363,6229,252.446988,-59.041542,3.77,,龟四
82369,6243,252.459064,-10.783523,4.64,,车肆二
82373,,252.492204,9.421396,6.91,,
82396,6241,252.536163,-34.294865,2.29,Larawag,尾宿二
82402,6250,252.581079,7.247626,5.48,,斛三
82405,6248,252.592717,-2.654643,6.32,,
82419,6264,252.64979,41.896903,6.29,,
82422,6258,252.662276,29.806519,5.73,,天纪增九
82426,6259,252.67998,32.553952,6.16,,
82480,6255,252.853767,1.215858,5.51,,列肆增一
82493,6245,252.890513,-41.230536,5.23,,
82503,,252.936822,-73.722746,6.76,,
82504,6270,252.938653,24.656467,5.03,,魏增一
82510,,252.958733,28.666632,6.62,,
82514,6247,252.967558,-38.047518,3,Xamidimura,尾宿一
82526,6268,253.020314,14.974251,6.51,,宦者增三
82538,,253.06706,-25.600683,6.91,,
82588,,253.240465,-0.0359,6.65,,
82611,6286,253.322755,47.417325,5.99,,
82621,6269,253.354693,-20.415729,5.86,,
82672,6251,253.500996,-57.910292,5.91,,
82673,6281,253.501624,10.165137,4.39,,斛一
82693,6277,253.544244,-1.612817,6.25,,
82718,,253.618666,70.463783,6.99,,
82729,6271,253.644758,-42.36277,3.62,,
82730,6280,253.648528,-6.154122,5.23,,车肆增一
82731,6273,253.650058,-30.587349,6.34,,
82764,6287,253.730272,20.958497,5.39,,
82780,6292,253.75915,25.730557,6.06,,魏增二
82790,,253.783164,-6.651089,6.82,,
82798,6290,253.816878,13.619693,6.35,,
82802,6293,253.841604,18.433289,5.35,,宦者增一
82806,6253,253.852969,-63.26975,5.99,,
82822,,253.885508,-21.569538,6.62,,
82841,,253.942472,67.478526,6.78,,
82860,6315,254.010664,65.135122,4.88,,尚书五
82861,6284,254.008233,-16.806065,6.33,,
82867,6306,254.026538,50.038806,6.6,,
82868,6274,254.036728,-50.67485,6.3,,
82871,,254.042029,77.65283,6.72,,
82880,6335,254.069705,73.127735,6.29,,
82891,,254.091097,62.369954,6.9,,
82894,,254.100632,80.859632,6.64,,
82925,6291,254.200134,-23.150409,5.57,,
82944,,254.254202,-71.111873,6.46,,
82951,6294,254.266469,-19.539901,6.27,,
82960,6288,254.296603,-33.259555,5.48,,尾宿增一
82979,6296,254.358348,-10.963941,6.15,,
82985,,254.374659,-60.600205,6.52,,
83000,6299,254.415176,9.374971,3.19,,斛二
83007,6307,254.426322,24.381132,6.35,,
83013,6313,254.458971,42.51219,6.36,,
83014,,254.459244,-39.115691,6.59,,
83053,,254.564402,-65.204893,6.53,,
83057,6289,254.574647,-50.64143,5.53,,
83081,6285,254.654833,-55.990366,3.12,,龟五
83083,,254.657839,15.455265,6.89,,
83090,6302,254.673165,-14.869832,6.48,,
83100,6298,254.717835,-37.62075,6.05,,
83114,6345,254.760728,69.185991,6.41,,
83138,6330,254.83903,56.688828,6.04,,
83153,6295,254.896048,-53.160301,4.06,,龟一
83168,,254.958531,58.462663,6.87,,
83187,6297,255.026068,-54.597646,5.64,,
83196,6310,255.039974,-24.98942,5.74,,天江增九
83202,,255.059208,-44.988759,6.5,,
83207,6324,255.072049,30.926577,3.92,,天纪三
83216,6300,255.112183,-48.648272,5.98,,
83223,6317,255.122701,6.583426,6.57,,
83235,6311,255.154065,-35.934544,5.95,,
83247,,255.226793,-76.219734,6.93,,
83254,6325,255.242175,22.631946,5.69,,
83255,6139,255.243514,-86.3643,6.05,,
83262,6318,255.264742,-4.223141,4.82,,车肆增二
83274,6328,255.290095,27.196147,6.57,,
83285,,255.308892,52.604577,6.89,,
83289,6348,255.31993,60.649006,6.16,,
83308,6326,255.38774,14.94971,6.27,,
83313,6332,255.401537,33.568273,5.27,,天纪四
83317,6379,255.417492,75.29705,6.17,,
83323,6304,255.447408,-58.958295,6.26,,
83331,6321,255.463364,-18.885647,6.28,,宋增二
83336,6316,255.469265,-32.143826,5.03,,
83342,6329,255.495903,8.450686,6.33,,
83367,6333,255.578302,25.506254,5.76,,
83389,,255.652833,47.087341,6.76,,
83481,6323,255.923664,-47.160537,6.07,,
83491,6327,255.962978,-38.152795,5.91,,
83494,6351,255.972759,34.790183,6.08,,
83508,,256.003358,-25.698148,6.66,,天江增十
83535,6320,256.10297,-57.712325,5.73,,
83541,,256.11663,-28.584398,6.59,,
83545,,256.122832,-12.676676,6.91,,
83555,,256.138815,-11.088591,6.91,,
83556,,256.140235,-68.278826,6.47,,
83565,6352,256.172365,19.599115,6.19,,
83567,6340,256.188812,-20.49486,6.29,,
83574,6334,256.205641,-34.122952,4.83,,
83575,6363,256.207636,48.803501,6.11,,
83593,6362,256.270637,43.812238,6.45,,
83601,6349,256.319979,0.700418,6,,
83608,6369,256.333093,54.470516,4.91,,天棓增九
83613,6355,256.344868,12.740757,4.89,,宦者三
83635,6353,256.384428,-0.892082,5.63,,
83684,6350,256.549118,-21.565059,6.29,,天江增八
83688,6359,256.554609,10.453919,6.38,,
83692,6364,256.574526,22.083906,5.56,,
83693,6344,256.584061,-37.227745,5.98,,
83706,6347,256.618212,-35.451066,6.15,,
83787,,256.862405,-65.747906,6.85,,
83819,,256.951826,55.768389,6.87,,
83834,,257.002861,31.206065,6.44,,
83854,6365,257.061929,-17.609274,5.98,,
83855,,257.065207,16.09384,6.67,,
83857,6383,257.071081,50.842436,6.46,,
83858,,257.07201,-41.024534,6.89,,
83872,,257.131624,35.034588,6.73,,
83876,,257.139847,24.486172,6.84,,魏增五
83895,6396,257.196319,65.714807,3.17,Aldhibah,紫微左垣四
83896,6366,257.197986,-30.404153,5.93,,
83906,6372,257.226809,-3.884002,6.35,,
83947,6388,257.388166,40.77708,5.07,,
83962,6375,257.450156,-10.523995,5.43,,
83975,,257.486958,26.455428,6.95,,
83984,6356,257.526108,-61.675495,6.37,,
83998,,257.562226,-19.43628,6.93,,
84010,,257.586842,-46.738441,6.73,,
84012,6378,257.594793,-15.724286,2.43,Sabik,天市左垣十一
84021,6395,257.627468,52.408714,6.3,,
84033,6371,257.676044,-44.55816,5.06,,
84034,,257.680689,-12.701555,6.71,,
84036,6385,257.690852,12.466877,6.58,,
84056,,257.768143,-20.65545,6.81,,
84082,,257.843739,4.690273,6.77,,
84105,6374,257.911222,-48.873425,5.94,,
84106,,257.916085,45.324398,6.57,,
84108,6399,257.917997,49.746477,6.12,,
84113,6390,257.938706,7.894848,6.34,,
84143,6380,258.038509,-43.241026,3.32,,尾宿四
84147,6386,258.05665,-25.255478,6.52,,
84150,6381,258.067414,-39.507409,5.66,,
84175,6387,258.104379,-27.762433,6.12,,
84177,6393,258.115909,10.585006,5.32,,宦者四
84183,6421,258.135962,62.874644,5.54,,
84217,6394,258.226558,0.351559,6.65,,
84229,,258.24571,-58.597573,6.82,,
84236,,258.276118,54.139723,6.91,,
84275,,258.413486,21.431308,6.82,,
84311,6384,258.555909,-56.888564,6.08,,
84340,,258.639593,26.051687,6.56,,
84345,6406,258.661859,14.390543,2.78,Rasalgethi,帝座
84379,6410,258.75781,24.838196,3.12,Sarin,天市左垣一
84380,6418,258.76158,36.80918,3.16,,女床一
84401,6397,258.83021,-33.548438,5.6,,
84402,6404,258.83439,-14.584177,5.98,,
84405,6401,258.834035,-26.610137,4.33,Guniibuu,天江二
84425,6398,258.898402,-38.596381,5.95,,
84427,,258.90862,34.707528,6.78,,
84430,,258.921215,-9.808908,6.93,,
84431,6419,258.922499,23.742909,5.99,,
84434,,258.936214,-51.083306,6.94,,
84445,6403,258.963863,-30.21102,6.2,,
84455,,258.995118,27.13356,6.57,,
84477,,259.055005,71.792303,6.81,,
84479,6412,259.059486,2.186093,6.17,,
84483,,259.073201,-42.339035,6.75,,
84489,6405,259.089129,-35.752485,6.09,,
84496,6448,259.121968,60.670706,6.32,,
84500,6414,259.132132,1.210445,5.89,,
84510,6373,259.14795,-74.53334,6.24,,
84514,6415,259.152649,-0.445706,4.72,,宗正增三
84524,6413,259.178058,-6.245024,6.08,,
84535,7394,259.238573,89.037718,6.31,,勾陈增五
84551,6409,259.264446,-32.663194,5.53,,
84556,,259.273107,-44.778618,6.46,,
84560,,259.29234,13.133729,6.62,,
84573,6431,259.331518,33.100063,4.8,,天纪六
84626,6424,259.50241,-24.286951,5.14,,天江增六
84649,6428,259.580301,-16.31181,6.28,,
84656,6444,259.596858,38.811867,5.97,,
84671,6433,259.654177,10.863851,5.03,,宦者增五
84691,6443,259.702534,28.822924,5.68,,
84704,6434,259.72002,6.0855,6.51,,
84709,6426,259.747204,-34.990373,5.91,,
84720,6416,259.775617,-46.635538,5.47,,
84731,6408,259.802091,-59.694665,5.93,,
84759,6423,259.877223,-50.063968,6.27,,
84769,6529,259.905309,80.136403,5.74,,
84787,,259.96383,-48.550658,6.67,Inquill,
84792,6435,259.972272,-17.756713,6.03,,
84833,6452,260.078686,18.056725,5.01,,
84835,6464,260.08773,46.24104,5.51,,天棓增七
84846,,260.114941,-29.365213,6.97,,
84850,,260.125651,44.192393,6.84,,
84855,6467,260.142726,48.188771,6.36,,
84856,6441,260.142016,-19.334659,6.5,,
84862,6458,260.165894,32.461096,5.38,,天纪增十三
84880,6446,260.207203,-12.846858,4.32,,市楼四
84883,6449,260.219634,-10.696554,6.46,,
84887,6457,260.225727,24.499422,5.13,,魏增六
84893,6445,260.253348,-21.114241,4.39,,天江增七
84905,,260.278347,1.444775,6.95,,
84918,,260.305995,-63.582347,6.86,,
84920,,260.311131,31.256988,6.9,,
84949,6469,260.43178,39.974229,5.55,,
84950,6479,260.439238,53.420446,5.69,,
84969,6417,260.497186,-67.770722,4.76,,异雀一
84970,6453,260.502349,-24.999696,3.27,,天江三
84975,,260.517349,5.000406,6.67,,
84979,6411,260.524452,-70.123285,5.39,,异雀二
85010,,260.62502,-54.286262,6.81,,
85019,6454,260.658897,-35.910085,6.42,,
85042,6465,260.714031,-2.388863,6.28,,
85048,6456,260.728292,-37.221031,5.91,,
85049,6438,260.730013,-58.010429,5.86,,
85064,,260.768699,-7.104848,6.94,,
85079,6451,260.816921,-47.468309,5.21,,
85084,6459,260.839979,-28.143018,5.3,,天江增一
85086,,260.844487,57.011808,6.53,,
85112,6484,260.920302,37.146004,4.15,,女床三
85138,,260.99008,-65.702212,6.64,,
85139,6476,260.990107,8.852526,5.77,,
85147,6440,261.004505,-62.864207,5.69,,
85149,6488,261.009286,38.583011,6.48,,
85157,6480,261.027154,22.96005,5.7,,魏增八
85162,6460,261.054475,-44.16277,5.1,,
85185,6481,261.131492,16.300822,5.75,,
85195,6473,261.154441,-18.445814,6.34,,
85235,6518,261.241622,67.306726,6.44,,
85237,6470,261.261101,-34.696176,6.14,,
85258,6461,261.324868,-55.530042,2.84,,杵三[箕宿]
85290,6511,261.422212,60.048551,5.65,,
85312,6468,261.500349,-50.633452,5.19,,
85313,6499,261.503682,26.878864,6.38,,
85317,6514,261.520048,58.651982,6.49,,
85333,6497,261.579197,7.595601,6.01,,
85340,6486,261.592557,-24.176061,4.16,,天江四
85355,6498,261.628675,4.140405,4.34,,宗正增二
85356,,261.631462,0.822144,6.86,,
85365,6493,261.657252,-5.086869,4.53,,
85382,6506,261.692059,34.696077,5.94,,
85385,6502,261.704709,20.081081,5.52,,
85389,6477,261.716511,-45.843205,5.28,,
85391,6490,261.730335,-25.943633,6.42,,
85397,6496,261.759214,-12.512893,6.2,,市楼五
85405,,261.791124,-15.853414,6.48,,
85423,6492,261.838744,-29.867912,4.28,,糠
85470,6483,261.989828,-52.297532,5.72,,
85474,6504,262.009198,-8.209202,6.37,,
85530,,262.183259,-82.779611,6.64,,
85569,,262.303853,-31.534297,6.99,,
85589,6503,262.35691,-38.516857,6.38,,
85598,,262.370488,-61.763905,6.74,,
85622,6512,262.447068,-5.919891,6.36,,
85661,,262.583317,-4.369398,6.72,,
85666,6521,262.594464,11.924105,6.47,,
85667,6516,262.598343,-1.064021,5.31,,
85668,,262.603725,-66.870031,6.99,,
85670,6536,262.608015,52.30146,2.79,Rastaban,天棓三
85682,,262.641701,-43.226246,6.94,,
85683,,262.645663,17.521612,6.91,,
85688,6531,262.667547,38.882283,6.43,,
85693,6526,262.684759,26.110753,4.41,Maasym,天市左垣二
85715,6528,262.73074,31.158237,5.63,,
85727,6500,262.773934,-60.684482,3.6,,龟三
85749,6524,262.838766,2.72463,5.57,,
85751,6505,262.847017,-56.92099,5.99,,
85755,6519,262.854011,-23.962809,4.78,,天籥六
85760,6429,262.864338,-80.859413,5.83,,
85783,6520,262.93488,-26.269854,6.05,,天籥七
85790,6533,262.956628,28.407662,5.66,,赵增一
85792,6510,262.96007,-49.876575,2.84,,杵二[箕宿]
85806,,262.990587,0.042462,6.75,,
85810,6538,263.002281,34.271547,6.52,,
85822,6789,263.053726,86.586329,4.35,Yildun,勾陈二
85829,6555,263.06837,55.173356,4.86,,天棓二
85839,6522,263.10252,-34.27962,6.16,,
85852,,263.170112,74.227593,6.61,,御女三
85875,,263.245736,-17.495851,6.81,,
85888,6550,263.279668,41.243052,5.72,,
85889,6523,263.280816,-41.173091,5.84,,
85895,,263.297372,-58.557466,6.99,,
85912,6541,263.34491,19.256094,5.65,,
85923,6560,263.381793,57.558755,6.15,,
85927,6527,263.402093,-37.104012,1.62,Shaula,尾宿八
85930,6542,263.414086,16.317153,5.68,,
85934,6543,263.428402,14.841129,6.36,,
85967,,263.544051,-45.006411,7,,
85975,,263.569924,-48.526534,6.32,,
85987,6551,263.613446,16.504368,6.59,,
85998,6548,263.652924,9.586638,5.8,,候增五
86011,6535,263.677076,-32.581672,5.69,,
86019,6544,263.693141,-11.241978,5.54,,
86032,6556,263.73434,12.558612,2.08,Rasalhague,候
86036,6573,263.752071,61.871193,5.23,,天棓增十
86049,,263.780922,-13.638058,6.87,,
86060,6545,263.827067,-22.043875,6.47,,天籥五
86064,6530,263.832859,-53.353046,6.09,,
86092,6537,263.914712,-46.505928,4.56,,杵一[箕宿]
86096,6563,263.926624,37.301613,6.13,,
86097,,263.927307,-6.120066,6.61,,
86118,6559,263.998259,20.996145,6.11,,
86153,,264.08921,27.566196,6.37,,
86170,6546,264.136666,-38.636475,4.26,,尾宿增三
86182,6574,264.157211,48.586045,5.35,,天棓增四
86201,6596,264.237916,68.76002,4.77,,尚书增一
86228,6553,264.329769,-42.99783,1.86,Sargas,尾宿五
86254,6571,264.37952,24.31005,5.76,,赵增二
86263,6561,264.396404,-15.398948,3.54,,天市左垣十
86284,6567,264.461236,-8.118901,4.58,,市楼一
86305,6549,264.522435,-54.501389,5.25,,
86317,,264.549892,-28.04686,6.83,,
86362,6579,264.706413,32.739286,6.58,,
86373,6577,264.740919,13.329539,6.12,,
86391,6575,264.785725,2.027906,6.25,,
86400,,264.81933,3.554611,6.53,,
86404,,264.835148,-29.531064,6.72,,
86414,6588,264.86613,46.006358,3.82,,天棓五
86446,,264.949677,49.779887,6.6,,
86462,6584,264.989592,31.202541,6.05,,
86463,,264.990385,-0.639333,6.51,,
86476,6578,265.049725,-2.152367,6.08,,
86482,,265.075462,63.67629,6.79,,
86501,6599,265.156987,43.471029,6.36,,
86510,,265.18469,-67.854303,6.48,,
86527,,265.243921,-32.214505,6.01,,
86550,,265.307469,41.655025,7,,
86561,6607,265.340446,51.81818,6,,
86564,,265.347139,67.152145,6.64,,
86565,6581,265.353177,-12.87566,4.24,,市楼二
86575,6590,265.384651,6.313136,5.97,,
86596,,265.448991,21.500676,6.73,,
86614,6636,265.485382,72.147117,4.57,Dziban,女史增一
86623,6594,265.494261,15.953088,5.54,,
86624,,265.495928,-33.50382,6.66,,
86628,6576,265.515107,-50.510799,6.28,,
86667,6602,265.617779,24.563394,5.56,,
86670,6580,265.621931,-39.030146,2.39,,尾宿七
86677,,265.646711,-4.849824,6.62,,
86679,,265.652995,29.418902,6.64,,
86698,6583,265.712964,-36.945716,5.53,,
86736,6595,265.856808,-21.683479,4.86,,天籥三
86737,,265.858311,-35.297666,6.92,,
86742,6603,265.867873,4.568317,2.76,Cebalrai,宗正一
86768,6601,265.945874,-7.079674,6.3,,市楼六
86782,6618,265.996718,53.801612,5.75,Alruba,
86791,,266.017973,45.034804,6.75,,
86796,6585,266.036114,-51.835275,5.12,Cervantes,
86808,,266.07103,33.226097,6.98,,
86813,,266.076549,13.784097,6.91,,
86815,6565,266.082231,-72.220221,6.51,,
86847,6597,266.175095,-42.729308,5.87,,
86850,,266.182717,-46.042664,6.71,,
86871,6586,266.232987,-57.545621,5.97,,
86906,,266.363827,11.144739,6.93,,
86925,6619,266.417676,31.504664,6.22,,
86929,6582,266.433112,-64.724232,3.61,,孔雀一
86943,,266.486743,-48.934337,6.83,,
86946,6626,266.493573,39.322628,6.51,,
86954,,266.530538,5.530154,6.85,,
86969,,266.603648,1.044349,6.64,,
86974,6623,266.612582,27.715885,3.42,,天市左垣三
87024,,266.721728,36.087301,6.55,,
87042,6613,266.780359,-38.112339,6.41,,
87044,6627,266.78361,17.696942,5.61,,
87045,6641,266.783337,47.612282,6.47,,
87072,6616,266.890079,-27.830857,4.53,,天籥八
87073,6615,266.896171,-40.127037,2.99,,尾宿六
87074,6620,266.903111,-14.725936,5.93,,
87099,6617,266.940021,-22.47785,6.18,,
87102,,266.948136,-34.310707,6.94,,
87105,,266.966905,34.277847,6.61,,
87108,6629,266.973025,2.706796,3.75,,宗正二
87150,6633,267.084439,3.80426,6.22,,
87158,6638,267.103372,20.565476,5.69,,
87174,6614,267.158341,-55.401522,6.09,,
87192,6642,267.199405,19.255075,6.13,,
87194,6644,267.204759,25.622623,5.09,,九河增一
87211,,267.265111,62.799252,6.7,,
87212,6656,267.267324,50.78247,5.02,,天棓增二
87220,6628,267.293688,-31.703255,4.79,,
87223,,267.32273,-30.597721,6.65,,
87234,6701,267.363684,76.964464,5.02,,天柱增六
87261,6630,267.464853,-37.043125,3.19,Fuyue,傅说
87264,,267.470973,-61.714823,6.41,,
87289,,267.538346,9.848002,6.74,,
87293,6717,267.542225,78.306603,6.25,,
87308,6654,267.59561,29.322449,5.51,,
87314,6622,267.618341,-53.612474,5.68,,
87335,6650,267.681616,11.946336,6.19,,
87341,6655,267.701724,22.316199,6.14,,
87344,,267.715439,-42.330528,6.69,,
87363,,267.767731,8.531042,6.97,,
87393,6624,267.897805,-60.164158,5.78,,
87404,6640,267.935781,-45.600757,6.09,,
87410,,267.952201,-19.52567,6.8,,
87427,6665,267.993537,15.326629,6.43,,
87428,6659,267.997662,-1.23679,6.33,,
87434,6674,268.004083,46.642836,6.37,,
87440,,268.010722,24.304405,7,,
87478,,268.105716,60.396644,6.86,,
87485,,268.130305,16.900294,6.6,,
87491,6667,268.147462,1.304918,5.91,,
87495,6661,268.161259,-6.14361,6.18,,
87558,6670,268.308272,6.101871,5.77,,
87563,6677,268.325184,40.00828,5.17,,天纪增十四
87564,6634,268.32543,-65.489015,6.48,,
87569,6658,268.347833,-34.895163,5.58,,
87585,6688,268.383295,56.873144,3.73,Grumium,天棓一
87642,,268.531565,-11.33755,6.51,,
87655,6676,268.558558,11.129516,6.24,,
87670,6735,268.611013,75.171553,6.39,,
87671,6668,268.613035,-34.466753,6.1,,
87675,,268.618117,3.732017,6.57,,
87706,6672,268.725187,-24.887112,6.18,,天籥一
87710,,268.73994,-7.734289,6.92,,
87730,,268.800128,69.615405,6.86,,
87747,6685,268.854988,26.050022,5.47,,
87777,6687,268.961703,22.464219,5.62,,
87782,6679,268.979133,-18.802283,6.48,,
87808,6695,269.063281,37.250585,3.86,,天纪九
87810,,269.067024,-32.475019,6.59,,
87812,6684,269.076641,0.670353,5.82,,
87813,6681,269.079264,-15.812945,5.93,,
87819,,269.088635,-21.956336,6.86,,
87833,6705,269.151445,51.488749,2.24,Eltanin,天棓四
87834,,269.15956,18.612472,6.55,,
87836,6680,269.174559,-28.06551,5.76,,
87846,6675,269.197563,-44.34237,4.85,,
87847,6686,269.198901,-4.08188,5.44,,
87865,6678,269.233162,-40.305629,6.46,,
87875,6689,269.268105,0.066606,5.95,,
87877,,269.271274,45.856644,6.75,,
87892,,269.304988,-55.381407,6.55,,
87895,6697,269.309578,23.99636,6.32,,
87926,6635,269.423724,-76.17796,6.08,,
87928,,269.428041,-56.896326,6.26,,
87933,6703,269.441783,29.247761,3.7,,中山增一
87936,6682,269.449187,-41.716391,4.88,,
87948,6683,269.490714,-39.136673,6.28,,
88017,,269.669064,35.631936,7,,
88038,6691,269.732121,-36.858289,5.74,,
88048,6698,269.756573,-9.774374,3.32,,天市左垣九
88060,6693,269.772036,-30.253076,5,,
88082,,269.839081,-77.823879,6.74,,
88103,,269.903613,43.235859,6.71,,
88116,6700,269.948091,-23.816455,4.74,,天籥增二
88122,6728,269.984237,45.50116,5.69,,
88125,6704,270.000356,-20.339699,6.22,,
88128,6713,270.01418,16.750851,4.67,,帛度增三
88136,6810,270.040162,80.004888,5.74,,天柱增五
88144,,270.052429,8.855889,6.88,,
88149,6712,270.065844,4.368533,4.79,,宗人一
88152,,270.06751,-47.553969,6.7,,
88172,6720,270.115267,19.505791,6.42,,
88175,6710,270.121851,-3.690553,4.62,,东海增一
88190,6726,270.151522,33.21353,6.01,,
88192,6714,270.16133,2.931515,3.93,,宗人二
88213,6719,270.220261,6.26825,6.36,,
88217,6722,270.238292,15.092915,6.28,,
88234,,270.270804,47.403108,6.87,,
88258,6715,270.346319,-17.156911,6.27,,斗宿增一
88267,6729,270.376754,21.59603,4.26,,帛度一
88274,6552,270.392545,-85.214478,6.45,,
88290,6723,270.438417,1.304989,4.42,,宗人三
88298,6716,270.476584,-22.780317,5.72,,
88328,,270.594992,-60.137391,6.94,,
88349,,270.627941,58.627414,6.86,,
88384,,270.726241,-27.826688,6.69,,
88415,6753,270.787248,48.464355,6.26,,
88454,,270.89104,-66.538562,6.89,,
88528,6754,271.167663,23.941548,6.34,,
88533,6764,271.180203,40.084335,6.52,,
88563,,271.25151,16.926624,6.97,,
88565,6767,271.253149,41.946917,6.38,,
88581,,271.293966,-24.398587,6.86,,
88583,,271.296862,66.945607,6.86,,
88599,6646,271.363115,-81.486882,6.37,,
88601,6752,271.364481,2.493949,4.03,,宗人四
88606,,271.37836,51.947461,6.84,,
88614,,271.386884,-37.47204,6.84,,
88622,,271.405872,4.655115,6.8,,
88627,6758,271.430406,12.003831,6.51,,
88635,6746,271.451607,-30.425252,2.98,Alnasl,箕宿一
88636,6768,271.456853,32.230546,5.72,,
88654,,271.499774,57.359737,6.97,,
88657,6765,271.507833,22.218846,4.96,,屠肆二
88670,6755,271.53081,-8.324063,5.84,,
88671,6757,271.53081,-0.446209,6.32,,
88675,,271.538432,-51.743946,6.46,,
88684,6756,271.564223,-4.751446,5.74,,
88694,6748,271.599658,-36.019737,5.94,,
88714,6743,271.657715,-50.091535,3.65,,杵增一[箕宿]
88716,,271.668534,64.221448,6.67,,
88726,6749,271.707958,-43.425885,4.92,,
88732,6790,271.722875,50.823414,6.31,,
88745,6775,271.75566,30.562853,5.05,,中山增三
88754,6792,271.776232,49.710568,6.32,,
88760,6762,271.797297,-21.443951,6.22,,
88771,6771,271.837048,9.564357,3.71,,宗人增一
88788,6791,271.869779,43.461522,5,,
88794,6779,271.885625,28.762538,3.84,,天市左垣四
88814,6776,271.951522,13.071166,6.61,,
88816,6769,271.95073,-17.153788,5.52,,
88817,6782,271.956194,26.09753,5.79,,中山增七
88836,6793,272.008568,36.400076,5.49,,
88839,6766,272.020917,-28.457295,4.55,,
88862,6784,272.140527,14.284713,6.34,,
88866,6745,272.145308,-63.669883,4.33,,孔雀二
88878,,272.163613,-2.9074,6.75,,
88899,6794,272.220331,20.045097,5.1,,帛度增二
88900,,272.220632,24.966573,6.72,,
88981,6785,272.430838,-13.934457,6.38,,
89006,6760,272.489523,-59.040196,6.38,,
89023,6803,272.53635,16.476517,6.09,,
89042,6761,272.607958,-62.000701,5.47,,
89047,6817,272.633011,54.28813,5.97,,
89065,6800,272.668036,3.324221,5.5,,
89086,6788,272.730628,-33.800076,6.13,,
89096,6778,272.768331,-47.513313,6.07,,
89097,,272.771773,-25.762236,6.67,,
89104,6827,272.779724,60.40956,6.5,,
89112,6783,272.807181,-45.954657,4.52,,
89114,6798,272.81158,-19.842155,6.33,,
89115,6731,272.816279,-75.893394,5.86,,
89133,,272.86226,-5.205019,6.74,,
89143,,272.896383,48.289157,6.65,,
89153,6801,272.930616,-23.701412,4.96,,
89156,6814,272.938102,33.447136,5.98,,
89172,6815,272.975559,31.40551,4.96,,中山增四
89234,6751,273.140631,-73.674095,5.86,,
89279,6826,273.270022,38.773543,6.04,,
89288,6813,273.291769,-4.011464,6.59,,
89290,6804,273.302889,-41.336148,5.47,,
89298,6820,273.319445,21.880656,6.14,,
89309,,273.354634,11.884245,6.88,,
89330,,273.405533,-31.967386,6.79,,
89341,6812,273.440886,-21.058843,3.84,Polis,斗宿三
89348,6850,273.47949,64.397517,4.99,,扶筐增一
89382,6774,273.600357,-70.751314,6.7,,
89401,6849,273.670654,56.588397,6.66,,
89408,6831,273.683412,29.205773,6.51,,
89429,,273.771303,-29.823123,6.81,,
89448,6865,273.821464,68.755403,5.96,,柱史增二
89470,6825,273.878182,-18.661591,6.05,,
89474,6847,273.884575,45.208588,6.3,,
89482,6845,273.911541,42.159353,5.56,,
89505,,273.972548,30.399939,6.76,,
89507,6818,273.973313,-44.206367,5.45,,
89527,6834,274.023173,2.377334,6.1,,
89587,6840,274.221385,-3.009147,5.99,,
89597,6821,274.253842,-51.068341,6.06,,
89601,6844,274.270098,1.005554,6.62,,
89604,6853,274.276929,40.937132,6.12,,
89605,6819,274.281327,-56.023435,5.36,,
89609,6838,274.29843,-17.373976,5.81,,
89623,6843,274.350695,-9.758874,6.29,,
89637,6833,274.400992,-34.107318,6.03,,
89642,6832,274.405773,-36.762752,3.1,,箕宿四
89674,6808,274.503991,-68.229369,6.32,,
89677,6851,274.512242,13.776992,6.29,,
89678,6842,274.513335,-27.042659,4.66,,
89684,6852,274.532104,18.131707,6.24,,
89694,,274.575299,46.406894,7,,
89698,,274.58497,-54.332505,6.91,,
89726,6839,274.667342,-42.288437,6.3,,
89772,6857,274.789439,7.259779,5.41,,
89773,6860,274.794548,24.446094,5.3,,屠肆增二
89777,,274.818125,15.826026,6.98,,
89805,6828,274.917764,-63.888326,6.17,,
89807,,274.919103,67.435189,6.92,,
89808,,274.921316,-45.700017,6.84,,
89826,6872,274.96533,36.064813,4.33,,织女增四
89835,6880,274.983225,51.347494,6.3,,
89840,,275.007103,-48.765416,6.56,,
89846,,275.021692,-7.981394,6.54,,
89851,6858,275.03691,-15.831945,5.39,,
89902,,275.176109,-59.839909,6.99,,
89908,6920,275.189169,71.338041,4.22,,柱史
89912,,275.205534,27.53101,6.99,,
89918,6866,275.216954,3.377219,4.85,,宗人增四
89931,6859,275.248728,-29.828273,2.72,Kaus Media,箕宿二
89935,6877,275.254274,28.870267,5.12,,中山增六
89937,6927,275.27553,72.7306,3.55,,御女四
89954,,275.301703,-26.085093,6.91,,
89962,6869,275.323997,-2.903302,3.23,,天市左垣八
89968,6863,275.345771,-18.860041,5.76,,
89977,6873,275.368311,5.435675,6.14,,
89980,6861,275.380714,-24.91529,6.19,,
89981,6891,275.385851,49.121921,5.02,,
90012,6864,275.500625,-28.429985,6.15,,
90023,6882,275.536333,23.285674,5.41,,
90037,6862,275.577041,-38.657074,5.09,,
90052,6883,275.647228,12.029773,5.99,,
90067,6885,275.704821,17.826719,5.25,,
90083,6878,275.758861,-10.219126,6.32,,
90086,6887,275.76214,16.687909,6.22,,
90096,6881,275.800634,-12.014881,5.71,,
90098,6855,275.806754,-61.493887,4.35,,孔雀增二
90124,6874,275.870166,-36.237955,5.52,,
90133,6829,275.901967,-75.044149,5.47,,
90135,6884,275.915272,-8.934049,4.66,,
90139,6895,275.925873,21.7682,3.85,,屠肆一
90140,,275.933495,38.345228,6.92,,
90146,6911,275.950161,53.300768,6.35,,
90156,6923,275.977072,58.801133,4.98,,扶筐三
90170,,275.999994,43.907711,6.63,,
90176,,276.023244,20.452699,6.75,,
90179,,276.034992,79.223105,6.54,,
90182,7025,276.039609,83.17525,6.16,,
90185,6879,276.042696,-34.385409,1.79,Kaus Australis,箕宿三
90187,,276.045647,42.466776,6.65,,
90191,6903,276.057258,39.507211,5.11,,织女增三
90200,6875,276.076028,-44.1104,5.24,,
90238,6892,276.176404,-7.076103,6.28,,
90253,6898,276.238395,-1.579439,6.15,,
90260,6888,276.254979,-30.757015,5.58,,
90281,,276.313336,-13.97844,6.61,,
90289,6896,276.337733,-20.541862,4.81,,斗宿增三
90313,6902,276.411636,8.031959,5.64,,
90337,6906,276.480074,14.966106,6.37,,
90342,6917,276.495128,29.828775,5.81,,
90344,6945,276.498051,65.563307,4.82,Fafnir,扶筐增二
90398,6924,276.670555,26.449177,6.5,,
90422,6897,276.743255,-45.968799,3.49,,鳖一
90437,,276.786968,-8.040342,6.5,,
90441,6918,276.802104,0.196052,5.2,,东海增二
90485,6907,276.956166,-29.816767,5.9,,
90487,6925,276.959663,3.748518,6.07,,
90494,6919,276.985317,-17.800375,6.19,,
90496,6913,276.992339,-25.42289,2.82,Kaus Borealis,斗宿二
90497,6928,276.994879,6.193955,5.71,,
90510,6914,277.025643,-26.757474,6.28,,
90513,,277.029604,-22.999515,6.96,,
90549,,277.146018,-77.366652,6.84,,
90568,6905,277.209101,-49.072051,4.1,,
90595,6930,277.299424,-14.565836,4.67,,
90606,6837,277.332209,-80.233112,5.95,,
90609,,277.336908,17.983847,6.78,,
90637,6943,277.398789,23.866189,5.87,,
90642,6935,277.420947,-1.985524,5.38,,东海增四
90647,7006,277.437421,77.547065,5.65,,
90662,6922,277.483375,-47.220632,5.69,,
90664,6908,277.48709,-57.5233,5.74,,
90665,,277.488019,10.483341,6.91,,
90687,6933,277.549655,-18.729372,5.63,,
90692,6940,277.559545,-5.724277,6.27,,
90762,6955,277.768303,16.928422,5.76,,
90775,,277.798219,-36.809204,6.98,,
90797,6916,277.843435,-62.278594,4.63,,孔雀三
90806,6944,277.859527,-18.402835,5.12,,
90842,6937,277.984246,-43.507431,5.71,,
90844,6957,277.987552,-1.003007,5.93,,东海增三
90858,6958,278.028751,3.659623,6.41,,
90882,,278.078093,67.776794,6.66,,
90887,6942,278.089158,-39.704241,5.16,,
90904,,278.138636,-35.349692,6.95,,
90905,6978,278.143854,57.045552,4.77,,扶筐二
90908,,278.157842,46.092599,6.69,,
90923,6968,278.208249,30.554284,5.47,,
90930,6899,278.230761,-73.966154,5.88,,
90936,6948,278.25453,-39.892536,6.22,,
90939,,278.258464,-16.560183,6.97,,
90948,,278.285512,40.532361,6.93,,
90971,6967,278.347093,8.268193,6.42,,
90981,6939,278.373102,-58.709451,6.4,,
90982,6951,278.376053,-42.312643,4.62,,鳖十一
90991,6962,278.412772,-14.853676,5.74,,
91004,6961,278.47285,-24.032328,5.49,,
91013,6983,278.48621,52.353537,5.38,,
91014,6960,278.490718,-33.016632,5.28,,
91035,,278.560386,-66.279343,6.76,,
91041,6975,278.581587,20.466375,6.57,,
91050,,278.605192,-54.088258,6.72,,
91062,6954,278.62948,-52.89179,6.21,,
91084,,278.674833,-50.721736,6.79,,
91105,6970,278.760292,-10.977238,5.12,,
91117,6973,278.801656,-8.246083,3.85,,天弁一
91118,6977,278.802667,18.203458,5.79,,
91135,,278.849003,-19.268609,6.77,,
91137,,278.860778,-32.890728,6.86,,
91139,6980,278.876678,23.605535,5.62,,
91142,,278.902251,4.935798,6.47,,
91159,6981,278.972083,16.975242,6.21,,
91163,,278.978803,72.380375,6.81,,
91172,6972,278.998556,-29.699169,6.36,,
91185,,279.032653,-6.742172,6.95,,
91217,6985,279.115926,9.121636,5.38,,
91234,,279.154203,22.107528,6.76,,
91235,6997,279.155541,33.469033,5.41,,
91237,6987,279.162617,6.670884,5.43,,
91245,,279.172562,-56.227463,6.94,,
91247,,279.175431,15.448223,6.75,,
91250,7003,279.189993,43.221744,6.21,,
91259,,279.225209,3.789922,6.6,,
91262,7001,279.236384,38.78553,0.03,Vega,织女一
91273,,279.263732,-28.513926,6.78,,
91281,,279.289386,0.951281,6.88,,
91286,6992,279.3025,11.421456,6.57,,
91292,,279.315149,-40.803834,6.96,,
91308,,279.373998,-2.919996,6.74,,
91314,,279.386566,-12.350166,6.95,,
91315,7018,279.389462,62.526926,5.74,,
91322,6993,279.399926,-0.309599,5.76,,
91337,,279.439404,-4.806502,6.77,,
91343,,279.464894,-17.231297,6.78,,
91361,,279.499728,28.629964,6.92,,
91394,6999,279.599203,-3.193425,6.49,,
91405,6990,279.627972,-23.505019,5.78,,
91408,,279.643354,15.083737,6.78,,
91438,6998,279.721983,-21.052841,5.85,,
91461,6986,279.809819,-47.909672,5.84,,
91466,,279.82449,-34.166416,6.65,,
91469,,279.830719,59.528029,6.92,,
91491,7017,279.887792,40.935052,6.25,,
91494,6991,279.896234,-43.186149,5.42,,
91533,7016,280.007922,30.84969,6.43,,
91568,,280.090676,26.130897,6.85,,
91659,,280.368884,12.236578,6.83,,
91677,7014,280.42694,-14.564248,6.4,,
91707,7033,280.533682,34.746282,6.49,,
91723,6912,280.560757,-81.808222,6.27,,
91726,7020,280.568489,-9.052536,4.7,,天弁二
91751,7024,280.650451,-7.073711,6.13,,
91755,7049,280.658101,55.539608,5.03,,扶筐一
91781,7023,280.72949,-19.284423,6.32,,
91792,6982,280.758915,-71.429128,4.01,,孔雀八
91847,,280.881885,-11.33702,6.95,,
91875,7021,280.945597,-38.323785,5.11,,
91882,,280.964613,10.901136,6.56,,
91883,7044,280.964722,31.925807,5.68,,
91887,,280.97677,47.61596,6.68,,
91915,7075,281.076109,61.048265,6.02,,
91918,7029,281.080671,-35.642161,4.86,,农丈人
91926,7053,281.09496,39.613052,4.59,,织女增二
91958,7047,281.168016,23.589336,6.3,,
91971,7056,281.193397,37.605283,4.34,,织女三
91974,7035,281.206675,-25.011048,5.82,,
91975,7040,281.208123,2.059942,5.02,,徐增一
91985,7071,281.230935,54.897171,6.26,,
92008,7015,281.298363,-61.095345,6.04,,
92016,7038,281.327924,-21.001797,6.35,,
92021,7022,281.349016,-56.882102,6.22,,
92024,7012,281.362567,-64.872208,4.78,,孔雀增一
92027,7048,281.368277,5.50014,5.82,,
92036,7058,281.398439,21.984694,6.53,,
92039,,281.404941,-48.264033,6.81,,
92040,7160,281.409203,79.943102,6.4,,
92041,7039,281.414476,-26.990775,3.17,,斗宿一
92043,7061,281.41546,20.544164,4.19,,宗一
92056,7117,281.444994,74.086078,5.25,,
92072,,281.483325,-50.872813,6.24,,
92085,,281.515153,-42.566439,6.93,,
92088,7064,281.518814,26.662285,4.83,,
92098,7073,281.554222,41.441811,6.06,,
92111,7046,281.586078,-22.392154,5.37,,
92112,7124,281.592334,75.434406,5.37,,御女二
92117,7059,281.619273,-0.961832,5.89,,天弁增一
92136,7055,281.680526,-10.125073,5.69,,
92142,,281.696618,-29.631874,6.83,,
92156,7080,281.74615,46.314823,6.52,,
92157,7037,281.746314,-50.094902,6.54,,
92161,7069,281.755876,18.182279,4.34,,宗二
92175,7063,281.793579,-4.747969,4.22,,天弁四
92191,,281.833085,16.908454,6.8,,
92226,7050,281.936111,-40.406286,5.2,,
92233,6994,281.953897,-77.867292,6.39,,
92246,,281.996545,-16.776483,6.94,,
92254,7076,282.01108,4.241513,6.2,,
92262,,282.048782,-14.708635,6.86,,
92268,,282.06165,-33.908327,6.94,,
92269,7096,282.066787,48.767868,6.12,,
92275,,282.091075,-37.013642,6.94,,
92301,7072,282.189238,-18.601134,6.46,,
92308,7062,282.210603,-43.68018,5.46,,鳖二
92312,7086,282.222542,19.328587,5.89,,
92329,,282.262786,-32.710387,6.69,,
92343,,282.305679,27.720215,6.98,,
92346,7091,282.309477,25.046526,6.74,,
92352,,282.336169,43.734651,6.54,,
92386,7085,282.405045,0.836097,6.24,,
92390,7078,282.417093,-20.324435,5.22,,建增一
92391,7083,282.420645,-5.912937,5.99,,
92393,,282.426983,15.934495,6.68,,
92396,7098,282.433759,31.629459,6.64,,
92420,7106,282.519983,33.36264,3.52,Sheliak,渐台二
92442,7089,282.583559,-7.90764,6.82,,
92450,,282.606918,7.457957,6.88,,
92456,,282.62984,-13.572313,6.48,,
92475,7099,282.689836,10.976433,6.37,,
92488,7094,282.743822,-9.774079,5.82,,天弁增六
92508,,282.786552,-39.174823,6.98,,
92512,7125,282.80136,59.388515,4.63,,扶筐四
92524,7101,282.842314,-3.317993,6.08,,天弁增三
92549,7123,282.894879,52.976685,5.51,,
92593,7109,283.007987,13.965594,6.19,,
92602,,283.035198,-21.921832,6.58,,建增四
92608,,283.049678,-41.70939,6.47,,
92609,7074,283.054295,-62.187677,4.22,,孔雀四
92630,7092,283.113718,-46.595117,5.51,,
92643,7104,283.154344,-29.379973,6.12,,
92646,7087,283.165573,-52.107981,5.18,,
92649,7105,283.173687,-30.734174,6.64,,
92676,7095,283.259611,-48.3614,6.17,,
92689,7137,283.306493,50.708045,4.92,,
92690,,283.306603,-73.629794,6.93,,
92713,,283.369112,42.902587,6.61,,
92731,7153,283.443206,57.486458,6.24,,
92733,,283.452523,-19.797233,6.98,,
92738,,283.475363,82.370162,6.89,,
92768,7132,283.555139,27.909073,5.64,,
92782,7180,283.600355,71.297462,4.82,,紫微左垣五
92788,,283.62131,-45.48629,6.65,,
92791,7139,283.626119,36.898635,4.22,,渐台一
92799,7108,283.635162,-49.879253,6.58,,
92800,,283.63691,20.615283,6.85,,
92814,7119,283.679613,-15.603072,5.08,,
92818,7133,283.687071,22.645082,4.57,,齐增一
92824,6721,283.698546,-87.605516,5.29,,
92831,7146,283.717397,41.60271,5.46,,
92833,7140,283.718763,33.968566,5.99,,
92855,7121,283.816463,-26.297058,2.05,Nunki,斗宿四
92862,7157,283.83392,43.946605,4.08,,辇道一
92872,7135,283.864383,6.614722,5.58,,徐增二
92902,,283.940526,-56.423377,6.77,,
92920,,283.972874,35.810504,6.67,,
92928,,284.00044,-80.727939,6.57,,
92931,7128,284.00279,-23.173838,5.91,,
92946,7141,284.055164,4.203768,4.62,Alya,天市左垣七
92950,,284.05989,-18.70957,6.63,,
92953,7122,284.070382,-42.71087,5.35,,
92963,7143,284.094397,-1.799989,6.2,,
92969,7187,284.106909,65.257902,5.62,,
92972,,284.113548,-31.689086,6.45,,
92989,7129,284.168818,-37.343393,5.36,,鳖九
93015,7107,284.237503,-67.233391,4.4,,孔雀五
93026,7149,284.26567,-5.846575,4.83,,天弁五
93049,,284.309629,-43.917187,6.27,,
93051,7158,284.31911,2.535266,5.56,,徐增四
93053,7191,284.322334,62.39651,6.5,,
93074,7136,284.39334,-39.822957,6.29,,
93085,7150,284.432737,-21.106733,3.52,,建一
93117,,284.543085,-83.422284,6.35,,
93124,7165,284.561445,17.360848,5.33,,
93148,7134,284.615813,-52.938686,4.85,,
93163,7127,284.650265,-60.200345,5.14,,孔雀增三
93174,7152,284.679689,-37.108063,4.83,,鳖八
93177,7179,284.694142,40.679193,6.2,,
93185,,284.712938,30.181889,6.8,,
93187,7224,284.719359,69.531367,6.52,,
93194,7178,284.735915,32.689569,3.25,Sulafat,渐台三
93203,7172,284.774055,13.621447,5.27,,吴越增三
93210,7185,284.801212,39.217314,6.43,,
93218,7173,284.822276,10.140984,6.75,,
93225,7166,284.84916,-12.84066,5.51,,
93233,,284.862656,-75.390119,6.7,,
93238,,284.871863,-70.469404,6.49,,
93244,7176,284.905304,15.067826,4.02,,吴越增一
93256,7181,284.940138,26.230332,5.26,,
93270,7183,284.99202,22.814575,6.28,,
93299,7210,285.057071,50.533486,5.39,,
93340,7218,285.180943,55.658255,5.51,,扶筐六
93350,,285.208892,42.251625,6.82,,
93354,7204,285.230038,33.802179,6.04,,
93408,7215,285.360003,46.934263,5,,辇道增一
93419,7206,285.395411,25.025958,6.74,,
93423,7182,285.407268,-22.695361,6.25,,
93429,7193,285.419945,-5.739369,4.02,,天弁六
93438,,285.452539,12.540878,6.83,,
93462,,285.520895,60.128621,6.87,,
93488,7208,285.589935,8.373564,6.25,,
93498,7195,285.615152,-24.847958,5.63,,
93502,,285.642309,-10.721859,6.64,,
93506,7194,285.652882,-29.880083,2.6,Ascella,斗宿六
93523,7216,285.719299,19.661,6.11,,
93526,7209,285.72714,-3.698942,5.4,,天弁九
93537,7203,285.76588,-19.245759,5.96,,
93542,7188,285.779131,-42.095395,4.74,,鳖三
93546,,285.793884,-47.052084,6.86,,
93552,7197,285.823855,-38.253055,5.73,,
93557,,285.830494,0.57608,6.7,,
93580,7214,285.884535,1.818329,5.82,,
93603,7222,285.927128,21.268345,6.61,,
93624,7190,285.990239,-51.019546,5.93,,
93629,,286.004445,-57.959933,6.3,,
93637,,286.025646,-63.784773,6.96,,
93645,,286.04152,17.556564,6.93,,
93647,7219,286.044743,3.330666,6.72,,
93656,,286.065535,43.880509,6.99,,
93667,7211,286.104439,-31.047202,5.49,,
93683,7217,286.171293,-21.741867,3.76,,建二
93708,,286.22129,15.735977,7,,
93713,7251,286.229814,53.39679,5.4,,扶筐七
93720,7238,286.243037,30.733259,6.07,,
93732,,286.285603,9.642101,6.88,,
93743,7231,286.327267,-1.512143,6.51,,
93747,7235,286.352484,13.86287,2.99,Okab,天市左垣六
93763,7230,286.421579,-15.660485,5.93,,
93801,,286.54485,-9.632271,6.63,,
93805,7236,286.562117,-4.883131,3.43,,天弁七
93808,7258,286.570996,41.413766,6.51,,
93815,7213,286.583454,-52.341645,5.17,,
93822,,286.596076,7.15588,6.71,,
93825,7226,286.605393,-37.065224,4.23,,鳖七
93843,7253,286.657767,28.629134,5.53,,
93845,7250,286.660389,24.250885,5.78,,
93855,7239,286.717135,-16.229382,6,,
93862,7223,286.731806,-48.299222,5.95,,
93864,7234,286.734674,-27.672023,3.32,,斗宿五
93867,7248,286.744182,11.071027,5.07,,吴越增四
93903,7262,286.825543,36.100128,5.25,,渐台四
93917,7261,286.857509,32.501944,5.2,,渐台增三
93966,7260,286.989277,16.851439,6.08,,
93972,,287.003893,-7.848084,6.86,,
93975,7263,287.014985,21.699409,6.22,,齐增九
93993,7246,287.06072,-24.657425,6.3,,
93996,7249,287.069627,-19.290297,5.56,,
94005,7242,287.087768,-40.496875,4.57,,鳖四
94013,7275,287.106401,52.42538,5.88,,
94030,,287.157081,24.179317,6.7,,
94041,,287.185166,-23.190374,6.66,,
94053,,287.21776,-2.287062,6.58,,
94054,7233,287.218689,-55.721165,6.44,,
94067,,287.248851,14.780825,6.74,,
94068,7266,287.249589,6.072706,5.23,,徐增三
94083,7312,287.292564,76.559734,5.11,,天柱四
94114,7254,287.368789,-37.905091,4.11,Meridiana,鳖六
94124,7256,287.401465,-36.164889,6.54,,
94140,7290,287.440916,65.978698,6.26,,天厨增一
94141,7264,287.440971,-21.02385,2.88,Albaldah,建三
94142,,287.441927,37.794032,6.83,,
94149,7269,287.464986,-0.428154,6.34,,
94150,7221,287.472963,-68.424719,5.31,,
94156,,287.484793,35.660985,6.55,,
94157,7257,287.49023,-41.892327,5.86,,
94160,7259,287.50736,-39.341032,4.1,,鳖五
94168,,287.534408,-71.548472,6.64,,
94236,,287.742892,-6.621988,6.84,,
94272,7270,287.828488,-29.502428,6.28,,
94280,7284,287.846575,40.428931,6.2,,
94290,7280,287.879332,26.735667,6.35,,
94311,7283,287.941678,31.283434,5.93,,
94331,,288.013641,2.622525,6.94,,
94336,7293,288.018914,49.859746,5.85,,
94351,,288.065496,47.374981,6.54,,
94376,7310,288.140327,67.662128,3.07,Altais,天厨一
94377,7285,288.143579,16.846346,6.73,,
94385,7279,288.169725,-7.939563,5.35,,天弁增四
94398,7271,288.192701,-50.486689,6.12,,
94437,7282,288.31477,-12.282778,5.51,,
94460,,288.388591,-62.923036,6.59,,
94477,7287,288.42796,2.293691,5.14,,右旗增二
94481,7298,288.439517,39.145966,4.43,Aladfar,辇道二
94485,,288.472439,25.758831,6.98,,
94490,7309,288.479569,57.704696,5,,扶筐增三
94510,,288.53656,-22.060722,6.98,,
94524,,288.576121,11.712752,6.77,,
94528,,288.585628,55.940496,6.74,,
94593,,288.75346,-48.962614,6.84,,
94598,7299,288.761246,20.203051,6.03,,
94604,7425,288.783922,83.462794,6.5,,
94624,7300,288.833728,15.08358,5.58,,
94627,,288.84299,-6.049697,6.63,,
94630,7302,288.853836,30.526212,5.88,,
94643,7292,288.885446,-25.256882,4.86,,狗增六
94646,,288.888943,18.516417,6.46,,
94648,7352,288.885146,73.356136,4.45,,御女一
94685,7308,288.997899,27.926306,6.18,,
94703,7306,289.054343,21.390389,4.76,,齐增三
94712,7289,289.090571,-45.465957,5.38,,
94713,7314,289.092046,38.133738,4.35,,辇道三
94714,,289.093549,-75.80023,6.61,,
94720,7307,289.11169,14.544616,5.65,,
94727,7303,289.129393,4.834729,5.59,,右旗增一
94730,7296,289.136606,-33.522319,6.58,,
94733,,289.144611,6.596616,6.68,,
94755,7322,289.214006,47.000967,6.02,,
94760,,289.221738,63.207295,6.93,,
94770,,289.252118,-65.227856,6.42,,
94779,7328,289.276352,53.369244,3.8,,奚仲一
94789,7278,289.301104,-66.661075,5.52,,
94820,7304,289.408584,-18.952976,4.88,,建四
94823,,289.416644,-15.967254,6.62,,建增九
94827,7318,289.431834,23.025517,5.46,,齐增四
94858,7297,289.541008,-53.387607,6.36,,
94885,7319,289.635456,1.085243,5.1,,
94890,7341,289.657995,49.569743,6.32,,
94899,,289.672749,-56.1448,6.81,,
94916,7325,289.719822,9.617831,6.31,,
94923,,289.742198,40.360503,6.88,,
94956,,289.839542,-36.894756,6.91,,
94962,,289.865415,31.966303,6.83,,
94982,7331,289.913991,12.374786,5.53,,吴越增六
94986,7316,289.916696,-35.421522,5.59,,
94993,7361,289.942241,64.390864,6.52,,
95038,7356,290.067151,57.645164,5.91,,
95049,,290.102941,-10.56036,6.97,,
95054,7323,290.109088,-31.817548,6.56,,
95066,7333,290.13783,-5.415479,4.98,,天弁增五
95067,7346,290.137775,35.185965,6.3,,
95073,7336,290.148731,-0.892141,5.46,,右旗增三
95077,7327,290.158894,-22.402356,5.59,,
95081,7371,290.167282,65.7148,4.6,,天厨六
95107,,290.224683,13.576311,6.91,,
95109,,290.22624,22.198733,6.56,,
95116,,290.249954,19.145934,6.82,,
95156,,290.400656,52.376558,6.94,,
95167,7423,290.418769,79.602658,6.06,,
95168,7340,290.417977,-17.847055,3.92,,建五
95176,7342,290.431774,-15.955057,4.52,,建六
95211,7334,290.539226,-42.016223,6.33,,
95235,7359,290.639002,33.517972,6.09,,
95239,,290.658181,-51.231309,6.42,,
95241,7337,290.659629,-44.459108,3.96,Arkab Prior,天渊二
95244,,290.667962,-20.643583,6.72,,
95260,7358,290.712003,26.262333,5.22,,齐增八
95261,7329,290.713642,-54.42446,5.03,,
95281,7353,290.768639,-7.400752,6.31,,
95287,7357,290.784075,14.92104,6.65,,
95289,,290.792025,-10.703196,6.99,,
95342,,290.949366,39.590666,7,,
95347,7348,290.971851,-40.61671,3.96,Rukbat,天渊三
95352,7382,290.985566,43.387995,5.85,,
95369,7320,291.022476,-68.371088,6.33,,
95372,7372,291.031656,29.621407,4.99,,辇道增八
95385,,291.051655,-62.998024,6.58,,
95398,7369,291.091925,16.937631,6.27,,左旗增三
95400,7374,291.09392,28.087532,6.53,,
95408,7355,291.12583,-27.86605,6.03,,
95447,7373,291.247217,11.948527,5.17,,吴越增七
95453,7366,291.256615,-4.884486,6.5,,
95477,7362,291.319152,-24.508906,5.02,,狗二
95485,7367,291.340326,-13.896777,5.72,,
95498,7385,291.369832,19.797908,5.14,,左旗增四
95501,7377,291.376198,3.115291,3.36,,右旗三
95532,,291.481902,-49.843452,6.66,,
95534,,291.485536,44.930251,6.68,,
95556,7395,291.538073,36.31798,5.17,,辇道四
95557,7378,291.546133,-15.053255,5.71,,
95564,7375,291.580065,-21.776721,5.57,,狗增三
95572,7389,291.600665,13.024179,5.76,,
95576,7413,291.610856,62.557388,6.38,,
95585,7387,291.629543,0.338555,4.64,,右旗四
95603,,291.673202,-46.578957,6.65,,
95619,7380,291.735466,-29.743541,5.66,,
95657,,291.860704,18.295852,6.84,,
95673,7403,291.901631,37.941168,6.3,,
95680,,291.921329,4.709774,6.73,,
95690,7370,291.950426,-54.325207,5.7,,
95713,,292.021951,-18.359367,6.73,,
95718,,292.025803,-69.631368,6.72,,
95771,7405,292.175494,24.664221,4.44,Anser,齐增五
95793,7400,292.254123,1.950235,5.79,,右旗增四
95820,7402,292.339009,-7.044147,6.37,,
95821,,292.339173,31.606028,6.95,,
95822,7407,292.342642,14.595867,5.57,,
95823,7392,292.350183,-43.445928,5.7,,
95847,,292.408403,-12.646953,6.89,,
95853,7420,292.426708,51.730596,3.76,,奚仲二
95865,7398,292.467607,-26.98589,5.46,,
95902,,292.553996,46.14777,6.99,,
95905,7399,292.56293,-32.091623,6.6,,
95929,7415,292.638089,3.444412,6.09,,
95937,7414,292.666147,-2.788954,5.03,,右旗增七
95947,7417,292.680272,27.959646,3.05,Albireo,辇道增七
95965,7410,292.725297,-21.312378,6.11,,
95974,,292.742482,-14.563201,6.93,,
95978,7450,292.750924,70.989551,6.06,,
95995,,292.77696,58.583468,6.6,,
95999,7383,292.796003,-68.434008,5.98,,
96003,7428,292.806439,55.731721,6.37,,
96014,7427,292.830236,50.307,5.55,,
96016,7421,292.840181,26.617333,5.89,,
96052,7426,292.943016,34.452946,4.74,,辇道增九
96075,,293.007575,20.929399,7,,
96100,7462,293.100957,69.650069,4.67,Alsafi,天厨二
96111,,293.118962,-30.869675,6.58,,
96141,7411,293.224611,-53.185662,5.76,,
96164,7448,293.292011,60.158722,6.3,,
96178,7416,293.339932,-45.271904,5.59,,
96185,,293.359302,33.203298,6.62,,
96195,7436,293.401868,38.762126,6.61,,
96198,7442,293.423397,49.262244,6,,
96199,,293.425965,-34.197849,6.94,,
96204,,293.441756,5.465556,6.35,,
96229,7429,293.523664,7.377949,4.45,,右旗一
96231,,293.524893,-56.100329,7,,
96234,7422,293.535385,-40.034652,5.89,,
96274,,293.641444,-23.858882,6.51,,
96275,7437,293.645487,19.773416,5,,左旗增七
96286,7453,293.66595,48.164049,6.79,,
96288,7444,293.671934,42.412309,5.34,,
96297,,293.693271,63.434152,6.47,,
96302,7441,293.712314,29.463069,5.39,,
96314,,293.749279,-81.752891,6.63,,
96316,,293.755153,52.5018,6.39,,
96327,7430,293.780288,-10.560463,5.12,,右旗增十
96335,,293.792801,74.377564,6.97,,
96341,7424,293.804057,-48.099442,4.88,,
96365,7433,293.889352,-12.253242,6.27,,
96370,,293.899789,-20.783163,6.74,,
96387,7457,293.951288,36.944527,6.03,,辇道增三
96392,,293.960933,-2.456104,6.99,,右旗六
96395,,293.981724,56.982622,6.73,,
96417,7452,294.034835,22.585718,6.33,,
96428,7449,294.065462,14.3908,6.37,,
96459,7468,294.157396,44.694272,5.17,,
96465,7440,294.177286,-24.883771,4.59,,狗一
96468,7447,294.180346,-1.286733,4.36,,右旗五
96481,7456,294.218622,11.273226,5.98,,
96483,7446,294.22272,-7.027495,4.93,,右旗八
96491,7467,294.23608,38.383819,6.51,,
96496,7443,294.264002,-18.231141,5.66,,
96516,7463,294.322578,16.46289,5.67,,左旗增一
96536,7454,294.39271,-14.302738,5.46,,
96546,,294.420003,35.022471,6.44,,
96556,7460,294.447816,-4.647982,5.45,,右旗七
96577,,294.502157,-32.912974,6.86,,
96601,7472,294.574065,20.783175,6.5,,
96607,7434,294.608517,-57.983743,6.19,,
96620,7484,294.671983,54.97484,5.89,,
96630,7471,294.704139,3.381524,6.36,,
96644,,294.734301,-28.607242,6.72,,
96665,7474,294.798532,5.397749,5.18,,右旗二
96683,7478,294.844213,30.15355,4.68,,辇道增六
96706,7487,294.894018,45.957594,6.25,,
96721,7461,294.923853,-45.278512,6.24,,
96724,7481,294.937158,33.979016,6.1,,
96739,7464,294.981718,-39.433199,6.6,,
96760,7473,295.030076,-23.429168,5.97,,
96781,7459,295.078843,-54.417866,6.24,,
96801,7485,295.164904,23.717895,6.64,,
96804,,295.171024,31.40649,6.99,,
96805,7492,295.171488,43.077819,6.17,,
96807,7480,295.180586,-0.621077,5.64,,右旗增五
96837,7488,295.262302,17.475824,4.39,,左旗二
96840,7486,295.273039,13.815611,5.98,,
96856,7490,295.311043,22.452751,6.43,,
96882,7455,295.40549,-65.854874,6.08,,
96895,7503,295.452482,50.524047,5.99,,奚仲四
96907,7499,295.489966,40.254382,6.22,,
96917,,295.512451,-9.194194,6.31,,
96938,,295.594523,-24.859472,6.7,,
96950,7489,295.630176,-16.124055,5.06,,天鸡一
96956,,295.639493,-50.667603,6.9,,
96957,7497,295.641733,11.826516,5.28,,河鼓增三
96979,,295.69132,8.383107,6.89,,
96988,7501,295.705062,29.33206,6.54,,
97033,7522,295.811613,58.016262,6.29,,
97067,7491,295.906744,-37.538877,6.14,,
97077,7506,295.928929,25.772076,5.5,,左旗增八
97081,7514,295.938054,41.773174,5.86,,
97091,7508,295.983242,27.135377,6.27,,
97101,,296.007531,9.517629,6.57,,
97118,7517,296.069767,37.354581,4.89,,辇道增四
97131,,296.115611,-41.609178,6.83,,
97139,7511,296.142468,13.302714,6.25,,河鼓增一
97157,,296.226261,-10.573275,6.63,,
97165,7528,296.244046,45.13112,2.86,Fawaris,天津二
97242,7530,296.46406,35.012711,6.14,,
97243,,296.464907,46.485523,6.94,,
97244,7516,296.467612,-2.883462,6.47,,
97260,7507,296.505069,-31.908656,5.51,,
97278,7525,296.565011,10.613241,2.72,Tarazed,河鼓三
97290,7515,296.589709,-19.761687,4.87,,天鸡二
97293,,296.602904,54.405623,6.75,,
97295,7534,296.606839,33.724732,5,,辇道五
97307,7535,296.64558,32.888553,6.18,,
97326,7563,296.68626,68.43799,6.34,,
97345,,296.774342,-62.454075,6.71,,
97351,,296.787757,-17.078147,6.87,,
97365,7536,296.846906,18.534357,3.68,,左旗三
97376,7543,296.865785,38.407605,5.83,,
97384,,296.888625,1.087444,6.77,,
97398,,296.942447,5.781992,6.7,,
97416,,296.998564,31.506361,6.79,,
97417,,296.99993,-20.957616,6.66,,
97421,7510,297.00605,-56.363489,5.33,,
97423,7532,297.01277,-13.703775,6.11,,
97433,7582,297.044654,70.26818,3.84,,天厨三
97473,7544,297.175356,11.815834,5.75,,河鼓增四
97484,,297.209043,-12.319558,6.47,,
97491,7521,297.229697,-52.888416,6.27,,
97515,7538,297.299256,-28.789603,6.04,,
97536,,297.358078,63.203852,6.69,,
97569,7513,297.472579,-66.813006,6.44,,
97572,7556,297.478016,28.439659,6.45,,
97593,,297.545225,-45.379616,6.96,,
97598,7537,297.558667,-47.557473,5.91,,
97611,7527,297.590686,-61.061085,6.21,,
97612,,297.590823,61.209328,6.7,,
97634,7567,297.655519,40.59971,5.68,,
97646,7531,297.686965,-59.193746,5.41,,
97647,,297.68773,20.211501,6.71,,
97649,7557,297.699314,8.870785,0.76,Altair,河鼓二
97650,7553,297.694724,-10.763308,5.38,,右旗增十一
97655,,297.702811,-4.694111,6.75,,
97674,7524,297.756687,-65.606098,6.04,,
97675,7560,297.758409,10.414868,5.12,,河鼓增五
97679,7565,297.767288,22.609939,4.9,,左旗增十八
97709,,297.86179,4.088593,6.47,,
97738,,297.928207,-50.979361,6.89,,
97742,,297.942414,-37.336761,6.65,,
97749,7552,297.961019,-39.874443,5.32,,
97757,7589,297.996099,47.027314,5.6,,
97774,7591,298.029786,47.931734,5.91,,
97783,7561,298.050003,-19.045332,5.88,,天鸡增二
97789,7583,298.068499,36.432325,6.13,,
97796,7574,298.090684,18.671808,6.24,,左旗增廿九
97804,7570,298.11825,1.005614,3.87,,天桴四
97816,7548,298.157401,-54.970998,5.76,,
97849,7571,298.276601,-14.603525,6.47,,
97871,7575,298.32821,-3.114377,5.63,,
97886,7592,298.365558,24.079846,4.57,,左旗增十七
97892,7611,298.398151,59.709015,6.06,,
97915,,298.469568,26.593333,6.84,,
97930,,298.540547,33.78118,6.73,,
97944,7578,298.573086,-23.943689,6.22,,
97966,7593,298.656934,-8.227453,5.7,,右旗增十二
98012,7585,298.771162,-33.046258,6.47,,
98032,7581,298.815613,-41.86796,4.12,,天渊增一
98036,7602,298.828617,6.403688,3.71,Alshain,河鼓一
98038,7599,298.831349,-6.735156,6.49,,
98045,,298.850556,-19.292916,6.87,,
98055,7619,298.907055,52.43875,4.91,,
98066,7597,298.961287,-26.29903,4.7,Terebellum,狗国一
98068,7613,298.965685,38.486709,4.95,,天津增三
98073,7633,298.98063,58.845836,4.98,,奚仲增五
98079,,298.989537,10.207222,6.81,,
98085,7609,299.005273,16.634755,5.71,,左旗增廿八
98103,7610,299.059587,11.42375,5.28,,河鼓增六
98110,7615,299.07628,35.083246,3.89,,辇道增五
98111,7634,299.079722,56.687124,6.16,,
98163,7586,299.240314,-57.925885,6.55,,
98169,7616,299.251761,20.998162,6.62,,
98191,,299.305228,0.352052,6.97,,
98194,7628,299.307851,40.367822,5.46,,
98209,,299.348613,28.693816,6.78,,
98226,7605,299.422734,-38.059464,6.55,,
98253,7638,299.483769,42.260706,6.44,,
98258,7614,299.487758,-15.492088,5.01,,天鸡增三
98287,,299.556169,-36.687224,6.95,,
98313,,299.635536,-3.553746,6.79,,
98325,7640,299.658513,30.983647,5.51,,
98332,7579,299.673293,-69.164599,5.74,,
98337,7635,299.689713,19.492293,3.51,,左旗五
98351,7617,299.735748,-30.538766,6.27,,
98375,7641,299.793422,23.101301,5.68,,左旗增十九
98382,,299.833639,84.668746,6.8,,
98383,7646,299.835196,45.772434,5.92,,
98385,7636,299.844458,1.378128,6.17,,
98401,7686,299.901886,76.481009,6.2,,天柱三
98406,,299.923005,-1.970593,6.71,,
98412,7623,299.934124,-35.276465,4.37,,天渊增二
98416,7637,299.945654,-9.960744,5.87,,
98425,7647,299.979996,37.042886,5.15,,天津增四
98438,7645,300.013792,17.516433,5.33,,左旗六
98458,,300.064007,26.187842,6.49,,
98470,7631,300.085372,-33.7053,5.65,,
98474,,300.088569,3.331837,6.7,,
98482,7621,300.104797,-49.350965,6.18,,
98485,7627,300.110562,-43.043224,6.11,,
98495,7590,300.149876,-72.91134,3.97,,孔雀九
98512,7630,300.201403,-45.11288,5.8,,
98522,,300.233942,-74.012722,6.58,,
98526,7648,300.2458,8.557646,5.9,,
98533,,300.256045,-64.809438,6.83,,
98543,7653,300.275606,27.753598,4.66,,左旗增十
98571,7660,300.340002,50.104734,5.06,,奚仲增三
98575,7643,300.349427,-22.737382,6.01,,
98577,,300.355165,-47.397391,6.96,,
98579,7639,300.361803,-40.814591,6.31,,
98583,7676,300.369098,64.820893,5.22,,天厨五
98608,7625,300.43669,-59.376064,4.95,,
98610,,300.438356,44.118958,6.95,,
98624,7612,300.469229,-66.944426,5.32,,
98633,7649,300.494418,-13.637151,5.69,,牛宿增一
98636,7657,300.506603,24.938489,5.23,,左旗增十六
98643,,300.544115,-4.98983,6.7,,
98657,,300.582637,13.90917,6.66,,
98666,,300.610832,79.680966,6.7,,
98688,7650,300.664736,-27.709753,4.43,,狗国三
98690,,300.67214,12.358722,6.73,,
98702,7685,300.704761,67.873871,4.51,,天厨四
98705,,300.717711,10.91168,6.92,,
98728,,300.788062,41.474661,7,,
98730,,300.802569,4.730295,6.56,,
98738,7662,300.818415,18.500867,5.99,,
98753,,300.872483,36.025088,6.62,,
98761,7652,300.889941,-37.941243,4.77,,天渊增三
98767,7670,300.910896,29.893457,5.73,,
98780,,300.926114,21.496559,6.62,,
98809,7661,301.005098,-7.469725,6.68,,
98823,7669,301.034741,7.278049,5.51,,河鼓增七
98842,7659,301.081951,-32.056366,4.99,,狗国增一
98844,7667,301.096459,-0.710064,5.67,,天桴二
98853,,301.111731,73.909579,6.91,,
98858,7684,301.120091,48.229666,6.16,,
98863,7678,301.150718,32.218528,5.62,,
98910,7671,301.272568,-11.599509,6.38,,牛宿增三
98915,7687,301.278524,51.839596,6.14,,
98918,,301.282759,-46.097097,6.96,,
98920,7679,301.289753,19.99158,5.09,,左旗增廿六
98922,,301.292321,2.118102,6.77,,
98945,,301.334778,0.45446,6.93,,
98946,7692,301.339586,56.341933,6.19,,
98951,,301.357918,-34.667103,6.99,,
98954,7680,301.360842,15.500525,6.37,,
98962,7701,301.388681,61.995872,5.4,,天钩增一
99024,7681,301.551267,-4.078433,6.47,,
99026,7697,301.559955,53.167319,5.81,,
99035,,301.604433,39.098871,6.86,,
99080,7688,301.72265,23.614428,5.08,,左旗增廿
99090,,301.749944,66.307852,6.97,,
99120,7673,301.846359,-52.880749,4.93,,
99121,,301.849173,-29.720643,6.69,,
99137,7674,301.896438,-55.01578,6.26,,
99145,7699,301.922693,34.422866,6.12,,
99158,7693,301.960177,9.400014,6.43,,
99170,,302.004846,42.385033,6.98,,
99176,7696,302.027113,16.664436,6.39,,
99216,,302.121889,-15.032843,6.52,,
99221,7694,302.130331,-10.062812,6.18,,
99234,7700,302.159509,10.725855,6.34,,
99240,7665,302.200846,-66.189287,3.55,,孔雀六
99255,7750,302.22262,77.71157,4.38,,天柱增二
99270,,302.266415,-47.068343,6.46,,
99281,,302.305839,19.073126,6.95,,
99303,7708,302.356765,36.839704,4.93,,天津增六
99352,7705,302.486429,20.915656,6.51,,左旗增廿五
99364,,302.524624,-43.894364,6.93,,
99367,,302.532055,8.442299,6.57,,
99420,,302.684942,41.247034,6.97,,
99431,,302.726688,30.789677,6.96,,
99450,,302.774855,-6.08766,6.87,,
99453,7691,302.781084,-57.524461,6.36,,
99457,7709,302.791985,-8.842358,6.39,,
99461,7703,302.80335,-36.111275,5.32,,狗国增三
99473,7710,302.826409,-0.821422,3.24,,天桴一
99518,7718,302.949899,26.808925,5.51,,左旗增十四
99570,7706,303.099179,-42.780709,6.2,,
99572,7715,303.109069,-12.618747,5.84,,牛宿三
99579,7726,303.131992,51.463467,6.01,,
99585,7717,303.146362,0.866928,6.25,,
99604,,303.197042,-2.995953,6.91,,
99623,,303.262749,11.850465,6.51,,
99655,7740,303.350148,56.568248,4.28,,奚仲增四
99663,7742,303.365584,60.640926,5.81,,
99668,,303.391211,-38.449126,6.9,,
99675,7735,303.407986,46.741341,3.8,,天津增卅八
99681,,303.423559,-34.118537,6.66,,
99685,7733,303.428367,43.379037,6.13,,
99742,7724,303.569615,15.197979,4.94,,左旗九
99747,7714,303.579506,-52.446106,5.65,,
99762,7707,303.611553,-63.415595,6.09,,
99770,7736,303.63401,36.806742,4.93,,天津增七
99798,,303.722748,3.406928,7,,
99801,,303.725836,32.868858,6.87,,
99824,7739,303.816267,25.591925,4.79,,
99825,7722,303.831376,-27.034136,5.73,,牛宿增十
99841,7743,303.848806,33.728331,5.7,,
99849,,303.868259,-7.531356,6.85,,
99853,7741,303.876018,23.508862,5.18,,左旗增廿三
99870,7755,303.930359,50.232998,6.36,,
99874,7744,303.94197,27.814279,4.5,,左旗增十二
99878,7725,303.961122,-30.005229,6.3,,
99894,,304.024752,4.580468,6.44,Chechia,
99907,,304.062045,-41.478619,6.99,,
99913,7746,304.082508,21.598535,6.11,,左旗增廿四
99920,7728,304.098381,-36.453676,6.3,,
99956,,304.209386,-3.492344,6.93,,
99967,,304.229057,31.505139,6.92,,
99985,,304.251951,8.963183,6.51,,
100013,,304.354923,39.593538,6.57,,
100017,7783,304.388145,66.855585,5.91,,
100044,7763,304.446639,38.032887,4.77,,天津增九
100045,,304.457321,-40.18468,6.72,,
100062,7748,304.506062,-21.810119,5.86,,牛宿增九
100064,7754,304.513957,-12.544833,3.58,Algedi,牛宿二
100097,7781,304.60305,55.396895,5.76,,
100103,,304.612476,-72.979574,6.57,,
100121,,304.656708,0.641063,6.92,,
100122,7770,304.662801,34.98275,5.14,,天津增十四
100128,,304.68198,-61.906997,6.6,,
100165,7732,304.762385,-63.231221,6.27,,
100184,7749,304.826179,-47.581454,6.13,,
100195,7761,304.848391,-19.118603,5.28,,牛宿增八
100221,7792,304.903224,62.257625,5.71,,天钩增三
100232,7768,304.930544,-1.078307,6.05,,
100242,,304.957592,29.726841,6.78,,
100256,7774,305.000786,13.548065,5.96,,
100261,7804,305.025375,68.880484,5.59,,
100262,,305.041439,11.469297,6.63,,
100266,,305.060755,-34.585653,6.62,,
100276,7780,305.089305,17.79273,5.82,,
100283,7772,305.108402,-6.362309,6.63,,
100288,7764,305.116134,-29.197221,6.56,,
100295,7791,305.127691,53.595671,6.23,,
100300,7758,305.134767,-55.051089,6.27,,
100345,7776,305.253148,-14.781277,3.05,Dabih,牛宿一
100347,,305.25476,-10.982712,6.83,,
100357,7805,305.298118,63.980212,5.69,,
100365,,305.314565,15.104203,6.59,,
100379,,305.365463,-66.74967,6.49,,
100390,,305.38355,22.848765,6.55,,
100412,7766,305.4174,-50.001015,6.26,,
100435,7789,305.514307,24.446055,5.5,,左旗增廿二
100437,7798,305.522585,45.795247,5.58,,
100453,7796,305.557119,40.256674,2.23,Sadr,天津一
100469,7779,305.614902,-42.050073,5.6,,
100491,,305.672877,-78.961201,6.64,,
100498,,305.687521,12.443238,6.74,,
100515,7802,305.731862,42.983818,6.2,,
100524,7788,305.753473,-9.654814,6.29,,
100541,7794,305.794372,5.34275,5.3,,
100550,,305.830053,-0.452339,7,,
100570,,305.910868,-5.266259,6.75,,
100574,7807,305.93491,37.476449,5.87,,
100587,7806,305.965345,32.190135,4.43,,天津增十五
100598,,305.977066,16.046838,6.78,,
100664,7803,306.15629,1.068441,6.14,,
100672,,306.174021,1.368435,6.41,,
100697,7698,306.230138,-83.31057,6.15,,
100713,,306.268551,-19.433666,6.83,,
100714,7818,306.270873,59.600033,6.44,,
100734,,306.355977,6.641796,6.75,,
100738,7801,306.361879,-28.663244,5.86,,
100751,7790,306.411985,-56.735639,1.94,Peacock,孔雀十一
100754,7811,306.418925,21.409587,5.68,,
100762,7810,306.433951,10.055751,6.32,,
100764,7799,306.448813,-40.796737,6.08,,
100781,,306.506815,13.911436,6.35,,
100787,,306.520066,-46.660137,6.74,,
100807,7816,306.596509,17.315523,6.23,,
100852,7808,306.718579,-37.403636,6.24,,
100866,7823,306.7824,34.329057,6.39,,
100886,,306.836959,23.790664,6.88,,
100907,7826,306.892557,38.43983,5.63,,天津增十
100925,,306.934221,-30.871178,6.61,,
100926,,306.942281,-5.654292,6.98,,
100933,,306.966023,65.755638,6.56,,
100947,,307.005528,-25.606297,6.78,,
100953,7820,307.031674,8.437556,6.23,,
100965,7901,307.062219,81.422815,5.38,,天柱增四
100969,7824,307.070224,2.937185,6.2,,
100991,,307.136941,-34.409831,6.74,,
101013,,307.184179,-23.984214,6.84,,
101017,7817,307.194752,-35.595995,6.09,,
101022,,307.208549,-1.734838,6.82,,
101027,7822,307.214942,-17.813736,4.77,,牛宿六
101044,7930,307.2636,83.625298,6.19,,
101055,,307.28655,12.681079,6.94,,
101067,7835,307.334989,36.454717,5.9,,天津增十二
101076,7834,307.34895,30.368551,4.01,,天津增十六
101084,7843,307.363021,56.06822,5.89,,
101090,7825,307.380642,-22.391764,6.13,,
101093,7850,307.395997,62.994022,4.21,,天钩三
101101,7831,307.412963,-2.885674,4.91,,离珠四
101134,7868,307.502985,72.531548,6.23,,
101138,7844,307.514842,48.951617,4.94,,天津增卅五
101154,,307.560194,19.421013,6.85,,
101211,7832,307.736823,-29.112705,6.35,,
101213,7839,307.74297,20.606522,6.21,,
101221,7837,307.767696,-15.056474,6.1,,
101260,7879,307.876869,74.954516,5.18,,紫微左垣六
101300,7849,307.992846,25.804849,6.37,,
101318,,308.037734,22.824298,6.51,,
101339,,308.085245,2.132816,6.47,,
101345,7845,308.100736,-9.852706,5.66,,
101349,,308.104724,70.531983,6.76,,
101371,,308.182288,16.767203,6.96,,
101381,,308.213243,27.212169,6.89,,
101383,7861,308.218078,43.191562,6.61,,
101384,7842,308.218188,-24.944104,6.35,,
101412,,308.27761,54.456986,6.82,,
101421,7852,308.303292,11.30308,4.03,Aldulfin,败瓜一
101427,7785,308.323864,-80.96496,5.76,,
101436,,308.356458,-6.219358,6.96,,
101452,,308.415416,45.175602,6.71,,
101467,7867,308.452299,41.772228,6.5,,
101473,7857,308.473746,10.059778,6.54,,
101474,7866,308.475768,35.250818,4.61,,天津增十三
101475,7870,308.478609,46.693878,5.78,,
101477,7846,308.479565,-44.516277,5.12,,
101483,7858,308.488171,13.027395,5.39,,败瓜二
101489,,308.499728,4.898608,6.42,,
101507,7855,308.549206,-13.720641,6.11,,
101544,,308.685864,32.505891,6.89,,
101552,7856,308.697558,-30.473613,6.42,,
101556,7876,308.709989,51.854188,6.19,,
101558,7853,308.731299,-38.089964,6.45,,
101570,,308.775367,-71.188698,6.41,,
101607,,308.873558,6.947094,6.53,,
101608,7865,308.884978,-16.526056,6.19,,
101612,7848,308.896125,-60.582938,4.75,,
101626,7838,308.966066,-69.61087,6.09,,
101634,,309.00273,79.430415,6.95,,
101647,,309.068628,-12.381155,6.81,,
101692,7873,309.181873,-2.55006,4.91,,离珠一
101716,7880,309.2696,26.461874,5.59,,天津增廿
101725,,309.296347,-65.033352,6.69,,
101728,,309.302658,52.972949,6.64,,
101756,7888,309.348393,38.328385,6.21,,
101765,7885,309.382489,31.572536,6.32,,天津增十七
101769,7882,309.388035,14.594782,3.64,Rotanev,瓠瓜四
101772,7869,309.39227,-47.291079,3.11,,波斯二
101787,,309.433224,-41.227961,6.62,,
101800,7883,309.454916,11.377622,5.42,,败瓜四
101808,7877,309.46814,-25.109319,6.38,,
101810,7886,309.478276,18.26897,6.22,,
101839,,309.571111,48.070267,6.61,,
101847,7884,309.584608,-1.10523,4.31,,离珠二
101867,7891,309.631081,21.201158,4.81,,瓠瓜增五
101868,7894,309.633048,24.115909,5.06,,天津增廿二
101870,7895,309.645834,23.680461,5.91,,
101882,7892,309.68329,13.315123,5.69,,败瓜三
101899,7904,309.747795,30.333847,5.68,,
101911,,309.774405,-4.929465,6.46,,
101916,7896,309.784541,10.086338,5.07,,败瓜五
101923,7889,309.818009,-14.954885,5.24,,罗堰一
101936,7897,309.854373,0.48632,5.15,,离珠三
101949,7911,309.888879,40.579663,6.07,,
101958,7906,309.909889,15.912123,3.77,Sualocin,瓠瓜一
101965,7872,309.966115,-62.908337,6.22,,
101979,,309.999446,8.44688,6.85,,
101984,7900,310.012123,-18.138797,5.15,,罗堰二
101986,7919,310.01256,43.458516,5.97,,
101997,7898,310.052476,-23.770923,6.36,,
102010,,310.073868,3.441334,6.94,,
102011,7925,310.074742,60.506453,6.02,,
102014,7893,310.082802,-33.431614,5.47,,
102026,7905,310.135039,-16.123707,5.79,,
102040,7914,310.188888,19.937531,6.43,,
102050,,310.218395,-28.54932,6.69,,
102057,,310.231891,-42.39662,6.25,,
102092,7909,310.349398,-31.598675,5.75,,
102094,7910,310.351146,-26.000071,6.29,,
102098,7924,310.358004,45.280346,1.25,Deneb,天津四
102125,7864,310.437535,-75.351835,6.51,,
102155,7926,310.485455,41.716883,5.68,,
102158,7923,310.492477,17.521764,6.24,,
102162,7863,310.517557,-76.180652,5.99,,
102177,7929,310.552637,50.340055,5.41,,车府增一
102181,,310.565532,-44.885196,6.99,,
102205,,310.63979,-84.407047,6.94,,
102208,8002,310.648342,82.5313,5.75,,天柱一
102230,7915,310.720824,-39.558881,6.3,,
102253,7945,310.796311,66.657667,5.59,,天钩一
102276,7932,310.850761,35.587782,6.48,,
102281,7928,310.864585,15.074315,4.43,,瓠瓜三
102284,,310.872508,55.291747,6.96,,
102291,,310.894939,-11.641566,6.81,,
102299,,310.917287,5.390182,6.69,,
102309,,310.948706,23.791096,6.93,,
102333,7920,311.011325,-51.921312,4.51,,
102358,7944,311.092003,56.488393,5.91,,
102370,7967,311.13711,69.751579,6.5,,
102371,,311.138776,-14.185927,6.87,,
102388,7939,311.21858,25.269482,4.92,,天津增廿三
102390,,311.227596,12.312692,6.71,,
102395,7913,311.23888,-66.203145,3.42,,孔雀七
102414,7931,311.304668,-27.247233,6.5,,
102422,7957,311.323574,61.844009,3.41,,天钩四
102431,7955,311.337289,57.578221,4.52,,螣蛇增一
102435,,311.349283,-30.47837,6.78,,
102453,7942,311.41559,30.719869,4.22,,天津增十九
102485,7936,311.523535,-25.271898,4.13,,天田四[牛宿]
102487,7937,311.541785,-21.514141,5.91,,罗堰三
102488,7949,311.555582,33.972367,2.48,Aljanah,天津九
102496,7935,311.577848,-36.120486,6.49,,
102497,7933,311.583941,-39.199456,5.48,,
102506,,311.613119,-50.805645,6.54,,
102532,7948,311.664428,16.123042,4.27,,瓠瓜二
102561,7946,311.764722,-2.487049,6.28,,
102589,7963,311.852367,36.490665,4.53,,天津增卅
102599,8016,311.888321,80.552027,5.36,,
102618,7950,311.919167,-9.496002,3.78,Albali,女宿一
102624,7951,311.934302,-5.027958,4.43,,女宿四
102631,7954,311.949738,3.306529,6.38,,
102633,7953,311.951432,6.008126,5.57,,败瓜增三
102635,7969,311.955285,47.831757,5.6,,
102642,7972,311.971431,52.406085,6.29,,
102648,,311.998233,39.287675,7,,
102653,,312.040853,2.715315,6.94,,
102658,,312.053557,-16.521685,6.99,,
102660,,312.057246,-19.26045,6.81,,
102684,,312.107325,68.033588,6.98,,
102693,7943,312.122979,-43.98926,5.11,,
102724,7977,312.23453,46.114118,4.81,,天津增卅三
102759,,312.311301,-48.224359,6.96,,
102770,,312.321656,-0.563499,6.24,,
102771,7993,312.322394,64.042224,6.45,,
102773,7934,312.324579,-68.776843,5.41,,
102775,,312.329142,58.748725,6.88,,
102780,7964,312.33559,-18.036069,6.2,,
102790,7952,312.371025,-46.226652,4.9,,
102801,,312.403072,51.314016,6.65,,
102804,,312.406869,50.127113,6.5,,
102805,7973,312.407716,12.545751,6.01,,瓠瓜增二
102819,7974,312.451266,7.864264,6.32,,败瓜增二
102831,7965,312.492028,-33.779851,4.89,,
102891,7976,312.674913,-12.545368,5.87,,
102901,7970,312.696387,-32.055007,6.42,,
102910,,312.733544,34.754072,6.64,,
102916,7971,312.753105,-37.913441,5.52,,
102950,7968,312.875202,-51.608209,5.06,,
102962,7959,312.911593,-62.42965,5.67,,
102978,7980,312.955334,-26.919148,4.12,,天田二[牛宿]
103004,7995,313.031477,27.09659,4.56,,天津增廿四
103005,7985,313.03623,-5.507099,5.55,,女宿增一
103024,,313.087785,55.051321,6.77,,
103036,,313.12464,18.027232,6.55,,
103045,7990,313.163791,-8.983528,4.73,,女宿二
103062,,313.223186,24.914532,6.63,,
103071,7989,313.255397,-23.783603,6.32,,
103077,7994,313.273593,-11.573389,6.38,,
103079,7999,313.280669,29.648683,6.36,,
103089,8001,313.311569,44.387244,4.8,,天津增卅二
103103,7991,313.354244,-30.719073,6.35,,
103108,8004,313.360036,42.410171,6.67,,
103114,,313.384106,-19.113731,6.82,,
103116,,313.389242,31.626337,6.85,,
103127,7987,313.417819,-39.810485,5.34,,
103145,8005,313.474401,33.43811,5.47,,
103154,7998,313.493443,-6.889604,6.44,,
103168,7997,313.527294,-27.92535,6.41,,
103200,8008,313.640156,28.057594,5.03,,天津增廿五
103219,8043,313.68559,75.925838,5.99,,
103226,8000,313.698841,-17.923004,5.78,,越
103227,7986,313.702775,-58.454316,3.67,,孔雀增四
103261,8006,313.784546,-1.372869,6.55,,
103262,,313.78542,1.813196,6.7,,
103263,,313.787852,46.349875,7,,
103294,8011,313.903009,13.721462,5.19,,瓠瓜增四
103298,8012,313.910932,12.568693,5.54,,瓠瓜增三
103333,,314.022346,9.26009,6.74,,
103341,,314.04841,43.424328,6.87,,
103347,8014,314.076222,-3.561648,6.57,,
103360,8026,314.108024,49.195889,5.92,,
103389,8013,314.197882,-26.296794,5.7,,
103401,8015,314.225093,-9.697619,5.49,,女宿增五
103413,8028,314.293477,41.166981,3.94,,天津五
103414,8017,314.29416,0.463377,6.06,,
103420,,314.301564,69.057345,6.82,,
103455,,314.417267,26.405692,6.93,,
103458,,314.412377,-44.135603,6.52,,
103460,8018,314.419699,-16.031528,5.89,,
103510,,314.565346,30.396084,6.54,,
103511,8032,314.568105,22.325882,5.3,,人增一
103527,8030,314.607748,10.839066,5.51,Musica,司非增二
103530,8040,314.625233,50.461813,5.59,,
103545,8024,314.673973,-14.483251,5.95,,
103571,,314.770579,4.29365,5.24,,
103598,8049,314.856339,59.43869,5.54,,
103616,8033,314.900626,-19.035416,6.26,,郑
103632,8047,314.956552,47.520966,4.74,,车府五
103635,8037,314.962234,16.824284,6.62,,
103645,,314.994965,32.495458,6.85,,
103646,8031,314.999555,-36.130014,6.1,,
103652,8038,315.016903,7.516242,5.98,,
103654,,315.032449,-69.581241,6.86,,
103673,8027,315.088593,-51.264466,5.76,,
103675,8044,315.115258,19.3292,5.69,,
103682,8041,315.141295,-4.731148,6.21,,女宿增二
103693,,315.181074,-53.739218,6.26,,
103703,,315.21547,-17.531009,6.07,,周二
103728,,315.284729,-13.529957,6.55,,天垒城八
103734,8051,315.30358,36.025969,6.01,,
103738,8039,315.322732,-32.257768,4.67,,离瑜增一
103752,8019,315.366418,-68.209561,6.36,,
103777,8045,315.438763,-26.88115,6.04,,
103810,8065,315.537637,56.669622,5.83,,
103814,8042,315.55362,-43.002871,6.64,,
103851,,315.646701,-9.995533,6.55,,
103868,,315.696534,15.967095,6.88,,
103871,8064,315.7026,45.848864,6.5,,
103882,8048,315.741258,-38.632141,5.32,,
103889,8054,315.748498,-0.924737,6.5,,
103891,8057,315.757651,14.730056,6.33,,
103894,8063,315.770328,38.657375,6.1,,
103930,,315.872999,29.092378,6.96,,
103963,8071,315.967201,41.627834,6.34,,
103981,8058,316.019821,-5.823111,5.53,,女宿增四
103988,,316.033973,-47.961011,6.98,,
103998,,316.059135,-50.435462,6.59,,
104019,8060,316.100991,-19.855146,4.82,,周一
104043,8021,316.179839,-77.026126,5.13,,蛇尾四
104048,8068,316.189674,2.269349,6.34,,
104060,8079,316.232841,43.927853,3.72,,车府六
104085,8055,316.309558,-54.72728,5.17,,
104101,8077,316.360593,5.957439,5.94,,虚宿增二
104105,8112,316.372532,78.126572,5.91,,天柱二
104135,,316.48146,20.946618,6.83,,
104139,8075,316.487306,-17.233255,4.08,,秦一
104148,8070,316.50501,-30.12556,5.69,,
104171,8099,316.596125,71.431054,5.88,,
104172,8082,316.598147,26.92424,6.13,,
104173,,316.59995,-34.628834,6.81,,
104177,8069,316.606589,-41.386042,5.55,,
104185,8084,316.626041,31.184625,5.77,,
104194,8089,316.650466,47.648397,4.56,,车府增三
104202,,316.666612,3.80344,6.48,,
104234,8080,316.781769,-25.00613,4.49,,天田三[牛宿]
104265,,316.841137,-0.765002,6.58,,
104269,,316.85212,-59.992058,6.77,,
104281,8088,316.890506,15.658291,6.27,,
104291,,316.920368,68.254101,6.88,,
104293,,316.927471,-2.052134,6.86,,
104296,,316.935804,-45.379514,6.45,,
104305,,316.95512,1.153476,6.71,,
104313,,316.974654,-48.940423,6.7,,
104357,8090,317.117186,6.989369,6.14,,
104364,8073,317.136147,-63.928235,5.75,,
104365,8087,317.140218,-21.194048,5.3,,齐
104382,7228,317.191717,-88.956514,5.45,Polaris Australis,南方之星
104395,,317.238791,-5.582203,6.58,,
104398,,317.243682,-28.478487,6.98,,
104434,,317.32578,-37.93304,6.86,,
104440,8061,317.353702,-73.174801,5.67,,
104449,8109,317.370177,63.295718,6.53,,
104458,,317.396405,75.227669,6.89,,
104459,8093,317.399137,-11.371794,4.5,,天垒城十
104471,,317.441183,19.210885,6.96,,
104483,8103,317.494377,45.502556,6.6,,
104508,,317.541778,-43.382817,6.56,,
104516,8106,317.565138,53.563078,5.75,,
104539,8101,317.633795,22.454549,6.71,,
104557,8096,317.696332,-9.354449,6.27,,
104579,8105,317.765699,36.299587,6.53,,
104604,,317.844793,-52.339128,6.98,,
104620,,317.893178,-56.517302,6.93,,
104634,8102,317.922493,-14.472377,6.47,,
104642,8119,317.950961,59.986587,5.64,,
104677,,318.051092,11.781402,6.96,,
104716,,318.190291,84.258634,6.9,,
104717,,318.188679,2.642609,6.98,,
104732,8115,318.234168,30.22648,3.21,,天津八
104738,8104,318.26433,-39.425652,5.25,,
104750,8110,318.322933,-27.620054,5.41,,天田一[牛宿]
104752,8108,318.329272,-36.423503,5.97,,
104755,8092,318.336239,-70.126399,5.06,,
104771,8116,318.370198,15.982248,6.27,,
104773,,318.372766,-47.550705,6.87,,
104791,,318.446396,70.027525,6.67,,
104810,,318.507704,-22.212192,7,,
104838,,318.569066,-45.783284,6.89,,
104839,8118,318.569776,-10.605394,6.77,,
104858,8123,318.620347,10.005042,4.47,,司非二
104871,,318.651329,56.883407,6.87,,
104872,8121,318.654607,0.092176,6.38,,
104887,8130,318.699468,38.047938,3.74,,天津六
104910,,318.765694,-5.552148,6.98,,
104919,,318.795337,51.281873,6.99,,
104929,,318.822712,-58.930094,6.93,,
104962,8136,318.90492,47.973978,6.45,,
104963,8127,318.908035,-20.65171,5.17,,楚
104965,,318.92164,-57.631435,6.54,,
104968,8168,318.927542,77.012391,5.92,,
104974,8128,318.936995,-15.171467,5.31,,天垒城七
104987,8131,318.956338,5.247242,3.92,Kitalpha,虚宿二
105000,,318.987757,25.433598,6.99,,
105002,,318.998494,-13.203112,6.62,,
105019,,319.074008,-9.214633,6.45,,天垒城十一
105046,8132,319.164604,-1.607868,6.48,,
105080,8150,319.309541,55.798086,6,,
105101,8144,319.346669,42.683587,6.17,,
105102,8143,319.353964,39.39466,4.22,,天津增廿八
105104,,319.355713,8.234022,6.99,,
105106,,319.356915,-30.745721,6.85,,
105133,,319.468739,-48.718814,6.54,,
105138,8146,319.479585,34.896943,4.41,,天津七
105140,8135,319.48494,-32.172681,4.71,,离瑜二
105143,8137,319.488792,-17.985143,5.4,,秦二
105148,8125,319.502288,-64.681762,6.32,,
105164,8141,319.54622,-4.519391,5.83,,虚宿增五
105169,8111,319.568213,-75.346986,6.61,,
105184,,319.615752,-43.334507,6.75,,
105186,8154,319.61332,43.945888,5.04,,
105199,8162,319.646952,62.585884,2.45,Alderamin,天钩五
105205,,319.664683,24.659355,6.61,,
105214,,319.690829,-61.355651,6.6,,
105224,8149,319.71692,11.203472,5.97,,
105229,8155,319.730499,41.040489,6.15,,
105254,,319.79667,17.821804,6.7,,
105259,8164,319.81533,58.623479,5.51,,
105266,,319.835547,-47.054826,6.66,,
105268,8171,319.84265,64.871887,5.19,,天钩增五
105295,,319.914149,9.525205,6.99,,
105312,8148,319.935951,-26.355166,6.56,,
105319,8140,319.96778,-53.449857,4.39,,
105334,8145,320.039524,-45.021875,6.15,,
105344,8158,320.058676,22.026221,6.29,,
105357,,320.106023,60.687119,6.73,,
105382,8151,320.190826,-40.809352,4.8,,
105411,8165,320.270002,23.855199,5.58,,
105425,8152,320.319152,-49.939283,6.4,,
105430,,320.335599,46.729904,6.73,,
105432,8169,320.341527,32.61264,6.05,,
105439,,320.347046,-51.753194,6.75,,
105476,,320.45469,-29.166212,6.53,,
105478,,320.459772,1.361491,6.79,,
105497,8185,320.502119,49.389241,5.68,,
105500,,320.50731,4.345582,6.69,,
105502,8173,320.522391,19.804909,4.08,,人二
105515,8167,320.561869,-16.834509,4.28,,代一
105548,,320.649897,2.918456,6.53,,
105550,,320.654186,-5.633484,6.93,,
105558,8182,320.675524,30.309931,6.07,,
105561,8186,320.695085,38.634152,6.63,,
105570,8178,320.723718,6.811212,5.16,,司危一
105623,,320.897478,14.050122,6.76,,
105646,,320.983319,-25.202631,6.47,,
105665,8183,321.039928,-20.85268,5.38,,魏
105668,8187,321.048479,-12.878051,5.48,,天垒城六
105685,8177,321.087302,-46.614798,6.3,,
105695,8191,321.10282,10.17438,6.33,,
105703,8198,321.142026,26.174601,5.67,,
105712,,321.171778,-68.226753,6.98,,
105727,8239,321.208115,80.524754,5.97,,
105761,8195,321.304393,-9.749635,5.71,,天垒城十三
105764,,321.315758,-34.857184,6.92,,
105767,8199,321.320567,-3.557193,5.48,,虚宿增七
105768,8159,321.325539,-71.799031,6.09,,
105782,,321.353871,-14.277349,6.85,,
105815,,321.452417,-23.822199,6.51,,
105841,8188,321.56435,-54.660211,6.1,,
105854,8200,321.59667,-37.829498,5.64,,
105858,8181,321.612107,-65.361085,4.21,,孔雀十
105860,8210,321.611642,19.375751,6.08,,
105864,8205,321.617598,1.102326,6.12,,
105881,8204,321.666748,-22.411212,3.77,,燕
105891,8218,321.687539,52.898569,6.01,,
105898,8216,321.715652,48.835333,5.29,,
105913,8202,321.756333,-42.547837,5.5,,
105918,,321.777015,16.123536,6.72,,
105933,,321.820263,5.391321,6.78,,
105942,8215,321.839033,37.116815,5.3,,天津增廿七
105966,8217,321.917197,27.608724,5.39,,
105972,8227,321.942087,66.808963,5.42,,天钩增七
105998,,322.020552,62.096426,6.7,,
106003,8220,322.035387,32.225837,5.75,,
106004,,322.044348,-52.302423,6.79,,
106007,8212,322.058227,-11.56856,6.61,,
106015,,322.090302,-2.885483,6.88,,
106021,8219,322.103525,8.195471,6.39,,
106032,8238,322.165243,70.560772,3.23,Alfirk,上卫增一
106044,8196,322.188684,-69.505685,5.47,,
106052,8226,322.219911,55.418792,6.14,,
106053,,322.220622,11.084939,6.65,,
106062,8223,322.249309,22.17952,5.84,,
106064,8221,322.249582,17.905913,6.42,,
106067,8214,322.265701,-31.238632,6.52,,离瑜三
106093,8228,322.36269,46.541251,5.22,,车府增四
106103,,322.393753,6.581356,6.41,,
106140,8225,322.487245,23.63886,4.52,,人一
106143,8222,322.498447,-19.148109,6.57,,
106171,8237,322.584917,52.958104,6.02,,
106199,,322.668136,-14.291436,6.63,,
106215,,322.702587,31.957946,6.96,,
106227,8243,322.747038,60.459414,5.53,,
106243,8231,322.790232,12.137374,6.1,,
106278,8232,322.889871,-5.571215,2.9,Sadalsuud,虚宿一
106320,8129,323.01194,-84.809994,6.42,,
106327,8229,323.024644,-41.179241,5.29,,
106340,8230,323.06068,-33.94465,5.97,,离瑜增三
106351,,323.092345,-12.26736,6.73,,
106363,8235,323.139091,-24.590378,6.43,,
106373,,323.166521,42.295171,6.92,,
106393,8246,323.23597,49.977707,5.77,,
106409,,323.292033,48.303272,6.83,,
106429,8236,323.347822,-44.848716,5.57,,
106474,8176,323.478524,-82.683101,6.35,,
106481,8252,323.494998,45.591236,3.98,,车府四
106483,,323.50579,-46.611024,6.91,,
106488,,323.532155,-4.368138,6.69,,
106500,8241,323.571251,-42.924734,6.32,,
106518,8259,323.614472,51.698453,6.17,,
106527,8250,323.641629,22.754179,6.45,,
106541,,323.666764,-36.647049,6.88,,
106544,,323.678293,1.829089,6.41,,
106550,,323.691544,18.329002,6.47,,
106551,8255,323.694959,38.53465,4.87,,车府增八
106564,8244,323.720941,-29.696215,6.42,,
106590,8247,323.817028,-23.454403,6.39,,
106595,8257,323.830661,28.197394,6.25,,
106604,,323.858392,68.21939,6.47,,
106605,8258,323.862736,24.452091,6.22,,
106643,,324.020431,15.081425,6.5,,
106654,8253,324.046495,-26.171671,5.73,,天钱增三
106661,8261,324.057861,30.055803,6.36,,
106703,8256,324.20389,-33.047908,6.1,,天钱增四
106711,8266,324.237385,40.413601,5.04,,车府七
106723,8260,324.270225,-19.466007,4.51,,垒壁阵二
106755,,324.37123,4.682449,6.54,,
106758,8263,324.390518,-0.390739,6.22,,
106771,8275,324.411637,54.042188,6.16,,
106783,8265,324.432237,6.618378,6.19,,危宿增一
106786,8264,324.438685,-7.854357,4.68,Bunda,天垒城一
106787,8267,324.439969,19.318693,5.46,,人增三
106818,8249,324.512342,-64.824226,6.22,,
106870,,324.671731,-4.150593,6.73,,
106872,8274,324.688151,25.49886,6.18,,
106881,8234,324.737383,-79.442757,6.17,,
106886,8281,324.74006,57.489006,5.74,,螣蛇七
106897,8276,324.755797,20.265443,5.77,,
106913,,324.795057,-27.307107,6.75,,
106938,8273,324.867293,-10.57723,6.07,,
106944,8277,324.888412,2.243021,5.1,,司禄二
106955,,324.927098,-42.445569,6.64,,
106970,,324.974937,44.432136,6.77,,
106978,8269,324.998624,-52.358967,6.2,,
106981,,325.008131,9.18484,6.96,,
106985,8278,325.023977,-16.66245,3.69,Nashira,垒壁阵三
106999,8284,325.046817,43.273941,5.09,,车府增五
107019,,325.113316,-34.535489,6.71,,
107028,,325.139462,10.612171,6.9,,
107030,8271,325.140664,-55.737916,6.33,,
107046,,325.201016,3.896958,6.83,,
107089,8254,325.371251,-77.391583,3.73,,蛇尾三
107095,8283,325.386114,-14.049582,5.16,,哭增一
107112,8282,325.442449,-25.101485,6.51,,
107128,8285,325.503539,-23.263467,5.24,,代增二
107129,8297,325.504549,35.510212,5.98,,
107136,8301,325.523647,51.189607,4.69,Azelfafage,螣蛇四
107140,8298,325.534821,45.76557,6.11,,
107144,8287,325.542088,1.2852,5.66,,司命二
107151,8289,325.564464,5.680101,5.3,,危宿增三
107188,8288,325.665605,-18.866381,4.72,,垒壁阵一
107191,,325.666015,63.72087,6.88,,
107225,,325.760873,-43.496499,6.67,,
107230,8324,325.765927,72.319826,5.18,,上卫增三
107235,8306,325.776828,41.154892,5.51,,
107259,8316,325.876986,58.780027,4.23,,造父四
107271,,325.915536,7.528296,6.47,,
107297,,325.991979,22.815011,6.43,,
107299,,325.994575,-57.32558,6.49,,
107310,8309,326.037632,28.741081,4.49,,臼一
107315,8308,326.046675,9.87502,2.38,Enif,危宿三
107336,,326.099268,-4.730927,6.66,,
107339,,326.105797,46.862983,6.61,,
107344,8299,326.123474,-38.553566,6.28,,
107348,8313,326.127954,17.349949,4.34,,人四
107350,8314,326.13208,14.771215,5.96,,
107354,8315,326.161723,25.645122,4.14,,臼二
107374,8327,326.221965,62.46055,5.94,,
107380,8305,326.236937,-33.026383,4.35,,天钱三
107382,8311,326.251144,-9.082439,5.1,,天垒城二
107409,8303,326.328762,-49.498456,6.46,,
107418,8334,326.362148,61.120795,4.25,,造父五
107423,8286,326.370372,-71.008921,6.02,,
107472,8321,326.518259,22.948865,5.29,,人三
107488,8329,326.569321,43.060829,6.52,,
107496,,326.582982,-62.550032,6.91,,
107516,,326.632869,-2.212625,6.52,,
107517,8319,326.633935,-11.366014,5.57,,天垒城四
107531,,326.692866,13.719647,6.67,,
107533,8335,326.698412,49.309557,4.23,,螣蛇三
107555,8342,326.753354,70.150721,6.45,,
107556,8322,326.761933,-16.129179,2.85,Deneb Algedi,垒壁阵四
107575,8328,326.808214,2.686106,5.63,,司禄一
107596,8332,326.909738,-5.916701,6.17,,
107608,8326,326.933698,-30.8983,5.02,,天钱二
107637,8336,327.034785,36.580352,6.25,,
107649,8323,327.067187,-47.305501,5.57,,
107664,8338,327.122539,38.648564,6.1,,
107690,,327.227068,-56.274017,6.55,,
107710,,327.283377,66.791607,6.49,,
107749,8345,327.41703,41.148751,6.48,,
107750,8337,327.420855,-12.722732,6.31,,
107763,8343,327.461371,30.174048,5.07,,臼增一
107773,8331,327.500467,-64.712784,5.62,,
107777,,327.51033,52.69731,6.58,,
107788,8344,327.536859,17.285575,5.34,,人增四
107813,,327.627727,32.657283,6.79,,
107820,,327.648136,-8.982832,6.54,,
107835,8333,327.696139,-69.629448,5.52,,
107843,8280,327.730781,-82.719116,5.27,,
107877,,327.854899,-23.271161,6.85,,
107886,,327.890471,0.77044,6.6,,
107901,8346,327.924923,-18.623433,6.19,,
107919,,327.966778,11.091431,6.66,,
107930,8357,328.004563,55.796741,5.7,,
107952,,328.054532,79.551862,6.51,,
107956,8350,328.07587,21.273319,6.27,,
107962,,328.088683,-3.174715,6.62,,
107963,,328.089503,-41.412786,6.84,,
108012,,328.243728,15.932277,6.89,,
108022,8356,328.265776,25.925142,5.09,,臼增三
108036,8351,328.326101,-13.551681,5.08,,哭一
108039,,328.332466,53.997102,6.61,,
108058,8355,328.400249,-10.311626,6.57,,
108060,8358,328.405905,19.668587,5.69,,
108084,,328.476693,28.341202,6.78,,
108085,8353,328.482949,-37.364929,3,Aldhanab,败臼一
108090,8359,328.4912,6.864894,6.14,,
108102,8360,328.543546,-4.276764,5.71,,
108123,,328.579583,-36.061729,6.74,,
108133,,328.610701,80.30847,6.43,,
108151,,328.679631,67.753919,6.96,,
108195,8352,328.798067,-61.88719,5.92,,
108209,8374,328.835769,61.541787,6.17,,
108213,,328.83831,36.146089,6.72,,
108226,8375,328.879264,65.320801,5.84,,
108258,,328.979367,-46.928334,6.55,,
108259,8365,328.982236,-30.606047,6.41,,
108268,,329.014584,-52.464008,6.5,,
108281,8362,329.058761,-57.899548,6.17,,
108301,,329.11414,59.795103,6.89,,
108317,8383,329.163099,63.625534,5.11,,
108327,,329.191813,-17.897058,6.76,,
108339,8373,329.234707,12.076403,5.54,,危宿增十一
108348,8377,329.259323,48.668571,6.51,,
108353,,329.270497,46.592443,6.78,,
108402,,329.41404,-8.564279,6.8,,
108420,8395,329.462671,74.996645,6.32,,
108431,8368,329.479965,-54.992599,4.4,,
108456,8423,329.547202,82.869012,6.92,,
108471,,329.61411,14.021818,6.53,,
108473,,329.616815,3.776067,6.95,,
108478,8369,329.625421,-59.01196,6.13,,
108479,,329.625285,-41.721029,6.77,,
108484,,329.645802,-44.06293,6.54,,
108490,,329.667468,29.810163,6.95,,
108494,8378,329.682658,-21.182985,6.06,,
108506,8382,329.729103,-4.374724,6.24,,
108513,,329.749239,19.020088,6.5,,
108535,8400,329.810847,73.178872,5.04,,少卫增二
108543,8379,329.824972,-38.395102,5.5,,
108566,,329.882291,10.576521,6.99,,
108612,8385,330.033129,6.717442,6,,危宿增七
108621,,330.071269,34.629582,6.87,,
108632,8391,330.11113,33.006295,6.46,,
108661,8386,330.209375,-28.453735,5.43,,天钱增一
108681,,330.246395,-36.556559,6.71,,
108691,8390,330.270929,0.604641,5.6,,危宿增四
108693,8392,330.272677,13.119461,5.61,,危宿增十
108699,8393,330.288441,8.257147,5.65,,危宿增八
108745,,330.429061,41.539066,6.99,,
108758,8403,330.46089,52.882268,5.79,,
108772,8406,330.519001,58.000355,5.55,,造父增一
108789,,330.566649,36.982729,6.95,,
108797,8396,330.609405,-16.964843,6.39,,羽林军一
108809,,330.637191,-32.133605,6.63,,
108814,,330.660495,15.986369,6.71,,
108817,,330.671943,-27.367596,6.91,,
108849,8380,330.766609,-76.118852,5.94,,
108868,8401,330.818901,-6.522351,5.55,,泣增一
108870,8387,330.886411,-56.802196,4.69,,
108874,8402,330.828682,-2.155434,4.74,,盖屋一
108875,8404,330.82942,11.386542,5.83,,危宿增九
108917,8417,330.950915,64.628541,4.26,Kurhah,天钩六
108952,8405,331.099349,-29.916509,6.45,,天钱一
108960,,331.125495,-25.883072,6.73,,
108963,,331.12921,10.240224,6.93,,
109009,,331.264339,14.815823,6.38,,
109017,8428,331.286605,62.279796,5.07,,天钩增十一
109023,8415,331.297424,26.673876,5.75,,
109033,8421,331.318488,46.744705,6.16,,
109056,8419,331.394686,28.963919,5.69,,杵三[危宿]
109068,8413,331.420449,5.059177,4.86,,危宿增六
109074,8414,331.446104,-0.319914,2.95,Sadalmelik,危宿一
109081,8409,331.463288,-59.636417,5.62,,
109082,8427,331.463398,48.231466,6.26,,
109102,8424,331.50804,45.014249,5.09,,
109108,,331.518067,-43.96644,6.94,,
109111,8411,331.528476,-39.544152,4.47,,败臼二
109124,8434,331.556725,56.343412,6.38,,
109139,8418,331.609564,-13.870045,4.29,,垒壁阵五
109155,,331.662156,2.439371,6.51,,
109176,8430,331.754883,25.345283,3.77,,臼三
109199,,331.813103,-22.240552,6.83,,
109209,8435,331.869958,19.47576,5.74,,
109212,8436,331.875012,18.000497,6.31,,
109214,,331.87075,-68.023835,6.99,,
109240,8438,331.959297,21.702489,5.79,,臼增四
109245,,331.973531,-70.285638,6.67,,
109268,8425,332.059455,-46.961922,1.73,Alnair,鹤一
109272,8445,332.067869,49.796963,6.41,,
109281,,332.077842,24.156253,6.57,,
109285,8431,332.096474,-32.988653,4.5,,天钱四
109332,8439,332.24581,-18.51964,5.8,,羽林军二
109375,,332.370911,-23.659087,6.36,,
109378,,332.374982,-7.551528,6.54,,
109400,8468,332.452491,72.341225,4.79,,少卫增三
109408,8440,332.491833,-48.108062,6.43,,
109410,8454,332.496751,33.178108,4.28,,杵二[危宿]
109418,,332.527159,35.213696,6.98,,
109427,8450,332.551747,6.198065,3.52,Biham,危宿二
109445,8456,332.591936,14.629697,6.36,,
109460,,332.632699,-10.820212,6.64,,哭增四
109466,8453,332.641086,-4.266833,5.98,,
109471,8458,332.655676,11.624192,5.78,,
109472,8452,332.656359,-11.564888,5.43,,哭二
109474,8474,332.660402,70.132724,5.52,,
109492,8465,332.713814,58.201292,3.39,,造父二
109493,8460,332.71559,30.552894,6.3,,
109509,8457,332.760778,-21.233062,6.1,,
109521,8463,332.792498,50.823666,5.38,,
109556,8469,332.877302,59.414415,5.05,,造父三
109561,,332.908502,-34.46523,6.68,,
109577,8461,332.963854,16.040431,5.93,,
109591,,333.007649,47.09566,6.7,,
109592,8479,333.008414,60.759157,5.37,,
109595,,333.009261,-38.302728,6.9,,
109602,8466,333.033795,24.950652,5.97,,
109620,8483,333.0936,63.290937,5.76,,
109624,8462,333.107506,-14.19426,6.04,,
109629,,333.121358,76.462062,6.93,,
109631,,333.124609,-40.203559,6.59,,
109667,8464,333.239329,-26.327975,6.19,,
109691,,333.291757,18.279581,6.5,,
109693,8546,333.292386,86.107853,5.27,,天皇大帝
109730,8482,333.411777,28.607991,5.87,,
109737,8470,333.435628,-25.180852,5.58,,
109745,8487,333.455846,45.440637,5.53,,
109754,8485,333.470025,39.715026,4.5,,
109788,,333.576112,17.18876,6.5,,
109789,8478,333.578297,-27.766896,5.45,,羽林军六
109822,,333.659222,-15.820813,6.55,,
109831,8489,333.685313,42.953769,5.72,,
109837,,333.695476,4.282617,6.97,,
109857,8494,333.764707,57.043906,4.18,,螣蛇九
109902,8484,333.896065,-44.451513,6.1,,
109908,8486,333.904234,-41.346571,4.79,,鹤十二
109937,8498,333.99248,37.748741,4.14,,杵一[危宿]
109939,8491,333.999447,8.549508,6.21,,
109973,8488,334.110533,-41.627285,5.11,,鹤增一
109984,8495,334.14004,-1.596446,6.16,,
109992,,334.167606,22.895921,6.92,,
110000,8496,334.2002,-12.831407,5.34,,
110003,8499,334.209243,-7.78343,4.17,Ancha,泣二
110009,8500,334.218641,-9.040144,5.8,,
110018,8497,334.249869,-23.140638,6.17,,
110023,8504,334.277053,-5.387039,5.75,,虚梁一
110031,,334.291943,-34.761076,6.83,,
110055,,334.368168,49.127013,6.46,,
110078,8471,334.45972,-77.511459,5.49,,蛇尾二
110088,,334.508679,-62.811355,6.98,,
110089,,334.517503,13.950232,6.83,,
110091,8507,334.51753,-0.238005,6.39,,
110109,8501,334.569795,-53.631117,5.36,,
110130,8502,334.624464,-60.259829,2.87,,鸟喙一
110159,,334.696563,19.96179,6.86,,
110166,,334.718939,16.257913,6.89,,
110198,,334.832648,-28.208592,6.85,,
110207,,334.857264,60.147786,6.87,,
110256,8481,335.009167,-80.440019,5.09,,
110298,8513,335.115035,5.789511,5.37,,危宿增五
110314,,335.161508,58.410043,6.46,,
110316,8519,335.164705,50.980812,6.4,,
110323,,335.176589,14.032146,6.55,,
110341,8514,335.232788,8.18688,6.18,,
110346,8517,335.250328,26.935116,6.46,,
110351,8523,335.256639,46.536582,4.55,,车府三
110371,8522,335.330705,28.330566,4.78,,臼四
110386,8520,335.379528,12.205222,4.82,,土公吏一
110391,8516,335.398133,-21.598771,5.12,,羽林军四
110395,8518,335.414881,-1.387275,3.86,Sadachbia,坟墓二
110405,,335.438868,66.706319,6.62,,
110408,8528,335.462091,42.078121,6.38,,
110412,,335.470178,40.666417,6.54,,
110434,,335.521869,15.651413,6.68,,
110487,,335.709535,36.659387,6.45,,
110497,8535,335.750981,57.284643,6.18,,
110498,8537,335.752456,62.419432,6.04,,
110504,,335.779203,55.963213,6.44,,
110506,8524,335.785432,-45.928859,5.62,,
110529,8529,335.879224,-24.762677,5.53,,羽林军五
110532,8530,335.883923,-7.194364,5.92,,
110538,8538,335.889961,52.227854,4.42,,螣蛇十
110548,8532,335.917145,20.848136,6.2,,离宫增一
110566,8536,335.978153,38.574402,6.18,,
110569,,335.98501,31.261755,6.96,,
110573,,336.002168,15.281394,6.79,,
110578,8533,336.02886,-4.83707,5.79,,虚梁二
110602,8534,336.11309,-13.529278,5.76,,羽林军十七
110609,8541,336.129073,49.476371,4.55,,螣蛇二
110618,8515,336.180982,-72.25972,5.28,,
110629,,336.164672,-41.440564,6.64,,
110649,8531,336.237126,-57.799533,5.31,,
110668,8527,336.296494,-70.432023,5.78,,
110672,8539,336.319389,1.377422,4.8,,坟墓四
110696,8543,336.419765,18.444501,6.26,,
110707,,336.450201,-20.237033,6.73,,
110712,8526,336.464599,-75.015612,6.12,,
110724,,336.502028,80.701683,6.68,,
110725,8557,336.503777,70.77093,5.47,,
110746,8542,336.544676,-23.68246,6.29,,
110753,,336.559976,-2.789503,6.94,,
110778,8544,336.644205,-16.742112,5.55,,羽林军十五
110786,,336.673848,-11.228273,6.98,,垒壁阵增一
110790,8549,336.689831,37.443674,6.46,,
110817,8561,336.772121,65.13226,5.52,,天钩七
110821,,336.778432,-1.30918,6.77,,
110838,8540,336.834249,-64.966287,4.51,,鸟喙二
110849,8553,336.860395,39.809986,6.16,,
110882,8551,336.96517,4.6937,4.78,,坟墓增二
110913,,337.05806,24.79262,6.78,,
110935,8547,337.159502,-67.489509,5.56,,
110936,8552,337.163682,-39.132818,5.47,,鹤十
110960,8558,337.209199,-0.019733,3.65,,坟墓一
110965,,337.231984,-60.054049,6.88,,
110986,8562,337.283593,9.128903,5.6,,土公吏二
110991,8571,337.292964,58.41522,4.07,,造父一
110992,8564,337.2928,26.763171,5.79,,
110997,8556,337.317607,-43.495591,3.97,,鹤增二
111022,8572,337.382576,47.706867,4.34,,车府增十九
111041,8569,337.433366,35.725383,6.56,,
111045,8563,337.4426,-27.107414,5.95,,
111056,8591,337.47085,78.824146,5.45,,少卫增七
111066,8565,337.507241,-12.915113,6.41,,
111068,8574,337.507787,32.572547,5.64,,杵增二[危宿]
111075,,337.534835,31.215713,6.59,,
111085,,337.565871,-42.29108,6.94,,
111086,8567,337.57251,-14.585954,6.36,,羽林军十六
111104,8579,337.621906,43.123338,4.52,,车府增九
111123,8573,337.66174,-10.678118,4.82,,垒壁阵六
111143,,337.750204,-49.434508,6.81,,
111169,8585,337.824298,50.282599,3.76,,螣蛇一
111170,8581,337.827331,-6.555845,6.15,,
111171,8580,337.826675,-2.911523,6.15,,
111188,8576,337.876836,-32.346191,4.29,,败臼增一
111191,8584,337.892901,29.542546,6.33,,
111196,8505,337.907627,-85.967404,5.76,,
111206,,337.938909,-35.29046,6.6,,
111242,8599,338.06707,76.226373,5.7,,
111247,8589,338.078327,54.037124,6.41,,
111278,8586,338.148978,20.230214,6.43,,离宫增二
111282,,338.165125,13.044648,6.56,,
111296,8587,338.195587,15.863372,6.35,,
111310,8582,338.25083,-61.982252,4.91,,
111314,8595,338.264545,69.914001,6.01,,
111355,,338.394319,40.819048,6.54,,
111379,,338.471746,61.778221,6.55,,
111382,,338.478111,-44.690628,6.78,,
111394,8590,338.512399,-1.574508,5.88,,坟墓增四
111398,,338.527425,-9.608541,6.54,,
111443,,338.652199,26.598211,6.88,,
111449,8592,338.675012,-20.709152,5.21,,羽林军十一
111487,,338.815222,45.153356,6.99,,
111497,8597,338.839647,-0.117856,4.04,,坟墓三
111504,8577,338.862296,-78.771636,6.15,,
111512,,338.887704,-51.603992,6.77,,
111515,8596,338.901747,-23.991135,5.97,,
111532,8615,338.94617,73.643346,5.08,,少卫增五
111539,,338.953137,-17.460713,6.39,,羽林军十四
111567,8604,339.032969,35.57713,6.11,,
111600,8601,339.147361,-31.66404,5.82,,
111610,,339.162633,-48.306055,6.65,,
111616,,339.180009,-43.471009,6.75,,
111643,8602,339.245606,-40.59148,5.85,,
111649,8608,339.270113,12.576608,6.3,,
111664,,339.312596,42.810352,6.87,,
111710,8610,339.438654,-4.228825,5.04,Situla,虚梁三
111761,8612,339.592716,-7.89758,6.23,,
111795,8621,339.658614,56.795424,5.11,,
111797,8627,339.662712,63.584342,5.19,,天钩增十六
111807,,339.708775,4.530165,6.82,,
111809,8616,339.714485,-33.081253,5.66,,
111810,8618,339.718829,19.521661,5.84,,离宫增三
111815,,339.731451,-38.477461,6.58,,
111833,8611,339.784972,-52.69202,6.67,,
111841,8622,339.815326,39.050234,4.89,,车府增十一
111843,,339.8165,-10.027844,6.93,,羽林军廿
111862,,339.878846,-68.060567,6.9,,
111869,8626,339.893135,37.592825,6.03,,
111879,8619,339.934799,-28.325923,6.3,,
111898,,340.001325,-83.251885,6.68,,
111925,8633,340.076758,53.84581,5.94,,
111934,8623,340.09214,-30.66021,5.88,,
111944,8632,340.129432,44.27637,4.5,,车府二
111954,8628,340.164075,-27.043622,4.18,,羽林军八
111967,8620,340.20451,-57.422363,5.98,,
111974,8631,340.221312,14.549949,5.72,,
111988,,340.261501,51.758477,6.77,,
111990,,340.265927,36.263394,6.64,,
112021,,340.35696,-12.230015,6.78,,
112029,8634,340.366003,10.831294,3.41,Homam,雷电一
112031,8640,340.369363,40.225412,5.25,,车府增十二
112078,,340.525556,-5.102309,6.28,,
112102,8637,340.592137,-29.36117,6.12,,败臼四
112122,8636,340.668143,-46.884604,2.07,Tiaki,鹤二
112127,8639,340.679809,-44.24781,6.06,,
112138,,340.721009,4.968864,6.78,,
112153,,340.741964,1.217238,6.93,,
112158,8650,340.750679,30.221077,2.93,Matar,离宫四
112168,8645,340.76434,-8.311466,6.45,,
112169,,340.768356,65.336251,6.76,,
112170,8652,340.768028,47.168737,6.39,,
112179,8647,340.80961,-6.963001,6.4,,垒壁阵增二
112203,8644,340.874989,-41.414948,4.84,,鹤九
112211,8649,340.896599,-18.830555,4.68,,羽林军十三
112242,8656,341.022767,41.819254,5.11,,车府增十三
112259,8646,341.068693,-60.499487,6.29,,
112281,,341.141038,-63.953944,6.93,,
112305,,341.220897,39.200897,6.47,,
112358,8660,341.367227,19.366931,6.27,,离宫增五
112369,,341.400449,52.890219,6.99,,
112374,8655,341.40818,-53.500011,4.84,,鹤四
112405,8630,341.512245,-81.381608,4.13,,
112408,,341.519458,-55.063622,6.62,,
112414,8658,341.535495,-48.979133,6.63,,
112428,,341.587869,46.214945,6.55,,
112433,,341.61967,7.582924,6.91,,
112440,8667,341.633222,23.565587,3.97,,离宫一
112447,8665,341.674776,12.169744,4.2,,雷电二
112501,8668,341.829357,-34.16155,6.28,,
112505,,341.840231,14.122941,6.95,,
112508,8677,341.846924,58.483078,6.33,,
112512,,341.855612,-17.550762,6.8,,
112519,8702,341.87236,83.154131,4.77,,勾陈增一
112529,8670,341.887332,-19.614691,5.24,,羽林军十二
112533,,341.898124,-65.560295,6.49,,
112554,8671,341.945962,-38.222596,6.72,,
112559,,341.957765,-4.231024,6.67,,
112567,8674,341.984922,-25.912764,6.31,,
112585,,342.033826,49.582669,6.81,,
112590,8678,342.045628,37.416282,5.82,,
112603,8669,342.090079,-61.684388,6.36,,
112612,,342.117318,-27.565067,6.83,,
112615,8676,342.126061,-10.55543,6.19,,羽林军廿二
112623,8675,342.139858,-51.317284,3.49,,鹤三
112635,8683,342.184609,62.938096,6.07,,
112641,8682,342.199717,54.414877,6.14,,
112670,8687,342.25567,68.57066,6.19,,
112693,,342.321459,-23.092569,6.93,,
112694,8672,342.323043,-70.347772,6.35,,
112714,8681,342.384351,10.47839,6.55,,
112716,8679,342.397848,-13.59288,4.05,,羽林军廿四
112724,8694,342.419021,66.199614,3.5,,天钩八
112725,8664,342.423748,-77.051077,6.73,,
112731,8688,342.443938,55.903019,5.43,,
112746,8680,342.496503,-32.805607,6.34,,
112748,8684,342.501803,24.601301,3.51,Sadalbari,离宫二
112761,8692,342.542101,50.67691,6.23,,
112778,8690,342.590787,41.953368,5.91,,车府增十四
112781,8663,342.595814,-80.123925,5.32,,
112803,8691,342.66346,19.141148,6.52,,
112832,8685,342.759137,-39.156873,5.43,,
112862,8693,342.837193,-29.536402,5.99,,羽林军九
112864,8696,342.84558,61.69701,5.61,,
112871,,342.861044,26.391047,6.94,,
112895,8686,342.936749,-59.881389,6.47,,
112917,8699,343.00945,43.312555,4.95,,车府一
112924,8689,343.042098,-63.188928,6.14,,
112950,,343.137038,3.552213,6.64,,
112958,,343.147912,-19.038169,6.99,,
112961,8698,343.153786,-7.57939,3.73,,垒壁阵七
112974,,343.195422,-10.058821,6.74,,
112981,,343.20575,46.548361,6.82,,
112987,,343.226104,38.615929,6.93,,
112997,8703,343.259298,16.841018,5.86,,
112998,8707,343.265937,60.101041,6.01,,
113018,,343.315197,-45.147776,6.85,,
113031,8704,343.369756,-11.616501,5.8,,羽林军廿三
113048,8708,343.417294,44.749064,5.79,,
113084,8712,343.52991,40.37709,5.82,,
113116,8748,343.6016,84.346115,4.7,,勾陈六
113136,8709,343.662252,-15.820979,3.27,Skat,羽林军廿六
113159,,343.728669,-22.370244,6.76,,
113167,8715,343.747985,1.06494,6.11,,
113184,8716,343.795851,-4.987954,5.72,,
113186,8717,343.807489,8.816351,4.91,,雷电增二
113189,8713,343.812462,-36.388574,6.4,,
113204,,343.877786,-20.139501,6.36,,
113222,8723,343.935596,36.35138,5.73,,
113240,,343.977206,-41.096606,6.72,,
113246,8720,343.987151,-32.539434,4.2,,天纲
113281,8725,344.098455,41.60385,5.6,,车府增十五
113288,8726,344.108318,49.733527,4.99,,
113307,8722,344.198914,-47.969211,5.72,,
113331,,344.278772,-3.245116,6.6,,
113357,8729,344.368002,20.769222,5.45,Helvetios,室宿增一
113360,8730,344.387126,3.810444,6.28,,
113368,8728,344.415103,-29.623285,1.17,Fomalhaut,北落师门
113371,8733,344.419747,39.308743,6.17,,
113387,,344.449746,73.133322,6.54,,
113402,,344.498786,-59.089804,6.7,,
113421,8734,344.564711,-2.395488,6.17,,
113447,8732,344.645827,-35.523947,6.15,,
113465,8738,344.67741,7.339641,6.35,,
113501,8744,344.792812,52.654731,6.31,,
113503,8739,344.799397,11.728587,5.76,,雷电增一
113521,8742,344.864967,0.962495,5.43,,霹雳增二
113531,8741,344.898598,-13.070905,6.12,,
113561,8752,345.021214,56.945353,5.1,,
113562,8743,345.024356,-25.164688,5.66,,
113583,,345.083287,-8.880697,6.81,,
113601,,345.135032,13.46845,6.7,,
113603,8755,345.143338,45.374781,6.51,,
113621,8753,345.17686,31.082965,6.6,,
113622,8751,345.178773,3.011271,5.85,,
113638,8747,345.219371,-52.754219,4.11,,鹤六
113640,8758,345.228114,38.707795,6.57,,
113664,,345.313164,80.781952,6.68,,
113669,8754,345.331195,-28.854097,5.55,,
113673,8756,345.346222,-22.791052,6.27,,
113686,8759,345.382203,-4.711413,5.94,,
113719,,345.464575,34.612332,6.74,,
113725,,345.479711,-63.085362,6.88,,
113726,8762,345.480449,42.325982,3.62,,车府增十六
113766,,345.587846,23.340563,6.84,,
113781,8763,345.635603,-6.574219,6.18,,
113784,8760,345.642433,-36.421075,6.46,,
113792,,345.657706,-18.541745,6.78,,
113797,8770,345.683087,55.236406,6.51,,
113801,8764,345.683988,-20.871542,5.97,,
113802,8768,345.688141,44.058712,6.37,,
113821,,345.736936,-47.848419,6.64,,
113853,8777,345.848924,60.445405,6.74,,
113860,8767,345.874824,-34.748871,5.12,,
113864,8779,345.887391,67.209273,5.25,,
113872,,345.909111,-26.813236,6.82,,
113881,8775,345.944929,28.083668,2.44,Scheat,室宿二
113889,8773,345.969299,3.819981,4.48,Fumalsamakah,霹雳一
113896,8772,345.990691,-4.794619,6.68,,
113902,8771,345.998614,-41.47854,5.79,,
113904,8776,346.003067,6.616386,6.42,,
113919,8780,346.047409,50.05316,4.64,,螣蛇十六
113957,8774,346.165735,-53.965584,5.37,,
113963,8781,346.190624,15.204993,2.49,Markab,室宿一
113969,8769,346.218382,-68.819818,5.53,,
113994,8784,346.274936,16.561489,6.43,,
113996,8782,346.291574,-7.693756,5.44,,羽林军四二
113998,8783,346.303268,-17.079506,6.15,,
114005,8785,346.323676,1.306992,6.39,,
114074,,346.551012,36.82017,6.76,,
114081,8788,346.577104,18.518163,6.16,,
114096,8792,346.634805,19.910883,6.44,,
114104,8797,346.653493,59.41975,4.84,,螣蛇增十三
114119,8789,346.670595,-23.743112,4.48,,羽林军卅
114131,8787,346.719281,-43.520449,4.28,,鹤八
114132,8790,346.723707,-38.892255,5.62,,
114139,,346.741848,-30.04815,6.57,,
114144,8795,346.751137,9.40941,4.54,,雷电四
114152,,346.771409,35.63656,6.38,,
114155,8796,346.778075,25.468046,4.76,,室宿增二
114162,8801,346.791927,52.816681,6.12,,
114167,8793,346.811161,-50.68683,5.81,,
114187,8798,346.865365,32.825271,6.13,,
114189,8799,346.870392,21.13393,5.97,,
114200,8804,346.913504,46.387039,5.3,,螣蛇增四
114222,8819,346.974539,75.38727,4.41,,紫微左垣七
114227,8811,346.9885,64.222507,6.21,,
114254,8802,347.087455,-28.824034,5.6,,
114268,8794,347.148845,-73.586129,6.18,,
114273,8807,347.171385,2.128579,5.42,,霹雳增三
114291,,347.213513,-25.830891,6.74,,
114341,8812,347.362029,-21.17221,3.68,,羽林军廿八
114366,8813,347.436096,-28.08856,5.88,,
114367,,347.436396,-67.87661,6.47,,
114371,8816,347.456668,-14.510592,6.43,,
114373,,347.468471,39.469204,6.66,,
114375,8817,347.478989,-22.457662,4.71,,羽林军廿九
114378,,347.487131,14.425998,6.54,,
114404,,347.537155,33.767595,6.69,,
114408,8809,347.555241,-66.857423,6.47,,
114421,8820,347.59095,-45.246878,3.88,,鹤七
114428,,347.613544,-60.564551,6.72,,
114430,8825,347.61155,43.542907,5.91,,车府增十八
114449,8824,347.67783,17.594197,5.68,,
114489,,347.808669,5.004307,6.66,,
114520,8826,347.934071,8.720084,5.15,,雷电增四
114526,8827,347.953605,26.846598,6.19,,室宿增三
114536,,347.998329,-11.933773,7,,
114550,8810,348.053299,-80.91277,6.43,,
114565,,348.10458,36.967811,6.92,,
114570,8830,348.138403,49.406819,4.53,,螣蛇十七
114607,8831,348.266373,29.441267,6.34,,
114622,8832,348.345166,57.170241,5.57,,
114626,8828,348.314075,-49.618654,6.8,,
114641,8833,348.360357,11.064963,5.85,,
114686,,348.497507,19.633852,6.47,,
114708,,348.537887,-70.05766,6.9,,
114714,8837,348.560399,50.617846,6.32,,
114724,8834,348.580972,-6.050254,4.22,,垒壁阵八
114742,8839,348.652853,24.102932,6.36,,
114745,8844,348.655585,74.231302,5.89,,
114750,8836,348.667333,-10.688946,6.13,,
114775,8835,348.745197,-41.10611,5.77,,
114809,,348.845983,25.67233,6.81,,
114810,,348.848524,-56.69208,6.57,,
114822,8840,348.892647,-3.496401,5.56,,
114831,8851,348.907564,70.888068,5.55,,
114834,,348.918984,1.307925,6.76,,
114842,,348.937426,-29.847698,6.52,,
114844,8842,348.942999,28.24788,6.51,,室宿增四
114855,8841,348.975292,-9.087846,4.24,,羽林军卅九
114864,,348.993187,-1.423921,6.93,,
114921,8846,349.165827,-44.489229,5.92,,
114924,8853,349.177466,53.211965,5.58,,
114939,8850,349.212136,-7.726602,4.93,,羽林军四三
114948,8843,349.242763,-62.001363,5.64,,
114969,,349.286776,-28.438912,6.24,,
114971,8852,349.296284,3.282404,3.7,,霹雳二
114981,8857,349.320381,45.163769,6.44,,
114996,8848,349.356963,-58.235224,3.99,,鹤五
114998,,349.368356,-16.17223,6.72,,
115011,,349.404993,18.30453,6.73,,
115015,8856,349.417288,-11.71291,6.33,,
115044,,349.5069,79.874363,6.98,,
115054,8859,349.542253,-40.825144,5.54,,
115065,8864,349.597113,41.773604,5.98,,螣蛇增七
115088,8872,349.657164,68.111514,4.75,,天钩九
115098,,349.692052,-47.435397,6.59,,
115102,8863,349.70615,-32.532529,4.41,,
115126,8866,349.779534,-13.458838,5.2,,
115129,8849,349.786937,-79.472338,6.34,,
115142,8868,349.851196,-5.124483,5.56,,
115144,8869,349.850486,-18.075315,5.96,,
115145,,349.852261,35.825073,6.74,,
115148,8873,349.864364,34.793182,6.32,,
115152,8874,349.874418,48.625653,5.44,,螣蛇增三
115178,8871,349.930098,-33.708292,6.35,,
115182,,349.950179,7.981885,6.91,,
115191,8876,349.968812,42.07807,5.81,,螣蛇增六
115197,,349.999028,-47.540101,6.82,,
115220,,350.067877,-3.919845,6.64,,
115227,8878,350.086264,5.380928,5.05,,霹雳增四
115228,,350.086728,60.274739,6.62,,
115250,8880,350.159565,23.740279,4.58,Salm,离宫五
115261,8884,350.183662,44.115932,6.25,,
115271,8882,350.207049,30.414481,5.58,,室宿增五
115272,8877,350.20959,-50.307031,6.04,,
115280,8885,350.222977,38.181936,5.77,,螣蛇增八
115288,,350.240599,17.252713,6.67,,
115312,8883,350.314447,-26.986841,5.65,,
115355,8887,350.478972,31.812422,5.35,,室宿增六
115360,8888,350.492032,26.608366,6.59,,
115366,,350.52162,28.694304,6.74,,
115389,,350.6191,25.918413,6.38,,
115404,8890,350.664016,-15.039226,5.19,,羽林军卅五
115407,8891,350.668933,20.828645,6.28,,离宫增六
115417,,350.704942,20.558876,6.62,,
115433,8889,350.737618,-60.055879,6.08,,
115438,8892,350.741798,-20.101197,3.96,,羽林军卅四
115444,8893,350.769146,12.313801,5.09,,雷电五
115462,,350.84171,-55.553477,6.57,,
115476,8897,350.883565,0.291397,6.33,,
115484,,350.910258,54.03098,6.84,,
115495,,350.938862,-8.460226,6.69,,
115496,8896,350.939436,-43.124356,6.12,,
115503,,350.965883,65.343218,6.97,,
115510,8895,350.977959,-53.808961,6.13,,
115528,8900,351.033857,-18.687696,6.18,,
115529,,351.033037,57.535492,6.79,,
115544,,351.068581,3.715334,6.62,,
115547,,351.078089,-72.165491,6.88,,
115567,8902,351.145489,41.112886,6.72,,
115569,,351.149342,63.853041,6.75,,
115590,8904,351.209584,62.282719,4.96,,螣蛇增十四
115620,8901,351.33209,-56.849119,5.6,,
115623,8905,351.34627,23.404335,4.42,Alkarab,离宫六
115681,,351.552022,-27.424495,6.58,,
115709,,351.648219,-21.740847,6.43,,
115713,8907,351.652754,-52.720772,5.53,,
115724,,351.681796,2.478484,6.72,,
115738,8911,351.733705,1.255005,4.95,,云雨一
115746,8938,351.749661,87.30746,5.56,,勾陈增二
115755,8913,351.781599,42.912118,5.75,,螣蛇增五
115756,8908,351.780506,-66.580971,6.47,,
115769,8909,351.813099,-58.475667,5.63,,
115770,8918,351.821596,70.359753,5.6,,
115772,,351.821705,65.620407,6.84,,
115806,8915,351.918476,25.167051,5.99,,离宫增八
115827,,351.985384,-15.299287,6.73,,
115830,8916,351.991258,6.378716,4.27,,霹雳三
115833,8914,352.002924,-35.544475,6.34,,
115836,8862,352.014863,-87.482245,5.5,,
115839,8917,352.022294,-11.449893,6.37,,
115856,,352.097946,19.885508,6.67,,
115858,,352.104912,-25.420656,6.9,,
115906,8921,352.252472,-9.266273,6.2,,
115908,8919,352.25463,-63.110743,5.66,,
115919,8923,352.289136,12.760714,4.54,,雷电六
115944,,352.362411,46.464838,6.88,,
115945,,352.362356,-1.791354,6.35,,云雨增一
115953,8924,352.384814,-4.534229,6.26,,
115990,8926,352.508303,58.548948,4.89,,螣蛇十四
115996,8925,352.531171,49.133164,6.19,,
116060,8928,352.754682,-6.288271,6.39,,
116076,8930,352.824924,39.235663,5.22,Veritate,螣蛇增九
116097,8929,352.862736,-44.843709,6.02,,
116106,8931,352.882406,-4.088637,6.5,,
116119,8933,352.92907,28.403401,6.41,,
116164,,353.052751,7.08455,6.8,,
116181,8936,353.103404,34.952281,6.66,,
116183,,353.107912,-10.998722,6.78,,
116196,,353.145861,53.686339,6.83,,
116231,8937,353.243532,-37.818027,4.38,,火鸟一
116247,8939,353.319238,-20.914449,4.7,,羽林军卅一
116250,8935,353.332079,-77.385319,5.82,,
116264,8940,353.367131,22.498664,5.33,,离宫增七
116277,,353.396692,17.818985,6.81,,
116292,8941,353.429122,45.058171,6.25,,
116307,8942,353.481141,20.840837,6.1,,
116310,8943,353.488654,31.32516,4.97,,壁宿增二
116323,8944,353.538269,-1.247652,5.91,,云雨增二
116338,,353.605614,5.470552,6.9,,
116354,8947,353.656267,40.236149,5.55,,螣蛇增十
116355,8948,353.659136,33.497468,5.63,,壁宿增一
116365,8950,353.694844,38.02407,6.18,,
116368,8946,353.705991,-15.246567,5.95,,
116380,8952,353.746098,71.642025,5.86,,
116387,,353.758392,-56.825432,6.73,,
116389,8949,353.769375,-42.615005,4.69,,火鸟二
116396,,353.795302,12.661698,6.95,,
116417,,353.861692,8.519622,6.68,,
116418,,353.864205,52.29116,6.9,,
116422,,353.868768,1.312993,6.47,,云雨增五
116428,8951,353.88363,-7.464326,6.4,,
116465,8953,353.983105,24.561077,6.44,,
116482,,354.040014,-26.876308,6.57,,
116584,8961,354.392479,46.45546,3.81,,螣蛇十九
116591,8958,354.415074,-13.060079,5.66,,
116592,8960,354.416467,16.825473,6.26,,
116602,8959,354.463131,-45.492431,4.74,,火鸟三
116611,8963,354.487009,18.400779,5.49,,雷电增七
116631,8965,354.534411,43.268067,4.29,,螣蛇廿二
116639,,354.551841,-8.627652,6.89,,
116653,8957,354.601756,-76.869667,5.99,,
116679,,354.682872,-62.885497,6.63,,
116687,,354.704564,62.134941,6.59,,王良增六
116709,8967,354.78456,50.47172,5.35,,螣蛇增十二
116714,8971,354.792592,75.292973,5.95,,
116727,8974,354.835403,77.633091,3.21,Errai,少卫增八
116728,8972,354.837917,74.002661,5.98,,
116737,8966,354.866631,-46.637536,6.07,,
116749,,354.921956,-66.253969,6.92,,
116771,8969,354.990094,5.6235,4.13,,霹雳四
116777,,355.004983,27.515106,6.66,,
116781,8973,355.011677,37.652132,6.49,,
116805,8976,355.102846,44.333812,4.15,,螣蛇廿一
116820,8975,355.158253,-32.073465,5.3,,
116847,,355.269776,41.850594,6.85,,
116851,8978,355.279147,-24.160539,6.61,,
116853,8979,355.287589,-11.680633,5.89,,
116882,,355.37324,40.554023,6.92,,
116901,8982,355.440941,-17.816533,4.82,,𫓧钺增一
116912,8985,355.477414,57.259921,6.24,,
116918,8983,355.48602,7.250285,5.89,,
116928,8984,355.510855,1.779051,4.49,,云雨四
116948,8989,355.587489,64.515365,6.52,,
116971,8988,355.681254,-14.545332,4.49,,羽林军四五
116972,,355.683358,16.335789,6.3,,雷电增八
116991,,355.771385,51.93931,6.44,,
116993,,355.773653,53.152594,6.63,,
117020,8991,355.843184,10.331609,5.09,,霹雳增五
117057,,355.965445,-33.427871,6.95,,
117073,8997,355.998393,29.361194,4.93,,壁宿增三
117075,8993,356.008447,-45.083111,6.08,,
117088,8996,356.050412,-64.404231,5.73,,
117105,8994,356.110654,-70.489834,6.06,,
117107,8999,356.120708,-26.246762,6.23,,
117125,8995,356.17199,-78.791437,5.74,,
117133,9000,356.201988,55.799671,6.46,,
117155,,356.266465,21.389661,6.76,,
117182,,356.372387,20.415369,6.56,,
117218,9002,356.504729,-18.678264,5.28,,𫓧钺增二
117219,9001,356.506095,-40.182795,6.32,,
117221,9003,356.508609,46.420237,4.97,,螣蛇廿
117245,9004,356.597756,3.486651,4.95,,云雨增七
117301,9008,356.76515,58.652351,4.88,,螣蛇十三
117314,9009,356.815994,-11.911724,5.74,,
117315,9006,356.816732,-50.226609,5.18,,
117324,9007,356.848151,-68.394181,6.89,,
117332,,356.872248,25.57947,6.78,,
117371,9013,356.978444,67.806799,5.05,,传舍一
117375,9012,356.986203,-2.761562,5.49,,垒壁阵增四
117394,,357.050734,8.245425,6.66,,
117420,9014,357.135347,-6.380555,6.09,,
117447,9018,357.209003,62.214506,5.43,,王良增一
117450,9019,357.225505,59.979067,6.33,,
117452,9016,357.232171,-28.130932,4.59,,
117491,9022,357.364486,1.075963,5.77,,云雨三
117494,9021,357.382053,-15.861473,6.21,,
117500,9025,357.414592,28.84255,5.95,,壁宿增四
117503,9024,357.420657,36.424975,5.86,,
117510,9026,357.456475,-25.331456,6.44,,
117541,9027,357.562288,-9.973636,5.93,,
117551,9028,357.593898,51.621549,6.47,,
117553,,357.60163,63.743615,6.95,,
117567,9029,357.63895,-14.401626,5.7,,
117571,,357.648567,-47.376753,6.49,,
117605,,357.754353,-48.65948,6.85,,
117622,,357.829567,40.198033,6.78,,
117628,9030,357.838474,9.312932,5.77,,霹雳增七
117629,9031,357.839102,-18.909186,5.17,,𫓧钺三
117655,,357.914671,-34.691764,6.7,,
117673,,357.967756,37.890754,6.95,,
117674,,357.973356,4.745404,6.79,,
117683,9033,357.991087,2.930292,5.59,,云雨增八
117689,9032,358.024774,-82.018954,5.1,,
117710,9035,358.097119,21.671062,6.13,,壁宿增八
117718,9036,358.121981,19.120068,5.06,,壁宿增九
117730,9039,358.154466,10.947297,5.3,,霹雳增六
117756,9040,358.210938,-8.996907,5.76,,
117761,9041,358.232029,-3.155754,5.93,,垒壁阵增五
117769,,358.250471,41.345693,6.94,,
117770,,358.254296,17.89965,6.57,,
117797,9043,358.337214,-24.229343,6.23,,
117844,,358.517258,39.282624,6.62,,
117863,9045,358.595914,57.49936,4.51,,螣蛇十二
117880,9046,358.663998,-40.299868,6.03,,
117887,9047,358.693996,0.109215,5.78,,
117906,,358.735141,29.475589,6.77,,
117917,,358.766806,-9.460541,6.73,,
117931,9049,358.819234,-31.921463,6.09,,
117954,,358.886607,52.735703,6.61,,
117956,9053,358.889367,47.355757,6.01,,
117962,,358.907234,8.223222,6.84,,
117978,,358.940211,-13.153032,6.6,,
117986,,358.978378,15.230244,6.45,,
118027,9056,359.118478,83.191158,6.57,,
118048,9055,359.172765,22.64805,6.18,,
118054,,359.197517,4.725115,6.87,,
118071,9057,359.265191,42.658216,6.01,,
118076,9058,359.28437,-26.623312,6.26,,
118081,,359.291911,-20.833732,6.45,,
118092,9060,359.334094,-62.956511,5.95,,鸟喙三
118121,9062,359.397314,-64.298622,5,,鸟喙增一
118131,9064,359.439443,25.141196,4.63,,壁宿增六
118133,,359.442639,11.474317,6.65,,
118177,,359.588341,35.013097,6.7,,
118178,9065,359.588997,-15.847536,6.28,,八魁三
118197,,359.629786,-57.280941,6.69,,
118209,9067,359.667872,-3.556445,4.88,,垒壁阵九
118224,9068,359.705164,32.381691,6.53,,
118234,9069,359.733032,-52.745415,5.13,,
118243,9071,359.752347,55.754896,4.88,,螣蛇十一
118256,,359.790651,-42.236725,6.78,,
118268,9072,359.828818,6.862604,4.03,,霹雳五
118281,9074,359.871602,33.723209,5.81,,
118307,,359.943675,-0.280277,6.83,,
118309,,359.949303,11.273439,6.74,,
118318,,359.963728,11.673727,6.99,,
118322,9076,359.97982,-65.577275,4.49,,鸟喙七
