name,type,ra_deg,dec_deg,major_arcmin,minor_arcmin,pa_deg,mag,messier,common_name_zh,constellation,mag_band,common_name_en,is_addendum
B033,DrkN,85.245833,-2.458333,6,4,90,,,马头星云,Ori,,Horsehead Nebula,1
C009,HII,344.475,62.518333,50,30,,,,洞穴星云,Cep,,Cave Nebula,1
C014,*Ass,35.175,57.1375,50,50,,,,双星团,Per,,"Double Cluster,h & chi Persei",1
C041,OCl,66.725,15.866667,329,,,,,毕星团,Tau,,Hyades,1
C099,DrkN,187.829167,-63.743333,,,,,,煤袋星云,Cru,,Coalsack Nebula,1
Cl399,*Ass,291.35,20.183333,70,,,3.6,,衣架星团,Vul,V,"Brocchi's Cluster,Al Sufi's Cluster,Coathanger Asterism",1
ESO056-115,G,80.89375,-69.756111,646,550,170,0.29,,大麦哲伦云,Dor,V,"Large Magellanic Cloud,Nubecula Major",1
ESO097-013,G,213.291458,-65.339222,8.71,4.27,37,10.56,,圆规座星系,Cir,V,Circinus Galaxy,1
ESO107-004,G,315.873417,-67.181333,2.14,1.74,135,11.97,,,Pav,V,,1
ESO121-006,G,91.874417,-61.807583,4.17,0.79,42,12.6,,,Pic,V,,1
ESO121-026,G,95.411458,-59.739917,2.4,1.78,113,11.94,,,Pic,V,,1
ESO138-010,G,254.762292,-60.216028,5.5,3.98,56,11.42,,,Ara,V,,1
ESO142-019,G,293.329,-58.11425,2.45,1.05,161,11.93,,,Pav,V,,1
ESO183-030,G,284.233083,-54.545444,2.34,1.95,25,11.67,,,Tel,V,,1
ESO185-054,G,300.862625,-55.947167,2.09,0.87,131,11.24,,,Tel,V,,1
ESO208-021,G,113.484375,-50.443028,3.8,2.75,109,11.22,,,Pup,V,,1
ESO213-011,G,154.231333,-48.881083,3.55,2.09,10,11.87,,,Vel,V,,1
ESO221-026,G,212.099208,-47.970472,3.16,2.19,0,11.06,,,Cen,V,,1
ESO265-007,G,166.956542,-46.524306,4.68,1.26,143,11.38,,,Cen,V,,1
ESO269-057,G,197.518458,-46.437333,3.71,2.14,47,11.86,,,Cen,V,,1
ESO270-017,G,203.697083,-45.5475,11.48,1.45,111,11.72,,,Cen,V,Fourcade-Figueroa,1
ESO273-014,G,224.626542,-47.698944,4.79,3.55,89,11.96,,,Lup,V,,1
ESO274-001,G,228.557667,-46.807944,9.77,1.55,39,11.19,,,Lup,V,,1
ESO311-012,G,116.891875,-41.452139,4.37,0.72,15,11.83,,,Pup,V,,1
ESO351-030,G,15.038958,-33.709028,15.26,15.26,99,8.6,,,Scl,V,Sculptor Dwarf Elliptical,1
ESO356-004,G,39.997208,-34.449194,12.88,10.47,48,7.4,,,For,V,Fornax Dwarf Spheroidal,1
ESO358-063,G,56.579208,-34.943556,4.27,1.26,132,11.89,,,For,V,,1
ESO373-008,G,143.339625,-33.0335,3.72,0.98,90,11.93,,,Ant,V,,1
ESO380-001,G,183.688,-35.509806,2.14,1.62,18,11.89,,,Hya,V,,1
ESO380-006,G,183.892792,-35.62975,3.63,1.62,79,11.54,,,Hya,V,,1
ESO383-087,G,207.322917,-36.063444,4.27,3.31,86,10.91,,,Cen,V,,1
ESO390-006,GCl,247.167083,-35.353611,5.4,,,12,,,Sco,V,,1
ESO428-011,G,108.880333,-29.359028,1.82,1.38,23,11.89,,,CMa,V,,1
ESO443-024,G,195.253292,-32.441306,2.34,2,166,11.84,,,Cen,V,,1
ESO462-015,G,305.807667,-27.714556,2.14,1.74,166,11.92,,,Sgr,V,,1
ESO494-026,G,121.546208,-27.528417,4.07,2.69,146,11.51,,,Pup,V,,1
ESO495-021,G,129.063042,-26.409389,1.95,1.41,136,11.83,,,Pyx,V,,1
ESO507-025,G,192.882667,-26.452083,2.63,2.14,98,11.6,,,Hya,V,,1
ESO556-015,G,95.273167,-20.048417,2.57,2.19,130,11.83,,,CMa,V,,1
H05,OCl,186.816667,-60.778333,6,,,7.1,,,Cru,V,,1
H13,OCl,255.9625,-48.083333,4.5,,,,,,Ara,,,1
H20,OCl,298.275,18.333333,5.1,,,7.7,,,Sge,V,,1
H21,OCl,358.555,61.74,1.8,,,9,,,Cas,V,,1
HCG079,GGroup,239.799583,20.758611,2.8,,,,,塞弗特六重星系,Se1,,Seyfert's Sextet,1
HCG092,GGroup,338.995833,33.958333,4.4,,,,,史蒂芬五重星系,Peg,,Stephan's Quintet,1
IC0001,**,2.112708,27.717667,,,,,,,Peg,,,0
IC0002,G,2.753667,-12.822861,0.98,0.32,142,15.46,,,Cet,B,,0
IC0003,G,3.025375,-0.415222,0.93,0.67,53,14.78,,,Psc,B,,0
IC0004,G,3.36225,17.486444,1.17,0.84,12,14.14,,,Peg,B,,0
IC0005,G,4.395542,-9.543361,0.99,0.66,9,14.57,,,Cet,B,,0
IC0006,G,4.729333,-3.276083,1.23,1.08,146,14.57,,,Psc,B,,0
IC0007,G,4.7215,10.594694,0.9,0.63,174,14.63,,,Psc,B,,0
IC0008,G,4.761333,-3.222083,0.82,0.34,129,15.16,,,Psc,B,,0
IC0009,G,4.93325,-14.121889,0.59,0.46,122,15.41,,,Cet,B,,0
IC0010,G,5.07225,59.303778,6.76,6.03,129,10.35,,,Cas,V,,0
IC0011,Dup,13.247292,56.621889,,,,,,,Cas,,,0
IC0012,G,5.062708,-2.653111,0.96,0.32,20,15.08,,,Psc,B,,0
IC0013,G,5.083708,7.7005,1.29,0.53,162,14.93,,,Psc,B,,0
IC0014,**,5.630375,10.49025,,,,,,,Psc,,,0
IC0015,G,6.989958,-0.061278,0.44,0.38,91,15.9,,,Cet,B,,0
IC0016,G,7.031875,-13.093917,0.58,0.32,62,15.15,,,Cet,B,,0
IC0017,G,7.124083,2.648611,0.67,0.54,102,14.77,,,Cet,B,,0
IC0018,G,7.145667,-11.586694,1.08,0.41,29,15.03,,,Cet,B,,0
IC0019,G,7.1645,-11.640778,0.79,0.67,30,15.15,,,Cet,B,,0
IC0020,G,7.165333,-13.010306,0.91,0.77,18,14.88,,,Cet,B,,0
IC0021,G,7.293458,-0.163778,0.49,0.45,6,15.54,,,Cet,B,,0
IC0022,G,7.388208,-9.08075,0.81,0.44,45,14.73,,,Cet,B,,0
IC0023,G,7.711667,-12.72025,0.85,0.77,20,15.05,,,Cet,B,,0
IC0024,**,7.819292,30.839306,,,,,,,And,,,0
IC0025,G,7.800375,-0.407361,0.86,0.44,34,15.29,,,Cet,B,,0
IC0026,Dup,7.941417,-13.337472,,,,,,,Cet,,,0
IC0027,G,8.276,-13.3715,0.58,0.34,148,15.82,,,Cet,B,,0
IC0028,G,8.286333,-13.456278,0.3,0.22,85,15.56,,,Cet,B,,0
IC0029,G,8.545,-2.177639,0.66,0.49,160,15.79,,,Cet,B,,0
IC0030,G,8.561333,-2.084583,0.69,0.39,23,15.17,,,Cet,B,,0
IC0031,G,8.602625,12.268167,1.16,0.23,90,15.62,,,Psc,B,,0
IC0032,G,8.757042,-2.141694,0.62,0.39,1,16.15,,,Cet,B,,0
IC0033,G,8.7715,-2.137694,0.78,0.58,123,15.29,,,Cet,B,,0
IC0034,G,8.90175,9.12425,2.81,1.05,156,13.77,,,Psc,B,,0
IC0035,G,9.416167,10.357972,0.9,0.74,18,14.96,,,Psc,B,,0
IC0036,G,9.456875,-15.441278,0.31,0.3,60,15.54,,,Cet,B,,0
IC0037,G,9.642417,-15.358694,0.67,0.38,158,16.23,,,Cet,B,,0
IC0038,G,9.6615,-15.419833,0.77,0.57,65,15.02,,,Cet,B,,0
IC0039,Dup,9.785,-14.172833,,,,,,,Cet,,,0
IC0040,G,9.839167,2.456222,1.05,0.43,14,15.04,,,Cet,B,,0
IC0041,G,9.918208,-14.174333,0.71,0.45,162,15.2,,,Cet,B,,0
IC0042,G,10.274333,-15.428083,0.76,0.53,56,15.38,,,Cet,B,,0
IC0043,G,10.591917,29.641639,1.26,1.15,87,13.25,,,And,V,,0
IC0044,Dup,10.566167,0.8455,,,,,,,Cet,,,0
IC0045,Other,10.651417,29.65525,,,,,,,And,,,0
IC0046,G,10.741542,27.253472,0.8,0.61,82,14.28,,,And,B,,0
IC0047,G,10.729208,-13.740722,0.41,0.24,100,16.09,,,Cet,B,,0
IC0048,G,10.893625,-8.1865,1.12,0.92,172,13.16,,,Cet,V,,0
IC0049,G,10.983875,1.850278,1.28,1.04,77,13.78,,,Cet,V,,0
IC0050,G,11.523792,-9.503,1.02,0.87,169,14.74,,,Cet,B,,0
IC0051,G,11.600917,-13.442361,1.7,1.11,55,13.75,,,Cet,B,,0
IC0052,G,12.099083,4.091861,0.95,0.41,96,15.31,,,Psc,B,,0
IC0053,G,12.669875,10.600278,0.87,0.62,94,15.33,,,Psc,B,,0
IC0054,**,12.695208,-2.287778,,,,,,,Cet,,,0
IC0055,G,12.926625,7.718528,0.55,0.28,175,15.01,,,Psc,B,,0
IC0056,G,12.87475,-12.844306,0.82,0.74,116,15.14,,,Cet,B,,0
IC0057,G,13.702083,11.841194,1.03,0.96,10,15.48,,,Psc,B,,0
IC0058,G,13.760167,-13.678083,0.84,0.5,105,15.51,,,Cet,B,,0
IC0059,RfN,14.369208,61.143667,10,5,,,,,Cas,,,0
IC0060,G,14.017625,-13.357917,1.04,0.76,48,15.75,,,Cet,B,,0
IC0061,G,14.28,7.507083,1.34,1.29,175,15.23,,,Psc,B,,0
IC0062,G,14.683083,11.808,0.76,0.46,25,14.97,,,Psc,B,,0
IC0063,HII,14.870167,60.911694,10,3,,13.33,,,Cas,B,,0
IC0064,G,14.85175,27.059056,1.03,0.65,148,13.96,,,Psc,V,,0
IC0065,G,15.230917,47.681972,2.56,0.73,154,13.6,,,And,B,,0
IC0066,G,15.135417,30.797222,1.23,0.42,124,14.1,,,Psc,V,,0
IC0067,NonEx,15.073583,-6.91075,,,,,,,Cet,,,0
IC0068,NonEx,15.090208,-6.944111,,,,,,,Cet,,,0
IC0069,G,15.348583,31.040833,0.76,0.41,71,14.65,,,Psc,B,,0
IC0070,G,15.266458,0.05075,0.42,0.24,147,16.77,,,Cet,B,,0
IC0071,*,15.33025,-6.767167,,,,,,,Cet,,,0
IC0072,*,15.394625,-6.777944,,,,,,,Cet,,,0
IC0073,G,16.220625,4.767139,0.62,0.48,149,15.38,,,Psc,B,,0
IC0074,G,16.483125,4.09025,0.57,0.46,5,15.59,,,Psc,B,,0
IC0075,G,16.798375,10.836889,0.66,0.51,31,14.98,,,Psc,B,,0
IC0076,G,17.048792,-4.5545,0.81,0.36,116,15.44,,,Cet,B,,0
IC0077,G,17.182292,-15.420917,0.52,0.44,90,15.04,,,Cet,V,,0
IC0078,G,17.19875,-15.845083,1.75,0.75,126,15.24,,,Cet,B,,0
IC0079,G,17.207125,-15.948583,1.24,0.91,158,14.93,,,Cet,B,,0
IC0080,GPair,17.212083,-15.4075,1.2,,,,,,Cet,,,0
IC0080 NED01,G,17.21125,-15.408944,1.5,1.03,83,14.83,,,Cet,B,,0
IC0080 NED02,G,17.213042,-15.406306,1.5,1.06,50,12.9,,,Cet,V,,0
IC0081,G,17.34275,-1.695861,1.17,0.91,145,14.53,,,Cet,B,,0
IC0082,G,17.274125,-16.000306,0.91,0.83,93,14.85,,,Cet,B,,0
IC0083,G,17.624083,1.689361,0.68,0.45,114,15.16,,,Cet,B,,0
IC0084,G,17.856667,1.640194,0.67,0.43,12,15.21,,,Cet,B,,0
IC0085,*,17.956458,-0.452472,,,,,,,Cet,,,0
IC0086,G,18.368833,-16.241667,0.72,0.34,142,15.31,,,Cet,B,,0
IC0087,G,18.565792,0.765333,0.69,0.63,66,15.37,,,Cet,B,,0
IC0088,G,18.630417,0.79175,0.53,0.44,129,18.07,,,Cet,V,,0
IC0089,Dup,19.015042,4.294111,,,,,,,Psc,,,0
IC0090,G,19.126458,-7.977139,1.25,1.12,146,14.85,,,Cet,B,,0
IC0091,G,19.664292,2.553667,0.71,0.26,64,16.48,,,Cet,B,,0
IC0092,Dup,19.952083,32.767778,,,,,,,Psc,,,0
IC0093,G,19.75975,-17.060389,1.21,0.56,171,13.57,,,Cet,V,,0
IC0094,*,20.022875,32.717333,,,,,,,Psc,,,0
IC0095,G,19.8245,-12.574139,0.61,0.5,54,16.2,,,Cet,B,,0
IC0096,G,20.138417,29.61725,0.78,0.3,44,14.65,,,Psc,B,,0
IC0097,Dup,20.008333,14.861056,,,,,,,Psc,,,0
IC0098,G,20.228667,-12.604722,0.68,0.61,55,16.3,,,Cet,B,,0
IC0099,G,20.614,-12.952556,0.58,0.52,54,15.82,,,Cet,B,,0
IC0100,G,20.724833,-4.643028,1.04,0.77,88,14.48,,,Cet,B,,0
IC0101,G,21.035625,9.930528,1.24,0.59,124,15.03,,,Psc,B,,0
IC0102,G,21.109708,9.886556,0.75,0.37,111,15.57,,,Psc,B,,0
IC0103,G,21.151833,2.04425,0.95,0.67,128,15.36,,,Cet,B,,0
IC0104,**,21.14,-1.456722,,,,8.79,,,Cet,B,,0
IC0105,G,21.192708,2.075278,0.58,0.29,47,15.59,,,Cet,B,,0
IC0106,Dup,21.173542,-1.587083,,,,,,,Cet,,,0
IC0107,G,21.35275,14.864611,1.62,1.31,6,14.25,,,Psc,B,,0
IC0108,G,21.162333,-12.635583,1.3,0.36,4,15.48,,,Cet,B,,0
IC0109,G,21.304542,2.066222,0.76,0.57,70,14.87,,,Cet,B,,0
IC0110,Other,21.444167,33.514694,,,,,,,Psc,,,0
IC0111,Other,21.500542,33.497111,,,,,,,Psc,,,0
IC0112,G,21.512583,11.442972,0.72,0.37,127,14.17,,,Psc,B,,0
IC0113,G,21.60625,19.191972,0.35,0.26,160,,,,Psc,,,0
IC0114,G,21.594083,9.909944,1.4,0.56,154,15.62,,,Psc,B,,0
IC0115,G,21.726833,19.214694,0.76,0.76,80,14.03,,,Psc,V,,0
IC0116,G,21.710708,-4.982278,0.87,0.56,125,14.62,,,Cet,B,,0
IC0117,Dup,21.855917,-1.912972,,,,,,,Cet,,,0
IC0118,G,21.900167,-4.997472,0.72,0.55,31,15.81,,,Cet,B,,0
IC0119,G,21.97925,-2.040472,1.19,0.58,77,15.18,,,Cet,B,,0
IC0120,G,22.054,-1.915528,0.92,0.33,138,15.12,,,Cet,B,,0
IC0121,G,22.09075,2.513028,1,0.62,108,14.25,,,Cet,B,,0
IC0122,G,22.055,-14.838889,0.65,0.32,14,15.96,,,Cet,B,,0
IC0123,G,22.214417,2.446444,0.67,0.47,44,15.16,,,Cet,V,,0
IC0124,*,22.287833,-1.937028,,,,14.4,,,Cet,B,,0
IC0125,G,22.326458,-13.279833,0.61,0.59,53,16.18,,,Cet,B,,0
IC0126,G,22.449417,-1.98375,0.89,0.81,30,15.66,,,Cet,B,,0
IC0127,G,22.448375,-6.980056,1.69,0.45,110,9.2,,,Cet,V,,0
IC0128,G,22.849458,-12.624389,0.82,0.61,165,15.35,,,Cet,B,,0
IC0129,G,22.88025,-12.654389,1.23,0.6,63,15.28,,,Cet,B,,0
IC0130,G,22.86975,-15.591611,0.75,0.64,27,15.49,,,Cet,B,,0
IC0131,HII,23.31075,30.75325,0.3,,,12.52,,,Tri,B,,0
IC0132,HII,23.316333,30.945611,0.67,0.55,,14.82,,,Tri,V,,0
IC0133,HII,23.31325,30.888389,0.45,0.45,,18.45,,,Tri,V,,0
IC0134,*,23.354167,30.900667,,,,15.98,,,Tri,V,,0
IC0135,HII,23.564708,30.620083,0.4,,,,,,Tri,,,0
IC0136,*Ass,23.566833,30.562056,,,,11.04,,,Tri,B,,0
IC0137,*Ass,23.412125,30.5225,,,,,,,Tri,,,0
IC0138,G,23.25825,-0.689833,1.12,0.74,23,14.72,,,Cet,B,,0
IC0139,*Ass,23.496833,30.567444,,,,13.1,,,Tri,B,,0
IC0140,*Ass,23.492375,30.550139,,,,,,,Tri,,,0
IC0141,G,23.215458,-14.814611,1.23,0.91,5,14.33,,,Cet,B,,0
IC0142,HII,23.481375,30.757806,0.5,,,14.2,,,Tri,V,,0
IC0143,HII,23.545542,30.776417,0.3,,,11.4,,,Tri,B,,0
IC0144,G,24.420208,-13.314667,0.74,0.67,46,15.74,,,Cet,B,,0
IC0145,G,24.660333,0.7415,0.69,0.5,6,15.4,,,Cet,B,,0
IC0146,Dup,24.665792,-17.831194,,,,,,,Cet,,,0
IC0147,G,24.998958,-14.862639,0.76,0.42,58,15.23,,,Cet,B,,0
IC0148,G,25.612375,13.977028,1.82,0.57,45,13.84,,,Psc,B,,0
IC0149,G,25.60575,-16.300417,1.27,0.41,82,14.4,,,Cet,B,,0
IC0150,G,25.739667,4.200167,0.88,0.5,137,14.86,,,Psc,B,,0
IC0151,Other,25.989458,13.202611,,,,,,,Psc,,,0
IC0152,Other,26.030792,13.035861,,,,,,,Psc,,,0
IC0153,Other,26.150875,12.628944,,,,,,,Psc,,,0
IC0154,G,26.317792,10.649194,1.19,0.23,66,14.83,,,Psc,B,,0
IC0155,Other,26.884708,60.610833,,,,,,,Cas,,,0
IC0156,G,26.371708,10.552722,1.51,1.33,105,14.92,,,Psc,B,,0
IC0157,Other,26.426667,12.873333,,,,,,,Psc,,,0
IC0158,G,26.473,-6.935694,0.7,0.53,140,15.88,,,Cet,B,,0
IC0159,G,26.604375,-8.636611,1.35,0.75,28,14.18,,,Cet,B,,0
IC0160,G,26.623167,-13.247722,1.28,0.86,85,14.88,,,Cet,B,,0
IC0161,G,27.18225,10.507889,0.9,0.54,67,14.27,,,Psc,B,,0
IC0162,G,27.222625,10.521611,1.32,1.28,85,14.46,,,Psc,B,,0
IC0163,G,27.312458,20.711306,1.62,0.73,90,13.26,,,Ari,V,,0
IC0164,G,27.285042,-3.904389,1.58,1.35,167,14.04,,,Cet,B,,0
IC0165,Dup,27.558417,27.645667,,,,,,,Tri,,,0
IC0166,OCl,28.09925,61.852611,7.5,,,11.7,,,Cas,V,,0
IC0167,G,27.785667,21.912806,1.6,0.94,107,13.26,,,Ari,V,,0
IC0168,G,27.615125,-8.522944,1.12,0.39,104,14.85,,,Cet,B,,0
IC0169,G,27.664,-12.679611,0.74,0.51,76,15.79,,,Cet,B,,0
IC0170,G,27.989667,-8.517611,0.78,0.6,92,15.34,,,Cet,B,,0
IC0171,G,28.792542,35.281889,2.26,1.9,107,13.69,,,Tri,B,,0
IC0172,G,28.725958,0.811222,0.48,0.37,95,14.74,,,Cet,B,,0
IC0173,G,28.988125,1.285167,0.92,0.72,90,14.09,,,Cet,V,,0
IC0174,G,29.067,3.761861,1.49,0.99,97,14.52,,,Psc,B,,0
IC0175,G,29.078583,1.332417,0.52,0.46,9,15.7,,,Cet,B,,0
IC0176,G,29.2225,-2.018972,1.78,0.38,94,14.9,,,Cet,B,,0
IC0177,G,29.252417,-0.089861,0.51,0.47,11,15.47,,,Cet,B,,0
IC0178,G,29.728625,36.674694,0.94,0.79,159,13.28,,,And,V,,0
IC0179,G,30.047917,38.021333,1.12,0.9,111,12.56,,,And,V,,0
IC0180,G,30.001708,23.604333,0.83,0.34,150,15.3,,,Ari,B,,0
IC0181,G,30.009708,23.658639,0.57,0.49,55,15.85,,,Ari,B,,0
IC0182,G,29.965875,7.411833,1.06,0.7,36,14.54,,,Psc,B,,0
IC0183,G,29.891875,-5.347139,1.19,0.37,98,14.89,,,Cet,B,,0
IC0184,G,29.963458,-6.840389,1.12,0.59,178,13.89,,,Cet,V,,0
IC0185,G,30.025167,-1.528333,0.79,0.33,82,15.72,,,Cet,B,,0
IC0186,GTrpl,30.102083,-1.551722,1.1,,,,,,Cet,,,0
IC0186 NED03,G,30.105833,-1.550833,0.25,0.2,101,,,,Cet,,,0
IC0186A,G,30.1,-1.552861,1.21,0.76,33,14.87,,,Cet,B,,0
IC0186B,G,30.106042,-1.549806,0.69,0.47,0,15.8,,,Cet,B,,0
IC0187,G,30.378167,26.480972,2.23,0.73,70,13.79,,,Tri,B,,0
IC0188,G,30.44375,26.546889,0.54,0.28,46,14.4,,,Tri,B,,0
IC0189,G,30.470458,23.5515,0.78,0.67,86,14.85,,,Ari,B,,0
IC0190,G,30.530333,23.549833,0.25,0.2,95,15.03,,,Ari,B,,0
IC0191,Dup,30.622208,18.373,,,,,,,Ari,,,0
IC0192,G,30.634958,16.014167,0.95,0.67,148,14.75,,,Ari,B,,0
IC0193,G,30.629083,11.093083,1.36,0.97,154,14.62,,,Ari,B,,0
IC0194,G,30.77175,2.61425,1.85,0.33,14,15.18,,,Psc,B,,0
IC0195,G,30.935875,14.709278,1.46,0.72,135,13.15,,,Ari,V,,0
IC0196,G,30.9575,14.739139,2.47,0.67,9,14.11,,,Ari,B,,0
IC0197,G,31.020542,2.786833,1.01,0.53,54,14.25,,,Psc,B,,0
IC0198,G,31.513,9.295556,1.01,0.56,51,14.81,,,Psc,B,,0
IC0199,G,31.580833,9.227417,1.28,0.56,24,15.33,,,Psc,B,,0
IC0200,G,31.361,31.175333,1.38,1.06,92,12.82,,,Tri,V,,0
IC0201,G,31.813708,9.115056,0.54,0.5,60,16.77,,,Cet,B,,0
IC0202,G,31.869417,9.168306,1.35,0.36,131,15.22,,,Cet,B,,0
IC0203,G,31.873542,9.122639,0.6,0.51,10,16.9,,,Cet,B,,0
IC0204,G,31.862833,-1.430194,0.55,0.36,155,15.82,,,Cet,B,,0
IC0205,G,31.864292,-2.091278,0.92,0.82,40,14.76,,,Cet,B,,0
IC0206,G,32.377833,-6.968389,1.22,0.39,130,14.34,,,Cet,B,,0
IC0207,G,32.413958,-6.922194,1.81,0.45,98,14.53,,,Cet,B,,0
IC0208,G,32.115583,6.394917,1.32,1.13,168,14.73,,,Cet,B,,0
IC0209,G,32.244625,-7.058917,1.51,1.03,82,13.8,,,Cet,B,,0
IC0210,G,32.367833,-9.680333,2.35,0.65,66,13.82,,,Cet,B,,0
IC0211,G,32.783333,3.8525,1.66,0.76,56,14.07,,,Cet,B,,0
IC0212,G,33.409417,16.593944,0.79,0.54,84,15.75,,,Ari,B,,0
IC0213,G,33.517833,16.455889,1.43,1.01,148,13.2,,,Ari,V,,0
IC0214,G,33.523292,5.17325,0.58,0.45,65,14.16,,,Cet,V,,0
IC0215,G,33.539417,-6.806333,0.84,0.19,78,15.62,,,Cet,B,,0
IC0216,G,33.981333,-2.015111,0.5,0.32,25,15.87,,,Cet,B,,0
IC0217,G,34.0435,-11.926722,2,0.45,35,15.08,,,Cet,B,,0
IC0218,G,34.280208,1.282333,0.91,0.3,75,15.63,,,Cet,B,,0
IC0219,G,34.661792,-6.903333,1.56,1.19,177,14.44,,,Cet,B,,0
IC0220,G,34.798875,-12.781639,0.67,0.32,34,15.08,,,Cet,B,,0
IC0221,G,35.670417,28.256972,1.54,1.19,16,13.81,,,Tri,B,,0
IC0222,G,35.699375,11.638333,0.84,0.65,42,15.14,,,Ari,B,,0
IC0223,G,35.504583,-20.745917,1.15,0.59,143,14.09,,,Cet,B,,0
IC0224,G,36.188083,-12.564472,0.86,0.59,130,15,,,Cet,B,,0
IC0225,G,36.617875,1.160528,1.01,0.9,158,14.83,,,Cet,B,,0
IC0226,G,36.941375,28.208833,0.81,0.72,55,16,,,Tri,B,,0
IC0227,G,37.015042,28.175333,2.01,1.77,80,15.39,,,Tri,B,,0
IC0228,Dup,36.673042,-14.515639,,,,,,,Cet,,,0
IC0229,Other,36.842042,-23.813,,,,,,,Cet,,,0
IC0230,G,37.197042,-10.831361,0.64,0.42,87,15.54,,,Cet,B,,0
IC0231,G,37.484958,1.179083,0.74,0.33,162,15.14,,,Cet,B,,0
IC0232,G,37.798417,1.265639,1.1,0.67,154,14.3,,,Cet,B,,0
IC0233,G,37.919583,2.809917,0.33,0.26,100,15.53,,,Cet,B,,0
IC0234,G,37.907167,-0.14025,0.69,0.35,158,15.22,,,Cet,B,,0
IC0235,G,38.211625,20.64125,0.39,0.3,35,14.35,,,Ari,V,,0
IC0236,G,38.232542,-0.13125,0.74,0.37,23,15.97,,,Cet,B,,0
IC0237,G,38.381542,1.139889,0.54,0.51,11,14.71,,,Cet,B,,0
IC0238,G,38.8445,12.837722,1.38,0.79,35,14.02,,,Ari,B,,0
IC0239,G,39.116167,38.969917,4.25,4.01,75,11.2,,,And,V,,0
IC0240,Other,39.744042,41.719417,,,,,,,Per,,,0
IC0241,G,39.477083,2.328028,0.9,0.59,152,14.48,,,Cet,B,,0
IC0242,**,39.599708,-6.933944,,,,,,,Cet,,,0
IC0243,G,39.634,-6.902139,1.22,0.7,20,15.46,,,Cet,B,,0
IC0244,G,39.853042,2.728806,0.7,0.47,176,15.26,,,Cet,B,,0
IC0245,G,39.727667,-14.305556,1.11,0.29,25,15,,,Cet,B,,0
IC0246,G,40.119167,2.478639,0.69,0.61,48,15.39,,,Cet,B,,0
IC0247,G,40.036583,-11.733778,0.88,0.64,45,14.74,,,Cet,B,,0
IC0248,G,40.357625,17.812222,0.99,0.74,147,14.35,,,Ari,B,,0
IC0249,Dup,40.260375,-6.935917,,,,,,,Cet,,,0
IC0250,G,40.226125,-13.313556,0.91,0.73,178,15.05,,,Cet,B,,0
IC0251,G,40.307708,-14.957833,0.84,0.74,96,15,,,Cet,B,,0
IC0252,G,40.438042,-14.84825,1.01,0.62,26,15.35,,,Cet,B,,0
IC0253,G,40.523958,-15.046833,0.95,0.74,162,14.87,,,Cet,B,,0
IC0254,G,40.52075,-15.106639,0.26,0.25,55,14.91,,,Cet,B,,0
IC0255,G,41.763375,16.288028,0.59,0.4,45,15.68,,,Ari,B,,0
IC0256,G,42.417917,46.954667,0.46,0.29,30,14.31,,,Per,B,,0
IC0257,G,42.439333,46.976194,1.93,1.19,154,12.68,,,Per,V,,0
IC0258,G,42.442083,41.051667,1.48,1.23,170,15.52,,,Per,B,,0
IC0259,G,42.420333,41.055111,0.69,0.53,130,15.38,,,Per,B,,0
IC0260,G,42.753667,46.954778,1.53,0.75,170,15.12,,,Per,B,,0
IC0261,Dup,42.267042,-14.470694,,,,,,,Eri,,,0
IC0262,G,42.930292,42.828278,2.1,1.74,36,14.69,,,Per,B,,0
IC0263,G,42.4165,-0.069861,0.65,0.44,168,14.72,,,Cet,B,,0
IC0264,G,42.198417,-0.109194,0.5,0.37,28,16.88,,,Cet,V,,0
IC0265,G,43.68325,41.655333,0.71,0.63,60,15.49,,,Per,B,,0
IC0266,G,43.770125,42.262333,0.74,0.31,136,15.65,,,Per,B,,0
IC0267,G,43.459375,12.849222,1.86,0.69,170,13.09,,,Ari,V,,0
IC0268,G,43.862292,-14.103,0.97,0.55,68,15.31,,,Eri,B,,0
IC0269,G,43.860375,-14.066806,1.19,0.35,126,15.34,,,Eri,B,,0
IC0270,G,43.934125,-14.207889,1.8,1.43,51,14.14,,,Eri,B,,0
IC0271,G,43.997708,-12.007861,1.06,0.61,131,14.7,,,Eri,B,,0
IC0272,G,44.026833,-14.186639,0.96,0.67,30,14.86,,,Eri,B,,0
IC0273,G,44.294917,2.775056,1.49,0.46,32,14.32,,,Cet,B,,0
IC0274,Other,45.021792,44.213167,,,,,,,Per,,,0
IC0275,GTrpl,45.23875,44.348333,1,,,,,,Per,,,0
IC0275 NED01,G,45.232792,44.346306,0.32,0.23,16,,,,Per,,,0
IC0275 NED02,G,45.232917,44.350361,1.38,1.2,25,14.44,,,Per,B,,0
IC0275 NED03,G,45.244458,44.350167,0.3,0.3,0,16.56,,,Per,B,,0
IC0276,G,44.671083,-15.703111,1.67,0.61,62,13.97,,,Eri,B,,0
IC0277,G,44.960833,2.771361,1,0.89,44,13.12,,,Cet,V,,0
IC0278,G,45.376833,37.766,2.17,2.17,125,14.69,,,Per,B,,0
IC0279,G,45.300875,16.209222,0.54,0.45,166,15.19,,,Ari,B,,0
IC0280,Other,45.765042,42.359306,,,,,,,Per,,,0
IC0281,Dup,46.154708,42.362833,,,,,,,Per,,,0
IC0282,Dup,46.555167,41.848944,,,,,,,Per,,,0
IC0283,G,45.96025,-0.204444,0.71,0.54,5,17.93,,,Cet,V,,0
IC0284,G,46.541292,42.371917,4.29,2.15,14,11.59,,,Per,V,,0
IC0285,G,46.025917,-12.015444,1.45,0.36,117,15.02,,,Eri,B,,0
IC0286,Other,46.19675,-6.484528,,,,,,,Eri,,,0
IC0287,G,46.240917,-12.070444,0.81,0.59,9,15.36,,,Eri,B,,0
IC0288,G,46.887125,42.387556,1.01,0.28,41,14.95,,,Per,B,,0
IC0289,PN,47.58025,61.316778,0.58,,,13.2,,,Cas,V,,0
IC0290,G,47.428083,40.974222,1.24,0.32,129,15.43,,,Per,B,,0
IC0291,G,46.860208,-12.587444,1.19,0.52,91,14.65,,,Eri,B,,0
IC0292,G,47.553833,40.765667,1.19,0.65,73,13.47,,,Per,V,,0
IC0293,G,47.734,41.137111,1.05,0.76,108,15.48,,,Per,B,,0
IC0294,G,47.762958,40.622111,1.49,1.17,106,15.52,,,Per,B,,0
IC0295,Other,47.753083,40.61525,,,,,,,Per,,,0
IC0296,Other,47.769875,40.626861,,,,,,,Per,,,0
IC0297,**,48.326583,42.148778,,,,,,,Per,,,0
IC0298,GPair,47.82875,1.314722,0.8,,,,,,Cet,,,0
IC0298A,G,47.827083,1.315028,0.54,0.34,35,16.12,,,Cet,B,,0
IC0298B,G,47.831375,1.313389,0.43,0.33,5,15.1,,,Cet,B,,0
IC0299,G,47.760625,-13.109583,0.87,0.68,30,15.79,,,Eri,B,,0
IC0300,G,48.56675,42.415333,0.65,0.6,115,16.06,,,Per,B,,0
IC0301,G,48.698792,42.222639,1.26,1.11,177,14.95,,,Per,B,,0
IC0302,G,48.213625,4.707028,1.84,1.2,22,12.89,,,Cet,V,,0
IC0303,G,48.170292,-11.689944,0.59,0.46,47,16.16,,,Eri,B,,0
IC0304,G,48.755708,37.881833,1.06,0.65,29,14.74,,,Per,B,,0
IC0305,G,48.765833,37.86,0.79,0.64,74,15.57,,,Per,B,,0
IC0306,G,48.250875,-11.715694,0.71,0.58,79,15.5,,,Eri,B,,0
IC0307,G,48.438375,-0.241444,1.6,0.6,67,14.5,,,Cet,B,,0
IC0308,G,49.065958,41.18075,1.16,0.93,4,14.22,,,Per,V,,0
IC0309,G,49.026208,40.804556,1.02,0.95,30,14.81,,,Per,B,,0
IC0310,G,49.179083,41.324972,1.5,1.42,25,12.71,,,Per,V,,0
IC0311,G,49.194708,40.003611,1,1,100,15.65,,,Per,B,,0
IC0312,G,49.535875,41.754111,1.19,0.57,125,14.64,,,Per,B,,0
IC0313,G,50.24125,41.893833,1.26,0.87,42,14.79,,,Per,B,,0
IC0314,Dup,49.707542,-1.973333,,,,,,,Eri,,,0
IC0315,G,49.788917,4.038556,0.68,0.33,45,15.49,,,Cet,B,,0
IC0316,GPair,50.332917,41.930556,0.8,,,,,,Per,,,0
IC0316 NED01,G,50.333125,41.928944,0.45,0.17,116,15.24,,,Per,B,,0
IC0316 NED02,G,50.332917,41.931917,1.06,0.79,64,15.03,,,Per,B,,0
IC0317,G,49.731292,-12.740194,0.88,0.71,58,14.87,,,Eri,B,,0
IC0318,G,50.182625,-14.568222,1.08,0.45,134,14.72,,,Eri,B,,0
IC0319,*,50.871042,41.416361,,,,,,,Per,,,0
IC0320,G,51.496583,40.789028,1.12,0.91,99,15.34,,,Per,B,,0
IC0321,G,51.123292,-14.985472,1.03,0.95,25,14.79,,,Eri,B,,0
IC0322,G,51.501958,3.680556,0.76,0.38,6,15.35,,,Tau,B,,0
IC0323,Other,52.389792,41.855083,,,,,,,Per,,,0
IC0324,Dup,51.617875,-21.355306,,,,,,,Eri,,,0
IC0325,G,52.703583,-7.046722,0.83,0.74,80,15.58,,,Eri,B,,0
IC0326,G,52.652542,-14.425556,1.13,0.84,101,15.41,,,Eri,B,,0
IC0327,G,52.791583,-14.692139,0.8,0.47,70,15.21,,,Eri,B,,0
IC0328,G,52.795625,-14.637861,0.67,0.48,16,14.59,,,Eri,B,,0
IC0329,G,53.005708,0.279444,1,0.48,63,15.14,,,Tau,B,,0
IC0330,G,53.033458,0.353389,1.02,0.32,73,14.98,,,Tau,B,,0
IC0331,G,53.0795,0.282556,0.91,0.91,105,14.83,,,Tau,B,,0
IC0332,G,53.155917,1.382556,0.97,0.5,44,15.32,,,Tau,B,,0
IC0333,Other,53.514083,-4.584889,,,,,,,Eri,,,0
IC0334,G,56.321167,76.638306,2.34,1.85,58,11.5,,,Cam,V,,0
IC0335,G,53.879333,-34.447056,2.62,0.8,83,12.99,,,For,B,,0
IC0336,Neb,54.487667,23.363139,,,,,,,Tau,,,0
IC0337,Other,54.267917,-6.721194,,,,,,,Eri,,,0
IC0338,G,54.40875,3.118778,0.84,0.68,176,14.94,,,Tau,B,,0
IC0339,*,54.509292,-18.397778,,,,,,,Eri,,,0
IC0340,G,54.871292,-13.115111,1.61,0.58,90,14.76,,,Eri,B,,0
IC0341,Neb,55.232042,21.960194,134.9,,,,,,Tau,,,0
IC0342,G,56.702083,68.096361,19.77,18.79,0,9.68,,,Cam,B,,0
IC0343,G,55.02975,-18.443472,1.51,0.66,113,13.2,,,Eri,V,,0
IC0344,G,55.373042,-4.665861,0.89,0.47,42,14.92,,,Eri,B,,0
IC0345,G,55.288042,-18.314139,0.88,0.73,37,14.71,,,Eri,B,,0
IC0346,G,55.436083,-18.266972,1.95,1.47,69,12.64,,,Eri,V,,0
IC0347,G,55.636042,-4.298639,1.37,1.02,138,13.99,,,Eri,B,,0
IC0348,Cl+N,56.142458,32.162833,10,10,,,,,Per,,omi Per Cloud,0
IC0349,RfN,56.583792,23.939806,25.7,,,,,,Tau,,Barnard's Merope Nebula,0
IC0350,G,56.152708,-11.80075,1.09,0.79,165,14.95,,,Eri,B,,0
IC0351,PN,56.887542,35.046917,0.12,,,11.9,,,Per,V,,0
IC0352,G,56.905958,-8.731833,0.7,0.48,119,15.65,,,Eri,B,,0
IC0353,Neb,58.254458,25.848,181.97,30.2,,,,,Tau,,,0
IC0354,Neb,58.491292,23.147,128.82,,,,,,Tau,,,0
IC0355,G,58.44275,19.973917,0.67,0.56,161,15.4,,,Tau,V,,0
IC0356,G,61.945458,69.812444,4.02,3.73,90,10.24,,,Cam,V,,0
IC0357,G,60.933333,22.159111,0.94,0.61,147,14.6,,,Tau,B,,0
IC0358,G,60.928667,19.894944,1.18,0.28,63,15.21,,,Tau,B,,0
IC0359,G,63.118167,27.701972,1.3,1.3,105,15.39,,,Tau,B,,0
IC0359A,RfN,64.670833,28.29,15,10,,,,,Tau,,,0
IC0360,Neb,62.260708,26.131194,180,100,,,,,Tau,,,0
IC0361,OCl,64.71125,58.2495,7.2,,,11.7,,,Cam,V,,0
IC0362,G,64.176792,-12.200111,1.77,1.03,5,14.18,,,Eri,B,,0
IC0363,G,64.730917,3.033028,0.33,0.31,25,15.2,,,Tau,B,,0
IC0364,G,64.777917,3.188944,0.78,0.49,72,15.27,,,Tau,B,,0
IC0365,G,64.808917,3.348333,0.88,0.56,34,14.84,,,Tau,B,,0
IC0366,G,64.923083,2.359806,0.34,0.2,20,15.66,,,Tau,B,,0
IC0367,G,65.170792,-14.781056,1.74,0.61,140,14.47,,,Eri,B,,0
IC0368,G,65.678,-12.615167,0.99,0.83,164,15.08,,,Eri,B,,0
IC0369,G,65.867583,-11.790083,0.76,0.76,35,15.37,,,Eri,B,,0
IC0370,G,66.006958,-9.394833,0.99,0.89,123,14.94,,,Eri,B,,0
IC0371,*,67.552458,-0.561,,,,,,,Eri,,,0
IC0372,G,67.517667,-5.009972,0.97,0.45,30,15.32,,,Eri,B,,0
IC0373,G,67.678167,-4.87025,0.98,0.76,109,15.04,,,Eri,B,,0
IC0374,G,68.136458,16.634167,0.23,0.19,80,15.81,,,Tau,B,,0
IC0375,G,67.763083,-12.973972,0.82,0.54,59,15.24,,,Eri,B,,0
IC0376,G,67.807458,-12.433361,0.59,0.48,50,16.05,,,Eri,B,,0
IC0377,G,67.818917,-12.455083,1,0.83,99,14.84,,,Eri,B,,0
IC0378,G,67.866333,-12.29975,0.79,0.48,69,15.6,,,Eri,B,,0
IC0379,G,67.962208,-7.238361,0.93,0.82,35,14.7,,,Eri,B,,0
IC0380,G,67.922167,-12.927028,0.76,0.46,75,15.25,,,Eri,B,,0
IC0381,Dup,71.11875,75.63975,,,,,,,Cam,,,0
IC0382,G,69.481458,-9.519333,1.99,1.18,173,13.53,,,Eri,B,,0
IC0383,G,69.741792,9.892528,0.63,0.56,36,15.6,,,Tau,B,,0
IC0384,G,69.826167,-7.839111,0.49,0.48,94,15.14,,,Eri,B,,0
IC0385,G,69.881083,-7.097472,1.15,0.58,107,15.41,,,Eri,B,,0
IC0386,Dup,69.994083,-9.456222,,,,,,,Eri,,,0
IC0387,G,70.434208,-7.086194,1.6,1.11,84,12.99,,,Eri,V,,0
IC0388,GPair,70.472208,-7.305528,1,,,,,,Eri,,,0
IC0388 NED01,G,70.468417,-7.304639,0.54,0.44,54,16.2,,,Eri,B,,0
IC0388 NED02,G,70.476333,-7.306472,0.89,0.4,10,15.91,,,Eri,B,,0
IC0389,G,70.498417,-7.311472,1.09,0.82,20,15.07,,,Eri,B,,0
IC0390,G,70.516125,-7.206444,1.14,0.4,35,15.48,,,Eri,B,,0
IC0391,G,74.338042,78.188833,1.39,1.33,25,12.68,,,Cam,V,,0
IC0392,G,71.607333,3.505556,1.45,1,168,13.47,,,Ori,B,,0
IC0393,G,71.965833,-15.525194,0.81,0.77,7,14.87,,,Eri,B,,0
IC0394,Other,72.211292,-6.280194,,,,,,,Eri,,,0
IC0395,Dup,72.391792,0.252861,,,,,,,Ori,,,0
IC0396,G,74.495792,68.323389,2.38,1.45,86,13.08,,,Cam,B,,0
IC0397,Other,75.277625,40.424889,,,,,,,Aur,,,0
IC0398,G,74.552333,-7.78025,1.18,0.34,2,,,,Eri,,,0
IC0399,G,75.433375,-4.28875,0.54,0.45,81,14.8,,,Eri,V,,0
IC0400,G,75.940167,-15.819083,1.55,0.17,117,16.7,,,Lep,B,,0
IC0401,G,76.081833,-10.076528,1.75,0.58,55,13.94,,,Eri,B,,0
IC0402,G,76.561792,-9.107417,1.26,0.56,146,14.4,,,Eri,B,,0
IC0403,Other,78.815375,39.972111,,,,,,,Aur,,,0
IC0404,G,78.331667,9.754917,0.73,0.53,130,15.5,,,Ori,B,,0
IC0405,Neb,79.122833,34.356167,50,30,,10,,火焰之星星云,Aur,B,Flaming Star Nebula,0
IC0406,Other,79.454167,39.886028,,,,,,,Aur,,,0
IC0407,G,79.427542,-15.523444,1.93,0.36,164,14.2,,,Lep,B,,0
IC0408,G,79.936917,-25.064333,1.95,0.97,162,13.85,,,Lep,B,,0
IC0409,GPair,79.889792,3.318389,0.95,0.72,19,,,,Ori,,,0
IC0410,Neb,80.675,33.366667,40,30,,,,蝌蚪星云,Aur,,,0
IC0411,G,80.077542,-25.3245,1.36,1,129,14.13,,,Lep,B,,0
IC0412,G,80.48625,3.486389,1.17,0.65,0,14.62,,,Ori,B,,0
IC0413,G,80.494917,3.482167,1.08,0.8,140,14.68,,,Ori,B,,0
IC0414,G,80.479,3.342028,0.6,0.44,140,14.4,,,Ori,V,,0
IC0415,G,80.340125,-15.542583,0.76,0.58,148,15.45,,,Lep,B,,0
IC0416,G,80.984917,-17.260417,1.41,0.7,71,13.9,,,Lep,B,,0
IC0417,HII,82.025,34.423944,13,10,,,,蜘蛛星云,Aur,,,0
IC0418,PN,81.867458,-12.697278,0.2,,,9.44,,,Lep,V,,0
IC0419,Other,82.71675,30.117917,,,,,,,Aur,,,0
IC0420,Neb,83.039583,-4.50475,6.03,,,,,,Ori,,,0
IC0421,G,83.03575,-7.918333,2.96,2.22,108,12.6,,,Ori,B,,0
IC0422,G,83.077292,-17.223861,1.04,0.93,130,,,,Lep,,,0
IC0423,Neb,83.341708,-0.6145,6,3.5,90,,,,Ori,,,0
IC0424,Neb,83.405167,-0.413139,2.5,1.7,,,,,Ori,,,0
IC0425,Other,84.291333,32.429667,,,,,,,Aur,,,0
IC0426,Neb,84.13075,-0.298306,10,3,,,,,Ori,,,0
IC0427,Neb,84.075083,-6.616444,,,,,,,Ori,,,0
IC0428,Neb,84.100875,-6.451556,,,,,,,Ori,,,0
IC0429,Neb,84.578583,-7.0405,,,,,,,Ori,,,0
IC0430,Neb,84.649875,-7.083111,10.96,,,14.4,,,Ori,V,,0
IC0431,RfN,85.058458,-1.462806,8,5,,,,,Ori,,,0
IC0432,RfN,85.23325,-1.507,10,10,,,,,Ori,,,0
IC0433,G,85.130625,-11.665583,1.42,1.12,138,,,,Lep,,,0
IC0434,HII,85.253667,-2.453778,90,30,,11,,火焰星云,Ori,B,"Flame Nebula,Orion B",0
IC0435,RfN,85.752375,-2.312611,3.98,3.02,,,,,Ori,,,0
IC0436,Other,88.417,38.624778,,,,,,,Aur,,,0
IC0437,G,87.905833,-12.564972,0.97,0.46,7,15.25,,,Lep,B,,0
IC0438,G,88.250333,-17.876083,2.8,1.82,63,12.07,,,Lep,V,,0
IC0439,Other,89.164625,32.022694,,,,,,,Aur,,,0
IC0440,G,94.805458,80.068472,1.77,1,36,14.2,,,Cam,B,,0
IC0441,G,90.677625,-12.499139,1.22,1.13,40,14.4,,,Lep,B,,0
IC0442,G,99.049542,82.96825,1.25,1.25,5,14.04,,,Cam,B,,0
IC0443,SNR,94.155875,22.531667,50,40,,12,,,Gem,B,Gem A,0
IC0444,RfN,94.641667,23.313333,8,4,,7.03,,,Gem,B,,0
IC0445,G,99.338542,67.859861,0.87,0.7,20,14.28,,,Cam,B,,0
IC0446,Cl+N,97.77575,10.459278,5,4,,,,,Mon,,,0
IC0447,HII,97.751333,9.897444,25,20,,7.7,,,Mon,B,,0
IC0448,HII,98.188917,7.388639,15,10,,,,,Mon,,,0
IC0449,G,101.421292,71.343833,1.77,1.34,83,13.65,,,Cam,B,,0
IC0450,G,103.051042,74.427083,1.38,0.8,130,14.12,,,Cam,V,,0
IC0451,G,103.216708,74.480722,1.34,1.07,144,14.83,,,Cam,B,,0
IC0452,Dup,102.162958,-16.901611,,,,,,,CMa,,,0
IC0453,*,102.297708,-16.90675,,,,,,,CMa,,,0
IC0454,G,102.77625,12.922028,1.69,0.88,138,14.5,,,Gem,B,,0
IC0455,G,113.740333,85.537194,1.06,0.65,78,14.27,,,Cep,B,,0
IC0456,G,105.073083,-30.163778,2.33,1.6,4,13.04,,,CMa,B,,0
IC0457,Dup,107.368333,50.152528,,,,,,,Lyn,,,0
IC0458,G,107.642292,50.118917,0.9,0.39,173,14.38,,,Lyn,B,,0
IC0459,G,107.661208,50.177333,0.59,0.49,1,15.76,,,Lyn,B,,0
IC0460,G,107.684458,50.202444,0.85,0.49,178,15.34,,,Lyn,B,,0
IC0461,G,107.687667,50.081417,0.63,0.48,36,15.67,,,Lyn,B,,0
IC0462,*,107.732542,50.180833,,,,,,,Lyn,,,0
IC0463,G,107.753708,50.117694,0.28,0.2,95,,,,Lyn,,,0
IC0464,G,107.769792,50.136889,0.8,0.37,60,14.74,,,Lyn,B,,0
IC0465,Dup,107.890208,50.24825,,,,,,,Lyn,,,0
IC0466,HII,107.161667,-4.318,1,,,12.06,,,Mon,V,,0
IC0467,G,112.576625,79.872528,1.99,0.94,73,12.57,,,Cam,V,,0
IC0468,Other,109.329167,-13.218694,,,,,,,CMa,,,0
IC0469,G,118.996167,85.158917,2.35,0.91,88,13.48,,,Cep,B,,0
IC0470,**,110.88125,46.078667,,,,12.93,,,Lyn,V,,0
IC0471,G,115.901875,49.667556,0.66,0.66,23,14.22,,,Lyn,B,,0
IC0472,G,115.95975,49.614194,1.61,1.15,166,14.33,,,Lyn,B,,0
IC0473,Other,115.602583,9.255278,,,,,,,CMi,,,0
IC0474,G,116.530458,26.505111,1.27,0.4,113,14.91,,,Gem,B,,0
IC0475,G,116.788458,30.488806,0.75,0.45,133,14.79,,,Gem,B,,0
IC0476,G,116.818042,26.950972,0.62,0.48,99,15.45,,,Gem,B,,0
IC0477,G,118.028875,23.483028,1.15,1.15,30,15.39,,,Gem,B,,0
IC0478,G,118.423208,26.492694,0.66,0.48,12,15.29,,,Gem,B,,0
IC0479,G,118.592583,27.008833,0.61,0.51,171,15.02,,,Gem,B,,0
IC0480,G,118.846625,26.743333,1.75,0.33,167,15.04,,,Gem,B,,0
IC0481,G,119.761917,24.160639,0.93,0.26,4,15.05,,,Gem,B,,0
IC0482,G,119.947,25.356972,0.63,0.52,151,14.98,,,Gem,B,,0
IC0483,**,119.96825,25.925333,,,,,,,Gem,,,0
IC0484,G,120.004417,26.665861,0.89,0.4,43,15.34,,,Gem,B,,0
IC0485,G,120.082375,26.701444,1.17,0.24,154,15.33,,,Gem,B,,0
IC0486,G,120.087417,26.613528,0.87,0.66,138,13.2,,,Gem,V,,0
IC0487,Dup,119.77975,-0.637917,,,,,,,Mon,,,0
IC0488,Other,120.206292,25.901861,,,,,,,Cnc,,,0
IC0489,*,120.40725,25.996389,,,,,,,Cnc,,,0
IC0490,G,120.833833,25.811417,0.59,0.47,95,15.66,,,Cnc,B,,0
IC0491,G,120.979167,26.520611,0.65,0.28,115,15.3,,,Cnc,B,,0
IC0492,G,121.411083,26.168194,1.02,0.77,31,17.19,,,Cnc,V,,0
IC0493,G,121.864958,25.134028,0.81,0.61,18,14.76,,,Cnc,B,,0
IC0494,G,121.6005,1.036056,1.32,0.64,48,14.26,,,CMi,B,,0
IC0495,G,122.080917,9.013889,0.47,0.4,88,15.49,,,Cnc,B,,0
IC0496,G,122.434,25.881611,0.63,0.39,30,15.36,,,Cnc,B,,0
IC0497,G,122.525292,24.922083,0.78,0.39,177,14.26,,,Cnc,V,,0
IC0498,G,122.376125,5.280694,1.21,1.08,66,14.57,,,CMi,B,,0
IC0499,G,131.322083,85.740028,1.88,0.9,77,13.83,,,Cam,B,,0
IC0500,G,123.165,-16.050806,1.77,0.71,54,,,,Pup,,,0
IC0501,G,124.698292,24.537417,0.73,0.55,125,15.51,,,Cnc,B,,0
IC0502,G,125.515042,8.752611,0.56,0.54,62,15.43,,,Cnc,B,,0
IC0503,G,125.5445,3.268056,1.33,1.03,110,14.1,,,Hya,B,,0
IC0504,G,125.671667,4.262417,1.51,1.09,139,14.25,,,Hya,B,,0
IC0505,G,125.840292,4.372472,1.38,0.99,144,14.57,,,Hya,B,,0
IC0506,G,125.878042,4.2995,1.19,0.86,171,14.69,,,Hya,B,,0
IC0507,Dup,126.258333,-0.591389,,,,,,,Hya,,,0
IC0508,G,127.092958,25.124722,0.79,0.7,97,14.71,,,Cnc,B,,0
IC0509,G,128.014583,24.010917,1.02,0.92,57,13.22,,,Cnc,V,,0
IC0510,GPair,128.044167,-2.162222,0.8,,,,,,Hya,,,0
IC0510 NED01,G,128.042458,-2.162111,0.33,0.18,132,,,,Hya,,,0
IC0510 NED02,G,128.045542,-2.162389,0.91,0.52,137,15.09,,,Hya,B,,0
IC0511,G,130.210208,73.486667,1.22,0.46,142,14.43,,,Cam,B,,0
IC0512,G,135.957625,85.501694,1.72,1.34,174,13.11,,,Cam,B,,0
IC0513,G,128.271083,-12.355556,1.49,1,39,14.59,,,Hya,B,,0
IC0514,G,128.842833,-2.047056,0.57,0.34,160,15.29,,,Hya,B,,0
IC0515,G,128.880375,-1.901111,1.04,0.58,34,15.63,,,Hya,B,,0
IC0516,G,128.961542,-1.871222,0.59,0.3,65,15.88,,,Hya,B,,0
IC0517,G,129.092083,-2.055556,0.61,0.34,29,15.44,,,Hya,B,,0
IC0518,Other,129.028958,0.692583,,,,,,,Hya,,,0
IC0519,G,130.143375,2.611333,0.5,0.48,28,15.39,,,Hya,B,,0
IC0520,G,133.426083,73.490944,2.1,1.63,175,11.83,,,Cam,V,,0
IC0521,G,131.683167,2.537417,0.93,0.67,80,14.75,,,Hya,B,,0
IC0522,G,133.645458,57.166722,1.24,1.02,165,13.87,,,UMa,B,,0
IC0523,G,133.297167,9.148167,0.86,0.56,95,14.99,,,Cnc,B,,0
IC0524,G,134.553458,-19.191917,0.94,0.63,21,15.07,,,Hya,B,,0
IC0525,G,135.343625,-1.853972,0.95,0.33,10,15.02,,,Hya,B,,0
IC0526,G,135.669917,10.841639,0.77,0.45,41,14.93,,,Cnc,B,,0
IC0527,G,137.424083,37.601583,1.37,1.13,71,14.72,,,Lyn,B,,0
IC0528,G,137.343958,15.796167,1.39,0.62,162,15.01,,,Cnc,B,,0
IC0529,G,139.636667,73.759333,3.21,1.53,142,12.3,,,Cam,V,,0
IC0530,G,138.820708,11.885694,1.93,0.31,87,14.16,,,Cnc,B,,0
IC0531,G,139.461708,-0.278472,0.79,0.42,60,14.79,,,Hya,B,,0
IC0532,Other,139.765667,-16.754944,,,,,,,Hya,,,0
IC0533,G,140.0975,-3.992028,0.95,0.27,155,15.72,,,Hya,B,,0
IC0534,G,140.314375,3.151139,1.19,0.31,148,15.12,,,Hya,B,,0
IC0535,G,140.567583,-1.040333,0.65,0.53,5,15.84,,,Hya,B,,0
IC0536,G,141.167083,25.110194,1.09,0.22,24,15.09,,,Leo,B,,0
IC0537,G,141.344208,-12.391778,1.32,1.22,160,14.15,,,Hya,B,,0
IC0538,Dup,141.827125,23.020111,,,,,,,Leo,,,0
IC0539,G,142.284333,-2.549139,0.97,0.73,130,14.31,,,Hya,B,,0
IC0540,G,142.543042,7.90275,1.07,0.27,171,14.69,,,Leo,B,,0
IC0541,Other,142.628292,-4.253667,,,,,,,Hya,,,0
IC0542,G,142.775917,-13.181361,1.21,0.39,95,15.02,,,Hya,B,,0
IC0543,Other,142.787917,-14.7725,,,,,,,Hya,,,0
IC0544,G,143.972417,24.894861,0.8,0.25,24,15.44,,,Leo,B,,0
IC0545,G,144.022333,24.948944,0.56,0.42,44,14.79,,,Leo,B,,0
IC0546,G,143.709333,-16.384417,1.27,0.7,103,14.83,,,Hya,B,,0
IC0547,Dup,144.024125,-12.436722,,,,,,,Hya,,,0
IC0548,G,144.580417,9.445972,0.76,0.19,166,15.28,,,Leo,B,,0
IC0549,G,145.180125,3.95975,0.6,0.37,180,15,,,Hya,B,,0
IC0550,G,145.119083,-6.946056,1.07,0.7,34,14.74,,,Hya,B,,0
IC0551,G,145.250458,6.936083,0.81,0.53,155,14.56,,,Leo,B,,0
IC0552,G,145.319042,10.647,1.12,0.63,2,14.42,,,Leo,B,,0
IC0553,G,145.188042,-5.435361,1.07,0.85,118,14.45,,,Hya,B,,0
IC0554,G,145.487042,12.296278,1.29,0.57,18,14.36,,,Leo,B,,0
IC0555,Dup,145.487042,12.296278,,,,,,,Leo,,,0
IC0556,Dup,145.91825,11.060861,,,,,,,Leo,,,0
IC0557,G,146.01,10.988111,1.11,0.64,38,14.66,,,Leo,B,,0
IC0558,G,146.251458,29.452306,0.93,0.72,165,13.9,,,Leo,V,,0
IC0559,G,146.182875,9.615,1.09,0.92,87,14.82,,,Leo,B,,0
IC0560,G,146.472667,-0.268306,1.41,0.54,20,14.38,,,Sex,B,,0
IC0561,G,146.495042,3.145194,0.51,0.42,6,15.13,,,Sex,B,,0
IC0562,G,146.51625,-3.971167,1.22,0.28,162,15,,,Sex,B,,0
IC0563,G,146.584792,3.045583,0.97,0.4,111,14.81,,,Sex,B,,0
IC0564,G,146.587833,3.071361,1.64,0.45,68,14.16,,,Sex,B,,0
IC0565,GPair,146.9615,15.852556,1,,,,,,Leo,,,0
IC0565 NED01,G,146.956958,15.852028,0.68,0.16,178,16.74,,,Leo,B,,0
IC0565 NED02,G,146.960542,15.851889,1.24,0.27,51,15.03,,,Leo,B,,0
IC0566,G,147.484958,-0.231361,0.6,0.53,84,15.32,,,Sex,B,,0
IC0567,*,147.64075,12.784722,,,,,,,Leo,,,0
IC0568,G,147.784708,15.730444,1.07,0.64,106,14.68,,,Leo,B,,0
IC0569,G,147.867292,10.920056,0.78,0.54,164,15.33,,,Leo,B,,0
IC0570,G,147.962417,15.75575,0.46,0.34,61,16,,,Leo,B,,0
IC0571,G,148.131542,15.775444,0.71,0.54,133,15.29,,,Leo,B,,0
IC0572,G,148.136708,15.826861,0.54,0.53,130,14.83,,,Leo,B,,0
IC0573,Dup,148.400708,-12.482111,,,,,,,Hya,,,0
IC0574,G,148.612625,-6.953389,1.05,0.87,4,14.79,,,Sex,B,,0
IC0575,G,148.637208,-6.857556,1.52,1.17,50,14.31,,,Sex,B,,0
IC0576,G,148.779333,11.039556,0.59,0.51,168,15.46,,,Leo,B,,0
IC0577,G,149.016542,10.498861,0.62,0.57,117,14.58,,,Leo,B,,0
IC0578,G,149.067292,10.486083,1.25,0.54,66,14.71,,,Leo,B,,0
IC0579,G,149.16425,-13.774889,1.12,0.41,132,15.15,,,Hya,B,,0
IC0580,Dup,149.48625,10.432444,,,,,,,Leo,,,0
IC0581,G,149.54825,15.946972,1,0.71,129,14.95,,,Leo,B,,0
IC0582,G,149.750958,17.817139,0.97,0.91,85,14.57,,,Leo,B,,0
IC0583,G,149.771167,17.821444,0.89,0.19,113,15.16,,,Leo,B,,0
IC0584,G,149.771375,10.361139,0.5,0.43,149,14.99,,,Leo,B,,0
IC0585,G,149.933833,12.988583,1.21,0.86,123,14.82,,,Leo,B,,0
IC0586,G,149.959583,-6.922833,0.76,0.7,55,15.16,,,Sex,B,,0
IC0587,G,150.771542,-2.400028,1.25,0.56,106,14.31,,,Sex,B,,0
IC0588,G,150.529333,3.057694,0.9,0.53,164,14.25,,,Sex,V,,0
IC0589,G,151.099583,-5.678917,0.69,0.51,20,15.34,,,Sex,B,,0
IC0590,GPair,151.459292,0.632944,0.9,,,,,,Sex,,,0
IC0590 NED01,G,151.457625,0.633361,1.06,0.78,105,14.49,,,Sex,B,,0
IC0590 NED02,G,151.461125,0.631806,0.79,0.76,33,14.84,,,Sex,B,,0
IC0591,G,151.865375,12.2745,0.93,0.6,164,14.13,,,Leo,B,,0
IC0592,G,151.994792,-2.49725,0.92,0.75,26,14.22,,,Sex,B,,0
IC0593,G,152.075042,-2.526806,0.81,0.58,97,14.43,,,Sex,B,,0
IC0594,G,152.133333,-0.666861,1.11,0.56,131,14.8,,,Sex,B,,0
IC0595,G,152.408833,11.00025,0.81,0.58,172,15.21,,,Leo,B,,0
IC0596,G,152.630625,10.042389,0.96,0.31,18,15.09,,,Leo,B,,0
IC0597,G,152.549833,-6.89925,0.5,0.23,170,15.66,,,Sex,B,,0
IC0598,G,153.202375,43.145528,1.65,0.41,7,13.72,,,UMa,B,,0
IC0599,G,153.302125,-5.629,1.17,0.29,36,15.1,,,Sex,B,,0
IC0600,G,154.295458,-3.497778,1.92,1.03,13,13.7,,,Sex,B,,0
IC0601,G,154.563708,7.038833,0.47,0.22,37,15.38,,,Leo,B,,0
IC0602,G,154.582208,7.049306,0.97,0.5,173,13.58,,,Leo,B,,0
IC0603,G,154.854375,-5.656167,1.31,0.79,174,14.89,,,Sex,B,,0
IC0604,Dup,155.936083,57.026861,,,,,,,UMa,,,0
IC0605,G,155.600542,1.19825,0.77,0.54,9,14.63,,,Sex,B,,0
IC0606,Dup,155.885917,10.959722,,,,,,,Leo,,,0
IC0607,G,156.03575,16.741889,1.27,0.96,87,14.73,,,Leo,B,,0
IC0608,G,156.088042,-6.039306,0.95,0.54,108,14.77,,,Sex,B,,0
IC0609,G,156.397625,-2.215222,1.35,0.39,19,14.33,,,Sex,B,,0
IC0610,G,156.618208,20.228194,1.89,0.33,28,14.59,,,Leo,B,,0
IC0611,Dup,156.618208,20.228194,,,,,,,Leo,,,0
IC0612,G,156.774417,11.054889,0.42,0.25,174,15.36,,,Leo,B,,0
IC0613,G,156.782458,11.010722,0.77,0.7,12,15.02,,,Leo,B,,0
IC0614,G,156.716042,-3.46475,0.78,0.53,18,14.8,,,Sex,V,,0
IC0615,G,156.841583,11.079972,1.22,0.36,143,15.34,,,Leo,B,,0
IC0616,G,158.198167,15.860833,0.93,0.75,160,14.56,,,Leo,B,,0
IC0617,Dup,158.182542,-12.637306,,,,,,,Hya,,,0
IC0618,Dup,158.189167,-12.717417,,,,,,,Hya,,,0
IC0619,G,158.45825,12.878361,0.84,0.65,177,14.77,,,Leo,B,,0
IC0620,G,158.389292,11.871389,0.73,0.6,88,15.28,,,Leo,B,,0
IC0621,G,158.337667,2.616139,0.9,0.62,82,15.16,,,Sex,B,,0
IC0622,Dup,158.678333,11.197333,,,,,,,Leo,,,0
IC0623,G,158.837542,3.558389,0.94,0.32,151,14.95,,,Sex,B,,0
IC0624,G,159.06325,-8.333944,2.42,0.55,39,14.27,,,Sex,B,,0
IC0625,G,160.658542,-23.935611,2.25,0.53,105,13.79,,,Hya,B,,0
IC0626,G,159.237917,-7.023861,1.21,0.95,137,15.19,,,Sex,B,,0
IC0627,G,159.332875,-3.357806,0.72,0.57,175,14.61,,,Sex,B,,0
IC0628,G,159.400792,5.603694,0.89,0.67,120,14.77,,,Sex,B,,0
IC0629,Dup,159.2605,-27.565056,,,,,,,Hya,,,0
IC0630,G,159.640042,-7.170528,2.12,1.67,150,12.98,,,Sex,B,,0
IC0631,G,159.745417,-7.052389,0.67,0.59,147,16.19,,,Sex,B,,0
IC0632,G,159.799125,-0.409472,0.98,0.57,30,14.18,,,Sex,V,,0
IC0633,G,159.851583,-0.389306,0.65,0.27,103,14.62,,,Sex,V,,0
IC0634,G,160.228708,5.991833,1,0.38,116,15.05,,,Sex,B,,0
IC0635,G,160.43875,15.643333,1.09,0.33,7,15.09,,,Leo,B,,0
IC0636,G,160.460792,4.330778,0.95,0.41,49,14.88,,,Sex,B,,0
IC0637,G,160.591333,15.359611,0.75,0.5,17,15.32,,,Leo,B,,0
IC0638,G,160.949917,15.895139,0.77,0.38,2,15.51,,,Leo,B,,0
IC0639,G,161.46675,16.930444,1.41,0.42,180,14.85,,,Leo,B,,0
IC0640,Other,161.710208,34.767639,,,,,,,LMi,,,0
IC0641,Other,161.955875,34.672833,,,,,,,LMi,,,0
IC0642,G,162.033875,18.188694,1.45,1.36,19,13.89,,,Leo,B,,0
IC0643,G,162.36325,12.201,1.34,0.46,73,15.07,,,Leo,B,,0
IC0644,Dup,162.880958,55.390972,,,,,,,UMa,,,0
IC0645,G,162.538958,-6.042889,0.48,0.42,59,15.43,,,Sex,B,,0
IC0646,G,162.896583,55.465833,0.84,0.43,147,15.39,,,UMa,B,,0
IC0647,G,162.643708,-12.854806,0.68,0.39,62,15.79,,,Hya,B,,0
IC0648,G,162.751333,12.287389,0.94,0.74,158,14.88,,,Leo,B,,0
IC0649,GPair,162.7175,1.163889,0.7,,,,,,Sex,,,0
IC0649 NED01,G,162.717042,1.165333,0.7,0.56,15,15.7,,,Sex,B,,0
IC0649 NED02,G,162.7175,1.161667,0.32,0.21,0,14.9,,,Sex,B,,0
IC0650,G,162.668958,-13.442056,0.93,0.67,10,14.9,,,Hya,B,,0
IC0651,G,162.743375,-2.150361,0.72,0.71,20,13.09,,,Sex,B,,0
IC0652,Dup,162.740125,-12.448528,,,,,,,Hya,,,0
IC0653,G,163.02825,-0.560778,2.07,0.71,57,14.12,,,Leo,B,,0
IC0654,G,163.459958,-11.725583,1.2,0.44,133,15.14,,,Crt,B,,0
IC0655,G,163.592667,-0.364972,1,0.27,48,15.31,,,Leo,B,,0
IC0656,Other,163.783917,17.612889,,,,,,,Leo,,,0
IC0657,G,164.473208,-4.904944,1.14,0.43,169,15.29,,,Leo,B,,0
IC0658,G,164.56775,8.241667,1.08,0.85,43,14.63,,,Leo,B,,0
IC0659,G,164.516083,-6.260528,1.24,0.86,60,15.43,,,Leo,B,,0
IC0660,G,164.611083,1.382917,0.79,0.52,31,15.51,,,Leo,B,,0
IC0661,G,164.714583,1.650639,0.77,0.55,31,15.35,,,Leo,B,,0
IC0662,G,164.835625,1.598833,0.78,0.58,71,15.57,,,Leo,B,,0
IC0663,G,165.155292,10.437194,0.85,0.57,172,15.42,,,Leo,B,,0
IC0664,G,165.188958,10.553056,1.87,1.3,53,14.68,,,Leo,B,,0
IC0665,G,165.124708,-13.866806,1.03,0.35,148,15.18,,,Crt,B,,0
IC0666,G,165.311708,10.481111,0.58,0.33,147,15.23,,,Leo,B,,0
IC0667,G,166.652292,15.088722,0.68,0.58,32,15.63,,,Leo,B,,0
IC0668,G,166.664833,15.040917,0.66,0.39,95,15.37,,,Leo,B,,0
IC0669,G,166.819042,6.302472,1.08,0.67,169,14.28,,,Leo,B,,0
IC0670,G,166.870042,6.71425,1.11,0.98,65,14.55,,,Leo,B,,0
IC0671,G,166.881667,0.783111,1.21,0.95,21,14.62,,,Leo,B,,0
IC0672,G,167.013458,-12.484167,0.75,0.33,155,,,,Crt,,,0
IC0673,G,167.355458,-0.097722,1.29,0.59,168,14.65,,,Leo,B,,0
IC0674,G,167.7765,43.633,1.37,0.41,121,14.36,,,UMa,B,,0
IC0675,**,167.739,3.594222,,,,,,,Leo,,,0
IC0676,G,168.165917,9.055833,1.85,1.31,0,13.41,,,Leo,B,,0
IC0677,G,168.485417,12.301083,1.43,0.6,45,13.67,,,Leo,B,,0
IC0678,G,168.526583,6.577194,0.78,0.5,141,15.38,,,Leo,B,,0
IC0679,G,169.152542,-13.972083,0.53,0.37,125,15.39,,,Crt,B,,0
IC0680,G,169.477917,-1.946444,0.81,0.56,154,14.59,,,Leo,B,,0
IC0681,G,169.633042,-12.140222,0.87,0.45,35,14.79,,,Crt,B,,0
IC0682,Dup,170.561417,20.208528,,,,,,,Leo,,,0
IC0683,G,170.382417,2.751806,0.69,0.49,175,15.5,,,Leo,B,,0
IC0684,Dup,170.386958,2.810444,,,,,,,Leo,,,0
IC0685,G,170.527167,17.753417,0.68,0.43,176,16.33,,,Leo,B,,0
IC0686,G,170.771958,5.644667,0.51,0.26,42,15.55,,,Leo,B,,0
IC0687,G,171.072208,47.847528,1.08,1.03,121,14.87,,,UMa,B,,0
IC0688,G,170.917667,-9.795556,0.98,0.49,98,15.01,,,Crt,B,,0
IC0689,Dup,170.910125,-13.831111,,,,,,,Crt,,,0
IC0690,G,171.085875,-8.341972,1.17,0.46,170,15.26,,,Crt,B,,0
IC0691,G,171.684667,59.155417,1.14,0.72,148,13.74,,,UMa,V,,0
IC0692,G,171.472792,9.9875,0.85,0.56,118,14.22,,,Leo,B,,0
IC0693,G,171.702583,-5.004,0.98,0.48,90,14.65,,,Leo,B,,0
IC0694,G,172.11375,58.578472,0.21,0.18,51,18.2,,,UMa,B,,0
IC0695,G,171.992875,-11.715333,0.65,0.21,85,15.29,,,Crt,B,,0
IC0696,G,172.166333,9.098694,0.92,0.85,16,14.5,,,Leo,B,,0
IC0697,G,172.143542,-1.629583,0.67,0.47,131,15.43,,,Leo,B,,0
IC0698,G,172.266,9.112056,1.04,0.5,147,14.43,,,Leo,B,,0
IC0699,G,172.277042,8.988583,1.21,0.34,12,14.53,,,Leo,B,,0
IC0700,GGroup,172.3145,20.584917,1.1,,,,,,Leo,,,0
IC0700 NED01,G,172.309,20.581111,0.2,0.13,0,16.31,,,Leo,B,,0
IC0700 NED02,G,172.31375,20.583167,0.94,0.46,71,14.09,,,Leo,B,,0
IC0700 NED03,G,172.318167,20.586583,0.3,0.28,25,17.23,,,Leo,B,,0
IC0700 NED04,G,172.319583,20.587861,0.25,0.11,54,18.73,,,Leo,B,,0
IC0701,G,172.752833,20.468944,0.74,0.55,77,14.63,,,Leo,V,,0
IC0702,G,172.727958,-4.922,0.75,0.42,130,15.57,,,Leo,B,,0
IC0703,Dup,172.519375,-11.546333,,,,,,,Crt,,,0
IC0704,Dup,172.548167,-11.5435,,,,,,,Crt,,,0
IC0705,G,173.234792,50.241861,0.77,0.5,34,15.05,,,UMa,B,,0
IC0706,G,173.302583,-13.338056,1.52,0.27,111,14.98,,,Crt,B,,0
IC0707,G,173.436,21.380056,0.65,0.52,5,13.84,,,Leo,V,,0
IC0708,G,173.49675,49.062056,1.5,0.98,140,14.13,,,UMa,B,,0
IC0709,G,173.560583,49.043167,1.05,0.93,25,14.96,,,UMa,B,,0
IC0710,G,173.614208,25.876472,0.8,0.49,180,15.65,,,Leo,B,,0
IC0711,G,173.694,48.956111,0.87,0.81,27,15.17,,,UMa,B,,0
IC0712,G,173.705458,49.077694,3.02,0.89,91,14.39,,,UMa,B,,0
IC0713,*,173.68425,16.846889,,,,,,,Leo,,,0
IC0714,Dup,174.125792,-9.846694,,,,,,,Crt,,,0
IC0715,GPair,174.227625,-8.377389,1,,,,,,Crt,,,0
IC0715NW,G,174.225875,-8.375806,0.87,0.4,157,15.03,,,Crt,B,,0
IC0715SE,G,174.228917,-8.378722,0.33,0.23,23,,,,Crt,,,0
IC0716,G,174.763875,-0.206,1.59,0.3,123,14.81,,,Vir,B,,0
IC0717,Dup,174.712708,-10.58375,,,,,,,Crt,,,0
IC0718,G,174.969875,8.874528,1.15,0.57,180,14.56,,,Vir,B,,0
IC0719,G,175.077125,9.009889,1.22,0.39,52,13.76,,,Vir,B,,0
IC0720,GPair,175.592917,8.767778,1.3,,,,,,Vir,,,0
IC0720 NED01,G,175.592917,8.765472,1.05,0.93,8,14.95,,,Vir,B,,0
IC0720 NED02,G,175.593083,8.769861,0.75,0.52,172,14.82,,,Vir,B,,0
IC0721,G,175.620333,-8.340333,1.63,0.29,99,15.22,,,Crt,B,,0
IC0722,G,175.682333,8.974222,0.92,0.57,76,14.82,,,Vir,B,,0
IC0723,G,175.74,-8.3325,0.8,0.62,149,14.62,,,Crt,B,,0
IC0724,G,175.894458,8.942472,2.39,0.73,59,13.65,,,Vir,B,,0
IC0725,G,175.87225,-1.667972,0.74,0.66,125,14.94,,,Vir,B,,0
IC0726,G,175.93875,33.391944,0.87,0.77,103,15.91,,,UMa,B,,0
IC0727,G,176.119167,10.783806,1.65,0.28,161,14.89,,,Leo,B,,0
IC0728,G,176.210292,-1.601333,1.2,0.58,63,14.46,,,Vir,B,,0
IC0729,G,176.326333,33.335806,0.57,0.25,4,15.27,,,UMa,B,,0
IC0730,Dup,176.396875,3.231833,,,,,,,Vir,,,0
IC0731,G,176.325333,49.570417,0.7,0.36,83,15.78,,,UMa,B,,0
IC0732,GPair,176.498333,20.442778,1.1,,,,,,Leo,,,0
IC0732N,G,176.497625,20.447028,0.65,0.27,155,15.42,,,Leo,V,,0
IC0732S,G,176.499458,20.438917,0.74,0.39,128,15.39,,,Leo,B,,0
IC0733,G,176.494,-8.155833,0.72,0.19,90,16.1,,,Crt,B,,0
IC0734,GPair,176.515833,-8.267778,1.1,,,,,,Crt,,,0
IC0734 NED01,G,176.515625,-8.271028,0.95,0.47,15,15.75,,,Crt,B,,0
IC0734 NED02,G,176.516167,-8.264972,0.83,0.71,12,15.65,,,Crt,B,,0
IC0735,G,177.053333,13.209389,1.16,0.69,154,14.93,,,Leo,B,,0
IC0736,G,177.083833,12.716583,0.66,0.63,82,15.57,,,Leo,B,,0
IC0737,G,177.114667,12.727389,0.82,0.7,108,14.81,,,Leo,B,,0
IC0738,G,177.228625,-4.681944,0.8,0.47,99,14.88,,,Vir,B,,0
IC0739,G,177.880375,23.862861,1.09,0.76,151,14.93,,,Leo,B,,0
IC0740,Dup,177.66225,55.353861,,,,,,,UMa,,,0
IC0741,G,177.632375,-4.835889,1.03,0.52,136,14.98,,,Vir,B,,0
IC0742,G,177.759375,20.799722,1.07,0.86,121,13.93,,,Leo,V,,0
IC0743,G,178.34275,-13.264861,1.19,0.31,144,15.18,,,Crt,B,,0
IC0744,G,178.519792,23.192222,0.63,0.38,52,15.91,,,Leo,B,,0
IC0745,G,178.551125,0.136639,0.78,0.76,10,13.52,,,Vir,V,,0
IC0746,G,178.896375,25.889444,1.01,0.46,169,14.51,,,Leo,B,,0
IC0747,G,179.270417,-8.292333,0.65,0.3,40,15.35,,,Vir,B,,0
IC0748,G,179.361292,7.460944,0.85,0.67,78,15.09,,,Vir,B,,0
IC0749,G,179.641875,42.734028,2.13,1.71,159,12.28,,,UMa,V,,0
IC0750,G,179.7175,42.722472,2.11,1.02,40,11.82,,,UMa,V,,0
IC0751,G,179.719167,42.570333,1.1,0.41,30,14.39,,,UMa,V,,0
IC0752,G,179.8125,42.566833,0.58,0.43,91,15.34,,,UMa,B,,0
IC0753,G,179.803667,-0.523833,1.07,0.69,24,14.45,,,Vir,B,,0
IC0754,G,179.848125,-1.654528,0.96,0.74,29,14.27,,,Vir,B,,0
IC0755,Dup,180.293417,14.104306,,,,,,,Com,,,0
IC0756,G,180.740875,4.845861,1.7,0.7,99,17.54,,,Vir,V,,0
IC0757,Dup,181.00325,52.588278,,,,,,,UMa,,,0
IC0758,G,181.0495,62.505361,1.75,0.8,28,14.25,,,UMa,B,,0
IC0759,Other,181.288875,20.26,,,,,,,Com,,,0
IC0760,G,181.472958,-29.292083,1.82,0.53,149,13.51,,,Hya,B,,0
IC0761,G,181.47375,-12.673333,1,0.38,108,15.44,,,Crv,B,,0
IC0762,G,182.049833,25.757139,0.79,0.5,144,14.8,,,Com,B,,0
IC0763,G,182.063792,25.8115,0.91,0.45,86,15.43,,,Com,B,,0
IC0764,G,182.559125,-29.736806,4.84,1.14,177,12.41,,,Hya,V,,0
IC0765,Other,182.629042,16.135194,,,,,,,Com,,,0
IC0766,G,182.723333,-12.65525,1.77,0.31,168,14.88,,,Crv,B,,0
IC0767,G,182.761375,12.104,0.93,0.68,75,14.43,,,Vir,B,,0
IC0768,G,182.948417,12.143722,1.29,0.57,112,14.46,,,Vir,B,,0
IC0769,G,183.134708,12.123806,2.2,1.51,37,13.39,,,Vir,B,,0
IC0770,G,183.259708,-4.553361,0.46,0.43,40,16.01,,,Vir,B,,0
IC0771,G,183.805167,13.184528,0.72,0.58,92,14.69,,,Vir,B,,0
IC0772,G,183.816208,23.958167,0.78,0.36,96,15.38,,,Com,B,,0
IC0773,G,184.533708,6.139556,0.78,0.65,9,14.49,,,Vir,B,,0
IC0774,G,184.713583,-6.766556,0.8,0.47,142,15.73,,,Vir,B,,0
IC0775,G,184.723625,12.912667,1.05,0.77,11,13.26,,,Vir,V,,0
IC0776,G,184.762083,8.856111,1.12,0.62,93,14.35,,,Vir,B,,0
IC0777,G,184.849,28.309944,0.84,0.4,144,14.49,,,Com,B,,0
IC0778,Dup,183.591875,56.011444,,,,,,,UMa,,,0
IC0779,G,184.911375,29.883194,0.97,0.93,50,14.96,,,Com,B,,0
IC0780,G,184.99325,25.771694,1.18,0.83,8,14.36,,,Com,B,,0
IC0781,G,185.01375,14.961528,1.3,1.24,30,14.17,,,Com,B,,0
IC0782,G,185.404042,5.76575,1.14,0.64,61,14.31,,,Vir,B,,0
IC0783,G,185.411625,15.745111,1.23,1.13,100,14.09,,,Com,B,,0
IC0784,G,185.625208,-4.652694,2.11,0.6,96,14.12,,,Vir,B,,0
IC0785,G,185.758667,-13.223639,1.13,0.49,70,14.65,,,Crv,V,,0
IC0786,G,185.795625,-13.204667,1.03,0.89,176,14.04,,,Crv,V,,0
IC0787,G,186.354667,16.124194,1.06,0.44,180,14.89,,,Com,B,,0
IC0788,Dup,186.529792,16.181,,,,,,,Com,,,0
IC0789,G,186.5855,7.460167,1.01,0.58,140,14.78,,,Vir,B,,0
IC0790,Dup,186.647917,9.035472,,,,,,,Vir,,,0
IC0791,G,186.747833,22.639583,1.05,0.97,78,14.39,,,Com,B,,0
IC0792,G,186.786542,16.325389,1.02,0.45,56,14.76,,,Com,B,,0
IC0793,Dup,187.066375,9.436194,,,,,,,Vir,,,0
IC0794,G,187.035875,12.093306,1.32,0.94,103,13.53,,,Vir,V,,0
IC0795,G,187.130583,23.304944,0.66,0.33,155,15.15,,,Com,B,,0
IC0796,G,187.359792,16.404778,1.46,0.46,145,13.79,,,Com,B,,0
IC0797,G,187.978167,15.123944,1.1,0.75,105,13.56,,,Com,B,,0
IC0798,G,188.139208,15.415389,0.9,0.87,36,14.26,,,Com,V,,0
IC0799,Dup,188.457917,-7.375556,,,,,,,Vir,,,0
IC0800,G,188.486083,15.354833,1.51,1.1,151,13.74,,,Com,B,,0
IC0801,G,188.437292,52.254806,1.1,0.92,55,14.74,,,CVn,B,,0
IC0802,*,188.990125,74.301333,,,,,,,Dra,,,0
IC0803,GGroup,189.904208,16.588028,1.2,,,,,,Com,,,0
IC0803 NED01,G,189.899417,16.587833,1,0.32,75,16.35,,,Com,B,,0
IC0803 NED02,G,189.906292,16.588528,0.89,0.14,125,15.32,,,Com,B,,0
IC0804,G,190.316542,-5.009111,1.03,0.49,64,14.53,,,Vir,B,,0
IC0805,Dup,190.356042,13.729528,,,,,,,Com,,,0
IC0806,G,190.535125,-17.349361,0.94,0.61,107,15.47,,,Crv,B,,0
IC0807,G,190.552042,-17.403556,1.13,0.7,67,14.61,,,Crv,B,,0
IC0808,Other,190.477292,19.932111,,,,,,,Com,,,0
IC0809,G,190.536083,11.754278,0.97,0.91,4,13.72,,,Vir,V,,0
IC0810,G,190.537833,12.596806,1.62,0.58,167,14.26,,,Vir,B,,0
IC0811,Dup,191.196042,-10.197833,,,,,,,Vir,,,0
IC0812,G,191.211917,-4.434611,0.9,0.56,118,14.85,,,Vir,B,,0
IC0813,G,191.299333,23.036139,0.94,0.74,21,13.42,,,Com,V,,0
IC0814,G,191.39225,-8.092194,0.85,0.35,170,15.84,,,Vir,B,,0
IC0815,G,191.594458,11.876611,0.85,0.74,138,15.43,,,Vir,B,,0
IC0816,G,191.693083,9.850556,1.1,0.7,34,14.87,,,Vir,B,,0
IC0817,G,191.736667,9.857111,0.73,0.66,91,14.89,,,Vir,B,,0
IC0818,G,191.685625,29.735278,0.89,0.25,47,15.06,,,Com,B,,0
IC0819,Dup,191.542125,30.731917,,,,,,,Com,,,0
IC0820,Dup,191.546833,30.72275,,,,,,,Com,,,0
IC0821,G,191.859,29.787778,1,0.92,121,13.8,,,Com,V,,0
IC0822,G,191.939875,30.077194,0.74,0.55,98,15.44,,,Com,B,,0
IC0823,*,191.961917,27.209167,,,,,,,Com,,,0
IC0824,Dup,192.424375,-4.579722,,,,,,,Vir,,,0
IC0825,G,192.579875,-5.363,0.62,0.45,79,15.49,,,Vir,B,,0
IC0826,G,192.833042,31.059639,0.69,0.48,62,14.74,,,Com,B,,0
IC0827,G,192.979417,16.282861,0.89,0.42,103,14.93,,,Com,B,,0
IC0828,G,193.065125,-8.132861,0.69,0.27,145,15.02,,,Vir,B,,0
IC0829,G,193.114292,-15.518528,0.38,0.38,105,13.46,,,Crv,V,,0
IC0830,G,192.818833,53.696306,1.16,0.6,164,14.16,,,UMa,B,,0
IC0831,G,193.183625,26.470417,0.86,0.41,96,15.17,,,Com,B,,0
IC0832,G,193.496292,26.444056,0.78,0.74,2,14.94,,,Com,B,,0
IC0833,G,194.159167,-6.733417,0.43,0.34,138,16.7,,,Vir,B,,0
IC0834,G,194.0775,26.358917,0.91,0.54,96,15.06,,,Com,B,,0
IC0835,G,194.217833,26.487722,0.76,0.7,144,14.87,,,Com,B,,0
IC0836,G,193.975083,63.612333,1.23,0.24,74,14.53,,,Dra,B,,0
IC0837,G,194.380042,26.512167,0.92,0.33,12,15.54,,,Com,B,,0
IC0838,G,194.556542,26.426889,0.67,0.6,4,15.44,,,Com,B,,0
IC0839,G,194.562708,28.125917,0.48,0.28,84,14.56,,,Com,V,,0
IC0840,G,194.675125,10.6165,0.82,0.65,161,14.97,,,Vir,B,,0
IC0841,G,194.94725,21.813222,0.96,0.55,130,15.12,,,Com,B,,0
IC0842,G,195.164792,29.019417,1.14,0.57,56,13.93,,,Com,V,,0
IC0843,Dup,195.430708,29.044667,,,,,,,Com,,,0
IC0844,G,195.825917,-30.521083,1.77,0.54,100,13.7,,,Cen,B,,0
IC0845,G,196.23925,12.079056,0.84,0.64,129,15.34,,,Vir,B,,0
IC0846,G,196.337958,23.095556,0.73,0.62,154,15.13,,,Com,B,,0
IC0847,Dup,196.383958,53.685139,,,,,,,UMa,,,0
IC0848,G,196.7565,16.007111,0.73,0.54,165,15.4,,,Com,B,,0
IC0849,G,196.911208,-0.942472,1.02,0.9,91,14.09,,,Vir,B,,0
IC0850,G,196.959292,-0.868444,0.95,0.26,68,14.97,,,Vir,B,,0
IC0851,G,197.143083,21.049778,1.13,0.41,152,13.91,,,Com,V,,0
IC0852,G,196.903167,60.157194,1.17,0.98,24,14.76,,,UMa,B,,0
IC0853,G,197.173875,52.774278,1.03,0.96,14,13.57,,,UMa,V,,0
IC0854,G,197.458208,24.577556,0.92,0.69,122,14.3,,,Com,V,,0
IC0855,G,197.65375,-4.484528,0.72,0.63,15,14.84,,,Vir,B,,0
IC0856,G,197.673375,20.536778,0.73,0.21,64,15.19,,,Com,B,,0
IC0857,G,198.459042,17.07625,0.99,0.74,100,14.57,,,Com,B,,0
IC0858,G,198.716417,17.226778,1.56,1.09,100,14.71,,,Com,B,,0
IC0859,G,198.738667,17.225167,0.68,0.61,142,15.17,,,Com,B,,0
IC0860,G,198.764708,24.618861,0.96,0.6,19,14.47,,,Com,B,,0
IC0861,G,198.780917,34.328778,0.84,0.58,76,15.57,,,CVn,B,,0
IC0862,G,199.064083,20.047667,0.54,0.54,80,15.26,,,Com,B,,0
IC0863,G,199.301667,-17.254472,1.14,0.79,45,14.27,,,Vir,B,,0
IC0864,G,199.285375,20.691722,0.58,0.27,23,16.99,,,Com,B,,0
IC0865,G,199.397875,-5.833889,0.73,0.61,40,15.27,,,Vir,B,,0
IC0866,G,199.319792,20.691,0.67,0.37,34,15.48,,,Com,B,,0
IC0867,G,199.332458,20.638083,1.27,0.9,18,14.92,,,Com,B,,0
IC0868,G,199.368917,20.612333,0.79,0.74,9,14.79,,,Com,B,,0
IC0869,GPair,199.378167,20.681083,1,,,,,,Com,,,0
IC0869 NED01,G,199.374833,20.684194,0.55,0.44,80,15.9,,,Com,B,,0
IC0869 NED02,G,199.381833,20.677583,0.33,0.29,80,16.57,,,Com,B,,0
IC0870,G,199.37875,20.600111,0.79,0.48,45,15.16,,,Com,B,,0
IC0871,G,199.494417,4.403417,1.57,0.79,70,14.48,,,Vir,B,,0
IC0872,G,199.256667,6.357083,1.16,0.93,117,15.07,,,Vir,B,,0
IC0873,G,199.567833,4.464306,0.94,0.86,120,15.2,,,Vir,B,,0
IC0874,G,199.752167,-27.628556,1.29,1.05,56,13.51,,,Hya,B,,0
IC0875,G,199.281542,57.539444,1.55,1.14,149,13,,,UMa,V,,0
IC0876,G,199.644083,4.486306,0.9,0.76,174,14.63,,,Vir,B,,0
IC0877,Other,199.489042,6.082056,,,,,,,Vir,,,0
IC0878,Other,199.5015,6.120417,,,,,,,Vir,,,0
IC0879,G,199.919042,-27.428972,0.84,0.34,136,14.07,,,Hya,B,,0
IC0880,Other,199.530667,6.112111,,,,,,,Vir,,,0
IC0881,G,199.984792,15.850528,1.53,0.35,12,14.61,,,Com,B,,0
IC0882,G,200.028917,15.898139,0.81,0.7,66,14.83,,,Com,B,,0
IC0883,G,200.14725,34.1395,0.79,0.47,152,14.71,,,CVn,B,,0
IC0884,Other,200.478792,-12.729722,,,,,,,Vir,,,0
IC0885,G,200.628833,21.316417,1.01,0.89,170,14.53,,,Com,B,,0
IC0886,G,200.989542,-4.395444,0.66,0.54,58,15.98,,,Vir,B,,0
IC0887,Other,201.04975,-12.460417,,,,,,,Vir,,,0
IC0888,Dup,201.214208,13.737861,,,,,,,Vir,,,0
IC0889,G,201.656417,11.8695,0.89,0.76,13,15.19,,,Vir,B,,0
IC0890,G,202.106625,-16.092333,1.16,0.47,146,15.21,,,Vir,B,,0
IC0891,G,202.499667,0.305111,0.78,0.73,30,14.6,,,Vir,B,,0
IC0892,G,202.941167,-2.713056,1.6,0.84,19,14.29,,,Vir,B,,0
IC0893,G,202.947417,-2.611611,1.01,0.2,52,14.76,,,Vir,B,,0
IC0894,G,203.020083,17.048972,1.14,0.5,79,16.37,,,Com,V,,0
IC0895,Dup,205.53475,35.654222,,,,,,,CVn,,,0
IC0896,G,203.542583,4.868472,1.04,0.71,29,14.86,,,Vir,B,,0
IC0897,G,203.581042,17.848056,0.75,0.32,56,15.62,,,Com,B,,0
IC0898,G,203.539208,13.280833,0.61,0.43,163,15.46,,,Vir,B,,0
IC0899,G,203.74775,-8.091639,0.85,0.71,91,15.06,,,Vir,B,,0
IC0900,G,203.679208,9.336861,1.28,0.85,29,13.1,,,Vir,V,,0
IC0901,G,203.926667,13.330917,0.74,0.53,91,15.23,,,Vir,B,,0
IC0902,G,204.005083,49.960833,2.18,0.55,162,14.48,,,UMa,B,,0
IC0903,G,204.608625,-0.227639,1.64,0.62,178,13.62,,,Vir,V,,0
IC0904,G,204.634208,0.540194,1.05,0.54,129,14.21,,,Vir,V,,0
IC0905,G,205.012208,23.142972,0.86,0.7,130,14.94,,,Boo,B,,0
IC0906,G,205.041625,23.341083,0.84,0.29,145,15.52,,,Boo,B,,0
IC0907,G,204.845875,51.051056,1.11,0.21,20,14.26,,,UMa,V,,0
IC0908,G,205.328917,-4.344194,0.9,0.55,82,14.42,,,Vir,B,,0
IC0909,G,205.213167,24.473278,0.73,0.67,2,14.74,,,Boo,B,,0
IC0910,G,205.28275,23.282056,0.68,0.56,120,15.1,,,Boo,V,,0
IC0911,G,205.355708,23.247472,0.56,0.4,99,15.44,,,Boo,B,,0
IC0912,G,205.37025,23.245444,0.72,0.35,100,15.25,,,Boo,B,,0
IC0913,G,205.373583,23.166944,0.72,0.49,63,15.46,,,Boo,B,,0
IC0914,G,205.419208,23.189028,0.79,0.65,165,15.19,,,Boo,B,,0
IC0915,G,205.863958,-17.332806,0.45,0.41,110,15.07,,,Vir,B,,0
IC0916,G,205.658958,24.465056,0.86,0.83,85,15.42,,,Boo,B,,0
IC0917,*,205.630208,55.636917,,,,,,,UMa,,,0
IC0918,G,205.657542,55.529556,0.63,0.23,102,17.97,,,UMa,B,,0
IC0919,G,205.697917,55.521389,0.54,0.32,25,15.66,,,UMa,B,,0
IC0920,G,206.352792,-12.574167,0.87,0.77,10,14.33,,,Vir,B,,0
IC0921,G,205.783333,55.651222,0.29,0.2,104,,,,UMa,,,0
IC0922,G,205.734833,55.603889,0.78,0.47,120,18.05,,,UMa,B,,0
IC0923,G,205.809125,55.603139,0.56,0.5,101,16.37,,,UMa,B,,0
IC0924,G,206.406625,-12.455083,0.78,0.47,77,15.2,,,Vir,B,,0
IC0925,G,205.817083,55.615806,0.54,0.17,106,17.49,,,UMa,B,,0
IC0926,G,205.913625,55.631528,0.35,0.18,94,17.46,,,UMa,B,,0
IC0927,G,206.468292,-12.4645,0.87,0.74,75,15.44,,,Vir,B,,0
IC0928,G,205.95,55.567861,0.34,0.25,11,18.67,,,UMa,B,,0
IC0929,G,205.937583,55.633778,0.46,0.37,81,17.83,,,UMa,B,,0
IC0930,G,205.939792,55.646528,0.4,0.33,99,17.1,,,UMa,B,,0
IC0931,G,205.954958,55.623972,0.25,0.19,61,,,,UMa,,,0
IC0932,G,205.963333,55.64675,0.47,0.23,64,18.13,,,UMa,B,,0
IC0933,G,206.317333,23.218944,1.19,0.85,150,14.48,,,Boo,B,,0
IC0934,G,205.968292,55.656806,0.36,0.28,174,17.38,,,UMa,B,,0
IC0935,Dup,205.968292,55.656806,,,,,,,UMa,,,0
IC0936,G,206.035625,55.706111,0.41,0.21,93,17.39,,,UMa,B,,0
IC0937,G,206.120542,55.630194,0.52,0.47,114,17.5,,,UMa,B,,0
IC0938,G,206.130208,55.627389,0.76,0.29,156,16.5,,,UMa,B,,0
IC0939,G,206.929708,3.411472,1.02,0.93,121,14.42,,,Vir,B,,0
IC0940,G,206.990458,3.449639,0.67,0.38,124,15.35,,,Vir,B,,0
IC0941,G,207.1485,24.015083,0.9,0.49,112,15.23,,,Boo,B,,0
IC0942,G,206.921417,56.621583,1,0.66,96,15.22,,,UMa,B,,0
IC0943,G,207.633875,3.194167,0.86,0.82,1,14.67,,,Vir,B,,0
IC0944,G,207.878625,14.092222,1.53,0.74,107,14.46,,,Boo,B,,0
IC0945,G,206.7825,72.070389,1,0.59,118,15.05,,,UMi,B,,0
IC0946,G,208.034833,14.116222,0.9,0.7,104,14.35,,,Boo,B,,0
IC0947,G,208.149583,0.818361,1.67,1.09,65,13.83,,,Vir,B,,0
IC0948,G,208.111292,14.091278,1.18,0.66,151,14.23,,,Boo,B,,0
IC0949,G,208.069833,22.521583,1.27,0.44,137,15.24,,,Boo,B,,0
IC0950,GPair,208.109167,14.489722,0.8,,,,,,Boo,,,0
IC0950 NED01,G,208.106833,14.488722,1.23,0.38,124,16.28,,,Boo,B,,0
IC0950 NED02,G,208.111375,14.490889,0.99,0.89,152,15.12,,,Boo,B,,0
IC0951,G,207.946708,50.978333,1.05,1,5,14.33,,,UMa,B,,0
IC0952,G,208.424667,3.377389,1.25,0.47,94,14.69,,,Vir,B,,0
IC0953,Other,208.738417,-30.283306,,,,,,,Cen,,,0
IC0954,G,207.487083,71.164556,0.96,0.53,80,14.45,,,UMi,B,,0
IC0955,Other,208.9305,-30.261194,,,,,,,Cen,,,0
IC0956,GPair,208.6695,20.721472,0.8,,,,,,Boo,,,0
IC0956 NED01,G,208.667833,20.719806,0.47,0.41,129,16.14,,,Boo,B,,0
IC0956 NED02,G,208.669,20.717,0.59,0.49,29,15.95,,,Boo,B,,0
IC0957,Other,209.034833,-30.237639,,,,,,,Cen,,,0
IC0958,Dup,208.911458,4.985056,,,,,,,Vir,,,0
IC0959,G,209.014167,13.505833,1.5,0.88,2,14.34,,,Boo,B,,0
IC0960,GPair,208.998208,17.505833,1.8,,,,,,Boo,,,0
IC0960A,G,208.996208,17.499222,0.64,0.34,110,15.5,,,Boo,B,,0
IC0960B,G,209.0005,17.511556,0.89,0.34,24,15.12,,,Boo,B,,0
IC0961,G,208.944958,25.840361,0.81,0.74,10,15.46,,,Boo,B,,0
IC0962,G,209.305,12.021333,0.85,0.84,85,13.98,,,Boo,B,,0
IC0963,G,209.35425,17.40775,0.64,0.53,5,15.15,,,Boo,B,,0
IC0964,G,209.422292,17.508722,0.64,0.56,134,15.45,,,Boo,B,,0
IC0965,G,209.447917,17.510528,0.8,0.61,64,15.22,,,Boo,B,,0
IC0966,G,209.558333,5.408278,0.92,0.77,155,14.75,,,Vir,B,,0
IC0967,G,209.595625,14.45725,0.97,0.42,26,14.7,,,Boo,B,,0
IC0968,GPair,210.155083,-2.907583,1.1,,,,,,Vir,,,0
IC0968 NED01,G,210.152542,-2.909111,0.69,0.43,123,15.28,,,Vir,B,,0
IC0968 NED02,G,210.158167,-2.906306,0.68,0.34,7,15.88,,,Vir,B,,0
IC0969,G,210.4425,-4.180389,0.6,0.39,176,15.92,,,Vir,B,,0
IC0970,G,210.642542,14.552556,1.26,0.35,54,14.56,,,Boo,B,,0
IC0971,G,210.969958,-10.140583,2.26,1.29,129,12.88,,,Vir,V,,0
IC0972,PN,211.107958,-17.228194,0.7,,,13.9,,,Vir,V,,0
IC0973,Dup,211.622917,-5.481472,,,,,,,Vir,,,0
IC0974,*,211.643167,-5.492417,,,,16.72,,,Vir,V,,0
IC0975,G,211.786833,15.318083,0.75,0.57,174,15.52,,,Boo,B,,0
IC0976,G,212.180375,-1.161639,1.52,0.62,174,14.01,,,Vir,B,,0
IC0977,G,212.175208,-3.002444,0.69,0.53,132,15.16,,,Vir,B,,0
IC0978,G,212.242083,-2.973778,0.97,0.51,25,15.22,,,Vir,B,,0
IC0979,G,212.384875,14.831833,1.09,0.66,172,14.37,,,Boo,B,,0
IC0980,G,212.593375,-7.342583,0.83,0.73,64,15.23,,,Vir,B,,0
IC0981,G,212.61725,-4.171444,0.86,0.43,73,15.01,,,Vir,B,,0
IC0982,G,212.496208,17.696111,0.95,0.9,35,14.53,,,Boo,B,,0
IC0983,G,212.518208,17.733833,2.32,2.01,125,11.96,,,Boo,V,,0
IC0984,G,212.532333,18.364667,1.9,0.47,36,14.41,,,Boo,B,,0
IC0985,G,212.886958,-3.21975,0.75,0.42,58,14.61,,,Vir,B,,0
IC0986,G,212.859292,1.286528,0.81,0.76,52,14.67,,,Vir,B,,0
IC0987,G,212.882833,19.172278,0.61,0.38,79,15.37,,,Boo,B,,0
IC0988,G,213.633583,3.19025,0.61,0.4,41,14.69,,,Vir,B,,0
IC0989,G,213.713917,3.130889,0.98,0.84,72,13.07,,,Vir,V,,0
IC0990,G,213.954958,39.797917,0.54,0.43,54,15.27,,,Boo,B,,0
IC0991,G,214.452417,-13.872944,1.56,0.97,104,13.75,,,Vir,B,,0
IC0992,G,214.562125,0.891083,0.88,0.67,114,14.82,,,Vir,B,,0
IC0993,G,214.577583,11.216389,0.77,0.48,169,15.44,,,Boo,B,,0
IC0994,G,214.594292,11.195167,1.46,0.6,13,14.62,,,Boo,B,,0
IC0995,G,214.129625,57.810111,1.67,0.43,147,14.5,,,UMa,B,,0
IC0996,G,214.341958,57.629861,1.35,0.21,153,14.62,,,UMa,B,,0
IC0997,GPair,214.996875,-4.45125,1.5,,,,,,Vir,,,0
IC0997 NED01,G,214.996875,-4.451194,1.41,0.83,10,14.32,,,Vir,B,,0
IC0997 NED02,G,214.998958,-4.452306,1,0.5,163,15.71,,,Vir,B,,0
IC0998,G,215.080375,-4.416444,0.93,0.26,55,15.67,,,Vir,B,,0
IC0999,G,214.886125,17.875306,0.85,0.69,144,14.55,,,Boo,B,,0
IC1000,G,214.917958,17.854694,1.01,0.5,20,14.47,,,Boo,B,,0
IC1001,G,215.165292,5.427361,0.81,0.32,94,15.01,,,Vir,B,,0
IC1002,G,215.176167,5.485778,0.59,0.23,90,15.43,,,Vir,B,,0
IC1003,G,215.374,5.073194,1.04,0.33,36,15.33,,,Vir,B,,0
IC1004,G,215.2595,17.700583,0.95,0.58,180,15.82,,,Boo,B,,0
IC1005,Dup,214.86125,71.588222,,,,,,,UMi,,,0
IC1006,G,215.74625,23.794333,0.89,0.61,99,15.12,,,Boo,B,,0
IC1007,G,216.152458,4.559167,0.75,0.55,86,15.04,,,Vir,B,,0
IC1008,GPair,215.927458,28.347861,0.8,,,,,,Boo,,,0
IC1008 NED01,G,215.926083,28.346083,0.57,0.36,17,15.33,,,Boo,B,,0
IC1008 NED02,G,215.929792,28.347417,0.86,0.56,18,15.11,,,Boo,B,,0
IC1009,G,216.573333,12.352917,0.87,0.48,69,15.16,,,Boo,B,,0
IC1010,G,216.834833,1.025861,1.52,1.28,169,14.56,,,Vir,B,,0
IC1011,G,217.018875,1.006306,0.84,0.56,114,14.69,,,Vir,B,,0
IC1012,G,216.789583,30.948222,1.09,0.66,112,14.73,,,Boo,B,,0
IC1013,G,216.99525,25.866333,0.95,0.44,136,16.62,,,Boo,B,,0
IC1014,G,217.076792,13.780222,2,1.11,82,13.9,,,Boo,B,,0
IC1015,GTrpl,217.079792,15.420111,1,,,,,,Boo,,,0
IC1015 NED01,G,217.078667,15.416361,0.59,0.23,40,15.56,,,Boo,B,,0
IC1015 NED02,G,217.082125,15.421944,0.72,0.3,82,16.54,,,Boo,B,,0
IC1015 NED03,G,217.08025,15.421167,0.74,0.4,66,16.1,,,Boo,B,,0
IC1016,Dup,216.884875,4.821611,,,,,,,Vir,,,0
IC1017,G,217.030125,25.868778,1.07,0.6,129,14.64,,,Boo,B,,0
IC1018,G,217.053333,25.830528,0.57,0.46,179,16.08,,,Boo,B,,0
IC1019,G,217.056167,25.947417,0.6,0.44,134,15.05,,,Boo,B,,0
IC1020,G,217.206208,26.032278,1.06,0.23,175,14.95,,,Boo,B,,0
IC1021,G,217.321375,20.654528,0.62,0.26,133,15.04,,,Boo,B,,0
IC1022,G,217.507667,3.772861,0.97,0.33,163,15.16,,,Vir,B,,0
IC1023,OCl,218.10475,-35.803583,5.1,,,,,,Cen,,,0
IC1024,G,217.863333,3.009083,1.11,0.47,29,13.98,,,Vir,B,,0
IC1025,G,217.867833,7.063917,0.58,0.36,130,15.35,,,Vir,B,,0
IC1026,Dup,217.543417,31.2155,,,,,,,Boo,,,0
IC1027,G,217.452083,53.965028,1.35,1.05,180,15.24,,,Boo,B,,0
IC1028,G,218.318458,41.650389,1.04,0.56,15,14.74,,,Boo,B,,0
IC1029,G,218.113583,49.904611,2.78,0.45,151,11.29,,,Boo,V,,0
IC1030,Dup,218.15975,31.670167,,,,,,,Boo,,,0
IC1031,G,218.599917,48.037444,0.79,0.6,57,15.43,,,Boo,B,,0
IC1032,G,218.6645,47.967972,0.65,0.56,93,15.68,,,Boo,B,,0
IC1033,G,218.673958,47.937806,1.05,0.98,0,15.02,,,Boo,B,,0
IC1034,G,219.307208,14.665139,0.59,0.47,5,15.55,,,Boo,B,,0
IC1035,G,219.542542,9.336028,1.07,0.89,150,14.95,,,Boo,B,,0
IC1036,G,219.594958,18.111222,0.58,0.3,43,15.66,,,Boo,B,,0
IC1037,G,219.605708,18.184028,0.99,0.66,107,14.82,,,Boo,B,,0
IC1038,G,219.864292,11.928639,0.63,0.49,171,15.43,,,Boo,B,,0
IC1039,G,220.1225,3.43275,0.68,0.34,41,15.72,,,Vir,B,,0
IC1040,G,220.094708,9.476139,0.5,0.45,153,15.44,,,Boo,B,,0
IC1041,G,220.157917,3.377028,0.87,0.63,52,14.9,,,Vir,B,,0
IC1042,G,220.162583,3.469722,1.13,1.1,98,14.7,,,Vir,B,,0
IC1043,G,220.180625,3.374028,0.74,0.37,19,15.76,,,Vir,B,,0
IC1044,G,220.370917,9.430917,1.51,0.84,1,14.77,,,Boo,B,,0
IC1045,Dup,220.038375,42.779556,,,,,,,Boo,,,0
IC1046,G,219.472583,69.014472,0.78,0.45,86,14.65,,,UMi,B,,0
IC1047,G,220.583208,19.191833,0.72,0.61,9,15.53,,,Boo,B,,0
IC1048,G,220.741667,4.889472,2.08,0.5,163,13.89,,,Vir,B,,0
IC1049,G,219.888,62.002944,0.92,0.8,66,14.7,,,Dra,B,,0
IC1050,G,221.029667,18.012639,0.83,0.42,31,15.24,,,Boo,B,,0
IC1051,G,221.048292,19.020222,0.74,0.61,54,15.36,,,Boo,B,,0
IC1052,G,221.058792,20.614,1.02,0.28,31,15.38,,,Boo,B,,0
IC1053,G,221.430125,16.946917,0.55,0.34,27,15.17,,,Boo,B,,0
IC1054,G,221.630167,1.27475,1.03,0.75,10,14.79,,,Vir,B,,0
IC1055,G,221.857042,-13.716139,2.26,0.76,5,13.12,,,Lib,B,,0
IC1056,G,221.454375,50.394056,1.51,0.94,22,14.32,,,Boo,B,,0
IC1057,Dup,221.454375,50.394056,,,,,,,Boo,,,0
IC1058,G,222.301625,17.020944,1.49,0.39,115,14.87,,,Boo,B,,0
IC1059,G,222.677333,-0.875806,0.88,0.77,120,15.23,,,Lib,B,,0
IC1060,G,222.947292,-7.232639,1.22,0.66,93,15.13,,,Lib,B,,0
IC1061,G,222.809333,18.757556,0.49,0.39,146,16,,,Boo,B,,0
IC1062,G,222.823583,18.686972,0.94,0.78,114,15.28,,,Boo,B,,0
IC1063,G,223.045917,4.682056,0.74,0.57,145,14.87,,,Vir,B,,0
IC1064,NonEx,,,,,,,,,,,,0
IC1065,G,222.339875,63.270556,0.88,0.7,95,13.71,,,Dra,V,,0
IC1066,G,223.261917,3.296028,1.21,0.66,69,14.13,,,Vir,B,,0
IC1067,G,223.271875,3.331778,1.82,1.48,128,13.52,,,Vir,B,,0
IC1068,G,223.387167,3.077306,0.92,0.69,138,14.64,,,Vir,B,,0
IC1069,G,222.693833,54.411167,1.47,0.76,50,14.88,,,Boo,B,,0
IC1070,G,223.463667,3.484667,0.78,0.31,121,15.88,,,Vir,B,,0
IC1071,G,223.552083,4.750028,1.09,0.69,153,14.46,,,Vir,B,,0
IC1072,G,223.55475,4.841556,0.87,0.53,152,15.28,,,Vir,B,,0
IC1073,G,223.559792,4.794389,0.52,0.41,159,15.49,,,Vir,B,,0
IC1074,G,222.988833,51.264889,0.92,0.33,116,15.05,,,Boo,B,,0
IC1075,G,223.705208,18.105972,1.19,0.52,155,14.87,,,Boo,B,,0
IC1076,G,223.748417,18.037333,0.91,0.49,9,13.69,,,Boo,V,,0
IC1077,G,224.3405,-19.213694,1.31,1.08,61,13.46,,,Lib,B,,0
IC1078,G,224.120917,9.354528,0.99,0.81,19,14.72,,,Boo,B,,0
IC1079,G,224.150667,9.36975,1.46,0.85,81,14.65,,,Boo,B,,0
IC1080,G,224.49925,-6.723306,1.22,0.92,33,14.98,,,Lib,B,,0
IC1081,G,224.729417,-19.239083,1.66,0.58,153,14.75,,,Lib,B,,0
IC1082,G,224.718708,7.007306,0.86,0.7,43,15.28,,,Vir,B,,0
IC1083,G,223.889208,68.408583,0.72,0.57,94,15.16,,,UMi,B,,0
IC1084,G,225.312,-7.474917,0.87,0.6,156,14.23,,,Lib,V,,0
IC1085,G,225.680708,17.252528,0.94,0.84,24,14.91,,,Boo,B,,0
IC1086,G,225.871542,17.114417,0.69,0.47,165,15.32,,,Boo,B,,0
IC1087,G,226.682875,3.776833,0.74,0.33,74,15.47,,,Vir,B,,0
IC1088,*,226.697583,3.791861,,,,,,,Vir,,,0
IC1089,G,226.858292,7.11675,0.97,0.64,140,15.24,,,Vir,B,,0
IC1090,Other,226.429792,42.682361,,,,,,,Boo,,,0
IC1091,G,227.056292,-11.140917,1.09,0.82,132,14.34,,,Lib,B,,0
IC1092,G,226.9005,9.358222,1.01,1,72,15.04,,,Boo,B,,0
IC1093,G,226.8985,14.548,1,0.74,90,14.99,,,Boo,B,,0
IC1094,GTrpl,226.925833,14.625,0.8,,,,,,Boo,,,0
IC1094 NED01,G,226.924208,14.621889,0.55,0.51,155,16.57,,,Boo,B,,0
IC1094 NED02,G,226.925792,14.627972,0.54,0.41,105,16.3,,,Boo,B,,0
IC1094 NED03,G,226.927458,14.62675,0.52,0.32,141,17.14,,,Boo,B,,0
IC1095,G,227.146042,13.670611,0.65,0.6,82,15.3,,,Boo,B,,0
IC1096,G,227.089875,19.192111,0.56,0.38,76,15.69,,,Boo,B,,0
IC1097,G,227.130417,19.184333,0.91,0.42,55,14.83,,,Boo,B,,0
IC1098,*,226.605167,55.601667,,,,,,,Dra,,,0
IC1099,G,226.727708,56.509,1.12,0.81,4,14.78,,,Dra,B,,0
IC1100,Dup,226.58675,62.980972,,,,,,,Dra,,,0
IC1101,G,227.73375,5.744778,1.2,0.6,25,15.34,,,Vir,B,,0
IC1102,G,227.770625,4.293861,1.04,0.58,18,15.5,,,Vir,V,,0
IC1103,G,227.899458,19.207778,0.91,0.5,178,15.81,,,Se1,B,,0
IC1104,*,228.207833,-5.055611,,,,,,,Lib,,,0
IC1105,G,228.307958,4.287556,0.95,0.52,92,14.94,,,Se1,B,,0
IC1106,G,228.4845,4.710972,0.91,0.43,34,15.13,,,Se1,B,,0
IC1107,G,228.537333,4.714417,0.7,0.57,142,15.91,,,Se1,B,,0
IC1108,Dup,229.208333,-45.649306,,,,,,,Lup,,,0
IC1109,G,229.266583,5.256111,0.81,0.69,52,15.37,,,Se1,B,,0
IC1110,G,228.021125,67.362583,1.26,0.5,76,14.83,,,UMi,B,,0
IC1111,Dup,227.3815,54.5065,,,,,,,Boo,,,0
IC1112,G,229.447292,7.218278,1.02,0.6,124,15.07,,,Se1,B,,0
IC1113,G,229.562958,12.488667,0.87,0.77,17,15.28,,,Se1,B,,0
IC1114,*,227.857042,75.426694,,,,,,,UMi,,,0
IC1115,**,230.57925,-4.473861,,,,,,,Lib,,,0
IC1116,G,230.480292,8.423778,1.07,0.68,3,14.53,,,Se1,B,,0
IC1117,G,231.095417,15.488583,0.73,0.35,117,15.68,,,Se1,B,,0
IC1118,G,231.248042,13.445083,1.23,1.23,73,14.91,,,Se1,B,,0
IC1119,GPair,231.4345,-3.656306,1,,,,,,Se1,,,0
IC1119 NED01,G,231.433958,-3.653944,0.52,0.33,179,16.5,,,Se1,B,,0
IC1119 NED02,G,231.435917,-3.658056,0.62,0.43,17,15.28,,,Se1,B,,0
IC1120,G,231.546,18.872333,0.67,0.29,32,16.23,,,Se1,B,,0
IC1121,G,231.933583,6.803889,1.05,0.82,54,15.42,,,Se1,B,,0
IC1122,G,232.346125,7.617417,0.6,0.56,55,15.58,,,Se1,B,,0
IC1123,*,232.225458,42.898528,,,,,,,Boo,,,0
IC1124,G,232.503625,23.638417,1.1,0.42,77,14.45,,,Se1,B,,0
IC1125,G,233.273375,-1.62825,1.61,0.86,153,14.32,,,Se1,B,,0
IC1126,*,233.753417,4.990417,,,,,,,Se1,,,0
IC1127,Dup,233.738542,23.503139,,,,,,,Se1,,,0
IC1128,Dup,233.273375,-1.62825,,,,,,,Se1,,,0
IC1129,G,233.003417,68.246333,1.01,0.86,3,13.5,,,UMi,V,,0
IC1130,G,234.433458,17.244417,0.74,0.52,37,15.56,,,Se1,B,,0
IC1131,G,234.715417,12.080639,0.85,0.65,153,14.73,,,Se1,B,,0
IC1132,G,235.028167,20.680611,1.05,0.97,48,14.37,,,Se1,B,,0
IC1133,G,235.299958,15.573417,1.27,0.39,131,14.73,,,Se1,B,,0
IC1134,G,236.24375,16.962111,0.87,0.54,164,15.41,,,Se1,B,,0
IC1135,G,236.394625,17.700083,0.85,0.31,63,15.14,,,Se1,B,,0
IC1136,G,236.893292,-1.545278,0.75,0.7,50,15.21,,,Se1,B,,0
IC1137,G,237.135833,8.587917,0.86,0.79,115,14.71,,,Se1,B,,0
IC1138,G,237.065708,26.206222,1.04,0.21,41,15.27,,,CrB,B,,0
IC1139,G,232.35875,82.583861,0.65,0.28,54,15.62,,,UMi,B,,0
IC1140,Other,237.35525,19.113444,,,,,,,Se1,,,0
IC1141,G,237.445583,12.399333,0.47,0.45,69,14.52,,,Se1,B,,0
IC1142,G,237.608,18.139583,1.03,0.77,160,14.96,,,Se1,B,,0
IC1143,G,232.733167,82.455778,1.45,1.38,150,14.62,,,UMi,B,,0
IC1144,G,237.840375,43.417667,0.74,0.52,107,14.69,,,Her,B,,0
IC1145,G,236.035625,72.431167,1.45,0.43,168,15.12,,,UMi,B,,0
IC1146,G,237.092,69.385583,1.29,0.94,90,14.65,,,Dra,B,,0
IC1147,G,237.548375,69.560056,0.45,0.45,125,15.52,,,Dra,B,,0
IC1148,Dup,239.283917,22.404583,,,,,,,Se1,,,0
IC1149,G,239.53325,12.070278,1.07,0.85,164,14.05,,,Se1,B,,0
IC1150,Other,239.577333,15.874528,,,,,,,Se1,,,0
IC1151,G,239.63475,17.441472,2.23,0.88,32,12.92,,,Se1,V,,0
IC1152,G,239.1805,48.095,1.15,1.03,19,14.21,,,Her,B,,0
IC1153,G,239.262542,48.168389,1.2,1,0,13.57,,,Her,B,,0
IC1154,G,238.119208,70.375083,1.77,1.12,142,14.67,,,UMi,B,,0
IC1155,G,240.149,15.685639,0.79,0.74,11,14.35,,,Se1,V,,0
IC1156,G,240.155667,19.723222,1.1,1.01,10,13.44,,,Her,V,,0
IC1157,G,240.234417,15.526444,0.82,0.41,135,15.56,,,Se1,B,,0
IC1158,G,240.392,1.707833,1.89,0.94,134,13.09,,,Se1,V,,0
IC1159,G,240.256083,15.419972,0.76,0.52,30,15.66,,,Se1,B,,0
IC1160,G,240.260458,15.494694,0.77,0.49,143,15.59,,,Se1,B,,0
IC1161,G,240.320083,15.645417,0.71,0.52,96,15.15,,,Se1,B,,0
IC1162,G,240.318042,17.677833,0.72,0.56,161,14.68,,,Her,V,,0
IC1163,G,240.377292,15.503917,0.79,0.73,11,14.93,,,Se1,B,,0
IC1164,*,238.761292,70.586972,,,,,,,UMi,,,0
IC1165,GPair,240.534167,15.693889,0.9,,,,,,Her,,,0
IC1165 NED01,G,240.533458,15.696556,0.69,0.64,41,14.95,,,Her,B,,0
IC1165 NED02,G,240.536,15.693167,0.63,0.54,171,15.63,,,Her,B,,0
IC1166,GPair,240.537083,26.327222,0.6,,,,,,CrB,,,0
IC1166 NED01,G,240.537167,26.329333,0.53,0.31,52,16.77,,,CrB,V,,0
IC1166 NED02,G,240.536792,26.325333,0.41,0.28,152,17.07,,,CrB,B,,0
IC1167,G,240.97025,14.946444,0.62,0.55,117,15.5,,,Se1,B,,0
IC1168,G,240.982042,14.902417,1.32,0.56,169,15.62,,,Se1,B,,0
IC1169,G,241.055958,13.744028,1.06,0.72,10,14.06,,,Se1,B,,0
IC1170,G,241.132042,17.721472,0.5,0.28,84,17.41,,,Her,B,,0
IC1171,*,241.216,17.978222,,,,,,,Her,,,0
IC1172,Dup,241.248667,17.870361,,,,,,,Her,,,0
IC1173,G,241.302333,17.422861,0.92,0.45,63,14.57,,,Her,V,,0
IC1174,G,241.36175,15.025333,1.03,0.75,51,14.37,,,Se1,B,,0
IC1175,**,241.34425,18.163111,,,,,,,Her,,,0
IC1176,Dup,241.380333,17.963639,,,,,,,Her,,,0
IC1177,G,241.332458,18.315361,0.54,0.41,164,16.23,,,Her,B,,0
IC1178,G,241.388,17.601444,1.34,0.66,145,13.92,,,Her,V,,0
IC1179,Dup,241.342583,17.754194,,,,,,,Her,,,0
IC1180,*,241.375458,18.149667,,,,,,,Her,,,0
IC1181,G,241.391042,17.593694,1.01,0.73,58,14.79,,,Her,V,,0
IC1182,G,241.403333,17.802139,0.84,0.68,80,14.65,,,Her,V,,0
IC1183,Dup,241.408958,17.767889,,,,,,,Her,,,0
IC1184,Other,241.428333,17.79,,,,,,,Her,,,0
IC1185,G,241.436208,17.717028,0.74,0.54,8,13.84,,,Her,V,,0
IC1186,G,241.43425,17.362167,0.78,0.48,5,14.69,,,Her,V,,0
IC1187,G,239.792417,70.556972,0.35,0.22,100,15.43,,,UMi,B,,0
IC1188,GPair,241.532,17.46,0.7,,,,,,Her,,,0
IC1188A,G,241.530417,17.460806,0.55,0.41,8,15.65,,,Her,B,,0
IC1188B,G,241.5345,17.461639,0.28,0.18,47,17.42,,,Her,B,,0
IC1189,G,241.561792,18.182889,0.79,0.56,179,14.43,,,Her,V,,0
IC1190,G,241.468375,18.220528,1.28,0.35,119,14.68,,,Her,V,,0
IC1191,GPair,241.619792,18.267889,0.7,,,,,,Her,,,0
IC1191 NED01,G,241.620792,18.267861,0.71,0.16,163,16.63,,,Her,B,,0
IC1191 NED02,G,241.62375,18.267861,0.4,0.21,153,17,,,Her,B,,0
IC1192,G,241.638042,17.775639,0.91,0.43,114,14.89,,,Her,V,,0
IC1193,G,241.634167,17.713861,0.78,0.65,2,14.38,,,Her,V,,0
IC1194,G,241.663958,17.761194,0.64,0.49,20,14.3,,,Her,V,,0
IC1195,G,241.670333,17.191806,0.61,0.43,13,14.83,,,Her,V,,0
IC1196,G,241.993208,10.779639,1.04,0.51,5,14.69,,,Se1,B,,0
IC1197,G,242.071958,7.5385,2.56,0.54,57,14.36,,,Se1,B,,0
IC1198,G,242.151542,12.330944,0.79,0.41,111,14.94,,,Se1,V,,0
IC1199,G,242.643125,10.040361,1.19,0.42,158,14.54,,,Se1,B,,0
IC1200,Dup,241.121708,69.665778,,,,,,,UMi,,,0
IC1201,G,241.423542,69.593806,0.68,0.22,114,15.58,,,Dra,B,,0
IC1202,Dup,243.236917,9.867111,,,,,,,Her,,,0
IC1203,*Ass,243.816667,-22.370583,3.5,2,,,,,Sco,,,0
IC1204,G,241.8145,69.931472,0.65,0.3,65,15.3,,,UMi,B,,0
IC1205,G,243.566333,9.537194,0.69,0.59,110,14.55,,,Her,B,,0
IC1206,G,243.804458,11.297389,1.12,0.64,2,14.81,,,Her,B,,0
IC1207,*Ass,244.861333,-29.651111,2,0.5,,,,,Sco,,,0
IC1208,G,243.949542,36.527333,1.25,0.32,95,15.03,,,CrB,B,,0
IC1209,G,244.665083,15.558361,1.36,0.88,3,14.88,,,Her,B,,0
IC1210,G,243.625625,62.536694,1.38,0.42,169,14.56,,,Dra,V,,0
IC1211,G,244.216583,53.006028,1.34,1.25,65,13.76,,,Dra,B,,0
IC1212,G,243.878125,64.224806,0.77,0.66,5,15.32,,,Dra,B,,0
IC1213,Dup,245.542917,-1.514861,,,,,,,Se1,,,0
IC1214,G,244.04875,65.968778,1.05,0.44,17,14.95,,,Dra,B,,0
IC1215,G,243.896375,68.397667,0.91,0.68,163,13.7,,,Dra,V,,0
IC1216,G,243.98075,68.349889,0.75,0.63,49,14.87,,,Dra,B,,0
IC1217,Other,244.017083,69.6765,,,,,,,Dra,,,0
IC1218,G,244.154583,68.202639,0.92,0.92,60,15.3,,,Dra,V,,0
IC1219,G,246.114375,19.482583,1.31,0.52,122,15.13,,,Her,B,,0
IC1220,G,247.409583,8.450722,1.24,1.17,142,14.73,,,Her,B,,0
IC1221,G,248.673458,46.392056,1,0.92,35,14.59,,,Her,B,,0
IC1222,G,248.788333,46.213917,1.51,1.12,49,13.37,,,Her,V,,0
IC1223,G,248.926917,49.220528,0.82,0.6,20,15.3,,,Her,B,,0
IC1224,G,250.734542,19.254361,1.28,0.84,87,15.37,,,Her,B,,0
IC1225,G,249.218833,67.629417,1.37,0.45,71,15.42,,,Dra,B,,0
IC1226,G,250.277375,46.004056,0.57,0.5,53,15.3,,,Her,B,,0
IC1227,Dup,250.032917,58.617361,,,,,,,Dra,,,0
IC1228,G,250.527,65.5855,1.32,0.71,122,14.43,,,Dra,B,,0
IC1229,G,251.245083,51.308083,0.44,0.17,106,15.96,,,Dra,B,,0
IC1230,GPair,251.256167,51.259583,0.92,0.59,159,,,,Her,,,0
IC1231,G,251.745917,58.423167,1.88,0.86,153,13.2,,,Dra,V,,0
IC1232,Dup,250.277375,46.004056,,,,,,,Her,,,0
IC1233,Dup,252.084333,62.976417,,,,,,,Dra,,,0
IC1234,*,253.212125,56.877778,,,,,,,Dra,,,0
IC1235,G,253.015125,63.115806,0.76,0.53,13,15.04,,,Dra,B,,0
IC1236,G,254.623333,20.041472,1.17,1.07,146,13.64,,,Her,V,,0
IC1237,G,254.066875,55.026472,1.97,0.58,22,14.6,,,Dra,B,,0
IC1238,**,255.125625,23.07675,,,,,,,Her,,,0
IC1239,Dup,255.187875,23.044,,,,,,,Her,,,0
IC1240,Other,255.245292,61.050444,,,,,,,Dra,,,0
IC1241,G,255.367583,63.691111,1.16,0.93,59,13.72,,,Dra,V,,0
IC1242,G,257.178667,4.049889,0.84,0.51,120,14.86,,,Oph,B,,0
IC1243,Other,257.602292,10.766611,,,,,,,Oph,,,0
IC1244,G,257.640458,36.303306,1.13,1.13,130,14.52,,,Her,B,,0
IC1245,G,258.1525,38.020444,1.85,0.97,126,14.9,,,Her,B,,0
IC1246,*,258.551167,20.237306,,,,,,,Her,,,0
IC1247,*,259.09225,-12.780889,,,,,,,Oph,,,0
IC1248,G,257.917417,59.995611,0.82,0.64,17,14.59,,,Dra,B,,0
IC1249,G,258.729667,35.520111,0.24,0.22,147,14.83,,,Her,B,,0
IC1250,G,258.621542,57.416778,0.59,0.3,70,15.95,,,Dra,B,,0
IC1251,G,257.55375,72.4105,1.21,0.64,67,14.33,,,Dra,B,,0
IC1252,G,258.959917,57.366806,1.06,0.32,141,15.64,,,Dra,B,,0
IC1253,Dup,259.977792,16.660694,,,,,,,Her,,,0
IC1254,G,257.889208,72.402,0.91,0.54,38,13.95,,,Dra,V,,0
IC1255,G,260.772458,12.695444,0.98,0.48,11,14.15,,,Oph,B,,0
IC1256,G,260.947125,26.486528,1.28,0.75,93,13.55,,,Her,V,,0
IC1257,GCl,261.784917,-7.093083,3.3,,,,,,Oph,,,0
IC1258,G,261.822417,58.485472,0.91,0.72,65,14.43,,,Dra,B,,0
IC1259,GPair,261.8575,58.516667,0.9,,,,,,Dra,,,0
IC1259 NED01,G,261.852958,58.516917,0.91,0.59,152,15.22,,,Dra,B,,0
IC1259 NED02,G,261.861583,58.516556,1.11,1.06,35,14.11,,,Dra,B,,0
IC1260,G,261.882167,58.475861,0.42,0.34,138,15.7,,,Dra,B,,0
IC1261,GPair,260.847333,71.263639,1.1,,,,,,Dra,,,0
IC1261 NED01,G,260.858833,71.262806,0.84,0.68,63,15.98,,,Dra,B,,0
IC1261 NED02,G,260.837,71.264361,0.69,0.61,0,14.9,,,Dra,B,,0
IC1262,G,263.258417,43.759611,1.64,0.82,84,13.65,,,Her,V,,0
IC1263,G,263.28,43.822083,1.63,0.68,178,14.71,,,Her,B,,0
IC1264,G,263.320167,43.629222,1.37,1.22,60,15.52,,,Her,B,,0
IC1265,G,264.164292,42.088417,1.85,0.81,78,14.04,,,Her,B,,0
IC1266,PN,266.397083,-46.089861,0.16,,,11.2,,,Ara,V,,0
IC1267,G,264.691208,59.373139,1.38,0.95,55,13.42,,,Dra,V,,0
IC1268,G,267.663708,17.209444,0.66,0.49,90,15.21,,,Her,B,,0
IC1269,G,268.025,21.569639,1.32,0.85,135,12.82,,,Her,V,,0
IC1270,*,266.9875,62.223444,,,,,,,Dra,,,0
IC1271,Neb,271.304625,-24.410528,,,,,,,Sgr,,,0
IC1272,Other,271.232292,25.129194,,,,,,,Her,,,0
IC1273,**,271.261458,25.132111,,,,,,,Her,,,0
IC1274,HII,272.462625,-23.648222,20,5,,,,,Sgr,,,0
IC1275,Neb,272.529958,-23.761222,,,,,,,Sgr,,,0
IC1276,GCl,272.684458,-7.207583,9.6,,,,,,Se2,,,0
IC1277,G,272.613708,31.003167,0.98,0.67,21,14.95,,,Her,B,,0
IC1278,Other,272.673542,31.149917,,,,,,,Her,,,0
IC1279,G,272.814083,36.007778,2.34,0.59,159,14.38,,,Her,B,,0
IC1280,Dup,273.07675,25.662361,,,,,,,Her,,,0
IC1281,GPair,272.90875,35.992222,1.3,,,,,,Her,,,0
IC1281 NED01,G,272.908417,35.987417,0.54,0.31,26,16.39,,,Her,B,,0
IC1281 NED02,G,272.909,35.99725,0.57,0.38,15,15.58,,,Her,B,,0
IC1282,Other,273.521875,21.102194,,,,,,,Her,,,0
IC1283,HII,274.320208,-19.762222,15,15,,,,,Sgr,,,0
IC1284,Neb,274.415125,-19.672028,16.98,15.14,,7.7,,,Sgr,B,,0
IC1285,Other,274.042375,25.100333,,,,,,,Her,,,0
IC1286,G,274.059458,55.591,1.42,0.44,86,14.72,,,Dra,B,,0
IC1287,RfN,277.857042,-10.795806,20,10,,6.1,,,Sct,B,,0
IC1288,G,277.343583,39.713361,1.09,0.61,5,14.24,,,Lyr,B,,0
IC1289,G,277.509542,39.964028,0.66,0.33,145,15.27,,,Lyr,B,,0
IC1290,*Ass,279.647125,-24.096833,,,,,,,Sgr,,,0
IC1291,G,278.469042,49.278611,1.33,1.15,17,13.03,,,Dra,V,,0
IC1292,Other,281.168542,-27.816278,,,,,,,Sgr,,,0
IC1293,Other,280.402708,56.317778,,,,,,,Dra,,,0
IC1294,Other,282.460208,40.209389,,,,,,,Lyr,,,0
IC1295,PN,283.654708,-8.827028,1.5,,,12.5,,,Sct,V,,0
IC1296,G,283.328458,33.066583,0.99,0.53,69,15.35,,,Lyr,B,,0
IC1297,PN,289.3475,-39.613056,0.12,,,10.7,,,CrA,V,,0
IC1298,Other,289.648708,-1.596194,,,,,,,Aql,,,0
IC1299,OCl,290.675125,20.739556,2,1,,14,,,Vul,B,,0
IC1300,Dup,291.013208,53.624778,,,,,,,Cyg,,,0
IC1301,G,291.63325,50.125278,1.44,0.69,19,14.25,,,Cyg,B,,0
IC1302,G,292.720375,35.78525,0.95,0.51,50,13.35,,,Cyg,V,,0
IC1303,G,292.87525,35.876611,1.18,0.73,104,14.83,,,Cyg,B,,0
IC1304,*Ass,293.893708,41.111833,,,,,,,Cyg,,,0
IC1305,Other,294.82125,20.194278,,,,,,,Vul,,,0
IC1306,*Ass,295.421625,37.685194,,,,,,,Cyg,,,0
IC1307,*Ass,295.63375,27.752639,,,,,,,Vul,,,0
IC1308,HII,296.271833,-14.72025,,,,,,,Sgr,,,0
IC1309,G,300.756333,-17.232083,0.87,0.64,58,15.06,,,Sgr,B,,0
IC1310,Cl+N,302.504083,34.968889,15,3,,,,,Cyg,,,0
IC1311,OCl,302.69925,41.173944,6.3,,,13.1,,,Cyg,V,,0
IC1312,Other,304.214583,18.045972,,,,,,,Sge,,,0
IC1313,G,304.681917,-16.945972,1.61,1.02,26,15,,,Cap,B,,0
IC1314,*Ass,304.458333,25.089778,,,,,,,Vul,,,0
IC1315,Other,304.341458,30.689083,,,,,,,Cyg,,,0
IC1316,Other,305.607667,6.501694,,,,,,,Aql,,,0
IC1317,G,305.814958,0.664722,0.76,0.57,98,13.73,,,Aql,V,,0
IC1318,*,305.557042,40.256694,,,,2.23,,,Cyg,V,gam Cyg,0
IC1319,G,306.508042,-18.504083,0.79,0.49,8,14.84,,,Cap,B,,0
IC1320,G,306.606917,2.909722,1.07,0.61,87,14.44,,,Del,B,,0
IC1321,G,307.046042,-18.2915,1.1,0.71,96,15.24,,,Cap,B,,0
IC1322,G,307.535333,-15.227833,1.1,0.56,114,15.47,,,Cap,B,,0
IC1323,**,307.620833,-15.181944,,,,,,,Cap,,,0
IC1324,G,308.051292,-9.056111,1.25,1.12,55,14.29,,,Cap,B,,0
IC1325,Dup,308.20925,9.926417,,,,,,,Del,,,0
IC1326,NonEx,,,,,,,,,,,,0
IC1327,G,308.921958,-0.005778,0.93,0.9,15,14.92,,,Aql,B,,0
IC1328,G,310.487667,-19.633056,0.89,0.36,50,14.88,,,Cap,B,,0
IC1329,Other,310.925458,15.597417,,,,,,,Del,,,0
IC1330,G,311.56225,-14.023222,1.25,0.41,109,,,,Aqr,,,0
IC1331,G,311.953208,-9.995944,1.75,0.49,85,14.69,,,Aqr,B,,0
IC1332,G,312.964125,-13.711528,1.16,0.69,64,15.88,,,Aqr,B,,0
IC1333,G,313.071667,-16.28575,1.37,0.73,83,15.46,,,Cap,B,,0
IC1334,Dup,313.071667,-16.28575,,,,,,,Cap,,,0
IC1335,G,313.2755,-16.335444,0.89,0.64,16,15.96,,,Cap,B,,0
IC1336,G,313.7705,-18.038722,0.86,0.49,44,15.29,,,Cap,B,,0
IC1337,G,314.219583,-16.585833,0.84,0.61,16,14.68,,,Cap,B,,0
IC1338,G,314.241,-16.492611,0.76,0.5,6,15.59,,,Cap,B,,0
IC1339,G,314.481333,-17.942833,1.51,0.94,49,14.17,,,Cap,B,,0
IC1340,SNR,314.034375,31.047861,25.12,19.95,,,,,Cyg,,,0
IC1341,G,315.0695,-13.976333,0.95,0.53,61,15.24,,,Aqr,B,,0
IC1342,G,315.106,-14.495861,1.08,0.41,74,,,,Aqr,,,0
IC1343,G,315.25275,-15.403694,1.02,0.43,173,15.16,,,Cap,B,,0
IC1344,G,315.318542,-13.380278,1.15,0.52,50,14.57,,,Aqr,B,,0
IC1345,G,315.3425,-13.397611,0.48,0.41,158,15.58,,,Aqr,B,,0
IC1346,G,315.40425,-13.960694,1.23,0.62,98,14.92,,,Aqr,B,,0
IC1347,G,315.434958,-13.313306,1.42,0.65,2,15.62,,,Aqr,B,,0
IC1348,G,315.433792,-13.358,0.37,0.26,155,15.58,,,Aqr,B,,0
IC1349,G,315.460208,-13.2655,0.72,0.43,51,15.47,,,Aqr,B,,0
IC1350,G,315.467875,-13.852667,0.91,0.56,160,14.79,,,Aqr,B,,0
IC1351,G,315.4685,-13.201861,0.74,0.23,25,15.65,,,Aqr,B,,0
IC1352,G,315.47875,-13.384083,0.5,0.3,30,16.38,,,Aqr,B,,0
IC1353,G,315.484667,-13.272833,0.45,0.35,134,16.38,,,Aqr,B,,0
IC1354,Dup,315.467875,-13.852667,,,,,,,Aqr,,,0
IC1355,G,315.493292,-13.173,0.4,0.34,50,15.66,,,Aqr,B,,0
IC1356,G,315.720833,-15.811583,0.82,0.58,163,15.2,,,Cap,B,,0
IC1357,G,316.488792,-10.71625,1.28,0.48,38,15.85,,,Aqr,B,,0
IC1358,G,316.622542,-16.204444,0.5,0.23,38,15.65,,,Cap,B,,0
IC1359,G,317.17925,12.484278,1.16,0.49,171,14.74,,,Del,B,,0
IC1360,G,317.709667,5.071361,0.8,0.4,20,15.4,,,Equ,B,,0
IC1361,G,317.871417,5.054333,0.78,0.55,48,15.39,,,Equ,B,,0
IC1362,G,317.969375,2.328972,0.62,0.45,167,15.88,,,Aqr,B,,0
IC1363,OCl,317.668417,46.870056,,,,,,,Cyg,,,0
IC1364,G,318.352833,2.769722,1.07,0.78,124,13.41,,,Equ,V,,0
IC1365,GGroup,318.482958,2.565389,1,,,,,,Equ,,,0
IC1365 NED01,G,318.483,2.565389,1.66,0.85,57,14.95,,,Equ,B,,0
IC1365 NED02,G,318.47775,2.563806,1.38,0.81,74,15.81,,,Equ,V,,0
IC1366,G,318.533417,1.776111,0.81,0.41,23,15.79,,,Aqr,B,,0
IC1367,G,318.540417,2.993806,0.65,0.5,152,15.52,,,Equ,B,,0
IC1368,G,318.552458,2.178,1.36,0.52,47,14.3,,,Aqr,V,,0
IC1369,OCl,318.037667,47.7685,5.1,,,,,,Cyg,,,0
IC1370,G,318.809458,2.192028,0.66,0.49,54,15.07,,,Aqr,B,,0
IC1371,G,320.065208,-4.876528,1.42,0.83,13,14.98,,,Aqr,B,,0
IC1372,G,320.071208,-5.604583,0.83,0.63,127,15.04,,,Aqr,B,,0
IC1373,G,320.155208,1.092417,0.89,0.61,38,15.34,,,Aqr,B,,0
IC1374,G,320.261042,1.712972,0.63,0.44,113,15.78,,,Aqr,B,,0
IC1375,G,320.249125,3.985417,0.58,0.37,125,15.17,,,Equ,B,,0
IC1376,Other,321.17125,-5.742444,,,,,,,Aqr,,,0
IC1377,G,321.360958,4.314222,0.73,0.56,118,14.77,,,Equ,B,,0
IC1378,Other,320.715458,55.464306,,,,,,,Cep,,,0
IC1379,G,321.50525,3.097389,0.59,0.47,132,15.68,,,Equ,B,,0
IC1380,G,321.795875,2.717667,0.68,0.58,145,15.65,,,Peg,B,,0
IC1381,G,321.890417,-1.188611,0.9,0.59,69,15.49,,,Aqr,B,,0
IC1382,Dup,320.5315,18.665667,,,,,,,Peg,,,0
IC1383,G,321.915167,-1.102167,0.62,0.22,126,15.94,,,Aqr,B,,0
IC1384,G,321.971125,-1.368556,0.77,0.63,63,15.36,,,Aqr,B,,0
IC1385,G,322.213292,-1.070111,0.59,0.53,141,18.25,,,Aqr,V,,0
IC1386,G,322.405958,-21.195694,0.97,0.77,131,13.12,,,Cap,V,,0
IC1387,G,322.393625,-1.350917,0.48,0.46,15,15.04,,,Aqr,B,,0
IC1388,G,322.467417,-0.631278,0.82,0.41,137,15.02,,,Aqr,B,,0
IC1389,G,323.032667,-18.018361,0.81,0.49,119,15.46,,,Cap,B,,0
IC1390,G,323.10325,-1.862528,0.65,0.61,102,15.07,,,Aqr,B,,0
IC1391,G,323.751667,-0.511444,0.64,0.49,84,15.85,,,Aqr,B,,0
IC1392,G,323.886208,35.398333,1.53,1.22,73,12.95,,,Cyg,B,,0
IC1393,G,325.059375,-22.411389,0.74,0.48,175,15.6,,,Cap,B,,0
IC1394,G,325.054292,14.633028,1.23,1.15,37,14.84,,,Peg,B,,0
IC1395,G,325.422542,4.104528,0.74,0.68,85,15.44,,,Peg,B,,0
IC1396,Cl+N,324.740083,57.489056,14,4,,,,象鼻星云,Cep,,,0
IC1397,G,326.009625,-4.884806,0.85,0.52,172,15.29,,,Aqr,B,,0
IC1398,G,326.464292,9.475333,0.76,0.43,70,15.35,,,Peg,B,,0
IC1399,G,326.537125,4.402222,0.68,0.46,162,15.62,,,Peg,B,,0
IC1400,*Ass,326.067833,52.967028,,,,,,,Cyg,,,0
IC1401,G,326.747875,1.71275,1.68,0.56,180,13.72,,,Aqr,V,,0
IC1402,*Ass,326.245708,53.2625,,,,,,,Cyg,,,0
IC1403,G,327.621167,-2.716167,0.49,0.35,153,16.42,,,Aqr,B,,0
IC1404,G,327.734917,-9.266583,0.97,0.81,47,14.63,,,Cap,B,,0
IC1405,G,327.707667,2.020806,0.87,0.63,117,15.12,,,Aqr,B,,0
IC1406,G,327.770292,1.987056,0.62,0.47,65,15.57,,,Aqr,B,,0
IC1407,G,328.097667,3.427167,0.76,0.56,84,15.05,,,Peg,B,,0
IC1408,G,328.287583,-13.346778,1,0.52,33,14.92,,,Cap,B,,0
IC1409,G,328.331667,-7.499861,0.69,0.43,28,15.62,,,Aqr,B,,0
IC1410,G,329.008917,-2.900278,0.83,0.54,132,15.5,,,Aqr,B,,0
IC1411,G,329.002458,-1.517056,0.87,0.56,36,14.38,,,Aqr,B,,0
IC1412,G,329.576917,-17.176167,1.27,0.71,102,14.55,,,Cap,B,,0
IC1413,G,329.610875,-3.102417,0.93,0.26,74,15.72,,,Aqr,B,,0
IC1414,G,329.575208,8.423806,0.47,0.4,5,15.2,,,Peg,B,,0
IC1415,Other,329.677667,1.350361,,,,,,,Aqr,,,0
IC1416,Other,329.706167,1.451556,,,,,,,Aqr,,,0
IC1417,G,330.090042,-13.147361,1.65,0.54,110,14,,,Aqr,V,,0
IC1418,G,330.499667,4.384333,0.86,0.86,160,15.23,,,Peg,B,,0
IC1419,G,330.745167,-9.920972,0.54,0.3,164,16.06,,,Aqr,B,,0
IC1420,GPair,330.633208,19.750111,1.3,,,,,,Peg,,,0
IC1420 NED01,G,330.630417,19.750361,1.32,1.07,0,14.35,,,Peg,B,,0
IC1420 NED02,G,330.6345,19.750111,0.86,0.6,90,15.02,,,Peg,B,,0
IC1421,G,330.766792,-9.978167,0.63,0.57,5,15.45,,,Aqr,B,,0
IC1422,G,330.75025,2.598889,0.46,0.3,142,15.85,,,Peg,B,,0
IC1423,G,330.802875,4.297583,0.92,0.44,40,14.76,,,Peg,B,,0
IC1424,*,330.789125,11.197139,,,,,,,Peg,,,0
IC1425,G,330.852125,2.594917,0.79,0.62,98,15.1,,,Peg,B,,0
IC1426,**,330.963667,-9.919306,,,,,,,Aqr,,,0
IC1427,G,330.8965,15.106778,1.14,0.83,103,15.19,,,Peg,B,,0
IC1428,G,331.115292,2.630861,0.71,0.37,61,15.56,,,Peg,B,,0
IC1429,*,331.760208,10.109222,,,,,,,Peg,,,0
IC1430,G,331.87425,-13.581194,0.56,0.47,55,15.63,,,Aqr,B,,0
IC1431,G,331.915,-13.513389,0.75,0.7,20,15.27,,,Aqr,B,,0
IC1432,G,332.516542,3.689583,0.44,0.28,30,16.75,,,Peg,B,,0
IC1433,GTrpl,333.0425,-12.765278,1,,,,,,Aqr,,,0
IC1433 NED01,G,333.044333,-12.765583,0.83,0.41,99,15.64,,,Aqr,B,,0
IC1433 NED02,G,333.041042,-12.765611,0.18,0.15,90,,,,Aqr,,,0
IC1433 NED03,G,333.038417,-12.763139,0.21,0.19,111,17.74,,,Aqr,B,,0
IC1434,OCl,332.675667,52.850083,4.8,,,,,,Lac,,,0
IC1435,G,333.359542,-22.096694,1.07,0.65,9,13.89,,,Aqr,B,,0
IC1436,G,333.464333,-10.191778,0.56,0.42,57,16.06,,,Aqr,B,,0
IC1437,G,333.937458,2.065944,1.08,0.94,52,14.84,,,Aqr,B,,0
IC1438,G,334.121208,-21.430694,2.33,2.16,119,12.75,,,Aqr,B,,0
IC1439,G,334.16725,-21.485944,1.25,0.65,28,14.75,,,Aqr,B,,0
IC1440,G,334.138417,-16.016444,1.67,0.48,76,14.91,,,Aqr,B,,0
IC1441,G,333.82975,37.3015,1.07,0.58,38,15.37,,,Lac,B,,0
IC1442,OCl,334.005542,53.991333,4.2,,,9.1,,,Lac,V,,0
IC1443,G,334.76525,-20.939917,1.55,1.21,42,13.53,,,Aqr,B,,0
IC1444,G,335.599667,5.139167,0.58,0.37,5,15.81,,,Peg,B,,0
IC1445,G,336.376375,-17.243306,1.41,1.15,87,12.74,,,Aqr,V,,0
IC1446,G,337.269583,-1.184917,0.78,0.49,29,15.5,,,Aqr,B,,0
IC1447,G,337.499167,-5.119889,1.48,0.77,95,13.71,,,Aqr,B,,0
IC1448,Dup,338.633917,-12.933861,,,,,,,Aqr,,,0
IC1449,G,338.779167,-8.765333,0.57,0.34,48,15.23,,,Aqr,B,,0
IC1450,**,339.491375,34.5355,,,,,,,Peg,,,0
IC1451,G,341.531083,-10.369417,0.91,0.87,46,15,,,Aqr,B,,0
IC1452,Dup,341.496625,10.8675,,,,,,,Peg,,,0
IC1453,G,341.725958,-13.449611,0.84,0.71,158,15.1,,,Aqr,B,,0
IC1454,PN,340.604208,80.442222,0.47,,,14,,,Cep,V,,0
IC1455,G,343.441917,1.371972,1,0.56,40,14.62,,,Psc,B,,0
IC1456,G,343.825792,-12.732,0.95,0.21,125,15.91,,,Aqr,B,,0
IC1457,Other,343.849,-5.56275,,,,,,,Aqr,,,0
IC1458,Dup,344.172417,-7.379056,,,,,,,Aqr,,,0
IC1459,G,344.294208,-36.462222,4.61,3.23,43,10.54,,,Gru,V,,0
IC1460,G,344.267,4.677028,0.61,0.48,158,14.3,,,Psc,V,,0
IC1461,G,344.642917,15.172778,0.6,0.55,12,15.01,,,Peg,B,,0
IC1462,*,344.654792,8.441306,,,,,,,Peg,,,0
IC1463,**,344.837208,-10.530861,,,,,,,Aqr,,,0
IC1464,GPair,345.798333,-8.990833,1.2,,,,,,Aqr,,,0
IC1464A,G,345.800333,-8.992972,0.26,0.15,81,15.32,,,Aqr,B,,0
IC1464B,G,345.796,-8.989167,0.68,0.45,135,15.5,,,Aqr,V,,0
IC1465,Other,345.721667,16.582472,,,,,,,Peg,,,0
IC1466,G,345.912708,-2.775444,0.6,0.5,124,14.55,,,Psc,B,,0
IC1467,G,346.207125,-3.229944,0.79,0.38,3,14.75,,,Psc,B,,0
IC1468,G,346.281542,-3.2045,1.06,0.49,171,15.25,,,Psc,B,,0
IC1469,G,346.619458,-13.536583,0.45,0.36,105,,,,Aqr,,,0
IC1470,HII,346.292542,60.244083,1.8,1.8,90,11.5,,,Cep,B,,0
IC1471,G,347.186875,-12.639444,1.07,0.65,169,14.63,,,Aqr,B,,0
IC1472,G,347.277833,17.259139,1.01,0.6,60,15.21,,,Peg,B,,0
IC1473,G,347.772542,29.643444,1.74,0.85,176,14.16,,,Peg,B,,0
IC1474,G,348.213625,5.806361,1.04,0.48,149,13.94,,,Psc,V,,0
IC1475,Other,348.50925,-28.422444,,,,,,,Scl,,,0
IC1476,G,348.568125,30.551472,0.91,0.91,165,15.53,,,Peg,B,,0
IC1477,Dup,349.3,-6.912,,,,,,,Aqr,,,0
IC1478,Dup,349.558,10.298306,,,,,,,Peg,,,0
IC1479,G,349.693375,-10.39925,1.16,0.96,25,14.6,,,Aqr,B,,0
IC1480,Dup,349.746833,11.341722,,,,,,,Peg,,,0
IC1481,G,349.854667,5.906167,0.73,0.65,45,14.4,,,Psc,V,,0
IC1482,G,350.206333,1.739028,0.81,0.63,135,15.08,,,Psc,B,,0
IC1483,Dup,350.638,11.328806,,,,,,,Peg,,,0
IC1484,G,350.666417,11.384472,0.62,0.32,49,17.78,,,Peg,B,,0
IC1485,Dup,350.700958,11.372861,,,,,,,Peg,,,0
IC1486,Dup,350.975083,9.667472,,,,,,,Peg,,,0
IC1487,Dup,351.083708,14.647139,,,,,,,Peg,,,0
IC1488,G,351.410625,15.354417,1.08,0.24,172,15.73,,,Peg,B,,0
IC1489,G,351.633875,-12.5165,0.54,0.52,25,15.11,,,Aqr,B,,0
IC1490,G,359.794667,-4.127,1.45,0.84,83,14.5,,,Psc,V,,0
IC1491,G,352.352875,-16.316611,0.77,0.42,150,15.03,,,Aqr,B,,0
IC1492,G,352.650417,-3.039917,1.47,1.11,32,14.37,,,Psc,B,,0
IC1493,G,352.614625,14.458861,0.52,0.29,135,16.55,,,Peg,B,,0
IC1494,G,352.69225,-12.724528,0.73,0.34,125,15.83,,,Aqr,B,,0
IC1495,G,352.698917,-13.485444,1.33,0.83,25,13,,,Aqr,V,,0
IC1496,G,352.722958,-2.934306,1.65,1.22,65,14.41,,,Psc,B,,0
IC1497,Other,352.208708,11.987,,,,,,,Peg,,,0
IC1498,G,352.973542,-5.006972,2.24,0.57,3,14.03,,,Aqr,B,,0
IC1499,**,352.987625,-13.439694,,,,,,,Aqr,,,0
IC1500,G,353.289,4.552528,0.47,0.38,20,15.2,,,Psc,B,,0
IC1501,G,353.666917,-3.152833,1.48,0.67,133,14.6,,,Psc,B,,0
IC1502,G,354.0855,75.648139,1.01,0.58,51,14.66,,,Cep,B,,0
IC1503,G,354.612958,4.801417,0.9,0.43,71,14.26,,,Psc,B,,0
IC1504,G,355.331208,4.017472,1.64,0.49,92,14.41,,,Psc,B,,0
IC1505,G,355.404625,-3.565083,0.6,0.6,150,14.67,,,Aqr,B,,0
IC1506,G,356.201708,4.735667,0.91,0.56,135,15.52,,,Psc,B,,0
IC1507,G,356.388208,1.68875,1.29,0.47,130,14.73,,,Psc,B,,0
IC1508,G,356.479458,12.06175,0.76,0.37,169,13.4,,,Peg,V,,0
IC1509,G,356.8195,-15.306417,1.29,0.22,11,15.21,,,Aqr,B,,0
IC1510,GGroup,357.636667,2.073333,1,,,,,,Psc,,,0
IC1510 NED01,G,357.635417,2.074722,0.51,0.35,139,16.08,,,Psc,B,,0
IC1510 NED02,G,357.637667,2.072361,0.68,0.49,16,15.16,,,Psc,B,,0
IC1511,*,357.751875,27.060861,,,,,,,Peg,,,0
IC1512,*,357.755958,27.027139,,,,,,,Peg,,,0
IC1513,G,358.372417,11.317611,1.1,0.4,106,15.04,,,Peg,B,,0
IC1514,Dup,358.569,-13.586444,,,,,,,Aqr,,,0
IC1515,G,359.016292,-0.988528,1.31,1.08,4,14.4,,,Psc,V,,0
IC1516,G,359.029542,-0.916528,1.19,1,3,14.08,,,Psc,B,,0
IC1517,G,359.078375,-0.305611,1.01,0.75,172,14.62,,,Psc,B,,0
IC1518,G,359.2755,12.464972,0.5,0.37,88,15.93,,,Peg,B,,0
IC1519,G,359.284875,12.457556,0.63,0.5,140,15.95,,,Peg,B,,0
IC1520,G,359.476917,-14.039333,0.55,0.55,20,14.69,,,Cet,B,,0
IC1521,G,359.748583,-7.146778,0.92,0.55,108,15.04,,,Cet,B,,0
IC1522,G,359.764375,1.719889,0.76,0.29,13,15.25,,,Psc,B,,0
IC1523,G,359.7775,6.873056,0.36,0.26,15,16.28,,,Psc,B,,0
IC1524,Dup,359.794667,-4.127,,,,,,,Psc,,,0
IC1525,G,359.815625,46.889667,1.79,1.24,26,13.2,,,And,B,,0
IC1526,G,0.381333,11.345889,0.74,0.51,136,15.07,,,Peg,B,,0
IC1527,G,0.59,4.08975,0.91,0.65,132,15.42,,,Psc,B,,0
IC1528,G,1.272375,-7.093417,2.15,0.85,73,13.59,,,Cet,B,,0
IC1529,G,1.304875,-11.502806,1.15,0.94,22,14.51,,,Cet,B,,0
IC1530,Dup,1.831375,32.60925,,,,,,,And,,,0
IC1531,G,2.39825,-32.277,1.89,1.31,124,13.52,,,Scl,B,,0
IC1532,G,2.47,-64.372083,1.83,0.54,73,14.84,,,Tuc,B,,0
IC1533,Other,2.651708,-7.415139,,,,,,,Cet,,,0
IC1534,G,3.439333,48.151361,1.02,0.44,70,15.06,,,And,B,,0
IC1535,G,3.488917,48.157972,0.99,0.29,170,15.15,,,And,B,,0
IC1536,G,3.579208,48.143278,0.81,0.53,172,15.53,,,And,B,,0
IC1537,Other,3.963625,-39.262083,1.32,0.59,80,16.04,,,Scl,B,,0
IC1538,Other,4.5065,30.029278,,,,,,,And,,,0
IC1539,Dup,4.593917,30.079583,,,,,,,And,,,0
IC1540,G,4.953125,23.772611,0.97,0.41,28,14.89,,,And,B,,0
IC1541,G,5.008167,21.99975,0.72,0.28,36,15.59,,,And,B,,0
IC1542,G,5.171625,22.592444,0.53,0.43,70,15,,,And,B,,0
IC1543,G,5.231042,21.866028,0.8,0.68,36,14.17,,,And,B,,0
IC1544,G,5.322917,23.090861,1.1,0.77,143,14.05,,,And,V,,0
IC1545,G,5.337125,21.983444,0.45,0.36,14,16.67,,,And,B,,0
IC1546,Dup,5.370958,22.505861,,,,,,,And,,,0
IC1547,Other,5.398708,22.506444,,,,,,,And,,,0
IC1548,G,5.479833,22.006306,0.68,0.42,78,15.63,,,And,B,,0
IC1549,G,5.707625,6.964278,1.45,1.45,150,14.97,,,Psc,B,,0
IC1550,G,6.115208,38.185639,0.91,0.91,150,15.03,,,And,B,,0
IC1551,G,6.897875,8.8775,2.42,0.68,3,14.88,,,Psc,B,,0
IC1552,G,7.432125,21.476833,0.94,0.27,126,15.35,,,Psc,B,,0
IC1553,G,8.167167,-25.607528,1.36,0.34,15,14.44,,,Scl,B,,0
IC1554,G,8.280625,-32.258361,1.38,0.8,27,13.81,,,Scl,B,,0
IC1555,G,8.636,-30.017861,1.31,0.74,129,14.35,,,Scl,B,,0
IC1556,G,8.762125,-9.368417,0.84,0.34,40,15.21,,,Cet,B,,0
IC1557,G,8.893833,-2.876417,0.69,0.24,116,15.54,,,Cet,B,,0
IC1558,G,8.946125,-25.374417,2.8,1.52,143,12.46,,,Scl,V,,0
IC1559,Dup,9.218042,23.984972,,,,,,,And,,,0
IC1560,Other,9.413458,2.671556,,,,,,,Cet,,,0
IC1561,G,9.635375,-24.339944,1.41,0.51,103,15.16,,,Cet,B,,0
IC1562,G,9.6415,-24.274056,1.5,1.41,49,13.6,,,Cet,B,,0
IC1563,Dup,9.751,-9.014583,,,,,,,Cet,,,0
IC1564,G,9.771375,6.021056,1.01,0.5,84,14.75,,,Psc,B,,0
IC1565,G,9.859458,6.73425,1.8,1.76,20,14.5,,,Psc,B,,0
IC1566,G,9.889,6.815139,0.91,0.74,125,15.45,,,Psc,B,,0
IC1567,Dup,9.859458,6.73425,,,,,,,Psc,,,0
IC1568,G,9.983167,6.848583,1.15,0.87,76,15.72,,,Psc,B,,0
IC1569,G,10.11675,6.719694,0.72,0.6,12,15.69,,,Psc,B,,0
IC1570,G,10.142083,6.752667,0.58,0.27,4,16.45,,,Psc,B,,0
IC1571,G,10.157708,-0.330667,1.05,0.84,14,14.58,,,Cet,B,,0
IC1572,Other,10.300417,16.2375,,,,,,,Psc,,,0
IC1573,G,10.543583,-23.591583,1.29,0.17,68,16.69,,,Cet,B,,0
IC1574,G,10.765917,-22.246889,1.83,0.7,176,13.86,,,Cet,V,,0
IC1575,G,10.889,-4.117833,0.87,0.77,140,14.85,,,Cet,V,,0
IC1576,G,11.058958,-25.109278,0.76,0.46,143,15.56,,,Scl,B,,0
IC1577,Dup,10.893625,-8.1865,,,,,,,Cet,,,0
IC1578,G,11.108042,-25.076833,0.84,0.37,18,15.28,,,Scl,B,,0
IC1579,G,11.385208,-26.565444,1.02,0.53,6,14.78,,,Scl,B,,0
IC1580,Other,11.588875,29.936611,,,,,,,And,,,0
IC1581,G,11.443,-25.920167,1,0.2,48,16.23,,,Scl,B,,0
IC1582,G,11.570083,-24.279333,1.21,0.3,47,15.8,,,Cet,B,,0
IC1583,G,11.792917,23.073833,0.6,0.46,28,15.33,,,And,B,,0
IC1584,G,11.827417,27.827667,1.38,1.2,95,15.02,,,And,B,,0
IC1585,G,11.809583,23.053556,0.75,0.55,110,15.11,,,And,B,,0
IC1586,G,11.984667,22.372889,0.28,0.23,20,14.7,,,And,B,,0
IC1587,G,12.180417,-23.561667,1.16,0.44,30,15.55,,,Cet,B,,0
IC1588,G,12.740458,-23.557944,0.69,0.35,153,16.37,,,Cet,B,,0
IC1589,**,12.997333,-34.422056,,,,,,,Scl,,,0
IC1590,Cl+N,13.209167,56.643028,6.3,,,,,,Cas,,,0
IC1591,Dup,13.027375,-22.680139,,,,,,,Cet,,,0
IC1592,G,13.362667,5.770389,0.86,0.68,167,15.36,,,Psc,B,,0
IC1593,**,13.665125,32.519472,,,,,,,Psc,,,0
IC1594,G,13.438875,-47.647472,1.25,0.39,129,15.17,,,Phe,B,,0
IC1595,G,13.446042,-45.186639,1.45,0.26,12,15.38,,,Phe,B,,0
IC1596,G,13.678458,21.522639,1.88,0.75,118,15,,,Psc,B,,0
IC1597,G,13.383708,-58.107139,1.61,0.42,152,15.02,,,Tuc,B,,0
IC1598,G,13.674042,5.773806,1.01,0.51,3,14.97,,,Psc,B,,0
IC1599,G,13.636708,-23.494917,1.19,0.28,107,15.53,,,Cet,B,,0
IC1600,G,13.767667,-23.524889,0.8,0.47,92,15.52,,,Cet,B,,0
IC1601,G,13.895167,-24.153389,0.92,0.44,116,14.47,,,Cet,B,,0
IC1602,G,13.966208,-9.985667,1.08,0.8,149,15.44,,,Cet,B,,0
IC1603,G,14.248667,-45.412944,1.41,0.55,112,14.63,,,Phe,B,,0
IC1604,Other,14.495625,-16.230056,,,,,,,Cet,,,0
IC1605,G,14.406833,-48.902667,1.68,1.35,143,12.94,,,Phe,V,,0
IC1606,Other,14.592375,-12.1785,,,,,,,Cet,,,0
IC1607,G,14.703583,0.58725,0.94,0.76,138,14.41,,,Cet,B,,0
IC1608,G,14.851542,-34.328944,2.05,0.68,171,13.71,,,Scl,B,,0
IC1609,G,14.94425,-40.333556,1.13,0.99,44,13.73,,,Phe,B,,0
IC1610,G,15.427417,-15.567778,1.59,1.41,110,13.86,,,Cet,B,,0
IC1611,OCl,14.949583,-72.332333,1.5,1.5,,11.96,,,Tuc,V,,0
IC1612,OCl,14.994208,-72.370722,1.2,0.8,20,12.31,,,Tuc,V,,0
IC1613,G,16.199125,2.117778,18.32,17.14,50,9.54,,,Cet,V,,0
IC1614,G,16.279,33.189806,0.62,0.51,60,17.62,,,Psc,B,,0
IC1615,G,16.029333,-51.133056,1.33,0.6,148,14.3,,,Phe,B,,0
IC1616,G,16.234083,-27.429361,1.63,1.5,5,12.89,,,Scl,V,,0
IC1617,G,16.07,-51.032806,1.35,0.49,124,14.6,,,Phe,B,,0
IC1618,G,16.48325,32.412167,0.86,0.46,156,15.59,,,Psc,B,,0
IC1619,G,16.8435,33.067278,0.75,0.6,93,15.18,,,Psc,B,,0
IC1620,G,16.809375,13.955111,0.96,0.68,87,14.6,,,Psc,B,,0
IC1621,G,16.594292,-46.7255,1.38,0.43,3,14.62,,,Phe,B,,0
IC1622,G,16.902792,-17.538639,0.7,0.56,160,14.64,,,Cet,B,,0
IC1623,GPair,16.946583,-17.507028,1.2,,,,,,Cet,,,0
IC1623A,G,16.944583,-17.507222,1.05,0.87,63,14.26,,,Cet,B,,0
IC1623B,G,16.948167,-17.506972,0.8,0.6,12,13.89,,,Cet,B,,0
IC1624,OCl,16.341,-72.042528,0.9,0.9,,12.42,,,Tuc,V,,0
IC1625,G,16.927542,-46.907583,1.8,1.41,9,12.08,,,Phe,V,,0
IC1626,OCl,16.555958,-73.296111,1,1,,13.82,,,Tuc,V,,0
IC1627,G,17.045167,-46.094056,1.62,0.64,139,13.72,,,Phe,B,,0
IC1628,G,17.198042,-28.582333,1.65,1.53,112,12.52,,,Scl,V,,0
IC1629,G,17.325833,2.567472,0.78,0.63,56,15.97,,,Cet,B,,0
IC1630,G,17.069875,-46.754028,1.65,0.28,64,15.19,,,Phe,B,,0
IC1631,G,17.186958,-46.475806,0.81,0.52,85,14.23,,,Phe,B,,0
IC1632,G,17.68075,17.68325,0.23,0.22,5,16.48,,,Psc,B,,0
IC1633,G,17.481583,-45.931194,2.9,2.16,97,11.39,,,Phe,V,,0
IC1634,G,17.765792,17.663056,0.83,0.72,153,15.66,,,Psc,B,,0
IC1635,G,17.764708,17.652028,1.15,0.65,148,15.64,,,Psc,B,,0
IC1636,G,17.895667,33.365389,0.55,0.44,103,15,,,Psc,B,,0
IC1637,G,17.75475,-30.438528,1.69,1.3,90,12.88,,,Scl,V,,0
IC1638,G,18.090875,33.364528,0.75,0.68,105,14.92,,,Psc,B,,0
IC1639,G,17.943958,-0.664361,0.76,0.7,100,14.37,,,Cet,B,,0
IC1640,G,17.96375,-0.630361,0.18,0.18,20,15.45,,,Cet,B,,0
IC1641,OCl,17.413292,-71.768972,0.75,0.65,40,14.99,,,Tuc,V,,0
IC1642,NonEx,,,,,,,,,,,,0
IC1643,G,18.035958,-0.410194,0.9,0.67,79,15.15,,,Cet,B,,0
IC1644,HII,17.304208,-73.194111,0.8,0.65,40,11.7,,,Tuc,V,,0
IC1645,G,18.113917,15.750083,0.86,0.77,11,14.4,,,Psc,V,,0
IC1646,G,18.182625,15.707806,0.65,0.61,17,15.1,,,Psc,V,,0
IC1647,G,18.310875,38.885278,0.9,0.4,40,15.13,,,And,B,,0
IC1648,G,18.4255,33.218222,0.4,0.4,155,15.14,,,Psc,B,,0
IC1649,G,17.96225,-55.857333,1.9,0.31,136,14.72,,,Phe,B,,0
IC1650,G,18.079542,-50.401722,1.32,0.65,62,13.64,,,Phe,V,,0
IC1651,Other,18.364833,2.069167,,,,,,,Cet,,,0
IC1652,G,18.734417,31.9485,1.32,0.17,170,14.23,,,Psc,B,,0
IC1653,Dup,18.781625,33.377333,,,,,,,Psc,,,0
IC1654,G,18.7995,30.194833,0.99,0.46,50,14.52,,,Psc,B,,0
IC1655,OCl,17.975417,-71.330611,1.7,1.5,50,14,,,Tuc,V,,0
IC1656,Dup,18.906792,33.067722,,,,,,,Psc,,,0
IC1657,G,18.52925,-32.650889,2.32,0.52,170,13.14,,,Scl,B,,0
IC1658,Dup,18.956667,31.08025,,,,,,,Psc,,,0
IC1659,G,19.025083,30.349083,0.83,0.74,18,14.56,,,Psc,B,,0
IC1660,OCl,18.156958,-71.76175,1.1,1.1,,13.51,,,Tuc,V,,0
IC1661,Dup,19.051667,33.064111,,,,,,,Psc,,,0
IC1662,OCl,18.136458,-73.45675,1.2,1.2,,14.03,,,Tuc,V,,0
IC1663,Dup,18.52925,-32.650889,,,,,,,Scl,,,0
IC1664,Other,18.577125,-69.811528,,,,,,,Tuc,,,0
IC1665,Other,19.437125,34.701667,,,,,,,And,,,0
IC1666,G,19.972458,32.467333,0.93,0.86,73,14.35,,,Psc,B,,0
IC1667,G,19.676458,-17.050222,0.96,0.68,45,15.41,,,Cet,B,,0
IC1668,G,19.72125,33.173056,0.34,0.24,50,15.75,,,Psc,B,,0
IC1669,G,20.0285,33.18475,0.77,0.26,5,15.65,,,Psc,B,,0
IC1670,GPair,19.711667,-16.802778,3,,,,,,Cet,,,0
IC1670A,G,19.7035,-16.803444,1.6,0.56,114,14.77,,,Cet,B,,0
IC1670B,G,19.720208,-16.803444,1.99,0.44,102,14.5,,,Cet,B,,0
IC1671,Dup,19.75975,-17.060389,,,,,,,Cet,,,0
IC1672,G,20.159167,29.698833,1.42,1,138,13.92,,,Psc,B,,0
IC1673,G,20.193125,33.044944,0.54,0.54,70,14.79,,,Psc,B,,0
IC1674,G,19.826833,-50.963583,0.52,0.29,23,14.92,,,Phe,B,,0
IC1675,G,20.249583,34.248611,0.72,0.23,58,14.27,,,And,B,,0
IC1676,G,20.244125,30.259472,0.59,0.44,179,15.58,,,Psc,B,,0
IC1677,G,20.279542,33.216139,0.65,0.3,129,15.17,,,Psc,B,,0
IC1678,G,20.260542,5.560528,0.34,0.24,145,15.3,,,Psc,B,,0
IC1679,G,20.435833,33.493611,0.6,0.51,46,15.48,,,Psc,B,,0
IC1680,G,20.463333,33.2825,0.7,0.53,103,14.86,,,Psc,B,,0
IC1681,G,20.338833,0.090389,1,0.49,101,14.89,,,Cet,B,,0
IC1682,G,20.555417,33.260278,0.86,0.4,119,14.26,,,Psc,B,,0
IC1683,G,20.6625,34.436944,1.32,0.57,173,14.13,,,And,B,,0
IC1684,G,20.721667,33.413611,0.68,0.45,124,15.77,,,Psc,B,,0
IC1685,G,20.7775,33.189444,0.4,0.3,165,,,,Psc,,,0
IC1686,Dup,20.797917,33.460556,,,,,,,Psc,,,0
IC1687,G,20.829583,33.275278,0.68,0.48,0,14.77,,,Psc,B,,0
IC1688,G,20.867083,33.083056,0.38,0.31,64,16.42,,,Psc,B,,0
IC1689,G,20.949417,33.055333,0.62,0.41,171,14.78,,,Psc,B,,0
IC1690,G,20.956417,33.156278,0.49,0.26,130,14.98,,,Psc,B,,0
IC1691,G,21.1075,33.406944,0.46,0.39,122,16.26,,,Psc,B,,0
IC1692,G,21.164833,33.235806,0.5,0.36,144,15.6,,,Psc,B,,0
IC1693,G,21.01,-1.657028,0.65,0.27,162,15.99,,,Cet,B,,0
IC1694,G,21.199167,1.607167,1.12,0.71,4,14.8,,,Cet,B,,0
IC1695,G,21.281792,8.6995,1.84,1.08,86,15.3,,,Psc,B,,0
IC1696,G,21.218167,-1.617056,0.83,0.75,16,13.61,,,Cet,V,,0
IC1697,G,21.26225,0.444361,0.81,0.46,104,15.02,,,Cet,B,,0
IC1698,G,21.34225,14.838722,1.87,0.76,117,14.82,,,Psc,B,,0
IC1699,Dup,21.34225,14.838722,,,,,,,Psc,,,0
IC1700,Dup,21.35275,14.864611,,,,,,,Psc,,,0
IC1701,G,21.46,18.184472,0.79,0.6,92,15.31,,,Psc,B,,0
IC1702,G,21.484542,16.601806,1.13,0.68,172,14.44,,,Psc,B,,0
IC1703,Dup,21.604792,-1.638722,,,,,,,Cet,,,0
IC1704,G,21.789708,14.776278,1.08,0.76,162,14.26,,,Psc,B,,0
IC1705,G,21.686833,-3.501472,0.63,0.48,107,14.38,,,Cet,B,,0
IC1706,G,21.87925,14.819556,0.5,0.48,85,15.56,,,Psc,B,,0
IC1707,Other,22.001333,37.117056,,,,,,,And,,,0
IC1708,OCl,21.233667,-71.184444,1.2,1.2,,14.3,,,Hyi,B,,0
IC1709,Dup,21.987542,-35.717694,,,,,,,Scl,,,0
IC1710,Dup,22.694333,21.440417,,,,,,,Psc,,,0
IC1711,G,22.73025,17.188556,2.49,0.48,42,14.68,,,Psc,B,,0
IC1712,Dup,22.836458,-6.868056,,,,,,,Cet,,,0
IC1713,*,23.1825,35.324472,,,,,,,Tri,,,0
IC1714,G,23.221542,-13.024972,0.62,0.5,94,16.57,,,Cet,B,,0
IC1715,G,23.39225,12.585444,0.65,0.5,95,14.48,,,Psc,B,,0
IC1716,*,23.361875,-12.307944,,,,,,,Cet,,,0
IC1717,Other,23.126375,-67.536833,,,,,,,Hyi,,,0
IC1718,G,24.611458,33.366528,0.68,0.38,120,14.96,,,Tri,B,,0
IC1719,G,24.399667,-33.924083,1.49,1.08,173,13.96,,,Scl,B,,0
IC1720,G,25.089958,-28.91275,1.21,0.91,155,13.81,,,Scl,B,,0
IC1721,G,25.351833,8.525528,1.05,0.46,100,14.59,,,Psc,B,,0
IC1722,G,25.761292,-34.187722,1.52,0.39,51,14.81,,,Scl,B,,0
IC1723,G,25.809083,8.889361,2.45,0.5,28,14.08,,,Psc,B,,0
IC1724,G,25.790333,-34.241889,1.29,0.5,126,14.22,,,Scl,B,,0
IC1725,G,26.299292,21.776556,0.52,0.45,60,15.3,,,Psc,B,,0
IC1726,G,26.331958,4.618528,0.3,0.3,35,14.62,,,Psc,B,,0
IC1727,G,26.874542,27.333361,6.52,2.44,150,11.57,,,Tri,V,,0
IC1728,G,26.935375,-33.6015,1.29,0.8,6,13.35,,,For,V,,0
IC1729,G,26.98025,-26.892139,2.22,1.25,142,12.53,,,For,V,,0
IC1730,G,27.491417,22.012111,0.75,0.48,64,15.64,,,Ari,B,,0
IC1731,G,27.551417,27.196167,1.45,0.8,134,14.12,,,Tri,B,,0
IC1732,G,27.699583,35.93275,1.32,0.38,61,14.82,,,And,B,,0
IC1733,G,27.678708,33.082028,1.54,1.43,70,13.01,,,Tri,V,,0
IC1734,G,27.321042,-32.742611,1.63,1.52,21,12.86,,,For,V,,0
IC1735,G,27.715583,33.092333,0.85,0.69,157,15.07,,,Tri,B,,0
IC1736,G,27.721667,18.302778,1.04,0.28,35,14.95,,,Ari,B,,0
IC1737,Other,27.928,36.251194,,,,,,,And,,,0
IC1738,G,27.782917,-9.792028,0.93,0.69,76,14.7,,,Cet,B,,0
IC1739,G,27.623333,-34.055583,0.88,0.55,86,14.75,,,For,B,,0
IC1740,**,27.214833,-30.085972,,,,,,,For,,,0
IC1741,G,27.986375,-16.788028,1.05,0.58,168,15.52,,,Cet,B,,0
IC1742,G,28.309292,22.721389,0.68,0.46,48,15.16,,,Ari,B,,0
IC1743,Dup,28.248667,12.708472,,,,,,,Ari,,,0
IC1744,Dup,28.411833,19.840417,,,,,,,Ari,,,0
IC1745,G,28.246208,-16.669,0.75,0.31,138,16.07,,,Cet,B,,0
IC1746,G,28.601292,4.803889,1.58,0.47,95,15.01,,,Psc,B,,0
IC1747,PN,29.398875,63.321778,0.22,,,12,,,Cas,V,,0
IC1748,G,29.036917,17.641278,0.69,0.49,122,14.68,,,Ari,B,,0
IC1749,G,29.04625,6.744944,1.06,0.69,150,14.69,,,Psc,B,,0
IC1750,G,29.077333,4.076278,1.02,0.18,64,15.35,,,Psc,B,,0
IC1751,Dup,29.087625,5.628944,,,,,,,Psc,,,0
IC1752,G,29.31425,28.6135,0.62,0.28,123,16.29,,,Tri,B,,0
IC1753,G,29.330458,28.58925,0.84,0.57,140,14.94,,,Tri,B,,0
IC1754,G,29.207833,4.025611,0.92,0.92,80,15.36,,,Psc,B,,0
IC1755,G,29.290792,14.549889,1.46,0.37,155,14.71,,,Ari,B,,0
IC1756,G,29.27225,-0.46825,1.31,0.24,154,15.56,,,Cet,B,,0
IC1757,G,29.297333,-0.473972,0.4,0.24,55,16.74,,,Cet,B,,0
IC1758,G,29.218708,-16.542056,0.56,0.2,50,15.22,,,Cet,B,,0
IC1759,G,29.480667,-32.987056,1.47,1.26,11,13.94,,,For,B,,0
IC1760,G,29.352833,-31.988333,0.62,0.41,172,16.61,,,For,B,,0
IC1761,G,29.717875,0.568306,0.63,0.28,47,15.54,,,Cet,B,,0
IC1762,G,29.452667,-33.239806,1.69,0.55,43,14.3,,,For,B,,0
IC1763,G,29.798958,-27.810694,1.09,0.92,45,14.64,,,For,B,,0
IC1764,G,30.097375,24.580556,1.2,0.87,10,14.43,,,Ari,B,,0
IC1765,Dup,30.277542,31.882472,,,,,,,Tri,,,0
IC1766,Dup,30.416667,31.8265,,,,,,,Tri,,,0
IC1767,G,29.997417,-11.078972,1.69,0.56,75,14.77,,,Cet,B,,0
IC1768,G,30.207792,-25.026694,1.45,1.2,47,14.8,,,For,V,,0
IC1769,G,30.228833,-31.919778,0.93,0.26,76,15.51,,,For,B,,0
IC1770,G,30.559958,9.980944,1.41,1.36,50,15.32,,,Psc,B,,0
IC1771,G,30.566083,9.968583,0.75,0.75,175,15.35,,,Psc,B,,0
IC1772,G,30.678875,7.745528,0.68,0.68,0,,,,Psc,,,0
IC1773,Dup,31.008792,30.832861,,,,,,,Tri,,,0
IC1774,G,30.995833,15.318056,1.41,0.66,127,13.61,,,Ari,V,,0
IC1775,G,31.323083,13.505722,0.75,0.67,167,15.52,,,Ari,B,,0
IC1776,G,31.313417,6.106833,1.26,1,172,14.33,,,Psc,B,,0
IC1777,G,31.53625,15.209472,0.91,0.91,130,15.4,,,Ari,B,,0
IC1778,Dup,31.580833,9.227417,,,,,,,Psc,,,0
IC1779,G,31.608042,3.705972,0.37,0.28,105,15.2,,,Psc,B,,0
IC1780,G,31.713167,14.721917,0.64,0.37,9,15.53,,,Ari,B,,0
IC1781,G,31.719958,-0.518083,0.68,0.52,126,15.95,,,Cet,B,,0
IC1782,Dup,31.833542,-25.441889,,,,,,,For,,,0
IC1783,G,32.525542,-32.939861,1.98,0.8,4,12.48,,,For,V,,0
IC1784,G,34.053292,32.6495,1.4,0.74,94,13.14,,,Tri,V,,0
IC1785,G,34.087667,32.666528,0.81,0.44,146,15.59,,,Tri,B,,0
IC1786,G,34.023458,5.145472,0.66,0.43,154,15.47,,,Cet,B,,0
IC1787,Dup,34.0435,-11.926722,,,,,,,Cet,,,0
IC1788,G,33.958167,-31.201,2.53,1.07,28,12.37,,,For,V,,0
IC1789,G,34.46325,32.396028,1.95,0.42,30,14.7,,,Tri,B,,0
IC1790,G,34.407458,12.508972,0.82,0.28,63,15.66,,,Ari,B,,0
IC1791,G,34.42225,12.470611,1.09,1.08,95,14.54,,,Ari,B,,0
IC1792,G,34.754542,34.462389,1.39,0.96,26,14.92,,,Tri,B,,0
IC1793,G,35.385,32.5445,1.28,0.63,36,14.79,,,Tri,B,,0
IC1794,G,35.375708,15.761639,0.93,0.71,90,15.04,,,Ari,B,,0
IC1795,HII,36.633167,62.041639,12,12,,,,,Cas,,,0
IC1796,G,35.697167,-41.371083,1.07,0.7,86,13.67,,,Phe,V,,0
IC1797,G,36.366208,20.395333,0.97,0.37,142,15.25,,,Ari,B,,0
IC1798,G,36.564625,13.430778,0.31,0.21,100,,,,Ari,,,0
IC1799,G,37.191292,45.970639,0.79,0.37,40,14.89,,,And,B,,0
IC1800,Other,37.129833,31.409667,,,,,,,Tri,,,0
IC1801,G,37.053125,19.583333,1.18,0.54,30,13.98,,,Ari,V,,0
IC1802,G,37.30825,23.082694,0.98,0.79,105,13.37,,,Ari,V,,0
IC1803,G,37.458083,23.108583,0.46,0.46,35,15.72,,,Ari,B,,0
IC1804,G,37.47675,23.097083,0.97,0.86,136,15.81,,,Ari,B,,0
IC1805,Cl+N,38.172958,61.456889,60,60,,6.5,,心脏星云,Cas,V,,0
IC1806,G,37.395625,22.943222,0.63,0.47,156,15.69,,,Ari,B,,0
IC1807,G,37.629167,22.949722,0.56,0.49,24,15.56,,,Ari,B,,0
IC1808,Dup,37.630333,-4.215417,,,,,,,Cet,,,0
IC1809,G,37.918125,22.917194,0.85,0.51,50,14.96,,,Ari,B,,0
IC1810,G,37.361792,-43.076333,1.37,0.97,150,14.15,,,Eri,B,,0
IC1811,G,37.659125,-34.264167,1.15,0.68,7,14.42,,,For,B,,0
IC1812,G,37.382417,-42.811361,2.08,1.6,35,12.21,,,Eri,V,,0
IC1813,G,37.706208,-34.220889,1.13,0.75,100,14.3,,,For,B,,0
IC1814,Dup,37.774125,-36.034667,,,,,,,For,,,0
IC1815,G,38.583333,32.429472,1.35,1.2,123,14.26,,,Tri,B,,0
IC1816,G,37.9625,-36.672056,1.26,1.22,125,14.26,,,For,V,,0
IC1817,GPair,38.459167,11.203333,0.9,,,,,,Ari,,,0
IC1817 NED01,G,38.456667,11.203306,0.49,0.25,12,16.43,,,Ari,B,,0
IC1817 NED02,G,38.461583,11.2035,0.67,0.43,161,15.18,,,Ari,B,,0
IC1818,G,38.52975,-11.04075,0.83,0.71,78,15.27,,,Cet,B,,0
IC1819,G,38.924292,4.051806,2.01,0.62,25,15.03,,,Cet,B,,0
IC1820,G,38.969458,6.040611,0.53,0.28,65,15.2,,,Cet,B,,0
IC1821,GPair,39.108875,13.779556,1,,,,,,Ari,,,0
IC1821 NED01,G,39.105875,13.780167,0.7,0.3,45,15.65,,,Ari,B,,0
IC1821 NED02,G,39.11125,13.778917,0.26,0.2,0,,,,Ari,,,0
IC1822,*,38.926458,-8.562806,,,,,,,Cet,,,0
IC1823,G,39.654083,32.069694,1.38,0.83,78,13.28,,,Tri,V,,0
IC1824,Dup,40.646083,61.594361,,,,,,,Cas,,,0
IC1825,G,39.731792,9.097361,1.15,0.79,22,14.84,,,Cet,B,,0
IC1826,G,39.764792,-27.443139,2.06,1.81,107,12.76,,,For,V,,0
IC1827,G,39.943583,1.558278,1.09,0.23,154,14.44,,,Cet,B,,0
IC1828,Dup,40.120792,19.297111,,,,,,,Ari,,,0
IC1829,G,40.136625,14.297944,0.94,0.73,26,15.83,,,Ari,B,,0
IC1830,Dup,39.764792,-27.443139,,,,,,,For,,,0
IC1831,Neb,40.985,62.411639,120.23,,,,,,Cas,,,0
IC1832,G,40.49025,19.030083,0.74,0.69,140,15.17,,,Ari,B,,0
IC1833,G,40.41125,-28.171278,1.43,0.74,64,14.14,,,For,B,,0
IC1834,G,40.700375,3.084167,0.69,0.61,16,15.18,,,Cet,B,,0
IC1835,GGroup,40.954792,14.889583,0.72,0.58,28,,,,Ari,,,0
IC1836,G,40.84775,3.105389,0.63,0.5,42,15.57,,,Cet,B,,0
IC1837,Dup,40.880458,0.306806,,,,,,,Cet,,,0
IC1838,G,41.179125,19.455111,0.64,0.23,175,15.17,,,Ari,B,,0
IC1839,G,41.178792,15.240083,0.97,0.4,96,15.25,,,Ari,B,,0
IC1840,Dup,40.924917,-15.705583,,,,,,,Cet,,,0
IC1841,G,41.400958,18.928917,0.64,0.48,50,15.07,,,Ari,B,,0
IC1842,G,41.347583,11.458111,1.07,0.3,20,15.61,,,Ari,B,,0
IC1843,G,41.352583,2.880528,1.04,0.63,74,14.15,,,Cet,B,,0
IC1844,G,41.455833,3.230306,0.94,0.37,97,14.99,,,Cet,B,,0
IC1845,**,40.987083,-27.968917,,,,10.17,,,For,V,,0
IC1846,Dup,41.931583,13.255333,,,,,,,Ari,,,0
IC1847,G,41.973625,14.505111,0.56,0.47,131,15.98,,,Ari,B,,0
IC1848,Cl+N,42.794125,60.402472,40,10,,6.5,,灵魂星云,Cas,V,,0
IC1849,G,41.935958,9.356806,0.83,0.46,90,15.44,,,Cet,B,,0
IC1850,Dup,42.163958,13.259528,,,,,,,Ari,,,0
IC1851,*,42.941333,58.314306,,,,6.44,,,Cas,V,,0
IC1852,Dup,42.251542,13.22375,,,,,,,Ari,,,0
IC1853,G,42.017792,-13.993111,1.39,0.39,94,14.36,,,Eri,V,,0
IC1854,G,42.336333,19.303917,0.52,0.43,154,14.81,,,Ari,V,,0
IC1855,G,42.267958,13.442889,0.45,0.31,40,16.27,,,Ari,B,,0
IC1856,G,42.211667,-0.767389,1.14,0.51,56,14.38,,,Cet,B,,0
IC1857,G,42.412167,14.619806,0.79,0.43,149,15.07,,,Ari,B,,0
IC1858,G,42.285042,-31.289583,1.88,0.86,174,14.2,,,For,B,,0
IC1859,G,42.266333,-31.1725,1.3,0.85,15,14.3,,,For,V,,0
IC1860,G,42.390458,-31.189111,2.64,1.8,4,12.59,,,For,V,,0
IC1861,G,43.279083,25.490389,1.28,0.8,150,14.63,,,Ari,B,,0
IC1862,G,42.995,-33.340167,2.67,0.59,4,14.59,,,For,B,,0
IC1863,G,43.711417,8.784389,0.6,0.6,180,15.7,,,Cet,B,,0
IC1864,G,43.413792,-34.197639,1.3,0.76,63,12.72,,,For,V,,0
IC1865,G,43.834083,8.828167,1.3,1.01,91,14.93,,,Cet,B,,0
IC1866,G,43.720792,-15.652556,1.01,0.81,84,15.22,,,Eri,B,,0
IC1867,G,43.967625,9.311833,1.52,1.17,17,14.6,,,Cet,V,,0
IC1868,G,44.024375,9.378833,0.4,0.36,35,15.86,,,Cet,B,,0
IC1869,G,44.548708,5.836583,0.7,0.27,124,15.56,,,Cet,B,,0
IC1870,G,44.473042,-2.347083,1.55,0.9,133,13.5,,,Eri,B,,0
IC1871,HII,44.340792,60.672361,4,4,,,,,Cas,,,0
IC1872,Other,46.144208,42.810667,,,,,,,Per,,,0
IC1873,G,45.970333,9.61325,1.17,0.46,26,15.3,,,Cet,B,,0
IC1874,G,46.591583,36.014528,0.94,0.66,85,14.69,,,Per,B,,0
IC1875,G,45.986,-39.440417,1.57,0.87,19,12.55,,,For,V,,0
IC1876,G,46.134542,-27.4605,1.16,1.12,7,14.12,,,For,V,,0
IC1877,G,45.789917,-50.511917,0.9,0.2,153,16.32,,,Hor,B,,0
IC1878,G,45.9175,-52.108028,0.58,0.39,180,15.18,,,Hor,B,,0
IC1879,G,45.968542,-52.11775,1.21,0.23,137,15.96,,,Hor,B,,0
IC1880,G,46.61925,-9.731472,1.85,1.09,34,14.86,,,Eri,B,,0
IC1881,Dup,47.322125,38.649444,,,,,,,Per,,,0
IC1882,G,46.955417,3.147889,1.14,0.39,22,15.04,,,Cet,B,,0
IC1883,Dup,47.425958,40.893083,,,,,,,Per,,,0
IC1884,Dup,47.428083,40.974222,,,,,,,Per,,,0
IC1885,G,46.668458,-32.863639,1.45,0.46,137,14.88,,,For,B,,0
IC1886,G,47.0135,-4.399833,1.11,0.88,1,14.81,,,Eri,B,,0
IC1887,Dup,47.553833,40.765667,,,,,,,Per,,,0
IC1888,Dup,47.734,41.137111,,,,,,,Per,,,0
IC1889,Dup,47.762958,40.622111,,,,,,,Per,,,0
IC1890,G,47.493458,19.208056,1.02,1.02,150,15.63,,,Ari,B,,0
IC1891,G,47.550083,19.606556,0.44,0.34,44,16.61,,,Ari,B,,0
IC1892,G,47.113458,-23.055778,1.78,0.98,12,13.84,,,Eri,B,,0
IC1893,G,47.569042,19.616861,0.39,0.25,54,17.13,,,Ari,B,,0
IC1894,G,47.606125,19.606611,0.78,0.52,3,15.83,,,Ari,B,,0
IC1895,G,47.400917,-25.253583,1.4,1.05,164,13.29,,,For,V,,0
IC1896,G,46.968833,-54.214472,0.81,0.31,18,15.82,,,Hor,B,,0
IC1897,G,47.691375,-10.796056,0.99,0.57,31,14.67,,,Eri,B,,0
IC1898,G,47.582458,-22.404861,3.66,0.65,73,13.62,,,Eri,B,,0
IC1899,G,48.054625,-25.304917,1.32,0.39,161,14.39,,,For,B,,0
IC1900,G,48.980125,37.154111,0.83,0.65,92,13.86,,,Per,V,,0
IC1901,G,49.010875,37.112444,0.91,0.27,164,16.76,,,Per,V,,0
IC1902,G,49.05175,37.177444,0.69,0.43,67,15.6,,,Per,B,,0
IC1903,GPair,48.293125,-50.569833,1.9,,,,,,Hor,,,0
IC1903 NED01,G,48.285667,-50.562611,0.48,0.15,60,17.32,,,Hor,B,,0
IC1903 NED02,G,48.302292,-50.57775,0.65,0.23,0,16.6,,,Hor,B,,0
IC1904,G,48.753208,-30.708028,1.37,0.61,102,14.42,,,For,B,,0
IC1905,Other,49.7,41.365444,,,,,,,Per,,,0
IC1906,G,49.023542,-34.360639,1.21,0.51,64,14.46,,,For,B,,0
IC1907,Dup,49.975625,41.563389,,,,,,,Per,,,0
IC1908,G,48.772083,-54.819972,1.23,0.68,68,14.08,,,Hor,V,,0
IC1909,G,49.333417,-33.690056,1.25,0.68,60,14.52,,,For,B,,0
IC1910,Other,49.490792,-21.43475,,,,,,,Eri,,,0
IC1911,*,50.204917,35.321806,,,,,,,Per,,,0
IC1912,G,49.180958,-50.654889,1.05,0.21,6,15.83,,,Hor,B,,0
IC1913,G,49.893917,-32.465028,1.96,0.41,149,14.44,,,For,B,,0
IC1914,G,49.855167,-49.599722,1.95,1.45,112,13.04,,,Hor,V,,0
IC1915,G,49.966458,-50.691194,0.61,0.52,29,16.17,,,Hor,B,,0
IC1916,G,50.068833,-49.041917,0.86,0.55,81,15.4,,,Hor,B,,0
IC1917,G,50.5515,-53.185194,0.83,0.47,12,16.17,,,Hor,B,,0
IC1918,G,51.574542,4.541028,0.6,0.2,150,15.57,,,Tau,B,,0
IC1919,G,51.509333,-32.894556,1.73,1.08,84,13.79,,,For,B,,0
IC1920,G,51.101667,-52.713583,0.56,0.41,148,16,,,Hor,B,,0
IC1921,Other,51.175458,-50.698,,,,,,,Hor,,,0
IC1922,G,51.179292,-50.740528,0.41,0.28,31,16.9,,,Hor,B,,0
IC1923,Other,51.219333,-50.555833,,,,,,,Hor,,,0
IC1923 NED01,G,51.220458,-50.555556,0.3,0.19,91,17.6,,,Hor,B,,0
IC1923 NED02,*,51.215708,-50.555694,,,,,,,Hor,,,0
IC1924,G,51.281958,-51.703444,0.74,0.3,76,16.69,,,Hor,B,,0
IC1925,Other,51.315375,-51.256889,,,,,,,Hor,,,0
IC1926,G,51.329292,-51.701056,0.55,0.21,81,16.59,,,Hor,B,,0
IC1927,**,51.332042,-51.719444,,,,,,,Hor,,,0
IC1928,G,51.871583,-21.560167,1.77,0.46,30,14.13,,,Eri,B,,0
IC1929,G,51.357708,-51.267194,0.94,0.59,139,14.16,,,Hor,V,,0
IC1930,G,52.19275,4.383556,0.76,0.62,14,15.81,,,Tau,B,,0
IC1931,G,52.2405,1.750722,0.8,0.76,78,15.44,,,Tau,B,,0
IC1932,G,51.475125,-51.343167,0.94,0.41,15,14.59,,,Hor,V,,0
IC1933,G,51.416208,-52.7855,2.27,1.21,54,12.57,,,Hor,V,,0
IC1934,G,52.808417,42.792278,0.99,0.51,135,16,,,Per,B,,0
IC1935,G,51.555417,-50.010444,1,0.71,67,14.26,,,Hor,V,,0
IC1936,G,51.616833,-51.323194,0.64,0.3,146,16.04,,,Hor,B,,0
IC1937,G,51.6985,-48.702556,0.89,0.54,58,14.89,,,Hor,B,,0
IC1938,G,51.7935,-53.009889,0.82,0.61,82,15.51,,,Hor,B,,0
IC1939,Other,51.935708,-51.070917,,,,,,,Hor,,,0
IC1940,G,51.926417,-52.139444,0.96,0.87,37,14.78,,,Hor,B,,0
IC1941,Other,53.06225,24.383722,,,,,,,Tau,,,0
IC1942,GPair,51.972083,-52.676944,0.7,,,,,,Hor,,,0
IC1942 NED01,G,51.969792,-52.677472,0.39,0.12,179,17.28,,,Hor,B,,0
IC1942 NED02,G,51.974625,-52.675806,0.89,0.69,10,15.37,,,Hor,B,,0
IC1943,Dup,54.686958,-44.100611,,,,,,,Hor,,,0
IC1944,G,52.416667,-47.996167,0.5,0.36,15,15.75,,,Hor,B,,0
IC1945,G,52.319,-52.627167,0.81,0.26,127,15.31,,,Hor,V,,0
IC1946,G,52.342458,-52.619333,0.91,0.45,64,14.44,,,Hor,V,,0
IC1947,G,52.63675,-50.338528,0.58,0.49,131,14.78,,,Hor,V,,0
IC1948,G,52.708542,-47.964861,0.83,0.64,162,15.69,,,Hor,B,,0
IC1949,G,52.720083,-47.97925,1.18,0.87,16,13.15,,,Hor,V,,0
IC1950,G,52.768833,-50.433417,1.56,0.42,153,14.47,,,Hor,V,,0
IC1951,G,52.734708,-53.126194,0.54,0.16,56,17.13,,,Hor,B,,0
IC1952,G,53.361125,-23.712778,2.58,0.55,140,13.52,,,Eri,B,,0
IC1953,G,53.424458,-21.478639,2.26,1.19,125,11.96,,,Eri,V,,0
IC1954,G,52.880792,-51.904833,2.99,1.71,60,11.58,,,Hor,V,,0
IC1955,G,52.852833,-57.241861,0.68,0.55,176,15.77,,,Ret,B,,0
IC1956,G,53.888208,5.067,1.32,0.47,33,15.53,,,Tau,B,,0
IC1957,G,53.056167,-52.456639,1.02,0.18,33,16.54,,,Hor,B,,0
IC1958,G,53.193375,-51.441694,0.46,0.27,79,16.03,,,Hor,B,,0
IC1959,G,53.302458,-50.41425,3.05,0.72,148,12.83,,,Hor,V,,0
IC1960,G,53.137375,-57.206611,1.13,0.27,111,15.21,,,Ret,B,,0
IC1961,G,53.388958,-48.950639,0.63,0.42,19,15.48,,,Hor,B,,0
IC1962,G,53.906208,-21.294056,2.25,0.5,1,14.76,,,Eri,B,,0
IC1963,Dup,53.879333,-34.447056,,,,,,,For,,,0
IC1964,G,53.375333,-53.173139,0.55,0.34,92,16.61,,,Ret,B,,0
IC1965,G,53.296,-56.554083,0.96,0.63,117,15.09,,,Ret,V,,0
IC1966,G,53.514125,-51.32225,0.58,0.25,114,15.61,,,Hor,B,,0
IC1967,G,54.448833,3.271028,0.83,0.44,64,14.94,,,Tau,B,,0
IC1968,G,53.657458,-50.651278,0.46,0.35,97,16.2,,,Hor,B,,0
IC1969,G,54.05775,-45.179611,1.32,0.35,39,14.88,,,Hor,V,,0
IC1970,G,54.131333,-43.956833,2.99,0.76,75,12.44,,,Hor,V,,0
IC1971,G,53.989125,-52.65125,0.78,0.38,173,15.9,,,Hor,B,,0
IC1972,G,54.088833,-51.968139,0.69,0.2,152,16.41,,,Hor,B,,0
IC1973,G,54.087583,-51.994167,0.5,0.19,10,16.71,,,Hor,B,,0
IC1974,G,54.176,-49.550278,0.78,0.36,159,15.91,,,Hor,B,,0
IC1975,G,54.764792,-15.500139,0.42,0.38,65,15.57,,,Eri,B,,0
IC1976,G,54.2865,-47.437917,0.8,0.59,128,15.78,,,Hor,B,,0
IC1977,G,55.188,17.741167,0.85,0.62,180,14.56,,,Tau,B,,0
IC1978,G,54.273292,-50.150833,1.21,0.2,8,15.7,,,Hor,B,,0
IC1979,**,54.192792,-57.944556,,,,,,,Ret,,,0
IC1980,G,54.245792,-57.973861,1.27,0.41,21,14.94,,,Ret,B,,0
IC1981,Dup,55.122375,-26.86225,,,,,,,For,,,0
IC1982,G,54.426958,-57.776278,0.49,0.39,61,15.66,,,Ret,B,,0
IC1983,Dup,55.236917,-22.564472,,,,,,,Eri,,,0
IC1984,G,54.959292,-47.075833,0.75,0.25,139,16.39,,,Hor,B,,0
IC1985,Dup,56.142458,32.162833,,,,,,,Per,,,0
IC1986,G,55.146458,-45.355806,1.27,0.23,102,14.63,,,Hor,V,,0
IC1987,GGroup,55.046958,-55.054806,1.4,,,,,,Ret,,,0
IC1987 NED01,G,55.040375,-55.054889,0.56,0.32,147,16.5,,,Ret,B,,0
IC1987 NED02,G,55.048083,-55.059083,0.78,0.28,11,15.95,,,Ret,B,,0
IC1987 NED03,G,55.050167,-55.053444,0.79,0.79,0,16.39,,,Ret,B,,0
IC1987 NED04,G,55.050875,-55.056278,0.2,0.19,28,,,,Ret,,,0
IC1988,Other,55.690042,-39.887111,,,,,,,Eri,,,0
IC1989,G,55.477792,-50.957806,1.37,0.76,132,14.61,,,Hor,B,,0
IC1990,Neb,56.807625,24.333889,,,,,,,Tau,,,0
IC1991,G,56.194958,-51.523417,0.84,0.28,40,16.18,,,Hor,B,,0
IC1992,Other,56.2835,-51.004694,,,,,,,Hor,,,0
IC1993,G,56.770042,-33.709861,2.81,2.48,57,11.9,,,For,V,,0
IC1994,G,56.479375,-51.643333,0.73,0.22,4,16.02,,,Hor,B,,0
IC1995,Neb,57.57725,25.580778,2,2,90,,,,Tau,,,0
IC1996,G,56.282042,-57.324806,0.92,0.21,102,16.32,,,Ret,B,,0
IC1997,G,56.21625,-59.137667,1.01,0.7,76,13.47,,,Ret,V,,0
IC1998,G,57.8805,1.189806,0.77,0.61,12,15.69,,,Tau,B,,0
IC1999,G,56.9285,-56.952083,0.79,0.68,148,15.08,,,Ret,V,,0
IC2000,G,57.28225,-48.858194,4.88,0.85,82,12.38,,,Hor,V,,0
IC2001,**,57.7155,-48.599639,,,,,,,Hor,,,0
IC2002,Dup,58.626458,10.707,,,,,,,Tau,,,0
IC2003,PN,59.091792,33.874861,0.14,,,11.4,,,Per,V,,0
IC2004,G,57.940542,-49.419611,0.91,0.68,46,14.99,,,Hor,B,,0
IC2005,G,59.41475,36.787472,0.34,0.23,47,15.76,,,Per,B,,0
IC2006,G,58.618542,-35.967139,2.36,1.98,35,11.34,,,Eri,V,,0
IC2007,G,58.844833,-28.158333,1.29,0.6,48,13.73,,,Eri,B,,0
IC2008,Dup,58.844833,-28.158333,,,,,,,Eri,,,0
IC2009,G,58.395208,-48.989472,1.5,0.99,66,14.9,,,Hor,B,,0
IC2010,G,57.991792,-59.929361,1.19,0.48,71,13.71,,,Ret,V,,0
IC2011,**,58.113125,-57.468417,,,,,,,Ret,,,0
IC2012,GPair,58.2305,-58.651,0.7,,,,,,Ret,,,0
IC2012 NED01,G,58.23025,-58.649556,0.51,0.42,18,16.28,,,Ret,B,,0
IC2013,Other,59.183583,-17.1095,,,,,,,Eri,,,0
IC2014,G,58.840333,-56.746306,0.63,0.47,18,15.67,,,Ret,B,,0
IC2015,G,59.547583,-40.389139,0.59,0.44,102,15.66,,,Hor,B,,0
IC2016,G,60.499458,20.240444,0.51,0.25,2,15.7,,,Tau,B,,0
IC2017,G,59.164042,-59.39475,1.11,0.74,21,15,,,Ret,B,,0
IC2018,G,59.477208,-52.781111,0.79,0.55,137,14.78,,,Dor,V,,0
IC2019,G,60.473542,5.639444,0.84,0.47,64,15.24,,,Tau,B,,0
IC2020,G,59.721417,-54.057611,0.67,0.53,58,15.62,,,Ret,B,,0
IC2021,G,59.849708,-52.656722,0.65,0.49,123,15.76,,,Dor,B,,0
IC2022,G,59.666708,-59.043667,1.1,0.24,1,16.14,,,Ret,B,,0
IC2023,G,59.919292,-52.681139,0.59,0.44,43,15.86,,,Dor,B,,0
IC2024,G,60.01725,-53.371,1.1,0.26,30,15.55,,,Ret,B,,0
IC2025,G,60.096583,-53.065611,1.16,0.25,124,15.3,,,Ret,V,,0
IC2026,Dup,60.98,-11.179028,,,,,,,Eri,,,0
IC2027,G,61.664958,37.11575,0.94,0.78,100,16,,,Per,B,,0
IC2028,G,60.325958,-52.707444,0.86,0.52,54,14.22,,,Dor,V,,0
IC2029,G,60.324792,-52.800778,1.03,0.4,180,15.74,,,Dor,B,,0
IC2030,Other,61.234542,-19.231472,,,,,,,Eri,,,0
IC2031,G,61.561333,-5.651889,0.56,0.48,103,15.8,,,Eri,B,,0
IC2032,G,61.762667,-55.323833,1.12,0.41,75,14.73,,,Dor,V,,0
IC2033,G,61.810083,-53.680917,1.19,0.47,127,14.99,,,Dor,B,,0
IC2034,G,61.653458,-57.961389,1.35,0.2,119,15.9,,,Ret,B,,0
IC2035,G,62.257792,-45.517528,1.41,1.17,84,11.75,,,Hor,V,,0
IC2036,G,62.479583,-39.688694,1.12,0.73,84,14.45,,,Hor,B,,0
IC2037,G,62.079167,-58.751167,1.74,0.3,90,14.78,,,Ret,B,,0
IC2038,G,62.223958,-55.989556,1.85,0.49,155,14.68,,,Dor,V,,0
IC2039,G,62.259875,-56.011694,1.09,0.93,124,14.26,,,Dor,V,,0
IC2040,G,63.249042,-32.553278,1.35,0.66,68,13.68,,,Eri,B,,0
IC2041,G,63.145417,-32.817361,1.07,0.74,136,14.68,,,Eri,B,,0
IC2042,*,62.93025,-47.270083,,,,10.94,,,Hor,V,,0
IC2043,G,62.789375,-53.686639,1.43,0.27,12,14.51,,,Dor,V,,0
IC2044,G,62.808208,-54.532556,0.62,0.38,54,16.51,,,Dor,B,,0
IC2045,G,63.650042,-13.174917,0.91,0.68,126,15.49,,,Eri,B,,0
IC2046,G,62.85225,-54.673194,0.82,0.56,104,15.15,,,Dor,B,,0
IC2047,Dup,63.733667,-13.191722,,,,,,,Eri,,,0
IC2048,Dup,63.145417,-32.817361,,,,,,,Eri,,,0
IC2049,G,63.017833,-58.557,1.06,0.8,10,14.74,,,Ret,V,,0
IC2050,G,63.483875,-53.475361,1.17,0.82,36,13.8,,,Dor,V,,0
IC2051,G,58.003458,-83.830694,2.86,1.72,68,11.23,,,Men,V,,0
IC2052,G,63.743833,-54.336194,1.06,0.39,165,15.37,,,Dor,B,,0
IC2053,G,63.98175,-49.358333,0.53,0.48,73,15.27,,,Dor,B,,0
IC2054,G,61.85975,-78.253306,0.46,0.42,115,16.38,,,Men,B,,0
IC2055,Other,64.452167,-48.924111,,,,,,,Dor,,,0
IC2056,G,64.10225,-60.206806,1.85,1.61,14,11.87,,,Ret,V,,0
IC2057,G,65.483708,4.048639,0.63,0.52,65,15.18,,,Tau,B,,0
IC2058,G,64.476458,-55.932889,3.4,0.48,18,13.76,,,Dor,B,,0
IC2059,G,65.109583,-31.724583,1.34,0.55,170,13.98,,,Eri,B,,0
IC2060,G,64.472333,-56.61625,1.25,0.82,158,13.91,,,Ret,V,,0
IC2061,Other,66.000542,21.083194,,,,,,,Tau,,,0
IC2062,*,68.00775,71.919861,,,,,,,Cam,,,0
IC2063,G,65.668,-15.6605,0.87,0.48,174,14.83,,,Eri,B,,0
IC2064,G,65.861417,-15.685167,0.53,0.47,47,15.75,,,Eri,B,,0
IC2065,G,65.366583,-55.933306,1.19,0.39,36,14.61,,,Dor,B,,0
IC2066,G,65.884708,-54.733389,0.86,0.64,133,15.27,,,Dor,B,,0
IC2067,Neb,67.712625,35.446167,,,,11.49,,,Per,V,,0
IC2068,G,66.653667,-42.093722,1.29,0.91,171,14.27,,,Cae,B,,0
IC2069,Other,66.483917,-48.208056,,,,,,,Cae,,,0
IC2070,G,66.148708,-57.980889,1.44,0.67,88,14.5,,,Dor,B,,0
IC2071,GGroup,66.554958,-53.152111,1.2,,,,,,Dor,,,0
IC2072,Other,66.7275,-48.3775,,,,,,,Cae,,,0
IC2073,G,66.641,-53.187333,1.43,0.58,50,13.72,,,Dor,V,,0
IC2074,Other,67.845958,7.702611,,,,,,,Tau,,,0
IC2075,Dup,67.714958,-5.798278,,,,,,,Eri,,,0
IC2076,Other,67.032542,-48.228861,,,,,,,Cae,,,0
IC2077,Dup,68.0255,0.567361,,,,,,,Tau,,,0
IC2078,*,67.967583,-4.698694,,,,14.4,,,Eri,B,,0
IC2079,G,67.128417,-53.737917,1.4,0.39,125,14,,,Dor,V,,0
IC2080,G,67.967292,-5.756833,0.78,0.47,15,15.84,,,Eri,B,,0
IC2081,G,67.25375,-53.613694,1,0.77,75,13.27,,,Dor,V,,0
IC2082,GPair,67.281667,-53.827222,1.4,,,,,,Dor,,,0
IC2082 NED01,G,67.284208,-53.827944,1.23,0.58,125,12.79,,,Dor,V,,0
IC2082 NED02,G,67.27925,-53.826694,1.02,0.55,123,13.77,,,Dor,V,,0
IC2083,G,67.684458,-53.980833,0.95,0.51,102,14.93,,,Dor,B,,0
IC2084,Other,68.025708,-48.288306,,,,,,,Cae,,,0
IC2085,G,67.851,-54.416833,2.45,0.54,112,13.18,,,Dor,V,,0
IC2086,G,67.884042,-53.647639,0.64,0.57,141,15.71,,,Dor,B,,0
IC2087,Neb,69.999875,25.742222,4,4,,,,,Tau,,,0
IC2088,Neb,67.769,26.607028,,,,,,,Tau,,,0
IC2089,G,68.210167,-75.539444,0.99,0.88,36,15.13,,,Men,B,,0
IC2090,Other,71.183625,-33.994083,,,,,,,Cae,,,0
IC2091,Other,71.663417,-4.671806,,,,,,,Eri,,,0
IC2092,Other,71.698417,-4.943361,,,,,,,Eri,,,0
IC2093,*,71.8845,-2.709028,,,,,,,Ori,,,0
IC2094,G,72.103458,-5.352639,1.04,0.27,71,15.82,,,Eri,B,,0
IC2095,G,72.190125,-5.124806,1.46,0.2,55,16.13,,,Eri,B,,0
IC2096,Other,72.42025,-4.978639,,,,,,,Eri,,,0
IC2097,G,72.600917,-5.081222,1.16,0.29,116,15.33,,,Eri,B,,0
IC2098,G,72.684625,-5.418667,2.45,0.33,96,14.66,,,Eri,B,,0
IC2099,Dup,72.716958,-4.892722,,,,,,,Eri,,,0
IC2100,**,72.81225,-4.830917,,,,,,,Eri,,,0
IC2101,G,72.926,-6.231444,1.76,0.38,152,14.42,,,Eri,B,,0
IC2102,G,72.9805,-4.951611,1.28,1.14,65,14.52,,,Eri,B,,0
IC2103,G,69.950208,-76.836806,2.02,0.34,88,14.67,,,Men,B,,0
IC2104,G,74.079,-15.797889,2.11,1.14,100,13.79,,,Lep,B,,0
IC2105,Cl+N,72.361083,-69.200917,0.65,0.6,170,11.3,,,Dor,V,,0
IC2106,G,74.141208,-28.503917,1.79,1.04,156,13.79,,,Cae,B,,0
IC2107,Dup,74.585875,8.238361,,,,,,,Ori,,,0
IC2108,Dup,74.321125,-15.289,,,,,,,Lep,,,0
IC2109,*,74.746583,-0.305306,,,,,,,Ori,,,0
IC2110,*,74.7575,-0.302639,,,,,,,Ori,,,0
IC2111,Cl+N,72.967167,-69.392167,0.65,0.55,130,,,,Dor,,,0
IC2112,G,75.125625,4.386528,0.32,0.21,26,15.36,,,Ori,B,,0
IC2113,Dup,74.882625,-15.823639,,,,,,,Lep,,,0
IC2114,Dup,73.608208,-69.184111,,,,,,,Dor,,,0
IC2115,*,74.286333,-66.390194,,,,11.27,,,Dor,V,,0
IC2116,HII,74.31775,-66.389028,0.6,0.6,,14.21,,,Dor,V,,0
IC2117,Cl+N,74.313375,-68.441472,1,0.9,110,,,,Dor,,,0
IC2118,Dup,76.231,-7.265639,,,,,,,Eri,,,0
IC2119,G,76.712292,-20.345194,1.2,0.63,54,14.69,,,Lep,B,,0
IC2120,Other,79.792917,38.185,,,,,,,Aur,,,0
IC2121,Dup,79.936917,-25.064333,,,,,,,Lep,,,0
IC2122,G,79.755833,-37.089389,1.75,1.51,66,13.93,,,Col,B,,0
IC2123,Dup,80.48625,3.486389,,,,,,,Ori,,,0
IC2124,Dup,80.494917,3.482167,,,,,,,Ori,,,0
IC2125,G,81.117167,-27.016056,1.02,0.75,126,14.5,,,Lep,B,,0
IC2126,Dup,80.494625,-67.957389,,,,,,,Dor,,,0
IC2127,Dup,80.558167,-67.978306,,,,,,,Dor,,,0
IC2128,Cl+N,80.684042,-68.061083,4.8,3.6,40,11.1,,,Dor,V,,0
IC2129,G,82.960292,-23.145056,1.82,0.88,103,13.85,,,Lep,B,,0
IC2130,Dup,82.960292,-23.145056,,,,,,,Lep,,,0
IC2131,Dup,83.077292,-17.223861,,,,,,,Lep,,,0
IC2132,G,83.119458,-13.927111,1.88,0.62,175,14.15,,,Lep,B,,0
IC2133,Dup,85.519375,69.378444,,,,,,,Cam,,,0
IC2134,GCl,80.774333,-75.446833,1.4,1.4,,13.94,,,Men,V,,0
IC2135,G,83.30375,-36.398833,3.24,0.66,110,13.28,,,Col,B,,0
IC2136,Dup,83.30375,-36.398833,,,,,,,Col,,,0
IC2137,G,83.590333,-23.533333,1.29,0.81,83,13.94,,,Lep,B,,0
IC2138,Dup,83.590333,-23.533333,,,,,,,Lep,,,0
IC2139,*Ass,83.817625,-17.933667,,,,,,,Lep,,,0
IC2140,GCl,83.341292,-75.375361,2.3,2.3,,13.48,,,Men,V,,0
IC2141,*Ass,85.593083,-51.032861,,,,,,,Pic,,,0
IC2142,G,83.288167,-78.019417,0.86,0.48,27,15.53,,,Men,B,,0
IC2143,G,86.719208,-18.726389,1.9,0.92,99,13.42,,,Lep,B,,0
IC2144,HII,87.557875,23.872417,1,1,0,,,,Tau,,,0
IC2145,Neb,85.103125,-69.670306,0.19,,,12,,,Dor,V,,0
IC2146,GCl,84.445542,-74.783194,3.3,3.3,,12.41,,,Men,V,,0
IC2147,G,85.866917,-30.495028,1.56,1.29,86,13.62,,,Col,B,,0
IC2148,GCl,84.799417,-75.562444,1.3,1.3,,14.23,,,Men,V,,0
IC2149,PN,89.099542,46.104778,0.14,,,10.78,,,Aur,V,,0
IC2150,G,87.827333,-38.320472,2.9,0.8,83,12.94,,,Col,V,,0
IC2151,G,88.151792,-17.787278,1.24,0.64,93,14.17,,,Lep,B,,0
IC2152,G,89.472542,-23.180778,1.65,1.15,50,13.49,,,Lep,B,,0
IC2153,GPair,90.021583,-33.91975,1,,,,,,Col,,,0
IC2153 NED01,G,90.017625,-33.920083,1.15,0.89,68,14.26,,,Col,B,,0
IC2153 NED02,G,90.022667,-33.918194,1.08,0.84,69,14.33,,,Col,B,,0
IC2154,Dup,90.282542,-23.672639,,,,,,,Lep,,,0
IC2155,G,90.160125,-33.997333,0.37,0.23,3,16.54,,,Col,B,,0
IC2156,OCl,91.218375,24.158444,,,,,,,Gem,,,0
IC2157,OCl,91.19825,24.071028,2.7,,,8.4,,,Gem,V,,0
IC2158,G,91.324833,-27.856972,1.36,1.08,115,12.91,,,Col,B,,0
IC2159,Neb,92.490083,20.431389,,,,,,,Ori,,,0
IC2160,G,88.869,-76.92025,1.8,0.89,108,13.11,,,Men,V,,0
IC2161,GCl,89.353583,-75.139472,1.6,1.6,,14.24,,,Men,V,,0
IC2162,HII,93.269583,17.980083,4,4,,,,,Ori,,,0
IC2163,G,94.116583,-21.375861,3.37,0.95,103,11.11,,,CMa,V,,0
IC2164,G,91.71775,-75.364694,1.15,0.97,122,14.57,,,Men,B,,0
IC2165,PN,95.427917,-12.987222,0.15,,,10.5,,,CMa,V,,0
IC2166,G,96.731833,59.080083,2.2,1.08,116,12.45,,,Lyn,V,,0
IC2167,Dup,97.77575,10.459278,,,,,,,Mon,,,0
IC2168,**,98.448833,44.685472,,,,,,,Aur,,,0
IC2169,Dup,97.751333,9.897444,,,,,,,Mon,,,0
IC2170,Other,98.520458,44.688444,,,,,,,Aur,,,0
IC2171,G,101.115375,-17.932472,1.63,0.34,91,15.19,,,CMa,B,,0
IC2172,Dup,101.714875,1.316,,,,,,,Mon,,,0
IC2173,*,102.6965,33.458056,,,,,,,Gem,,,0
IC2174,G,107.273375,75.353028,0.78,0.78,125,13.55,,,Cam,V,,0
IC2175,**,107.16525,35.28825,,,,,,,Gem,,,0
IC2176,G,106.882625,32.46975,0.93,0.76,180,15.12,,,Gem,B,,0
IC2177,RfN,106.153792,-10.471056,20,20,,,,,Mon,,,0
IC2178,G,106.906917,32.512389,0.59,0.35,140,16.01,,,Gem,B,,0
IC2179,G,108.884625,64.926194,0.85,0.79,95,12.51,,,Cam,V,,0
IC2180,G,107.831583,26.371528,0.9,0.79,10,14.96,,,Gem,B,,0
IC2181,G,108.293125,18.995833,1.02,0.56,140,14.78,,,Gem,B,,0
IC2182,G,108.545958,18.945028,1.51,0.78,103,14.89,,,Gem,B,,0
IC2183,Other,109.2345,-20.410472,,,,,,,CMa,,,0
IC2184,GGroup,112.355833,72.128889,1.1,,,,,,Cam,,,0
IC2184 NED01,G,112.350667,72.127889,0.86,0.4,145,14.29,,,Cam,B,,0
IC2184 NED02,G,112.362583,72.130972,0.73,0.3,15,14,,,Cam,B,,0
IC2185,G,110.816833,32.495333,0.6,0.36,125,14.88,,,Gem,B,,0
IC2186,G,110.699083,21.52925,0.33,0.22,30,16.09,,,Gem,B,,0
IC2187,G,110.680458,21.483361,0.2,0.2,175,15.1,,,Gem,B,,0
IC2188,G,110.679917,21.513028,1.1,0.72,112,15.05,,,Gem,B,,0
IC2189,Other,111.239958,8.920694,,,,,,,CMi,,,0
IC2190,G,112.47625,37.45175,0.93,0.61,19,14.68,,,Aur,B,,0
IC2191,G,112.57275,24.327722,0.81,0.53,20,15.18,,,Gem,B,,0
IC2192,G,113.334625,31.361389,0.52,0.41,134,15.56,,,Gem,B,,0
IC2193,G,113.348792,31.483556,1.47,0.96,87,14.62,,,Gem,B,,0
IC2194,G,113.417458,31.334417,1.51,0.38,50,14.96,,,Gem,B,,0
IC2195,Other,112.115125,-51.257417,,,,,,,Car,,,0
IC2196,G,113.540583,31.405667,1.67,0.86,153,13.92,,,Gem,B,,0
IC2197,G,113.605458,31.422,0.5,0.33,138,17.07,,,Gem,B,,0
IC2198,G,113.546375,23.966333,0.65,0.62,60,15.27,,,Gem,B,,0
IC2199,G,113.73225,31.27625,1.03,0.58,26,13.55,,,Gem,B,,0
IC2200,G,112.072958,-62.352917,1.33,0.78,59,13.16,,,Car,V,,0
IC2201,G,114.070042,33.122722,1.16,0.29,66,14.91,,,Gem,B,,0
IC2202,G,111.978083,-67.574222,2.16,0.67,164,13.6,,,Vol,V,,0
IC2203,G,115.140042,34.230056,0.9,0.7,154,14.58,,,Gem,B,,0
IC2204,G,115.325417,34.232167,0.89,0.82,138,16.26,,,Gem,V,,0
IC2205,G,116.727375,26.872333,0.71,0.35,52,14.98,,,Gem,B,,0
IC2206,*,116.459958,-34.330167,,,,10.5,,,Pup,V,,0
IC2207,G,117.462042,33.962278,1.71,0.28,124,15.15,,,Gem,B,,0
IC2208,G,118.032667,27.483917,0.43,0.33,12,15.18,,,Gem,B,,0
IC2209,G,119.059208,60.304083,0.84,0.75,145,13.8,,,Cam,V,,0
IC2210,**,119.235375,56.682333,,,,,,,Lyn,,,0
IC2211,G,119.44025,32.558111,0.82,0.45,139,14.56,,,Gem,B,,0
IC2212,G,119.738333,32.61225,0.73,0.64,103,15.7,,,Gem,B,,0
IC2213,G,119.777292,27.464,0.73,0.61,71,15.44,,,Gem,B,,0
IC2214,G,119.974208,33.290528,0.92,0.81,40,14.45,,,Lyn,B,,0
IC2215,Other,119.888125,24.928972,,,,,,,Gem,,,0
IC2216,**,119.864792,5.6145,,,,,,,CMi,,,0
IC2217,G,120.207208,27.500306,0.59,0.42,87,14.3,,,Cnc,B,,0
IC2218,G,120.410375,24.432444,0.85,0.3,19,15.57,,,Cnc,B,,0
IC2219,G,120.652208,27.4375,1.16,0.55,176,14.41,,,Cnc,B,,0
IC2220,RfN,119.212292,-59.125778,5,,,,,,Car,,Toby Jug Nebula,0
IC2221,G,121.283125,37.450639,0.64,0.45,23,16.22,,,Lyn,B,,0
IC2222,G,121.311542,37.472583,0.79,0.41,121,15.43,,,Lyn,B,,0
IC2223,G,121.459625,37.460056,0.46,0.3,71,16.31,,,Lyn,B,,0
IC2224,Dup,121.459625,37.460056,,,,,,,Lyn,,,0
IC2225,G,121.367167,35.946694,1.07,0.75,87,14.76,,,Lyn,B,,0
IC2226,G,121.54675,12.5435,1.05,0.78,142,13.43,,,Cnc,V,,0
IC2227,G,121.779917,36.233472,1.11,0.58,30,14.19,,,Lyn,V,,0
IC2228,*,121.773542,8.025361,,,,,,,Cnc,,,0
IC2229,Dup,122.434,25.881611,,,,,,,Cnc,,,0
IC2230,G,122.735625,25.684694,0.57,0.46,159,15.67,,,Cnc,B,,0
IC2231,G,122.756667,5.087333,1.67,1.67,120,14.91,,,CMi,B,,0
IC2232,Dup,123.241333,36.254639,,,,,,,Lyn,,,0
IC2233,G,123.495458,45.742139,2.88,0.4,172,12.61,,,Lyn,V,,0
IC2234,G,123.465083,35.492917,0.54,0.51,124,15.98,,,Lyn,B,,0
IC2235,**,123.390958,24.076778,,,,,,,Cnc,,,0
IC2236,**,123.406333,24.048806,,,,,,,Cnc,,,0
IC2237,*,123.533708,24.679306,,,,,,,Cnc,,,0
IC2238,*,123.535875,24.661889,,,,,,,Cnc,,,0
IC2239,G,123.528292,23.866361,0.84,0.71,140,15.24,,,Cnc,B,,0
IC2240,*,123.697833,24.467556,,,,,,,Cnc,,,0
IC2241,**,123.786,24.129389,,,,,,,Cnc,,,0
IC2242,*,123.79775,24.132944,,,,,,,Cnc,,,0
IC2243,*,123.826792,23.962278,,,,,,,Cnc,,,0
IC2244,*,123.842792,24.545833,,,,,,,Cnc,,,0
IC2245,*,123.868417,24.536056,,,,,,,Cnc,,,0
IC2246,*,124.003292,23.84975,,,,,,,Cnc,,,0
IC2247,G,123.99625,23.199611,1.82,0.27,149,14.04,,,Cnc,B,,0
IC2248,G,124.020042,23.134028,0.79,0.46,52,15.03,,,Cnc,B,,0
IC2249,G,124.143458,24.493722,0.31,0.25,122,16.54,,,Cnc,B,,0
IC2250,G,124.134,23.632972,0.41,0.31,122,16.58,,,Cnc,B,,0
IC2251,**,124.161625,23.949639,,,,,,,Cnc,,,0
IC2252,*,124.174792,24.693889,,,,,,,Cnc,,,0
IC2253,G,124.141167,21.409889,0.95,0.58,168,14.7,,,Cnc,B,,0
IC2254,G,124.189625,24.780222,0.7,0.43,119,15.28,,,Cnc,B,,0
IC2255,**,124.179917,23.457111,,,,,,,Cnc,,,0
IC2256,G,124.226792,24.176833,0.79,0.4,8,15.13,,,Cnc,B,,0
IC2257,**,124.295042,23.649917,,,,,,,Cnc,,,0
IC2258,*,124.3185,23.577528,,,,,,,Cnc,,,0
IC2259,*,124.325625,23.565639,,,,,,,Cnc,,,0
IC2260,*,124.364917,24.67325,,,,,,,Cnc,,,0
IC2261,**,124.38675,23.512333,,,,,,,Cnc,,,0
IC2262,*,124.344,18.4545,,,,,,,Cnc,,,0
IC2263,*,124.4205,23.580111,,,,,,,Cnc,,,0
IC2264,*,124.437208,23.71475,,,,,,,Cnc,,,0
IC2265,*,124.459292,24.193528,,,,,,,Cnc,,,0
IC2266,*,124.410208,18.410361,,,,,,,Cnc,,,0
IC2267,G,124.506708,24.735333,1.85,0.24,152,15.2,,,Cnc,B,,0
IC2268,G,124.527333,24.796444,0.38,0.37,90,15.47,,,Cnc,B,,0
IC2269,G,124.5365,23.047583,0.98,0.21,30,15.6,,,Cnc,B,,0
IC2270,**,124.501542,19.097667,,,,,,,Cnc,,,0
IC2271,G,124.582083,24.526917,0.4,0.31,150,15.42,,,Cnc,B,,0
IC2272,**,124.529875,18.735889,,,,,,,Cnc,,,0
IC2273,*,124.553417,18.401667,,,,,,,Cnc,,,0
IC2274,Other,124.558375,18.665833,,,,,,,Cnc,,,0
IC2275,*,124.557167,18.411444,,,,,,,Cnc,,,0
IC2276,Other,124.622375,18.477722,,,,,,,Cnc,,,0
IC2277,*,124.635167,18.650056,,,,,,,Cnc,,,0
IC2278,Other,124.643542,18.461528,,,,,,,Cnc,,,0
IC2279,*,124.648,18.567944,,,,,,,Cnc,,,0
IC2280,*,124.6605,18.44975,,,,,,,Cnc,,,0
IC2281,*,124.725625,18.909111,,,,12.29,,,Cnc,V,,0
IC2282,G,124.814708,24.792639,0.88,0.77,45,13.93,,,Cnc,V,,0
IC2283,*,124.823042,24.786417,,,,,,,Cnc,,,0
IC2284,*,124.7445,18.605583,,,,,,,Cnc,,,0
IC2285,**,124.761708,18.914667,,,,,,,Cnc,,,0
IC2286,*,124.767042,18.956111,,,,,,,Cnc,,,0
IC2287,*,124.781792,19.400472,,,,,,,Cnc,,,0
IC2288,G,124.84325,23.747306,0.53,0.31,68,15.62,,,Cnc,B,,0
IC2289,*,124.781833,18.498278,,,,,,,Cnc,,,0
IC2290,G,124.816083,19.31325,0.58,0.42,149,15.34,,,Cnc,B,,0
IC2291,*,124.825625,18.508389,,,,,,,Cnc,,,0
IC2292,*,124.841625,19.563583,,,,,,,Cnc,,,0
IC2293,G,124.883792,21.394306,0.89,0.67,125,14.37,,,Cnc,V,,0
IC2294,*,124.8585,18.984694,,,,,,,Cnc,,,0
IC2295,**,124.862458,18.414222,,,,,,,Cnc,,,0
IC2296,*,124.868958,18.89875,,,,,,,Cnc,,,0
IC2297,*,125.01925,18.381972,,,,,,,Cnc,,,0
IC2298,*,125.0295,18.403111,,,,,,,Cnc,,,0
IC2299,**,125.039208,19.337444,,,,,,,Cnc,,,0
IC2300,*,125.0525,18.420056,,,,,,,Cnc,,,0
IC2301,*,125.058042,18.43375,,,,,,,Cnc,,,0
IC2302,*,125.072,19.357222,,,,,,,Cnc,,,0
IC2303,*,125.080292,19.419,,,,,,,Cnc,,,0
IC2304,**,125.148708,19.439528,,,,,,,Cnc,,,0
IC2305,*,125.167,19.452917,,,,,,,Cnc,,,0
IC2306,*,125.164167,19.110278,,,,,,,Cnc,,,0
IC2307,G,125.178417,19.440667,0.85,0.36,162,15.4,,,Cnc,B,,0
IC2308,GTrpl,125.188542,19.362278,0.63,0.32,93,,,,Cnc,,,0
IC2308 NED01,G,125.186875,19.362222,0.28,0.11,87,17.1,,,Cnc,B,,0
IC2309,G,125.181708,18.397833,0.76,0.25,6,15.97,,,Cnc,B,,0
IC2310,*,125.193,18.4635,,,,,,,Cnc,,,0
IC2311,G,124.691583,-25.36975,2.14,1.99,47,11.52,,,Pup,V,,0
IC2312,GPair,125.222417,18.510889,0.7,,,,,,Cnc,,,0
IC2312 NED01,G,125.221917,18.508528,0.44,0.27,175,16.68,,,Cnc,B,,0
IC2312 NED02,G,125.223125,18.512389,0.25,0.17,55,18.21,,,Cnc,B,,0
IC2313,*,125.227417,18.514194,,,,,,,Cnc,,,0
IC2314,**,125.265167,18.762667,,,,,,,Cnc,,,0
IC2315,*,125.294542,18.91525,,,,,,,Cnc,,,0
IC2316,**,125.313333,19.759417,,,,,,,Cnc,,,0
IC2317,*,125.339417,18.844333,,,,,,,Cnc,,,0
IC2318,*,125.3865,18.622889,,,,,,,Cnc,,,0
IC2319,*,125.38775,18.476722,,,,,,,Cnc,,,0
IC2320,*,125.3975,18.67025,,,,,,,Cnc,,,0
IC2321,*,125.413208,18.469139,,,,,,,Cnc,,,0
IC2322,*,125.412417,18.484111,,,,,,,Cnc,,,0
IC2323,*,125.42175,18.61325,,,,,,,Cnc,,,0
IC2324,*,125.494708,19.194028,,,,,,,Cnc,,,0
IC2325,Other,125.536375,18.912139,,,,,,,Cnc,,,0
IC2326,Other,125.550583,19.012083,,,,,,,Cnc,,,0
IC2327,G,125.366542,3.169278,1.21,0.39,169,13.95,,,Hya,B,,0
IC2328,Other,125.572417,19.616444,,,,,,,Cnc,,,0
IC2329,G,125.581167,19.415972,2,0.36,116,14.89,,,Cnc,B,,0
IC2330,*,125.596417,18.853611,,,,,,,Cnc,,,0
IC2331,**,125.646458,19.679667,,,,,,,Cnc,,,0
IC2332,*,125.665125,19.923056,,,,,,,Cnc,,,0
IC2333,*,125.753542,19.081861,,,,,,,Cnc,,,0
IC2334,*,125.749875,18.613778,,,,,,,Cnc,,,0
IC2335,G,125.779333,19.408028,0.45,0.29,164,16.77,,,Cnc,B,,0
IC2336,*,125.829333,18.537444,,,,,,,Cnc,,,0
IC2337,G,125.834542,18.535222,0.48,0.26,46,16.06,,,Cnc,B,,0
IC2338,G,125.886125,21.338083,0.55,0.4,32,14.75,,,Cnc,V,,0
IC2339,G,125.892542,21.347639,0.89,0.45,61,14.01,,,Cnc,V,,0
IC2340,G,125.875208,18.749444,1.07,0.73,160,14.44,,,Cnc,B,,0
IC2341,G,125.922667,21.434889,1.18,0.57,3,14.64,,,Cnc,B,,0
IC2342,*,125.88375,18.579611,,,,,,,Cnc,,,0
IC2343,*,125.974708,19.025639,,,,,,,Cnc,,,0
IC2344,*,125.978083,18.659722,,,,,,,Cnc,,,0
IC2345,*,126.035167,19.952167,,,,,,,Cnc,,,0
IC2346,*,126.045417,19.706222,,,,,,,Cnc,,,0
IC2347,*,126.058667,18.773861,,,,,,,Cnc,,,0
IC2348,G,126.084375,20.53325,0.66,0.32,91,14.98,,,Cnc,V,,0
IC2349,*,126.069625,19.008056,,,,,,,Cnc,,,0
IC2350,Other,126.11825,19.552056,,,,,,,Cnc,,,0
IC2351,*,126.125833,18.588778,,,,,,,Cnc,,,0
IC2352,*,126.166583,19.602778,,,,,,,Cnc,,,0
IC2353,*,126.157083,18.656556,,,,,,,Cnc,,,0
IC2354,**,126.169833,18.666444,,,,,,,Cnc,,,0
IC2355,**,126.215875,20.463472,,,,,,,Cnc,,,0
IC2356,*,126.253583,19.497556,,,,,,,Cnc,,,0
IC2357,*,126.269,19.508861,,,,,,,Cnc,,,0
IC2358,*,126.27125,19.495194,,,,,,,Cnc,,,0
IC2359,Dup,126.300292,20.33475,,,,,,,Cnc,,,0
IC2360,*,126.312875,19.516444,,,,,,,Cnc,,,0
IC2361,G,126.435417,27.874583,1.56,0.5,78,14.76,,,Cnc,B,,0
IC2362,**,126.422583,19.942222,,,,,,,Cnc,,,0
IC2363,G,126.43925,19.449278,0.83,0.7,5,14.87,,,Cnc,B,,0
IC2364,**,126.464542,19.759722,,,,,,,Cnc,,,0
IC2365,G,126.57525,27.840139,1.21,0.85,44,14.53,,,Cnc,B,,0
IC2366,Dup,126.57525,27.840139,,,,,,,Cnc,,,0
IC2367,G,126.042,-18.775556,2.45,1.3,60,12.05,,,Pup,V,,0
IC2368,*,126.505375,19.883,,,,,,,Cnc,,,0
IC2369,*,126.566917,20.23225,,,,,,,Cnc,,,0
IC2370,*,126.595083,19.638056,,,,,,,Cnc,,,0
IC2371,*,126.654083,19.798583,,,,,,,Cnc,,,0
IC2372,*,126.66925,19.883083,,,,,,,Cnc,,,0
IC2373,G,126.704083,20.364833,0.59,0.48,160,14.88,,,Cnc,V,,0
IC2374,G,127.09225,30.443194,0.53,0.48,161,15.26,,,Cnc,V,,0
IC2375,G,126.581958,-13.303139,2.18,0.35,84,,,,Pup,,,0
IC2376,G,127.108875,30.407694,0.89,0.6,64,14.58,,,Cnc,V,,0
IC2377,G,126.608667,-13.306167,1.05,0.62,21,14.76,,,Pup,B,,0
IC2378,G,127.131875,30.431333,1.31,0.92,23,13.23,,,Cnc,V,,0
IC2379,G,126.615833,-13.292861,0.96,0.49,35,,,,Pup,,,0
IC2380,G,127.182875,30.404528,0.8,0.72,162,14.15,,,Cnc,V,,0
IC2381,**,127.090583,19.791639,,,,,,,Cnc,,,0
IC2382,G,127.192167,22.053472,0.89,0.58,165,14.59,,,Cnc,B,,0
IC2383,G,127.422292,30.687972,0.61,0.45,93,14.45,,,Cnc,V,,0
IC2384,G,128.597833,32.434778,0.88,0.65,73,15.38,,,Cnc,B,,0
IC2385,G,128.793167,37.265972,0.79,0.52,27,15.07,,,Lyn,B,,0
IC2386,*,128.682667,25.806694,,,,,,,Cnc,,,0
IC2387,G,129.641667,30.798694,1.16,0.53,18,14.73,,,Cnc,B,,0
IC2388,G,129.9855,19.645306,0.57,0.33,150,15.81,,,Cnc,B,,0
IC2389,G,131.990708,73.539194,1.3,0.3,125,13.32,,,Cam,V,,0
IC2390,Dup,130.465583,19.702528,,,,,,,Cnc,,,0
IC2391,OCl,130.132833,-53.035472,29.1,,,2.5,,,Vel,V,omi Vel Cluster,0
IC2392,G,131.128333,18.286139,0.61,0.46,5,14.58,,,Cnc,B,,0
IC2393,G,131.704958,28.171306,1.18,0.8,27,14.33,,,Cnc,B,,0
IC2394,G,131.778792,28.236556,0.68,0.59,98,15.07,,,Cnc,B,,0
IC2395,OCl,130.625458,-48.150556,6,,,4.6,,,Vel,V,,0
IC2396,*,131.669125,17.649194,,,,,,,Cnc,,,0
IC2397,**,131.674417,17.659778,,,,,,,Cnc,,,0
IC2398,G,131.685708,17.754917,0.64,0.33,6,15.3,,,Cnc,B,,0
IC2399,G,131.957208,18.911889,0.53,0.5,3,15.73,,,Cnc,B,,0
IC2400,G,131.996458,38.069806,0.9,0.38,112,15.09,,,Lyn,B,,0
IC2401,G,132.042917,37.755361,1.12,0.74,101,14.9,,,Lyn,B,,0
IC2402,G,131.996,31.785639,0.82,0.75,120,15.4,,,Cnc,B,,0
IC2403,G,131.538875,-15.357,0.7,0.38,120,15.42,,,Hya,B,,0
IC2404,G,132.043542,29.491361,0.76,0.55,109,14.75,,,Cnc,V,,0
IC2405,G,132.178167,37.218639,0.76,0.57,7,14.86,,,Lyn,B,,0
IC2406,G,132.019208,17.702389,1.64,0.77,173,14.21,,,Cnc,B,,0
IC2407,G,132.038125,17.611472,1.25,0.23,86,15.12,,,Cnc,B,,0
IC2408,*,132.084333,19.037417,,,,16.5,,,Cnc,B,,0
IC2409,G,132.10275,18.331139,0.92,0.73,148,14.3,,,Cnc,B,,0
IC2410,Dup,132.113542,19.0195,,,,,,,Cnc,,,0
IC2411,Dup,132.125708,19.043889,,,,,,,Cnc,,,0
IC2412,*,132.348792,18.543167,,,,,,,Cnc,,,0
IC2413,**,132.381542,18.74475,,,,,,,Cnc,,,0
IC2414,G,132.458833,18.792417,0.58,0.39,46,15.67,,,Cnc,B,,0
IC2415,*,132.507958,18.651611,,,,16.3,,,Cnc,B,,0
IC2416,*,132.633958,18.559611,,,,,,,Cnc,,,0
IC2417,*,132.784,18.624917,,,,14.5,,,Cnc,V,,0
IC2418,G,132.8545,17.94525,0.39,0.33,111,16.42,,,Cnc,B,,0
IC2419,**,133.039167,18.101361,,,,,,,Cnc,,,0
IC2420,G,132.890667,3.100694,0.84,0.72,141,14.85,,,Hya,B,,0
IC2421,G,133.59,32.680861,1.41,0.95,53,13.31,,,Cnc,V,,0
IC2422,G,133.601292,20.224806,0.66,0.62,130,15.66,,,Cnc,B,,0
IC2423,G,133.696167,20.220278,0.84,0.64,114,14.57,,,Cnc,B,,0
IC2424,Dup,134.198708,39.382194,,,,,,,Lyn,,,0
IC2425,*,133.958875,-3.423139,,,,,,,Hya,,,0
IC2426,G,134.627,2.9255,0.61,0.44,119,15.17,,,Hya,B,,0
IC2427,G,135.257083,37.875444,0.74,0.61,98,15.56,,,Lyn,B,,0
IC2428,G,135.81125,30.591333,1.61,0.41,76,14.6,,,Cnc,B,,0
IC2429,G,135.927208,29.296,0.59,0.41,146,14.61,,,Cnc,V,,0
IC2430,G,136.095125,27.953,0.96,0.5,40,14.38,,,Cnc,B,,0
IC2431,GGroup,136.147292,14.594083,1,,,,,,Cnc,,,0
IC2431 NED01,G,136.144,14.597889,0.04,0.02,134,17.47,,,Cnc,B,,0
IC2431 NED02,G,136.144667,14.595778,0.6,0.48,32,14.04,,,Cnc,V,Browning,0
IC2431 NED03,G,136.145083,14.593417,0.45,0.33,5,,,,Cnc,,,0
IC2431 NED04,G,136.147667,14.595056,0.28,0.23,98,17.44,,,Cnc,B,,0
IC2432,G,136.16475,5.512056,0.82,0.3,131,15.59,,,Hya,B,,0
IC2433,G,136.369708,22.602222,0.82,0.4,109,15.22,,,Cnc,B,,0
IC2434,G,136.816917,37.215278,1.3,0.63,19,14.49,,,Lyn,B,,0
IC2435,G,136.707458,26.275444,0.88,0.39,116,14.96,,,Cnc,B,,0
IC2436,**,136.348833,-19.165472,,,,,,,Hya,,,0
IC2437,G,136.387958,-19.207111,1.79,1.23,119,12.92,,,Hya,V,,0
IC2438,Other,138.536792,73.417361,,,,,,,Cam,,,0
IC2439,G,137.16025,32.592944,1.4,0.42,31,16.06,,,Cnc,V,,0
IC2440,*,138.959,73.459056,,,,,,,Cam,,,0
IC2441,GPair,137.509583,22.853333,0.9,,,,,,Cnc,,,0
IC2441 NED01,G,137.507583,22.855056,0.63,0.24,155,15.29,,,Cnc,B,,0
IC2441 NED02,G,137.512083,22.851778,0.66,0.47,162,15.78,,,Cnc,B,,0
IC2442,G,137.521542,22.838333,0.83,0.78,155,15.33,,,Cnc,B,,0
IC2443,G,137.878708,28.826583,0.66,0.57,12,14.21,,,Cnc,V,,0
IC2444,G,138.211917,30.212278,0.82,0.71,48,15.23,,,Cnc,B,,0
IC2445,G,138.3025,31.807861,0.76,0.41,18,15.25,,,Cnc,B,,0
IC2446,G,138.38075,28.95175,1.49,0.61,147,13.64,,,Cnc,V,,0
IC2447,Dup,138.38075,28.95175,,,,,,,Cnc,,,0
IC2448,PN,136.776083,-69.941833,0.15,,,10.4,,,Car,V,,0
IC2449,Dup,138.388125,30.000139,,,,,,,Cnc,,,0
IC2450,G,139.272,25.429167,1.35,0.72,156,13.93,,,Cnc,B,,0
IC2451,G,138.949083,23.496417,0.93,0.71,105,15.77,,,Cnc,B,,0
IC2452,G,138.989917,23.47225,0.68,0.31,132,15.68,,,Cnc,B,,0
IC2453,G,138.977208,20.928889,0.72,0.41,62,15.37,,,Cnc,B,,0
IC2454,G,139.007375,17.820694,0.97,0.68,100,14.44,,,Cnc,B,,0
IC2455,Dup,139.208375,20.1985,,,,,,,Cnc,,,0
IC2456,G,139.351,34.674389,0.63,0.45,54,15.65,,,Lyn,B,,0
IC2457,G,139.26725,20.0935,0.55,0.4,75,16.21,,,Cnc,B,,0
IC2458,Dup,140.375292,64.238694,,,,,,,UMa,,,0
IC2459,G,139.747792,34.862194,0.66,0.38,118,15.78,,,Lyn,B,,0
IC2460,Dup,139.829208,33.880806,,,,,,,Lyn,,,0
IC2461,G,139.991792,37.19125,2.41,0.51,143,14.77,,,Lyn,B,,0
IC2462,G,140.734375,22.686361,0.69,0.25,62,16.06,,,Leo,B,,0
IC2463,G,140.751042,22.618556,0.54,0.44,103,15.79,,,Leo,B,,0
IC2464,G,140.842792,22.63025,0.8,0.54,147,15.25,,,Leo,B,,0
IC2465,G,140.881292,24.445694,0.97,0.56,89,15.09,,,Leo,B,,0
IC2466,G,140.937625,24.518444,0.83,0.49,92,15.44,,,Leo,B,,0
IC2467,G,141.219667,38.35175,0.95,0.92,45,14.77,,,LMi,B,,0
IC2468,G,141.256208,38.344028,0.51,0.47,60,16.09,,,LMi,B,,0
IC2469,G,140.754417,-32.44975,5.79,1.17,37,11.09,,,Pyx,V,,0
IC2470,G,141.422167,23.361611,1.01,0.94,105,15.21,,,Leo,B,,0
IC2471,G,141.300708,-6.829917,1.08,0.52,151,14.4,,,Hya,B,,0
IC2472,G,141.6405,21.385028,0.62,0.51,4,15.49,,,Leo,B,,0
IC2473,G,141.847917,30.440806,1.08,0.74,92,14.69,,,Leo,B,,0
IC2474,G,141.797542,23.034278,0.59,0.22,96,15.75,,,Leo,B,,0
IC2475,G,141.976375,29.791861,1.01,0.34,111,15.61,,,Leo,B,,0
IC2476,G,141.970125,29.98575,1.3,1.04,40,14.24,,,Leo,B,,0
IC2477,G,142.074292,29.706056,0.6,0.43,172,14.65,,,Leo,V,,0
IC2478,G,142.003875,30.036972,0.57,0.42,140,15.56,,,Leo,B,,0
IC2479,G,142.017042,29.991444,0.58,0.33,152,15.5,,,Leo,B,,0
IC2480,Dup,142.074292,29.706056,,,,,,,Leo,,,0
IC2481,G,141.870042,3.929611,0.83,0.47,161,14.48,,,Hya,B,,0
IC2482,G,141.74675,-12.108917,2.84,1.84,145,13.92,,,Hya,B,,0
IC2483,G,142.357458,30.994722,0.66,0.45,103,15.64,,,Leo,B,,0
IC2484,Other,141.7095,-42.842806,,,,,,,Vel,,,0
IC2485,Other,141.7995,-39.284722,,,,,,,Ant,,,0
IC2486,G,142.572375,26.641278,0.92,0.62,135,14.98,,,Leo,B,,0
IC2487,G,142.538208,20.090861,1.84,0.46,164,14.13,,,Leo,B,,0
IC2488,OCl,141.909292,-57.006944,7.2,,,7.4,,,Vel,V,,0
IC2489,Other,142.798458,-5.884167,,,,,,,Hya,,,0
IC2490,G,143.265208,29.928361,0.97,0.65,177,14.6,,,Leo,B,,0
IC2491,G,143.80925,34.731667,0.87,0.61,74,14.9,,,LMi,B,,0
IC2492,G,143.311958,-37.866333,0.76,0.31,48,15.72,,,Ant,B,,0
IC2493,G,144.073083,37.364,0.97,0.72,1,14.75,,,LMi,B,,0
IC2494,Dup,144.024125,-12.436722,,,,,,,Hya,,,0
IC2495,G,144.530792,28.057667,0.73,0.3,11,14.74,,,Leo,B,,0
IC2496,G,144.685417,34.726778,0.73,0.43,33,15.44,,,LMi,B,,0
IC2497,G,145.267042,34.732722,0.72,0.38,115,15.78,,,LMi,B,,0
IC2498,G,145.341417,28.114472,0.83,0.31,25,15.3,,,Leo,B,,0
IC2499,G,145.352625,27.89525,0.63,0.26,125,16.21,,,Leo,B,,0
IC2500,G,145.597375,36.349694,1.35,0.43,164,14.94,,,LMi,B,,0
IC2501,PN,144.696583,-60.091861,0.03,,,10.4,,,Car,V,,0
IC2502,G,145.814167,35.160528,0.55,0.52,75,15.57,,,LMi,B,,0
IC2503,G,145.816,35.206222,0.42,0.28,100,16.49,,,LMi,B,,0
IC2504,Other,144.640917,-69.085111,,,,,,,Car,,,0
IC2505,G,146.278958,27.268583,0.75,0.55,18,15.82,,,Leo,B,,0
IC2506,G,146.303208,27.252,0.55,0.41,79,15.71,,,Leo,B,,0
IC2507,G,146.14125,-31.79,1.74,0.86,48,13.34,,,Ant,B,,0
IC2508,G,146.7795,33.508056,0.69,0.44,19,15.78,,,LMi,B,,0
IC2509,*,146.733,5.701944,,,,,,,Sex,,,0
IC2510,G,146.931167,-32.837444,1.59,0.86,148,15.5,,,Ant,B,,0
IC2511,G,147.352292,-32.839194,4.22,0.81,43,13.09,,,Ant,B,,0
IC2512,Dup,147.352292,-32.839194,,,,,,,Ant,,,0
IC2513,G,147.503292,-32.882833,3.39,0.68,63,13.3,,,Ant,B,,0
IC2514,Dup,147.503292,-32.882833,,,,,,,Ant,,,0
IC2515,G,148.66425,37.408583,1.13,0.4,174,14.95,,,LMi,B,,0
IC2516,G,148.7015,37.686944,0.97,0.87,13,14.89,,,LMi,B,,0
IC2517,G,148.211125,-33.741944,0.68,0.56,98,15.45,,,Ant,B,,0
IC2518,G,148.993875,37.155528,0.7,0.53,110,15.77,,,LMi,B,,0
IC2519,G,148.995042,34.036583,0.35,0.25,90,15.48,,,LMi,B,,0
IC2520,G,149.083833,27.227583,0.88,0.74,57,14.31,,,Leo,B,,0
IC2521,G,149.315625,33.976306,0.61,0.57,15,15.63,,,LMi,B,,0
IC2522,G,148.787333,-33.137139,2.3,1.74,180,12,,,Ant,V,,0
IC2523,G,148.789667,-33.210222,1.43,0.86,30,13.63,,,Ant,B,,0
IC2524,G,149.386917,33.619722,0.74,0.44,64,14.76,,,LMi,B,,0
IC2525,G,149.604,37.101861,0.65,0.61,55,15.81,,,LMi,B,,0
IC2526,G,149.262625,-32.256861,2.07,0.7,56,13.66,,,Ant,B,,0
IC2527,G,150.027042,38.172194,0.57,0.48,123,15.55,,,LMi,B,,0
IC2528,Dup,149.77675,-27.128806,,,,,,,Ant,,,0
IC2529,Dup,149.873083,-22.826278,,,,,,,Hya,,,0
IC2530,G,150.379417,37.203944,0.97,0.94,20,14.96,,,LMi,B,,0
IC2531,G,149.982375,-29.616972,6.55,0.6,74,12.22,,,Ant,V,,0
IC2532,G,150.0225,-34.228278,2.04,1.12,36,14.04,,,Ant,B,,0
IC2533,G,150.131958,-31.245,2.04,1.45,180,11.97,,,Ant,V,,0
IC2534,G,150.374417,-34.112417,1.84,1.25,98,13.41,,,Ant,B,,0
IC2535,G,151.132625,38.006028,0.85,0.74,75,14.77,,,LMi,B,,0
IC2536,G,150.875917,-33.94975,1.88,0.4,45,14.55,,,Ant,B,,0
IC2537,G,150.966208,-27.570861,2.61,1.82,17,12.22,,,Ant,V,,0
IC2538,G,150.985375,-34.807528,1.49,0.75,180,15,,,Ant,B,,0
IC2539,G,151.067542,-31.362944,1.98,0.56,25,14.06,,,Ant,B,,0
IC2540,G,151.694625,31.475722,0.91,0.59,158,15.2,,,LMi,B,,0
IC2541,G,151.450042,-17.434556,1.47,0.64,4,13.88,,,Hya,B,,0
IC2542,G,151.960583,34.315306,1.04,0.77,171,14.53,,,LMi,B,,0
IC2543,GPair,152.099167,37.842778,0.8,,,,,,LMi,,,0
IC2543 NED01,G,152.098167,37.841528,0.74,0.29,134,15.73,,,LMi,B,,0
IC2543 NED02,G,152.099875,37.844222,0.2,0.14,6,17.51,,,LMi,B,,0
IC2544,G,152.123875,33.346389,0.52,0.4,65,15.32,,,LMi,B,,0
IC2545,**,151.646083,-33.858278,,,,,,,Ant,,,0
IC2546,G,151.774667,-33.261361,0.83,0.6,95,15.6,,,Ant,B,,0
IC2547,G,152.518708,36.502444,0.82,0.36,121,15.62,,,LMi,B,,0
IC2548,G,151.978958,-35.229611,2.17,1.42,70,14.04,,,Ant,B,,0
IC2549,G,152.542333,36.464861,0.47,0.32,143,15.88,,,LMi,B,,0
IC2550,G,152.616333,27.956111,0.93,0.68,109,14.48,,,LMi,B,,0
IC2551,G,152.668,24.414139,0.76,0.56,36,14.53,,,Leo,B,,0
IC2552,G,152.69225,-34.844694,1.87,1.68,89,12.06,,,Ant,V,,0
IC2553,PN,152.336958,-62.613694,0.15,,,10.3,,,Car,V,,0
IC2554,G,152.210667,-67.030861,3.31,1.29,8,11.7,,,Car,V,,0
IC2555,Dup,152.926792,-31.642861,,,,,,,Ant,,,0
IC2556,G,153.156792,-34.728861,1.83,0.95,119,14.26,,,Ant,B,,0
IC2557,G,154.024458,38.109222,0.6,0.41,95,15.6,,,LMi,B,,0
IC2558,G,153.683917,-34.338722,1.01,0.61,17,13.74,,,Ant,V,,0
IC2559,G,153.689125,-34.058806,1.69,0.53,17,14.42,,,Ant,B,,0
IC2560,G,154.078,-33.563806,3.55,1.67,46,12.06,,,Ant,V,,0
IC2561,G,154.785875,34.675028,0.89,0.55,14,14.81,,,LMi,B,,0
IC2562,G,154.727083,16.155528,0.66,0.44,166,14.97,,,Leo,B,,0
IC2563,G,154.716375,-32.596556,0.91,0.38,110,15.56,,,Ant,B,,0
IC2564,G,155.365417,36.452056,0.71,0.6,50,15.83,,,LMi,B,,0
IC2565,G,155.324458,27.930083,0.67,0.42,70,15.14,,,LMi,B,,0
IC2566,G,155.580792,36.583028,0.98,0.64,6,14.72,,,LMi,B,,0
IC2567,G,155.490833,24.655222,0.79,0.59,57,15.36,,,Leo,B,,0
IC2568,G,155.625042,36.599306,1.1,0.55,93,14.93,,,LMi,B,,0
IC2569,G,155.723292,24.606417,0.67,0.57,146,15.46,,,Leo,B,,0
IC2570,G,155.392917,-33.623222,0.82,0.44,172,16.05,,,Ant,B,,0
IC2571,Dup,155.396167,-34.266806,,,,,,,Ant,,,0
IC2572,G,156.280333,28.094806,0.9,0.43,26,15.47,,,LMi,B,,0
IC2573,G,155.87575,-35.455583,1.5,0.33,2,15.38,,,Ant,B,,0
IC2574,G,157.097833,68.412139,12.91,5.57,48,10.46,,,UMa,V,Coddington's Nebula,0
IC2575,G,156.35,-32.63625,0.63,0.58,55,15.95,,,Ant,B,,0
IC2576,G,156.49575,-32.903472,0.94,0.63,42,14.86,,,Ant,B,,0
IC2577,G,157.006042,32.763889,0.7,0.41,103,15.35,,,LMi,B,,0
IC2578,G,156.844542,-33.877333,1.51,0.35,143,15.06,,,Ant,B,,0
IC2579,Dup,157.320167,26.09925,,,,,,,Leo,,,0
IC2580,G,157.074917,-31.518028,2.05,1.75,128,12.72,,,Ant,V,,0
IC2581,OCl,156.871458,-57.617306,6,,,4.3,,,Car,V,,0
IC2582,G,157.295833,-30.3425,1.29,1.25,150,12.91,,,Ant,V,,0
IC2583,G,157.7935,26.055056,0.59,0.49,124,14.92,,,Leo,B,,0
IC2584,G,157.464542,-34.911639,1.44,0.59,134,12.67,,,Ant,V,,0
IC2585,Dup,157.610375,-35.3595,,,,,,,Ant,,,0
IC2586,G,157.76,-28.716639,1.53,1.19,85,12.52,,,Hya,V,,0
IC2587,G,157.748333,-34.562944,1.98,1.47,36,12.35,,,Ant,V,,0
IC2588,G,157.958917,-30.384528,1.65,1.31,154,12.53,,,Ant,V,,0
IC2589,G,158.08675,-24.037556,0.82,0.39,11,14.31,,,Hya,B,,0
IC2590,G,159.069083,26.962472,0.97,0.97,10,14.73,,,Leo,B,,0
IC2591,G,159.161125,35.052917,1,0.62,134,14.45,,,LMi,B,,0
IC2592,Dup,158.7845,-43.691806,,,,,,,Vel,,,0
IC2593,G,159.066458,-12.725806,0.87,0.58,88,15.54,,,Hya,B,,0
IC2594,G,159.017375,-24.323083,1.66,1.39,112,13.48,,,Hya,B,,0
IC2595,Other,159.388,-11.116722,,,,,,,Sex,,,0
IC2596,G,158.551917,-73.240139,1.32,0.81,179,13.87,,,Car,B,,0
IC2597,G,159.447708,-27.081694,2.62,1.73,8,11.68,,,Hya,V,,0
IC2598,G,159.926375,26.727556,0.66,0.39,152,15.29,,,LMi,B,,0
IC2599,HII,159.362875,-58.733389,20,20,,,,,Car,,,0
IC2600,G,161.661667,72.320444,0.62,0.45,115,15.58,,,UMa,B,,0
IC2601,G,161.8055,72.323028,0.35,0.28,165,15.46,,,UMa,B,,0
IC2602,OCl,160.739458,-64.394194,48,,,,,,Car,,tet Car Cluster,0
IC2603,Other,162.105667,32.927306,,,,,,,LMi,,,0
IC2604,G,162.354458,32.772722,1.18,1.03,40,14.86,,,LMi,B,,0
IC2605,Other,162.448083,32.973194,0.4,0.2,0,15.39,,,LMi,B,,0
IC2606,G,162.573542,37.956222,1.07,0.4,112,14.58,,,LMi,B,,0
IC2607,G,162.578917,37.993944,0.75,0.48,63,15.27,,,LMi,B,,0
IC2608,G,162.564667,32.768167,0.79,0.31,121,15.45,,,LMi,B,,0
IC2609,Dup,162.574917,-12.108722,,,,,,,Hya,,,0
IC2610,Other,163.033625,33.083167,,,,,,,LMi,,,0
IC2611,*,163.162208,10.136361,,,,,,,Leo,,,0
IC2612,G,163.404833,32.767639,0.82,0.56,108,15.78,,,LMi,B,,0
IC2613,Dup,162.458792,32.982861,,,,,,,LMi,,,0
IC2614,G,165.390833,38.803667,0.24,0.24,16,16.5,,,UMa,B,,0
IC2615,G,165.5095,37.94525,0.38,0.34,80,15.45,,,UMa,B,,0
IC2616,G,165.524,38.78725,0.66,0.48,69,15.35,,,UMa,B,,0
IC2617,G,165.531792,38.66425,0.89,0.45,97,14.8,,,UMa,B,,0
IC2618,**,165.495083,27.78925,,,,,,,LMi,,,0
IC2619,G,165.563583,37.966083,0.33,0.22,67,15.66,,,UMa,B,,0
IC2620,G,165.599792,38.505028,1.04,0.94,110,14.22,,,UMa,V,,0
IC2621,PN,165.083292,-65.249361,0.08,,,11.2,,,Car,V,,0
IC2622,Dup,165.748625,-16.289444,,,,,,,Crt,,,0
IC2623,G,165.962333,-20.093056,1.06,0.73,64,13.5,,,Crt,V,,0
IC2624,Dup,166.825292,-19.471556,,,,,,,Crt,,,0
IC2625,Dup,166.829667,-19.555639,,,,,,,Crt,,,0
IC2626,G,167.266125,26.904167,0.77,0.34,50,15.8,,,Leo,B,,0
IC2627,G,167.472458,-23.725944,2.4,1.7,43,12,,,Crt,V,,0
IC2628,G,167.907792,12.121972,0.75,0.69,110,15.72,,,Leo,B,,0
IC2629,G,168.153917,12.104944,0.7,0.34,28,16.2,,,Leo,B,,0
IC2630,*,168.179958,12.318944,,,,,,,Leo,,,0
IC2631,Neb,167.469958,-76.614306,,,,,,,Cha,,,0
IC2632,G,168.27475,11.673278,0.41,0.37,55,17.07,,,Leo,B,,0
IC2633,G,168.291833,11.601,0.62,0.36,17,16.53,,,Leo,B,,0
IC2634,G,168.367708,10.485972,0.9,0.82,110,15,,,Leo,B,,0
IC2635,**,168.374208,11.463889,,,,,,,Leo,,,0
IC2636,G,168.391833,11.456167,0.67,0.37,73,16.6,,,Leo,B,,0
IC2637,G,168.457292,9.586306,0.97,0.86,62,14.17,,,Leo,V,,0
IC2638,G,168.466292,10.563389,0.97,0.65,100,15.04,,,Leo,B,,0
IC2639,G,168.481417,9.642806,0.57,0.42,100,16.43,,,Leo,B,,0
IC2640,G,168.522875,10.997667,0.43,0.35,105,16.65,,,Leo,B,,0
IC2641,*,168.543958,9.399333,,,,,,,Leo,,,0
IC2642,Other,168.565833,12.265667,,,,,,,Leo,,,0
IC2643,*,168.610667,10.126222,,,,,,,Leo,,,0
IC2644,G,168.624208,10.768472,0.61,0.36,76,16.52,,,Leo,B,,0
IC2645,G,168.628417,11.886778,0.79,0.29,92,15.71,,,Leo,B,,0
IC2646,G,168.656667,12.5285,0.45,0.34,2,16.91,,,Leo,B,,0
IC2647,*,168.660917,12.142,,,,,,,Leo,,,0
IC2648,G,168.690125,10.224833,0.58,0.46,16,16.14,,,Leo,B,,0
IC2649,G,168.693542,11.127694,0.85,0.74,74,15.35,,,Leo,B,,0
IC2650,G,168.719417,13.852472,0.48,0.43,21,16.74,,,Leo,B,,0
IC2651,G,168.717833,12.239778,0.52,0.39,84,16.27,,,Leo,B,,0
IC2652,G,168.718,12.448056,0.67,0.64,45,16.32,,,Leo,B,,0
IC2653,**,168.724292,10.548361,,,,,,,Leo,,,0
IC2654,G,168.761917,12.499472,0.41,0.35,93,16.85,,,Leo,B,,0
IC2655,G,168.7715,12.164389,0.36,0.3,68,17.44,,,Leo,B,,0
IC2656,G,168.772417,12.379139,0.64,0.3,128,16.88,,,Leo,B,,0
IC2657,G,168.786292,13.694722,0.29,0.17,131,17.27,,,Leo,B,,0
IC2658,*,168.786458,12.996611,,,,,,,Leo,,,0
IC2659,*,168.866,12.887667,,,,,,,Leo,,,0
IC2660,G,168.8685,12.437194,0.4,0.31,158,16.78,,,Leo,B,,0
IC2661,G,168.871542,13.608667,0.68,0.26,110,15.79,,,Leo,B,,0
IC2662,Other,168.878292,12.771056,,,,,,,Leo,,,0
IC2663,*,168.884917,12.603917,,,,,,,Leo,,,0
IC2664,**,168.910167,12.562694,,,,,,,Leo,,,0
IC2665,G,168.919917,11.724139,0.59,0.21,103,17.51,,,Leo,B,,0
IC2666,G,168.932375,13.78225,1.07,0.72,167,14.26,,,Leo,B,,0
IC2667,G,168.9335,12.116833,0.63,0.51,173,16.68,,,Leo,B,,0
IC2668,G,168.8845,-14.171083,1.55,0.54,140,14.59,,,Crt,B,,0
IC2669,**,168.97175,13.429556,,,,,,,Leo,,,0
IC2670,G,168.998167,11.783361,0.46,0.29,166,16.57,,,Leo,B,,0
IC2671,*,169.013833,13.12425,,,,,,,Leo,,,0
IC2672,*,169.015917,10.157278,,,,,,,Leo,,,0
IC2673,G,169.017208,10.162556,0.85,0.55,35,15.35,,,Leo,B,,0
IC2674,G,169.034375,11.048639,1.12,0.65,23,15.4,,,Leo,B,,0
IC2675,*,169.045042,12.249306,,,,,,,Leo,,,0
IC2676,G,169.077125,9.821833,0.14,0.11,155,17.69,,,Leo,B,,0
IC2677,G,169.080417,12.215861,0.23,0.19,10,18.16,,,Leo,B,,0
IC2678,G,169.090167,11.949111,0.67,0.26,121,16.39,,,Leo,B,,0
IC2679,G,169.096667,12.015389,0.87,0.56,23,15.67,,,Leo,B,,0
IC2680,G,169.106375,9.807139,0.79,0.28,132,15.87,,,Leo,B,,0
IC2681,Other,169.138542,11.207194,,,,,,,Leo,,,0
IC2682,**,169.1505,9.410778,,,,,,,Leo,,,0
IC2683,G,169.22625,12.099278,0.42,0.28,87,17.01,,,Leo,B,,0
IC2684,G,169.254375,13.099639,0.76,0.57,171,17.03,,,Leo,B,,0
IC2685,*,169.250375,10.094083,,,,,,,Leo,,,0
IC2686,*,169.260458,12.951667,,,,,,,Leo,,,0
IC2687,**,169.299917,10.158111,,,,,,,Leo,,,0
IC2688,NonEx,,,,,,,,,,,,0
IC2689,G,169.33125,12.959944,0.66,0.24,31,16.94,,,Leo,B,,0
IC2690,G,169.339958,12.975417,0.28,0.26,47,18.03,,,Leo,B,,0
IC2691,*,169.352417,12.031083,,,,,,,Leo,,,0
IC2692,G,169.388417,10.768056,0.52,0.39,100,16.62,,,Leo,B,,0
IC2693,*,169.401292,13.548833,,,,,,,Leo,,,0
IC2694,G,169.410833,13.376111,0.76,0.36,86,15.62,,,Leo,B,,0
IC2695,G,169.452375,13.727667,0.51,0.39,58,16.53,,,Leo,B,,0
IC2696,*,169.453875,12.75575,,,,,,,Leo,,,0
IC2697,*,169.463042,13.399972,,,,,,,Leo,,,0
IC2698,G,169.462583,11.885778,0.7,0.48,43,15.81,,,Leo,B,,0
IC2699,*,169.469375,11.909222,,,,,,,Leo,,,0
IC2700,G,169.47575,12.054194,0.38,0.31,120,17.03,,,Leo,B,,0
IC2701,G,169.487583,11.118056,0.44,0.22,78,17.2,,,Leo,B,,0
IC2702,G,169.488458,9.412472,0.4,0.34,117,17,,,Leo,B,,0
IC2703,G,169.521375,17.649528,0.93,0.82,19,15.81,,,Leo,B,,0
IC2704,G,169.516708,12.454194,0.65,0.4,70,15.71,,,Leo,B,,0
IC2705,*,169.515333,11.904083,,,,,,,Leo,,,0
IC2706,*,169.621667,12.548444,,,,,,,Leo,,,0
IC2707,G,169.6285,9.474861,0.46,0.38,148,16.51,,,Leo,B,,0
IC2708,G,169.644208,12.711111,0.92,0.77,63,15.06,,,Leo,B,,0
IC2709,G,169.675667,12.561694,0.54,0.38,153,17.47,,,Leo,B,,0
IC2710,**,169.684667,13.566583,,,,,,,Leo,,,0
IC2711,*,169.693708,13.738444,,,,,,,Leo,,,0
IC2712,G,169.719917,9.626889,0.46,0.41,44,16.55,,,Leo,B,,0
IC2713,G,169.792583,12.164806,0.59,0.57,40,16.29,,,Leo,B,,0
IC2714,OCl,169.363958,-62.725111,7.2,,,8.2,,,Car,V,,0
IC2715,G,169.809958,11.952167,0.74,0.37,100,21.01,,,Leo,B,,0
IC2716,G,169.818083,11.698556,0.38,0.19,81,17.7,,,Leo,B,,0
IC2717,*,169.828208,12.048556,,,,,,,Leo,,,0
IC2718,G,169.837083,12.022278,0.59,0.26,99,15.84,,,Leo,B,,0
IC2719,G,169.884167,12.059778,0.22,0.21,83,17.87,,,Leo,B,,0
IC2720,G,169.898542,12.076583,0.79,0.59,24,15.64,,,Leo,B,,0
IC2721,Other,169.928375,12.310639,,,,,,,Leo,,,0
IC2722,GTrpl,169.934833,13.962917,0.7,,,,,,Leo,,,0
IC2722 NED01,G,169.933083,13.963917,0.69,0.48,70,16.1,,,Leo,B,,0
IC2722 NED03,G,169.934833,13.962917,0.11,0.07,80,17.08,,,Leo,B,,0
IC2723,G,169.949583,12.033444,0.47,0.25,104,17.38,,,Leo,B,,0
IC2724,G,169.951833,10.716556,0.48,0.44,85,16.84,,,Leo,B,,0
IC2725,G,169.989333,13.429278,0.48,0.42,116,17.2,,,Leo,B,,0
IC2726,Other,169.9935,13.415583,,,,,,,Leo,,,0
IC2727,G,170.000292,12.033333,0.43,0.38,70,16.7,,,Leo,B,,0
IC2728,*,170.021375,13.427,,,,,,,Leo,,,0
IC2729,G,170.028208,13.409306,0.43,0.23,177,17.65,,,Leo,B,,0
IC2730,*,170.030792,12.366528,,,,,,,Leo,,,0
IC2731,*,170.042792,13.558278,,,,,,,Leo,,,0
IC2732,G,170.051583,12.404028,0.4,0.34,114,17.17,,,Leo,B,,0
IC2733,**,170.072125,13.83525,,,,,,,Leo,,,0
IC2734,G,170.09925,12.443028,0.84,0.3,12,16.51,,,Leo,B,,0
IC2735,G,170.26625,34.343944,1.18,0.25,100,15.1,,,UMa,B,,0
IC2736,*,170.227583,12.408667,,,,,,,Leo,,,0
IC2737,*,170.284375,14.293194,,,,,,,Leo,,,0
IC2738,G,170.346083,34.356667,0.85,0.75,144,15.06,,,UMa,B,,0
IC2739,G,170.301792,11.91475,0.37,0.31,65,16.86,,,Leo,B,,0
IC2740,G,170.321083,8.752306,0.37,0.3,57,17.39,,,Leo,B,,0
IC2741,G,170.322792,9.152361,0.42,0.31,122,16.65,,,Leo,B,,0
IC2742,G,170.328042,10.446722,0.34,0.16,38,17.46,,,Leo,B,,0
IC2743,*,170.354125,8.693111,,,,,,,Leo,,,0
IC2744,G,170.427125,34.362806,1.12,0.74,38,14.77,,,UMa,V,,0
IC2745,G,170.382333,13.426611,0.62,0.21,70,15.21,,,Leo,B,,0
IC2746,G,170.40175,11.737083,0.53,0.34,166,16.72,,,Leo,B,,0
IC2747,**,170.417333,8.80325,,,,,,,Leo,,,0
IC2748,G,170.4335,8.804972,0.54,0.43,91,16.63,,,Leo,B,,0
IC2749,G,170.438333,8.574778,0.6,0.34,84,15.8,,,Leo,B,,0
IC2750,G,170.461625,9.658444,0.43,0.2,43,17.37,,,Leo,B,,0
IC2751,G,170.530792,34.366361,0.63,0.54,133,15.4,,,UMa,B,,0
IC2752,G,170.508083,14.1245,0.63,0.19,100,16.73,,,Leo,B,,0
IC2753,G,170.498792,9.878056,0.32,0.31,80,16.66,,,Leo,B,,0
IC2754,G,170.509917,14.144056,0.52,0.24,82,16.97,,,Leo,B,,0
IC2755,*,170.510042,13.793111,,,,,,,Leo,,,0
IC2756,G,170.503792,9.960167,0.51,0.19,101,17.1,,,Leo,B,,0
IC2757,G,170.50875,8.393833,0.72,0.52,79,15.25,,,Leo,B,,0
IC2758,G,170.513875,7.813528,0.65,0.23,34,15.45,,,Leo,B,,0
IC2759,G,170.555333,24.317167,0.73,0.65,178,15.1,,,Leo,B,,0
IC2760,G,170.553333,12.665417,0.45,0.33,108,17.39,,,Leo,B,,0
IC2761,G,170.571542,14.177583,0.4,0.34,175,16.79,,,Leo,B,,0
IC2762,G,170.574667,12.722528,0.92,0.31,145,15.82,,,Leo,B,,0
IC2763,G,170.577333,13.065056,1.44,0.39,98,14.89,,,Leo,B,,0
IC2764,G,171.770958,-28.980222,2.2,1.18,179,12.26,,,Hya,V,,0
IC2765,G,170.596333,14.199056,0.31,0.21,90,17.17,,,Leo,B,,0
IC2766,G,170.596083,12.903472,0.53,0.35,149,17.12,,,Leo,B,,0
IC2767,G,170.596625,13.077806,0.87,0.3,90,17.03,,,Leo,B,,0
IC2768,G,170.598167,12.528917,0.4,0.3,46,17.32,,,Leo,B,,0
IC2769,G,170.606875,14.195889,0.43,0.32,166,15.95,,,Leo,B,,0
IC2770,G,170.603167,9.220667,0.39,0.38,169,16.64,,,Leo,B,,0
IC2771,G,170.616875,12.519167,0.28,0.2,22,18.11,,,Leo,B,,0
IC2772,*,170.626667,13.599139,,,,,,,Leo,,,0
IC2773,*,170.647125,13.574528,,,,,,,Leo,,,0
IC2774,*,170.654792,12.514944,,,,,,,Leo,,,0
IC2775,G,170.664833,12.512,0.32,0.25,60,17.73,,,Leo,B,,0
IC2776,G,170.666625,13.330528,0.87,0.44,160,15.15,,,Leo,B,,0
IC2777,G,170.668958,12.025583,0.79,0.59,154,15.33,,,Leo,B,,0
IC2778,Other,170.674708,12.526306,,,,,,,Leo,,,0
IC2779,G,170.685458,13.345306,0.3,0.26,179,17.47,,,Leo,B,,0
IC2780,G,170.700542,10.149556,0.65,0.41,5,16.53,,,Leo,B,,0
IC2781,G,170.711125,12.344889,0.36,0.34,146,17.19,,,Leo,B,,0
IC2782,G,170.730667,13.441278,0.94,0.84,19,15.2,,,Leo,B,,0
IC2783,G,170.723458,8.884056,0.7,0.27,162,16.36,,,Leo,B,,0
IC2784,G,170.798458,13.117722,0.65,0.38,17,16.36,,,Leo,B,,0
IC2785,G,170.814,13.39125,0.87,0.72,2,15.54,,,Leo,B,,0
IC2786,G,170.822917,13.392,0.95,0.34,115,16.55,,,Leo,B,,0
IC2787,G,170.8295,13.629778,0.8,0.74,34,15.53,,,Leo,B,,0
IC2788,G,170.862375,12.698028,0.42,0.25,156,18.15,,,Leo,B,,0
IC2789,G,170.886083,14.188028,0.05,0.03,132,18.04,,,Leo,B,,0
IC2790,G,170.891917,9.555361,0.46,0.32,15,16.91,,,Leo,B,,0
IC2791,G,170.90675,12.895778,0.57,0.36,156,17.08,,,Leo,B,,0
IC2792,G,170.922958,11.404833,0.49,0.29,82,17.06,,,Leo,B,,0
IC2793,GPair,170.947458,9.449778,0.5,,,,,,Leo,,,0
IC2793 NED01,G,170.947,9.451333,0.35,0.27,94,17.65,,,Leo,B,,0
IC2793 NED02,G,170.948083,9.448444,0.36,0.2,83,17.69,,,Leo,B,,0
IC2794,*,171.015208,12.790972,,,,,,,Leo,,,0
IC2795,G,171.016958,12.135111,0.36,0.33,37,17.36,,,Leo,B,,0
IC2796,GPair,171.034792,9.344139,0.6,,,,,,Leo,,,0
IC2796 NED01,G,171.034958,9.345722,0.51,0.26,5,17.44,,,Leo,B,,0
IC2796 NED02,G,171.035083,9.342917,0.37,0.17,17,18.19,,,Leo,B,,0
IC2797,G,171.08775,11.705944,0.76,0.47,136,16.41,,,Leo,B,,0
IC2798,G,171.099958,12.415611,0.77,0.26,173,16.93,,,Leo,B,,0
IC2799,G,171.111125,13.849111,0.45,0.32,137,17.18,,,Leo,B,,0
IC2800,G,171.112833,12.208806,0.63,0.19,92,17.35,,,Leo,B,,0
IC2801,G,171.120958,10.183833,0.5,0.32,84,16.34,,,Leo,B,,0
IC2802,G,171.1265,12.20875,0.28,0.23,61,17.8,,,Leo,B,,0
IC2803,G,171.147542,9.850028,0.43,0.21,65,17.3,,,Leo,B,,0
IC2804,G,171.232208,13.222056,0.87,0.23,18,15.11,,,Leo,B,,0
IC2805,*,171.249542,14.014472,,,,,,,Leo,,,0
IC2806,*,171.31375,9.652222,,,,,,,Leo,,,0
IC2807,G,171.321042,11.530056,0.32,0.18,30,17.47,,,Leo,B,,0
IC2808,*,171.362,9.132056,,,,,,,Leo,,,0
IC2809,*,171.407375,8.526278,,,,,,,Leo,,,0
IC2810,G,171.437708,14.676583,1.03,0.41,33,15.24,,,Leo,B,,0
IC2811,G,171.436042,9.170528,0.73,0.35,89,16.7,,,Leo,B,,0
IC2812,G,171.482583,11.529917,0.52,0.23,24,16.94,,,Leo,B,,0
IC2813,G,171.527083,11.25575,0.48,0.4,71,16.75,,,Leo,B,,0
IC2814,G,171.535458,9.661806,0.4,0.29,58,16.7,,,Leo,B,,0
IC2815,G,171.568958,12.803833,0.5,0.35,116,17.09,,,Leo,B,,0
IC2816,G,171.576167,10.6365,0.74,0.27,180,16.58,,,Leo,B,,0
IC2817,*,171.578375,9.149,,,,,,,Leo,,,0
IC2818,G,171.611958,12.920944,0.46,0.34,94,17.31,,,Leo,B,,0
IC2819,G,171.614333,13.844889,0.59,0.28,59,16.05,,,Leo,B,,0
IC2820,G,171.611875,10.238472,0.54,0.25,24,16.55,,,Leo,B,,0
IC2821,G,171.645333,13.962917,0.25,0.18,32,16.82,,,Leo,B,,0
IC2822,G,171.641875,11.440083,1.35,0.6,118,15.12,,,Leo,B,,0
IC2823,G,171.686125,12.848417,0.89,0.31,12,15.8,,,Leo,B,,0
IC2824,*,171.770292,14.085278,,,,,,,Leo,,,0
IC2825,*,171.764833,8.443917,,,,,,,Leo,,,0
IC2826,G,171.775333,13.238722,0.73,0.7,56,15.17,,,Leo,B,,0
IC2827,*,171.790292,11.514389,,,,,,,Leo,,,0
IC2828,G,171.795583,8.731056,1.01,0.44,52,14.88,,,Leo,B,,0
IC2829,G,171.812417,10.322361,0.88,0.52,175,15.66,,,Leo,B,,0
IC2830,G,171.839917,7.814306,0.5,0.44,58,15.54,,,Leo,B,,0
IC2831,*,171.844208,8.978917,,,,,,,Leo,,,0
IC2832,*,171.854667,13.989444,,,,,,,Leo,,,0
IC2833,*,171.858792,13.602806,,,,,,,Leo,,,0
IC2834,G,171.882583,13.570333,0.45,0.37,17,17.47,,,Leo,B,,0
IC2835,G,171.881625,12.142889,0.59,0.3,149,16.86,,,Leo,B,,0
IC2836,*,171.905042,9.084806,,,,,,,Leo,,,0
IC2837,G,171.924833,10.313056,0.43,0.37,39,16.48,,,Leo,B,,0
IC2838,G,171.9385,14.01125,0.22,0.19,173,16.82,,,Leo,B,,0
IC2839,G,171.93925,10.81975,0.54,0.24,0,17.15,,,Leo,B,,0
IC2840,G,171.948333,13.425889,0.43,0.29,154,17.28,,,Leo,B,,0
IC2841,*,171.953583,12.603111,,,,,,,Leo,,,0
IC2842,G,171.948708,9.651972,0.45,0.24,63,17.12,,,Leo,B,,0
IC2843,G,171.992042,13.183917,0.73,0.68,15,15.54,,,Leo,B,,0
IC2844,G,171.992083,11.453278,0.7,0.35,127,16.38,,,Leo,B,,0
IC2845,G,172.001917,12.52975,0.71,0.5,81,16.75,,,Leo,B,,0
IC2846,G,172.002042,11.158278,0.89,0.74,119,15.01,,,Leo,B,,0
IC2847,G,172.014125,13.930389,0.17,0.12,15,17.2,,,Leo,B,,0
IC2848,G,172.056958,13.030472,0.47,0.39,9,17.12,,,Leo,B,,0
IC2849,*,172.048583,9.094,,,,,,,Leo,,,0
IC2850,G,172.054,9.06225,0.8,0.28,126,14.99,,,Leo,B,,0
IC2851,G,172.060875,11.394389,0.44,0.23,46,17.27,,,Leo,B,,0
IC2852,G,172.058542,9.800472,0.49,0.31,119,16.73,,,Leo,B,,0
IC2853,G,172.061917,9.147028,0.91,0.44,172,14.48,,,Leo,B,,0
IC2854,*,172.082792,8.968722,,,,,,,Leo,,,0
IC2855,G,172.104125,9.68775,0.34,0.19,121,18.49,,,Leo,B,,0
IC2856,G,172.067958,-12.890694,0.99,0.43,45,14.6,,,Crt,B,,0
IC2857,G,172.129333,9.104417,1.79,0.32,160,15.31,,,Leo,B,,0
IC2858,G,172.149833,13.6615,0.21,0.17,111,16.95,,,Leo,B,,0
IC2859,*,172.174,9.1085,,,,,,,Leo,,,0
IC2860,G,172.185833,14.041889,0.29,0.2,157,16.64,,,Leo,B,,0
IC2861,G,172.245708,38.851278,0.83,0.74,113,15.33,,,UMa,B,,0
IC2862,G,172.1805,10.127278,0.54,0.3,31,16.91,,,Leo,B,,0
IC2863,*,172.224917,9.095306,,,,,,,Leo,,,0
IC2864,G,172.248625,12.367722,0.61,0.39,157,16.8,,,Leo,B,,0
IC2865,*,172.248958,9.1155,,,,,,,Leo,,,0
IC2866,*,172.250125,9.042194,,,,,,,Leo,,,0
IC2867,G,172.25225,9.089389,0.45,0.36,88,15.92,,,Leo,B,,0
IC2868,*,172.274167,9.094306,,,,,,,Leo,,,0
IC2869,*,172.286333,9.017389,,,,,,,Leo,,,0
IC2870,G,172.30175,11.8655,1.05,0.95,0,18,,,Leo,B,,0
IC2871,G,172.336208,8.602361,0.91,0.66,81,15.22,,,Leo,B,,0
IC2872,Neb,172.033458,-62.988944,15.14,6.03,,,,,Cen,,,0
IC2873,GPair,172.364292,13.218306,0.7,,,,,,Leo,,,0
IC2873 NED01,G,172.364458,13.215694,0.42,0.37,98,17.39,,,Leo,B,,0
IC2873 NED02,G,172.365167,13.220111,0.82,0.58,2,15.08,,,Leo,B,,0
IC2874,G,172.364792,10.629167,0.45,0.27,50,16.85,,,Leo,B,,0
IC2875,*,172.395542,12.989889,,,,,,,Leo,,,0
IC2876,G,172.39,9.016167,0.62,0.32,176,16.74,,,Leo,B,,0
IC2877,G,172.40725,12.853278,0.58,0.45,110,16.05,,,Leo,B,,0
IC2878,G,172.409208,9.967583,0.53,0.25,119,16.54,,,Leo,B,,0
IC2879,G,172.434542,9.013861,0.44,0.33,170,16.84,,,Leo,B,,0
IC2880,*,172.470917,13.198833,,,,,,,Leo,,,0
IC2881,G,172.476708,12.511222,0.32,0.21,90,18.52,,,Leo,B,,0
IC2882,*,172.539333,11.989139,,,,,,,Leo,,,0
IC2883,G,172.565792,10.910917,0.33,0.28,94,17.23,,,Leo,B,,0
IC2884,*Ass,171.921042,-79.734389,,,,,,,Cha,,,0
IC2885,*,172.594208,9.772056,,,,,,,Leo,,,0
IC2886,G,172.601833,11.562667,0.32,0.25,15,17.06,,,Leo,B,,0
IC2887,Dup,172.623833,9.387944,,,,,,,Leo,,,0
IC2888,Other,172.646292,9.9085,,,,,,,Leo,,,0
IC2889,G,172.620792,-13.091,1.22,0.69,151,14.7,,,Crt,B,,0
IC2890,*,172.692292,13.181833,,,,,,,Leo,,,0
IC2891,G,172.700583,12.677722,0.46,0.35,118,16.65,,,Leo,B,,0
IC2892,G,172.703792,10.588556,0.68,0.23,118,16.95,,,Leo,B,,0
IC2893,GPair,172.722,13.391028,0.5,,,,,,Leo,,,0
IC2893 NED01,G,172.721708,13.391972,0.06,0.05,73,17.75,,,Leo,B,,0
IC2893 NED02,G,172.72275,13.389917,0.45,0.28,180,15.96,,,Leo,B,,0
IC2894,G,172.739583,13.235361,0.62,0.32,70,15.97,,,Leo,B,,0
IC2895,*,172.738708,9.976861,,,,,,,Leo,,,0
IC2896,G,172.805958,12.350056,0.47,0.31,159,16.56,,,Leo,B,,0
IC2897,*,172.830708,11.549056,,,,,,,Leo,,,0
IC2898,G,172.835042,13.336222,0.48,0.33,146,16.63,,,Leo,B,,0
IC2899,**,172.834875,10.634722,,,,,,,Leo,,,0
IC2900,G,172.873708,13.167306,0.33,0.28,114,17.3,,,Leo,B,,0
IC2901,G,172.883875,12.699722,0.61,0.37,114,16.97,,,Leo,B,,0
IC2902,*,172.888167,14.22275,,,,,,,Leo,,,0
IC2903,G,172.919833,12.642583,0.44,0.27,34,16.81,,,Leo,B,,0
IC2904,*,172.926542,13.184139,,,,16.8,,,Leo,B,,0
IC2905,*,172.94575,9.106972,,,,,,,Leo,,,0
IC2906,*,172.956708,13.132889,,,,,,,Leo,,,0
IC2907,*,172.953125,9.899444,,,,,,,Leo,,,0
IC2908,*,172.960333,12.937889,,,,,,,Leo,,,0
IC2909,G,172.962042,11.470222,0.24,0.21,35,17.77,,,Leo,B,,0
IC2910,G,172.977958,-9.725361,1.28,0.88,139,14.63,,,Crt,B,,0
IC2911,**,173.019292,12.977361,,,,,,,Leo,,,0
IC2912,G,173.029625,11.70975,0.55,0.19,84,17.11,,,Leo,B,,0
IC2913,G,172.963958,-30.410778,1,0.79,143,13.83,,,Hya,B,,0
IC2914,G,173.051792,13.492472,0.65,0.34,179,15.54,,,Leo,B,,0
IC2915,NonEx,,,,,,,,,,,,0
IC2916,*,173.067292,11.683722,,,,,,,Leo,,,0
IC2917,G,173.080542,10.945444,0.26,0.19,38,18,,,Leo,B,,0
IC2918,*,173.109292,13.2485,,,,,,,Leo,,,0
IC2919,G,173.145417,14.189222,0.55,0.31,45,15.93,,,Leo,B,,0
IC2920,*,173.202792,12.557111,,,,,,,Leo,,,0
IC2921,G,173.205333,10.296472,0.59,0.25,124,16.94,,,Leo,V,,0
IC2922,*,173.213417,12.922833,,,,,,,Leo,,,0
IC2923,G,173.223125,13.163972,0.41,0.29,12,16.79,,,Leo,B,,0
IC2924,*,173.217458,9.023278,,,,,,,Leo,,,0
IC2925,G,173.305125,34.265111,0.48,0.18,21,15.34,,,UMa,B,,0
IC2926,*,173.266958,12.436444,,,,,,,Leo,,,0
IC2927,*,173.269875,13.085722,,,,,,,Leo,,,0
IC2928,G,173.374833,34.31625,0.9,0.74,143,14.67,,,UMa,B,,0
IC2929,G,173.381125,12.137333,0.53,0.43,118,16.21,,,Leo,B,,0
IC2930,G,173.433917,10.088667,0.69,0.29,58,15.75,,,Leo,B,,0
IC2931,*,173.460375,12.467222,,,,,,,Leo,,,0
IC2932,**,173.473792,10.543389,,,,,,,Leo,,,0
IC2933,G,173.553125,34.3125,1.18,0.36,7,14.95,,,UMa,B,,0
IC2934,G,173.581458,13.322,0.74,0.38,153,15.24,,,Leo,B,,0
IC2935,*,173.700875,10.250139,,,,,,,Leo,,,0
IC2936,G,173.73675,13.008806,0.39,0.35,109,16.48,,,Leo,B,,0
IC2937,*,173.764042,10.103361,,,,,,,Leo,,,0
IC2938,G,173.90125,13.680722,0.89,0.62,130,15.26,,,Leo,B,,0
IC2939,*,173.90825,10.697083,,,,,,,Leo,,,0
IC2940,Other,174.011417,21.961667,,,,,,,Leo,,,0
IC2941,G,174.041542,10.055583,0.85,0.59,73,14.96,,,Leo,B,,0
IC2942,G,174.050875,11.815889,0.66,0.35,68,16.18,,,Leo,B,,0
IC2943,G,174.176292,54.846028,0.41,0.33,25,15.14,,,UMa,B,,0
IC2944,Cl+N,173.945542,-63.019833,7.2,,,4.5,,,Cen,B,lam Cen Nebula,0
IC2945,GPair,174.267875,12.926583,1,,,,,,Leo,,,0
IC2945 NED01,G,174.267917,12.926444,0.96,0.7,115,15.21,,,Leo,B,,0
IC2946,G,174.373708,32.252472,0.46,0.27,154,15.03,,,UMa,B,,0
IC2947,G,174.379042,31.362333,0.75,0.56,3,14.21,,,UMa,V,,0
IC2948,Cl+N,174.77475,-63.443861,6,,,,,,Cen,,,0
IC2949,**,175.226458,-46.454583,,,,,,,Cen,,,0
IC2950,G,175.408,37.992111,0.65,0.56,81,14.88,,,UMa,B,,0
IC2951,G,175.852333,19.749806,1.54,0.43,81,13.57,,,Leo,V,,0
IC2952,G,176.071375,33.351361,0.35,0.28,161,15.78,,,UMa,B,,0
IC2953,Dup,176.107417,33.355083,,,,,,,UMa,,,0
IC2954,*,176.263583,26.7865,,,,,,,Leo,,,0
IC2955,G,176.266292,19.620611,0.38,0.37,5,14.19,,,Leo,V,,0
IC2956,G,176.323167,26.767389,0.94,0.8,56,14.83,,,Leo,B,,0
IC2957,G,176.403917,31.299556,0.79,0.47,23,14.91,,,UMa,B,,0
IC2958,G,176.426333,33.154444,0.71,0.58,55,15.7,,,UMa,B,,0
IC2959,Dup,176.54225,33.10875,,,,,,,UMa,,,0
IC2960,G,176.582083,35.00375,0.83,0.72,104,15.37,,,UMa,B,,0
IC2961,G,176.956542,31.34475,0.48,0.29,21,15.66,,,UMa,B,,0
IC2962,Other,177.274958,-12.311361,,,,,,,Crt,,,0
IC2963,Dup,177.352208,-5.118444,,,,,,,Vir,,,0
IC2964,Other,177.468625,12.050306,,,,,,,Leo,,,0
IC2965,Dup,178.506292,-19.568889,,,,,,,Crt,,,0
IC2966,RfN,177.556458,-64.872944,3,2,130,,,,Mus,,,0
IC2967,G,177.729708,30.850694,0.85,0.63,17,14.7,,,UMa,B,,0
IC2968,G,178.127208,20.625472,0.89,0.39,80,15.59,,,Leo,B,,0
IC2969,G,178.130292,-3.87225,1.3,0.74,95,13.78,,,Vir,B,,0
IC2970,Other,178.290625,-23.123278,,,,,,,Crt,,,0
IC2971,G,178.36475,30.696917,0.7,0.48,150,15.73,,,UMa,B,,0
IC2972,Dup,178.419292,-3.996528,,,,,,,Vir,,,0
IC2973,G,178.4615,33.3655,1.42,0.82,120,14.42,,,UMa,B,,0
IC2974,G,178.453042,-5.167833,2.19,0.47,100,14,,,Vir,B,,0
IC2975,Dup,178.453042,-5.167833,,,,,,,Vir,,,0
IC2976,Dup,179.004375,-2.720861,,,,,,,Vir,,,0
IC2977,G,178.811083,-37.696306,2.14,1.17,121,12.24,,,Cen,V,,0
IC2978,G,179.096792,32.038722,1,0.42,130,15.36,,,UMa,B,,0
IC2979,G,179.226,32.158806,0.84,0.54,174,14.46,,,UMa,B,,0
IC2980,G,179.375667,-73.6845,2.04,1.29,41,13.26,,,Mus,B,,0
IC2981,G,178.927583,32.188889,0.53,0.42,3,14.95,,,UMa,B,,0
IC2982,Dup,179.464083,27.868667,,,,,,,Leo,,,0
IC2983,Other,179.569708,-2.110056,,,,,,,Vir,,,0
IC2984,G,179.780125,30.696944,0.73,0.49,77,15.49,,,UMa,B,,0
IC2985,G,179.803125,30.731222,0.9,0.43,139,15.1,,,UMa,B,,0
IC2986,G,179.956708,30.844417,0.99,0.91,15,14.76,,,UMa,B,,0
IC2987,G,180.85225,38.813306,0.6,0.42,64,15.32,,,UMa,B,,0
IC2988,Other,180.925833,3.42925,,,,,,,Vir,,,0
IC2989,Dup,181.141792,1.801611,,,,,,,Vir,,,0
IC2990,G,181.160833,11.050056,0.73,0.32,15,15.09,,,Vir,B,,0
IC2991,G,181.302125,10.640361,0.67,0.24,35,15.83,,,Vir,B,,0
IC2992,G,181.315958,30.855639,0.63,0.52,161,14.83,,,UMa,B,,0
IC2993,G,181.409708,32.822194,0.35,0.31,6,16.01,,,UMa,B,,0
IC2994,G,181.366125,12.702889,0.47,0.39,62,15.65,,,Vir,B,,0
IC2995,G,181.445458,-27.940139,3.37,0.85,114,12.57,,,Hya,V,,0
IC2996,G,181.452625,-29.971917,1.78,0.44,23,14.37,,,Hya,B,,0
IC2997,Other,181.435292,20.280861,,,,,,,Com,,,0
IC2998,Other,181.480167,20.753361,,,,,,,Com,,,0
IC2999,G,181.48975,31.3485,0.67,0.26,51,15.72,,,UMa,B,,0
IC3000,Other,181.535625,-29.673389,,,,,,,Hya,,,0
IC3001,G,181.570042,33.525861,0.73,0.37,73,15.46,,,UMa,B,,0
IC3002,G,181.767458,33.382833,0.61,0.47,86,15.59,,,CVn,B,,0
IC3003,G,181.885917,32.813,0.8,0.58,145,14.91,,,Com,B,,0
IC3004,G,181.792667,13.247528,0.61,0.4,24,15.77,,,Vir,B,,0
IC3005,G,181.809042,-30.024639,2.42,0.66,160,13.83,,,Hya,B,,0
IC3006,Other,181.851417,12.993389,,,,,,,Vir,,,0
IC3007,G,181.87825,31.348111,0.69,0.42,75,15.55,,,Com,B,,0
IC3008,G,181.965833,13.577306,0.93,0.51,22,14.74,,,Com,B,,0
IC3009,Other,182.000458,12.646472,,,,,,,Vir,,,0
IC3010,G,181.989208,-30.339472,2.09,1.91,84,12.22,,,Hya,V,,0
IC3011,Dup,182.040083,10.378889,,,,,,,Vir,,,0
IC3012,G,182.09975,11.176611,0.59,0.26,46,15.89,,,Vir,B,,0
IC3013,G,182.106583,10.016667,0.58,0.41,159,15.28,,,Vir,B,,0
IC3014,G,182.154167,38.831778,0.82,0.58,20,14.46,,,CVn,B,,0
IC3015,G,182.251167,-31.519889,0.72,0.23,164,13.15,,,Hya,B,,0
IC3016,G,182.32725,11.430222,0.49,0.45,16,15.23,,,Vir,B,,0
IC3017,G,182.345125,13.618167,0.6,0.35,50,16.43,,,Com,B,,0
IC3018,G,182.354,13.574444,0.66,0.25,176,15.88,,,Com,B,,0
IC3019,G,182.34275,13.992417,1.26,0.99,130,13.98,,,Com,B,,0
IC3020,G,182.363417,14.2245,0.36,0.28,77,16.42,,,Com,B,,0
IC3021,G,182.477375,13.049972,1.29,0.81,178,15.53,,,Vir,B,,0
IC3022,G,182.509917,38.739972,0.2,0.2,179,14.3,,,CVn,B,,0
IC3023,G,182.507292,14.366861,1.04,0.64,138,15.92,,,Com,B,,0
IC3024,G,182.549708,12.325667,0.9,0.29,168,15.06,,,Vir,B,,0
IC3025,G,182.596208,10.188556,0.73,0.43,102,14.94,,,Vir,B,,0
IC3026,Other,182.642917,-29.923222,,,,,,,Hya,,,0
IC3027,Other,182.625292,14.193528,,,,,,,Com,,,0
IC3028,G,182.648708,11.760806,0.55,0.31,152,15.72,,,Vir,B,,0
IC3029,G,182.674417,13.331278,1.26,0.43,30,14.84,,,Com,B,,0
IC3030,Other,182.775125,14.143556,,,,,,,Com,,,0
IC3031,G,182.767417,13.308444,0.61,0.22,31,16.98,,,Com,B,,0
IC3032,G,182.782333,14.274806,0.59,0.52,40,15.25,,,Com,B,,0
IC3033,G,182.791458,13.5875,1.03,0.47,3,15.09,,,Com,B,,0
IC3034,G,182.949167,14.201139,0.74,0.23,150,16.23,,,Com,B,,0
IC3035,Dup,183.049167,13.246528,,,,,,,Vir,,,0
IC3036,G,183.062958,12.488389,0.88,0.47,165,14.77,,,Vir,B,,0
IC3037,G,183.085333,9.986444,0.48,0.44,40,15.26,,,Vir,B,,0
IC3038,G,183.135875,11.352833,0.41,0.3,106,15.3,,,Vir,B,,0
IC3039,G,183.135708,12.309889,0.91,0.37,22,15.06,,,Vir,B,,0
IC3040,G,183.143875,11.075028,0.77,0.69,171,15.29,,,Vir,B,,0
IC3041,G,183.17775,12.762833,0.62,0.17,60,16.96,,,Vir,B,,0
IC3042,Dup,183.193542,10.865972,,,,,,,Vir,,,0
IC3043,G,183.196583,10.009667,0.93,0.22,170,16.6,,,Vir,B,,0
IC3044,G,183.202167,13.976472,1.26,0.5,70,14.28,,,Com,B,,0
IC3045,Other,183.248625,12.7795,,,,,,,Vir,,,0
IC3046,G,183.282792,12.918222,1.34,0.29,132,15.31,,,Vir,B,,0
IC3047,G,183.310958,12.997667,0.58,0.35,37,16.54,,,Vir,B,,0
IC3048,*,183.339333,13.069028,,,,,,,Vir,,,0
IC3049,G,183.390417,14.480278,0.9,0.6,0,15.66,,,Com,B,,0
IC3050,Dup,183.446958,13.424806,,,,,,,Com,,,0
IC3051,Dup,183.473292,13.172861,,,,,,,Vir,,,0
IC3052,G,183.451125,12.690556,0.49,0.33,131,17.15,,,Vir,B,,0
IC3053,G,183.466375,14.222972,0.56,0.35,4,15.27,,,Com,B,,0
IC3054,G,183.560125,13.542944,0.68,0.54,158,16.33,,,Com,B,,0
IC3055,GTrpl,183.592917,12.091389,0.5,,,,,,Vir,,,0
IC3055 NED01,G,183.591125,12.090556,0.52,0.26,61,17.47,,,Vir,B,,0
IC3055 NED02,G,183.592125,12.091889,0.12,0.1,88,,,,Vir,,,0
IC3055 NED03,G,183.594208,12.091639,0.42,0.29,69,16.46,,,Vir,B,,0
IC3056,G,183.653917,12.811861,1.3,0.5,62,14.84,,,Vir,V,,0
IC3057,Other,183.761125,-44.472972,,,,,,,Cen,,,0
IC3058,G,183.697708,14.0955,0.54,0.35,127,16.29,,,Com,B,,0
IC3059,G,183.72925,13.460528,1.69,1.39,3,14.27,,,Com,V,,0
IC3060,G,183.758708,12.547111,0.72,0.53,178,14.82,,,Vir,B,,0
IC3061,G,183.7685,14.028972,2.22,0.4,120,13.61,,,Com,V,,0
IC3062,G,183.772375,13.59475,0.81,0.67,175,14.6,,,Com,B,,0
IC3063,G,183.778042,12.016722,0.98,0.49,18,14.76,,,Vir,B,,0
IC3064,Dup,183.820042,13.023972,,,,,,,Vir,,,0
IC3065,G,183.802333,14.432889,1.24,0.88,179,14.39,,,Com,B,,0
IC3066,G,183.819083,13.473139,0.97,0.32,138,15.72,,,Com,B,,0
IC3067,Dup,183.816208,23.958167,,,,,,,Com,,,0
IC3068,G,183.846667,11.510889,0.46,0.21,44,16.52,,,Vir,B,,0
IC3069,G,183.832792,10.160806,0.5,0.21,111,16.58,,,Vir,B,,0
IC3070,*,183.852792,13.039472,,,,,,,Vir,,,0
IC3071,*,183.88275,9.545556,,,,,,,Vir,,,0
IC3072,*,183.908875,9.555639,,,,,,,Vir,,,0
IC3073,G,183.898333,13.619167,0.88,0.67,103,15.15,,,Com,B,,0
IC3074,G,183.942458,10.699194,0.34,0.29,157,14.81,,,Vir,B,,0
IC3075,G,183.979542,23.595556,0.93,0.55,62,15.13,,,Com,B,,0
IC3076,*,184.016583,9.078944,,,,,,,Vir,,,0
IC3077,G,183.98475,14.433028,1.07,0.73,179,14.6,,,Com,B,,0
IC3078,G,184.000167,12.687306,0.58,0.5,31,15.7,,,Vir,V,,0
IC3079,G,184.017208,11.534861,0.71,0.44,22,15.29,,,Vir,B,,0
IC3080,G,184.011125,14.189389,0.73,0.6,55,15,,,Com,B,,0
IC3081,G,184.03775,12.691306,0.77,0.4,86,15,,,Vir,V,,0
IC3082,G,184.050417,23.842083,0.67,0.19,8,15.91,,,Com,B,,0
IC3083,G,184.0885,12.527778,0.47,0.4,21,17.14,,,Vir,B,,0
IC3084,G,184.09775,23.917889,0.45,0.34,0,15.65,,,Com,B,,0
IC3085,*,184.108375,9.469,,,,,,,Vir,,,0
IC3086,**,184.115583,9.009167,,,,,,,Vir,,,0
IC3087,**,184.110417,13.287778,,,,,,,Vir,,,0
IC3088,*,184.118167,9.458806,,,,,,,Vir,,,0
IC3089,G,184.12375,23.827722,0.73,0.73,58,15.67,,,Com,B,,0
IC3090,**,184.131708,9.439444,,,,,,,Vir,,,0
IC3091,G,184.121542,14.012361,1.08,0.5,125,14.47,,,Com,B,,0
IC3092,G,184.134542,10.046417,0.37,0.26,159,16.38,,,Vir,B,,0
IC3093,G,184.1765,14.277806,0.37,0.26,177,14.79,,,Com,B,,0
IC3094,G,184.233375,13.625417,0.54,0.46,108,14.53,,,Com,B,,0
IC3095,G,184.231417,23.957917,0.53,0.36,77,15.77,,,Com,B,,0
IC3096,G,184.218167,14.514583,1.11,0.37,96,15.18,,,Com,B,,0
IC3097,G,184.254625,9.407556,0.79,0.53,26,15.26,,,Vir,B,,0
IC3098,Dup,184.291167,7.191583,,,,,,,Vir,,,0
IC3099,G,184.288625,12.454028,1.85,0.33,174,14.97,,,Vir,B,,0
IC3100,G,184.273125,12.289833,1.41,0.44,58,15.09,,,Vir,B,,0
IC3101,G,184.331875,11.943472,0.63,0.49,37,15.75,,,Vir,B,,0
IC3102,Dup,184.357542,6.690083,,,,,,,Vir,,,0
IC3103,*,184.368542,9.360444,,,,14.56,,,Vir,V,,0
IC3104,G,184.691917,-79.726056,2.4,1.32,42,13.66,,,Cha,B,,0
IC3105,G,184.390625,12.388111,1.55,0.31,28,14.81,,,Vir,B,,0
IC3106,*,184.440875,9.613139,,,,,,,Vir,,,0
IC3107,G,184.445542,10.844639,1.25,0.55,130,14.3,,,Vir,B,,0
IC3108,G,184.427917,13.379917,0.77,0.21,93,14.76,,,Com,B,,0
IC3109,G,184.433792,13.171028,0.67,0.51,160,14.86,,,Vir,B,,0
IC3110,G,184.436833,37.399694,0.27,0.22,44,16.39,,,CVn,B,,0
IC3111,G,184.461708,8.430278,0.62,0.3,18,14.99,,,Vir,B,,0
IC3112,G,184.4515,26.030722,1.14,0.57,174,15,,,Com,B,,0
IC3113,Dup,184.492167,7.185917,,,,,,,Vir,,,0
IC3114,*,184.486458,9.135389,,,,,,,Vir,,,0
IC3115,Dup,184.499583,6.654194,,,,,,,Vir,,,0
IC3116,G,184.488208,25.076528,0.45,0.41,19,16.19,,,Com,B,,0
IC3117,**,184.519417,9.076528,,,,,,,Vir,,,0
IC3118,G,184.546042,9.499806,1.29,0.52,171,14.74,,,Vir,B,,0
IC3119,G,184.535333,24.688306,0.57,0.51,146,15.4,,,Com,B,,0
IC3120,G,184.563958,13.749139,0.64,0.54,134,15.8,,,Com,B,,0
IC3121,GPair,184.572917,13.257222,0.5,,,,,,Vir,,,0
IC3121 NED01,G,184.573708,13.256444,0.53,0.27,129,17.33,,,Vir,B,,0
IC3121 NED02,G,184.572333,13.258278,0.49,0.43,158,17.5,,,Vir,B,,0
IC3122,G,184.58925,25.216806,1.27,0.57,150,14.59,,,Com,B,,0
IC3123,*,184.614958,8.064917,,,,7.26,,,Vir,V,,0
IC3124,*,184.614708,9.588389,,,,,,,Vir,,,0
IC3125,*,184.606125,24.365111,,,,,,,Com,,,0
IC3126,G,184.654833,13.815167,0.5,0.38,26,16.18,,,Com,B,,0
IC3127,G,184.646792,11.870417,0.52,0.45,24,15.3,,,Vir,B,,0
IC3128,GTrpl,184.6675,11.733611,1.4,,,,,,Vir,,,0
IC3128A,G,184.674458,11.731833,0.65,0.34,156,15,,,Vir,B,,0
IC3128B,G,184.660667,11.735028,0.33,0.17,179,18.27,,,Vir,B,,0
IC3129,*,184.687333,9.590667,,,,,,,Vir,,,0
IC3130,**,184.706667,8.232972,,,,,,,Vir,,,0
IC3131,G,184.712042,7.861889,1,0.99,50,14.09,,,Vir,B,,0
IC3132,Dup,184.712042,7.861889,,,,,,,Vir,,,0
IC3133,Other,184.727333,7.639667,,,,,,,Vir,,,0
IC3134,G,184.733833,8.961611,0.8,0.33,169,14.73,,,Vir,B,,0
IC3135,G,184.719083,27.4915,0.33,0.24,117,17.05,,,Com,B,,0
IC3136,G,184.739042,6.184389,1.22,0.46,33,14.89,,,Vir,B,,0
IC3137,G,184.727792,12.470056,0.67,0.17,43,16.89,,,Vir,B,,0
IC3138,GPair,184.734167,12.443889,0.5,,,,,,Vir,,,0
IC3138 NED01,G,184.734,12.445278,0.44,0.32,72,16.53,,,Vir,B,,0
IC3138 NED02,G,184.734167,12.442111,0.17,0.1,173,,,,Vir,,,0
IC3139,*,184.753167,9.126778,,,,,,,Vir,,,0
IC3140,*,184.741167,27.129472,,,,,,,Com,,,0
IC3141,G,184.7435,24.186278,0.89,0.51,36,15.34,,,Com,B,,0
IC3142,GPair,184.764583,13.981389,1.4,,,,,,Com,,,0
IC3142 NED01,G,184.75825,13.982444,0.67,0.58,33,15.39,,,Com,B,,0
IC3142 NED02,G,184.771458,13.980528,0.86,0.37,140,15.2,,,Com,B,,0
IC3143,G,184.772458,27.298417,0.63,0.44,146,15.63,,,Com,B,,0
IC3144,G,184.790667,25.296972,0.38,0.29,29,16.77,,,Com,B,,0
IC3145,*,184.793708,24.294139,,,,,,,Com,,,0
IC3146,G,184.802083,25.715028,0.51,0.47,54,16.77,,,Com,B,,0
IC3147,GPair,184.824583,12.017222,1,,,,,,Vir,,,0
IC3147 NED01,G,184.821625,12.016194,0.66,0.39,74,16.12,,,Vir,B,,0
IC3147 NED02,G,184.827792,12.018194,0.51,0.33,71,16.17,,,Vir,B,,0
IC3148,G,184.840083,7.870333,0.62,0.41,42,15.61,,,Vir,B,,0
IC3149,G,184.850875,12.301389,0.64,0.62,85,15.2,,,Vir,B,,0
IC3150,G,184.868708,7.798222,0.36,0.23,37,15.44,,,Vir,B,,0
IC3151,G,184.887,9.414222,0.9,0.39,115,14.78,,,Vir,B,,0
IC3152,G,184.899958,-26.1455,1.66,1.45,41,12.43,,,Hya,V,,0
IC3153,G,184.9035,5.397806,0.54,0.45,44,15,,,Vir,B,,0
IC3154,G,184.891625,25.585917,0.61,0.44,105,15.99,,,Com,B,,0
IC3155,G,184.938792,6.00575,1,0.46,34,14.42,,,Vir,B,,0
IC3156,G,184.933917,9.148583,0.72,0.49,64,14.66,,,Vir,B,,0
IC3157,G,184.949667,12.421944,0.96,0.54,109,15.09,,,Vir,B,,0
IC3158,**,184.95775,9.28975,,,,,,,Vir,,,0
IC3159,G,184.971708,11.674472,0.5,0.35,29,16.6,,,Vir,B,,0
IC3160,*,184.999375,9.101889,,,,,,,Vir,,,0
IC3161,*,185.005042,8.999056,,,,,,,Vir,,,0
IC3162,*,185.013042,8.996972,,,,,,,Vir,,,0
IC3163,**,185.023958,9.255611,,,,,,,Vir,,,0
IC3164,**,185.020375,24.955917,,,,,,,Com,,,0
IC3165,G,185.019875,27.975333,1,0.63,9,14.75,,,Com,B,,0
IC3166,Other,184.975,60.694278,,,,,,,UMa,,,0
IC3167,G,185.07825,9.545361,1.35,0.78,110,14.72,,,Vir,B,,0
IC3168,G,185.07725,27.920389,0.72,0.43,58,15.66,,,Com,B,,0
IC3169,G,185.089125,25.5995,0.48,0.33,136,16.57,,,Com,B,,0
IC3170,G,185.110625,9.42425,0.58,0.57,55,14.63,,,Vir,B,,0
IC3171,G,185.10025,25.560583,0.92,0.68,56,14.63,,,Com,B,,0
IC3172,G,185.102292,27.818778,0.68,0.49,6,16.29,,,Com,B,,0
IC3173,G,185.12575,11.340944,0.72,0.54,85,15.3,,,Vir,B,,0
IC3174,G,185.123042,10.245167,0.63,0.4,149,15.25,,,Vir,B,,0
IC3175,G,185.138958,9.853417,0.83,0.39,53,15,,,Vir,B,,0
IC3176,G,185.125333,25.515417,0.67,0.26,151,16.33,,,Com,B,,0
IC3177,Other,185.143042,14.127611,,,,,,,Com,,,0
IC3178,*,185.146083,26.169306,,,,,,,Com,,,0
IC3179,G,185.157208,26.165389,0.32,0.32,123,16.62,,,Com,B,,0
IC3180,Other,185.098917,60.694333,,,,,,,UMa,,,0
IC3181,Dup,185.175375,29.345889,,,,,,,Com,,,0
IC3182,**,185.199,12.730139,,,,,,,Vir,,,0
IC3183,**,185.203625,6.686722,,,,,,,Vir,,,0
IC3184,G,185.195,24.915583,0.77,0.39,42,15.64,,,Com,B,,0
IC3185,G,185.2195,25.429694,0.68,0.22,106,15.9,,,Com,B,,0
IC3186,G,185.232833,24.668583,0.53,0.41,155,14.44,,,Com,V,,0
IC3187,G,185.227833,11.161806,0.69,0.42,101,15.47,,,Vir,B,,0
IC3188,G,185.229583,11.008889,0.77,0.55,54,14.81,,,Vir,B,,0
IC3189,G,185.234667,25.426528,0.6,0.3,111,16.24,,,Com,B,,0
IC3190,*,185.260042,9.569778,,,,,,,Vir,,,0
IC3191,*,185.271458,7.704417,,,,,,,Vir,,,0
IC3192,G,185.270042,11.754611,0.58,0.45,170,16.11,,,Vir,B,,0
IC3193,G,185.255333,27.898778,0.98,0.38,132,15.65,,,Com,B,,0
IC3194,G,185.2875,25.1335,0.57,0.43,172,16.37,,,Com,B,,0
IC3195,G,185.322625,25.808278,0.52,0.46,44,16.38,,,Com,B,,0
IC3196,G,185.360958,11.757778,0.53,0.41,88,16.43,,,Vir,B,,0
IC3197,*,185.357917,25.443889,,,,,,,Com,,,0
IC3198,*,185.37975,26.366306,,,,,,,Com,,,0
IC3199,G,185.44,10.595639,1,0.52,2,15.03,,,Vir,B,,0
IC3200,G,185.404958,26.760778,0.53,0.39,6,16.46,,,Com,B,,0
IC3201,G,185.418208,25.726,0.4,0.25,111,17.05,,,Com,B,,0
IC3202,G,185.434708,27.057111,0.67,0.55,130,16.69,,,Com,B,,0
IC3203,G,185.440125,25.884667,1.31,0.22,146,15.43,,,Com,B,,0
IC3204,G,185.460125,24.249111,0.52,0.3,108,16.79,,,Com,B,,0
IC3205,G,185.46225,26.341,0.62,0.52,113,15.55,,,Com,B,,0
IC3206,G,185.463792,26.363583,0.53,0.31,106,15.79,,,Com,B,,0
IC3207,G,185.467625,24.354556,0.79,0.31,91,16.36,,,Com,B,,0
IC3208,G,185.481583,11.966833,0.98,0.4,78,15.96,,,Vir,B,,0
IC3209,G,185.525625,11.754722,1,0.36,151,14.97,,,Vir,B,,0
IC3210,G,185.504083,28.431083,0.66,0.5,85,15.38,,,Com,B,,0
IC3211,Dup,185.5305,8.990556,,,,,,,Vir,,,0
IC3212,G,185.514167,28.186,0.71,0.65,110,15.53,,,Com,B,,0
IC3213,G,185.531958,23.869611,0.49,0.28,175,15.5,,,Com,B,,0
IC3214,*,185.537958,27.235083,,,,,,,Com,,,0
IC3215,G,185.54325,26.051944,1.27,0.35,93,15.53,,,Com,B,,0
IC3216,G,185.549208,25.286694,0.52,0.4,104,16.52,,,Com,B,,0
IC3217,G,185.554458,26.388028,0.41,0.23,40,17.53,,,Com,B,,0
IC3218,G,185.581333,6.927917,0.64,0.56,74,15.66,,,Vir,B,,0
IC3219,G,185.562625,25.951333,0.84,0.25,5,16.45,,,Com,B,,0
IC3220,G,185.589958,10.601972,1.05,0.48,4,15.95,,,Vir,B,,0
IC3221,G,185.583958,25.283778,0.57,0.27,128,17.14,,,Com,B,,0
IC3222,G,185.581125,28.831583,0.59,0.36,16,15.1,,,Com,V,,0
IC3223,Other,185.627542,9.48725,,,,,,,Vir,,,0
IC3224,G,185.649625,12.158028,0.38,0.31,51,16.3,,,Vir,B,,0
IC3225,G,185.662458,6.677056,0.91,0.4,34,14.38,,,Vir,B,,0
IC3226,*,185.645625,26.067333,,,,,,,Com,,,0
IC3227,G,185.648583,24.085139,0.46,0.22,169,16.52,,,Com,B,,0
IC3228,G,185.664083,24.330083,1.11,0.25,141,16.19,,,Com,B,,0
IC3229,G,185.72,6.679861,1.23,0.41,43,15.25,,,Vir,B,,0
IC3230,G,185.665333,27.746972,0.44,0.32,101,16.41,,,Com,B,,0
IC3231,G,185.682417,24.820472,0.65,0.47,0,,,,Com,,,0
IC3232,*,185.699125,24.424528,,,,,,,Com,,,0
IC3233,G,185.728708,12.566778,0.69,0.34,90,16.56,,,Vir,B,,0
IC3234,G,185.717333,28.112528,0.42,0.38,82,16.93,,,Com,B,,0
IC3235,G,185.74125,13.545778,0.62,0.33,146,16.55,,,Com,B,,0
IC3236,G,185.750958,10.101222,0.42,0.23,132,16.46,,,Vir,B,,0
IC3237,G,185.741708,28.494167,0.47,0.32,67,15.89,,,Com,B,,0
IC3238,G,185.776583,14.458333,0.67,0.47,11,14.67,,,Com,B,,0
IC3239,G,185.789875,11.726,0.78,0.3,147,16.16,,,Vir,B,,0
IC3240,G,185.7805,10.362278,0.46,0.31,77,16.54,,,Vir,B,,0
IC3241,G,185.785167,26.905278,0.67,0.49,17,16.33,,,Com,B,,0
IC3242,G,185.7935,26.248889,0.63,0.38,158,16.48,,,Com,B,,0
IC3243,G,185.797208,27.765694,0.75,0.36,62,15.66,,,Com,B,,0
IC3244,G,185.801083,14.388972,0.77,0.61,80,15,,,Com,B,,0
IC3245,Other,185.823792,9.129556,,,,,,,Vir,,,0
IC3246,G,185.821458,13.051833,0.54,0.48,43,16.32,,,Vir,B,,0
IC3247,G,185.808292,28.89375,1.86,0.26,174,15.4,,,Com,B,,0
IC3248,*,185.820333,25.552028,,,,,,,Com,,,0
IC3249,G,185.824708,25.444667,0.37,0.21,13,16.79,,,Com,B,,0
IC3250,*,185.82425,25.628806,,,,,,,Com,,,0
IC3251,*,185.828708,25.653389,,,,,,,Com,,,0
IC3252,**,185.853833,28.618222,,,,,,,Com,,,0
IC3253,G,185.938417,-34.622194,3.02,1.2,24,12.12,,,Cen,V,,0
IC3254,Dup,185.874292,19.426917,,,,,,,Com,,,0
IC3255,G,185.89475,9.648611,0.6,0.49,101,14.73,,,Vir,B,,0
IC3256,Dup,185.9125,7.054,,,,,,,Vir,,,0
IC3257,Other,185.936292,7.253778,,,,,,,Vir,,,0
IC3258,G,185.935292,12.478333,1.35,1.09,88,13.3,,,Vir,V,,0
IC3259,G,185.952167,7.186833,1.64,0.83,18,13.52,,,Vir,V,,0
IC3260,Dup,185.973167,7.107111,,,,,,,Vir,,,0
IC3261,G,185.96875,11.481306,0.47,0.24,110,17.21,,,Vir,B,,0
IC3262,G,185.950708,27.394278,0.77,0.38,149,15.23,,,Com,B,,0
IC3263,G,185.960792,28.1995,0.6,0.57,57,14.4,,,Com,V,,0
IC3264,G,185.966458,25.557389,0.59,0.36,145,16.72,,,Com,B,,0
IC3265,*,185.995125,7.803778,,,,,,,Vir,,,0
IC3266,Dup,186.001083,7.785194,,,,,,,Vir,,,0
IC3267,G,186.023042,7.041278,1.21,1.17,30,13.42,,,Vir,V,,0
IC3268,G,186.031,6.607472,1,0.8,12,13.77,,,Vir,B,,0
IC3269,G,186.018333,27.434778,0.75,0.43,167,16.48,,,Com,B,,0
IC3270,G,186.024375,27.577889,0.61,0.52,128,16.34,,,Com,B,,0
IC3271,G,186.058042,7.952972,0.79,0.71,102,14.57,,,Vir,B,,0
IC3272,G,186.038792,23.284639,0.51,0.25,153,16.81,,,Com,B,,0
IC3273,Dup,186.060542,8.535861,,,,,,,Vir,,,0
IC3274,Dup,186.061333,9.266861,,,,,,,Vir,,,0
IC3275,G,186.081167,10.446333,0.53,0.35,89,16.49,,,Vir,B,,0
IC3276,G,186.05875,25.818778,0.57,0.43,102,16.48,,,Com,B,,0
IC3277,Other,186.065458,25.564,,,,,,,Com,,,0
IC3278,GTrpl,186.062333,27.420806,0.9,,,,,,Com,,,0
IC3278 NED01,G,186.059792,27.423472,0.36,0.32,9,17.69,,,Com,B,,0
IC3278 NED02,G,186.06275,27.42325,0.54,0.49,10,16.71,,,Com,B,,0
IC3278 NED03,G,186.064333,27.418472,0.43,0.3,86,16.75,,,Com,B,,0
IC3279,**,186.100125,12.852444,,,,,,,Vir,,,0
IC3280,G,186.111417,13.233444,0.7,0.57,38,15.06,,,Vir,B,,0
IC3281,Other,186.116292,7.819139,,,,,,,Vir,,,0
IC3282,*,186.116875,25.670639,,,,,,,Com,,,0
IC3283,G,186.11675,27.21125,0.68,0.32,46,16.47,,,Com,B,,0
IC3284,G,186.1565,10.839028,0.55,0.5,137,15.25,,,Vir,B,,0
IC3285,*,186.139542,24.859667,,,,,,,Com,,,0
IC3286,G,186.143667,23.747889,0.49,0.4,69,16.11,,,Com,B,,0
IC3287,G,186.154,24.594722,0.21,0.19,16,17.6,,,Com,B,,0
IC3288,G,186.164208,24.949861,0.55,0.36,131,16.31,,,Com,B,,0
IC3289,G,186.239375,-26.030722,1.15,1.08,28,14.17,,,Hya,B,,0
IC3290,G,186.287333,-39.7755,2.22,1.49,36,13.57,,,Cen,B,,0
IC3291,G,186.201708,12.0185,0.57,0.37,80,16.46,,,Vir,B,,0
IC3292,G,186.2015,18.195111,1.09,0.82,134,15.03,,,Com,B,,0
IC3293,G,186.222958,17.432417,0.69,0.44,65,16.31,,,Com,B,,0
IC3294,G,186.207208,25.597472,0.38,0.29,2,17.28,,,Com,B,,0
IC3295,Other,186.204083,28.707833,,,,,,,Com,,,0
IC3296,G,186.241,24.382861,0.49,0.35,101,15.54,,,Com,B,,0
IC3297,*,186.24225,26.771194,,,,,,,Com,,,0
IC3298,G,186.265833,17.015333,1.28,0.37,156,15.26,,,Com,B,,0
IC3299,G,186.263083,27.374472,0.6,0.41,36,17.2,,,Com,B,,0
IC3300,G,186.27075,25.957556,1.15,0.3,80,15.2,,,Com,B,,0
IC3301,G,186.323083,14.172556,0.52,0.4,31,16.12,,,Com,B,,0
IC3302,G,186.293458,25.879806,0.37,0.35,29,16.98,,,Com,B,,0
IC3303,G,186.313333,12.714611,0.95,0.55,70,14.37,,,Vir,V,,0
IC3304,G,186.298833,25.424278,0.24,0.17,92,18.61,,,Com,B,,0
IC3305,G,186.310417,11.849611,1.08,0.44,41,14.9,,,Vir,B,,0
IC3306,G,186.302,27.402361,0.94,0.32,142,16.14,,,Com,B,,0
IC3307,Dup,186.323083,14.172556,,,,,,,Com,,,0
IC3308,G,186.325875,26.715111,0.58,0.28,64,14.96,,,Com,V,,0
IC3309,G,186.333875,28.381,1,0.37,87,15.65,,,Com,B,,0
IC3310,*,186.480417,15.680528,,,,,,,Com,,,0
IC3311,G,186.387958,12.260333,1.85,0.44,134,14.68,,,Vir,B,,0
IC3312,G,186.374583,23.581639,0.5,0.3,157,17.05,,,Com,B,,0
IC3313,G,186.401833,15.829833,1.34,1.27,179,14.22,,,Com,B,,0
IC3314,G,186.381208,23.591056,0.53,0.47,19,16.25,,,Com,B,,0
IC3315,G,186.412208,12.31375,0.6,0.49,85,15.9,,,Vir,B,,0
IC3316,G,186.400625,26.16325,0.46,0.4,96,16.55,,,Com,B,,0
IC3317,G,186.412125,25.343917,0.52,0.48,14,17.16,,,Com,B,,0
IC3318,*,186.457708,9.762806,,,,11.44,,,Vir,V,,0
IC3319,Other,186.462208,10.391,,,,,,,Vir,,,0
IC3320,Dup,186.461125,10.459056,,,,,,,Vir,,,0
IC3321,G,186.442417,26.082528,0.71,0.32,8,16.55,,,Com,B,,0
IC3322,G,186.475417,7.554778,2.33,0.65,156,14.08,,,Vir,B,,0
IC3323,*,186.450333,27.542389,,,,,,,Com,,,0
IC3324,G,186.454833,26.739889,0.3,0.27,171,17.06,,,Com,B,,0
IC3325,G,186.464458,23.895917,0.71,0.59,26,15.85,,,Com,B,,0
IC3326,G,186.469792,23.768444,0.44,0.22,168,16.66,,,Com,B,,0
IC3327,G,186.511583,14.880361,0.9,0.78,42,15.09,,,Com,B,,0
IC3328,G,186.491375,10.053778,0.88,0.82,45,14.38,,,Vir,B,,0
IC3329,HII,186.483,27.564111,,,,,,,Com,,,0
IC3330,G,186.484625,30.843583,1.14,0.5,101,14.97,,,Com,B,,0
IC3331,G,186.522167,11.812222,1.02,0.54,51,15.04,,,Vir,B,,0
IC3332,G,186.521625,25.279833,0.28,0.12,135,,,,Com,,,0
IC3333,*,186.536542,13.132944,,,,14.8,,,Vir,V,,0
IC3334,G,186.539708,28.465833,0.75,0.65,2,16.22,,,Com,B,,0
IC3335,G,186.579708,26.129306,0.34,0.25,10,17.25,,,Com,B,,0
IC3336,G,186.582875,26.838444,0.64,0.29,74,15.4,,,Com,B,,0
IC3337,G,186.589458,25.311528,0.55,0.47,44,16.93,,,Com,B,,0
IC3338,G,186.592833,25.886222,0.83,0.36,67,15.94,,,Com,B,,0
IC3339,Dup,186.625417,8.872222,,,,,,,Vir,,,0
IC3340,G,186.636292,16.844667,0.7,0.36,24,15.41,,,Com,B,,0
IC3341,G,186.596625,27.745528,0.46,0.26,72,16.69,,,Com,B,,0
IC3342,*,186.614042,27.138639,,,,,,,Com,,,0
IC3343,*,186.64625,8.874278,,,,,,,Vir,,,0
IC3344,G,186.634958,13.578778,0.8,0.44,60,14.91,,,Com,V,,0
IC3345,G,186.638917,24.368861,0.33,0.3,106,17.19,,,Com,B,,0
IC3346,G,186.685125,11.379722,0.65,0.5,147,15.78,,,Vir,B,,0
IC3347,G,186.685708,10.918583,0.55,0.36,141,16.31,,,Vir,B,,0
IC3348,G,186.658792,25.624889,0.41,0.36,66,17.3,,,Com,B,,0
IC3349,G,186.696083,12.453972,0.9,0.85,25,14.08,,,Vir,V,,0
IC3350,**,186.693458,9.442611,,,,12.68,,,Vir,V,,0
IC3351,*,186.670792,27.605583,,,,,,,Com,,,0
IC3352,Other,186.699167,8.7575,,,,,,,Vir,,,0
IC3353,G,186.687833,27.912333,0.83,0.15,98,16.82,,,Com,B,,0
IC3354,*,186.714417,12.097139,,,,,,,Vir,,,0
IC3355,G,186.713083,13.175722,1.09,0.43,166,15.06,,,Vir,V,,0
IC3356,G,186.710375,11.559028,1.47,0.8,70,15.45,,,Vir,B,,0
IC3357,G,186.713958,9.7775,0.51,0.25,164,15.36,,,Vir,B,,0
IC3358,G,186.726417,11.663972,1.05,0.82,118,13.61,,,Vir,V,,0
IC3359,G,186.714167,23.498167,0.51,0.28,70,16.64,,,Com,B,,0
IC3360,*,186.711333,26.046639,,,,,,,Com,,,0
IC3361,G,186.727292,10.665861,1.02,0.71,119,15.49,,,Vir,B,,0
IC3362,G,186.726708,26.690083,0.8,0.56,118,16.15,,,Com,B,,0
IC3363,G,186.762792,12.560806,0.97,0.43,124,14.84,,,Vir,V,,0
IC3364,G,186.770458,25.56325,0.59,0.4,86,16.54,,,Com,B,,0
IC3365,G,186.796583,15.896667,0.87,0.66,67,14.29,,,Com,B,,0
IC3366,G,186.8005,9.410194,0.37,0.21,154,16.56,,,Vir,B,,0
IC3367,GPair,186.799583,26.95675,1.5,,,,,,Com,,,0
IC3367 NED01,G,186.791958,26.957417,0.72,0.59,84,15.88,,,Com,B,,0
IC3368,G,186.834917,16.428583,0.71,0.52,0,15.45,,,Com,B,,0
IC3369,G,186.820583,16.024472,0.81,0.55,136,14.03,,,Com,V,,0
IC3370,G,186.905542,-39.337778,3.12,2.29,53,11.18,,,Cen,V,,0
IC3371,G,186.842708,10.866778,1.17,0.26,54,15.27,,,Vir,B,,0
IC3372,G,186.85225,25.287222,0.28,0.27,98,17.02,,,Com,B,,0
IC3373,G,186.865875,25.453917,0.68,0.38,99,16.37,,,Com,B,,0
IC3374,G,186.8895,10.003778,0.95,0.5,155,15.4,,,Vir,B,,0
IC3375,*,186.918167,27.36475,,,,,,,Com,,,0
IC3376,G,186.95975,26.993528,0.87,0.6,81,14.32,,,Com,B,,0
IC3377,G,186.966458,24.942167,0.51,0.3,129,16.18,,,Com,B,,0
IC3378,G,187.006292,17.296306,0.54,0.34,175,16.31,,,Com,B,,0
IC3379,G,187.01775,17.30575,0.73,0.35,32,16.05,,,Com,B,,0
IC3380,G,187.023042,26.672861,0.51,0.43,109,16.82,,,Com,B,,0
IC3381,G,187.062,11.789833,1.19,0.87,104,13.48,,,Vir,V,,0
IC3382,G,187.056417,13.570694,1,0.28,150,16.3,,,Com,B,,0
IC3383,G,187.051333,10.297667,0.78,0.54,29,15.18,,,Vir,V,,0
IC3384,G,187.051083,25.091333,0.68,0.3,52,19.29,,,Com,B,,0
IC3385,G,187.062292,25.432611,0.78,0.51,147,16.47,,,Com,B,,0
IC3386,G,187.098667,13.19575,0.81,0.35,100,15.55,,,Vir,V,,0
IC3387,G,187.078417,27.995722,0.35,0.27,24,16.61,,,Com,B,,0
IC3388,G,187.116917,12.823667,0.74,0.55,74,14.8,,,Vir,V,,0
IC3389,G,187.098,27.844944,0.33,0.2,159,18.11,,,Com,B,,0
IC3390,G,187.119042,24.809333,0.61,0.46,107,16.56,,,Com,B,,0
IC3391,G,187.11375,18.415028,1.03,0.83,71,13.66,,,Com,B,,0
IC3392,G,187.18025,14.9995,2.6,1.1,39,12.99,,,Com,B,,0
IC3393,G,187.173792,12.915917,1.1,0.48,132,14.32,,,Vir,V,,0
IC3394,G,187.171708,26.798417,0.59,0.5,143,15.86,,,Com,B,,0
IC3395,G,187.185417,25.03475,0.58,0.3,50,16.43,,,Com,B,,0
IC3396,G,187.187417,25.050222,0.11,0.08,84,17.23,,,Com,B,,0
IC3397,G,187.194,25.731917,0.61,0.53,10,15.99,,,Com,B,,0
IC3398,NonEx,,,,,,,,,,,,0
IC3399,*,187.23325,25.696083,,,,,,,Com,,,0
IC3400,*,187.262083,9.406167,,,,11.5,,,Vir,V,,0
IC3401,G,187.245167,26.460083,0.41,0.37,5,17.28,,,Com,B,,0
IC3402,G,187.247167,28.861944,1.17,0.21,7,15.16,,,Com,V,,0
IC3403,G,187.256083,24.632667,0.43,0.42,35,15.91,,,Com,B,,0
IC3404,Other,187.294667,7.153944,,,,,,,Vir,,,0
IC3405,G,187.248375,37.730111,0.71,0.32,27,16.3,,,CVn,B,,0
IC3406,G,187.260958,27.640528,0.65,0.4,70,15.64,,,Com,B,,0
IC3407,G,187.266083,27.778861,0.97,0.54,147,14.58,,,Com,B,,0
IC3408,*,187.315792,11.875889,,,,10.87,,,Vir,V,,0
IC3409,G,187.338458,14.789306,0.58,0.52,156,15.96,,,Com,B,,0
IC3410,G,187.275708,19.004778,0.69,0.62,8,15.71,,,Com,B,,0
IC3411,G,187.301625,24.584194,0.7,0.23,170,17.22,,,Com,B,,0
IC3412,G,187.344375,9.989028,0.74,0.34,9,15.55,,,Vir,B,,0
IC3413,G,187.343792,11.433889,1.21,0.7,164,14.36,,,Vir,B,,0
IC3414,G,187.369917,6.771806,0.81,0.38,32,13.97,,,Vir,B,,0
IC3415,*,187.340042,26.766222,,,,,,,Com,,,0
IC3416,G,187.395667,10.793083,0.95,0.52,71,15.38,,,Vir,B,,0
IC3417,*,187.413417,7.861278,,,,,,,Vir,,,0
IC3418,G,187.433,11.404694,1.32,0.9,68,14.29,,,Vir,B,,0
IC3419,G,187.43575,15.02475,0.68,0.43,1,16.3,,,Com,B,,0
IC3420,*,187.427333,13.446417,,,,,,,Com,,,0
IC3421,G,187.410792,26.230611,0.69,0.53,17,15.48,,,Com,B,,0
IC3422,G,187.477542,14.688361,0.58,0.45,88,16.08,,,Com,B,,0
IC3423,*,187.443833,13.658778,,,,15.6,,,Com,B,,0
IC3424,G,187.437667,24.408667,0.41,0.2,105,17.49,,,Com,B,,0
IC3425,G,187.484958,10.615333,0.61,0.32,35,14.57,,,Vir,B,,0
IC3426,*,187.506083,13.598167,,,,14.9,,,Com,V,,0
IC3427,Dup,187.543042,10.779472,,,,,,,Vir,,,0
IC3428,*,187.531292,23.675028,,,,,,,Com,,,0
IC3429,G,187.533083,23.545139,0.38,0.33,18,16.95,,,Com,B,,0
IC3430,G,187.570333,9.085111,1.11,0.38,112,15.43,,,Vir,B,,0
IC3431,G,187.60075,11.614472,0.47,0.32,13,16.85,,,Vir,B,,0
IC3432,G,187.616,14.160194,0.69,0.42,56,14.78,,,Com,B,,0
IC3433,G,187.617542,17.309722,0.8,0.57,87,16.24,,,Com,B,,0
IC3434,G,187.613583,18.809722,0.76,0.4,55,15.46,,,Com,B,,0
IC3435,G,187.666167,15.129694,1.35,0.47,141,15.2,,,Com,B,,0
IC3436,G,187.624708,19.673028,0.75,0.44,144,14.86,,,Com,B,,0
IC3437,G,187.691292,11.343194,0.61,0.39,68,15.02,,,Vir,V,,0
IC3438,Dup,187.748792,8.077861,,,,,,,Vir,,,0
IC3439,G,187.747792,25.561806,0.66,0.58,40,16.29,,,Com,B,,0
IC3440,G,187.7715,12.029861,0.6,0.49,85,16.75,,,Vir,B,,0
IC3441,G,187.768417,28.852694,0.64,0.43,142,15.11,,,Com,V,,0
IC3442,G,187.834125,14.115194,0.94,0.71,20,13.8,,,Com,V,,0
IC3443,G,187.815542,12.331778,0.55,0.51,49,15.03,,,Vir,V,,0
IC3444,**,187.807875,27.549639,,,,,,,Com,,,0
IC3445,G,187.830958,12.738,0.47,0.35,36,15.95,,,Vir,V,,0
IC3446,G,187.845583,11.492389,0.62,0.39,1,15.53,,,Vir,B,,0
IC3447,G,187.824583,10.680167,0.37,0.32,6,16.69,,,Vir,B,,0
IC3448,G,187.846625,17.206417,0.97,0.57,97,15.52,,,Com,B,,0
IC3449,G,187.845583,25.914,0.31,0.22,142,17.02,,,Com,B,,0
IC3450,G,187.853417,26.796139,0.47,0.27,158,16.4,,,Com,B,,0
IC3451,G,187.850292,28.855194,0.68,0.48,92,14.65,,,Com,V,,0
IC3452,Dup,187.885542,11.624722,,,,,,,Vir,,,0
IC3453,G,187.90725,14.859806,0.95,0.26,164,14.8,,,Com,B,,0
IC3454,G,187.911042,27.495722,1.12,0.26,26,15.59,,,Com,B,,0
IC3455,G,187.935625,25.786083,0.59,0.31,0,16.71,,,Com,B,,0
IC3456,Other,187.932292,28.357167,,,,,,,Com,,,0
IC3457,G,187.963917,12.657,1,0.67,143,14.64,,,Vir,V,,0
IC3458,G,187.933333,28.147361,0.67,0.58,76,15.73,,,Com,B,,0
IC3459,G,187.983,12.174028,1.11,0.86,163,14.91,,,Vir,B,,0
IC3460,G,187.959958,27.386889,0.62,0.2,109,16.22,,,Com,B,,0
IC3461,G,188.011417,11.890083,0.73,0.55,154,14.51,,,Vir,V,,0
IC3462,G,188.039917,15.300944,0.67,0.39,43,16.09,,,Com,B,,0
IC3463,Other,188.019083,12.319417,,,,,,,Vir,,,0
IC3464,*,188.000833,26.004833,,,,,,,Com,,,0
IC3465,G,188.051,12.061556,0.44,0.32,110,16.16,,,Vir,V,,0
IC3466,G,188.023667,11.817917,0.65,0.46,69,15.76,,,Vir,B,,0
IC3467,G,188.102375,11.787583,0.96,0.27,69,15.4,,,Vir,V,,0
IC3468,G,188.059208,10.251472,1.28,1.15,170,13.88,,,Vir,B,,0
IC3469,G,188.04575,25.802778,0.34,0.27,55,17.64,,,Com,B,,0
IC3470,G,188.097458,11.262972,0.95,0.95,21,13.85,,,Vir,V,,0
IC3471,G,188.095083,16.018833,1,0.58,1,15.49,,,Com,B,,0
IC3472,G,188.07825,24.72825,0.5,0.45,136,17.1,,,Com,B,,0
IC3473,G,188.079667,18.244139,1.05,0.7,37,14.4,,,Com,B,,0
IC3474,G,188.152125,2.661528,2.26,0.39,43,14.57,,,Vir,B,,0
IC3475,G,188.171083,12.771,1.56,1.29,84,13.38,,,Vir,V,,0
IC3476,G,188.1745,14.050444,1.67,1.18,28,12.84,,,Com,V,,0
IC3477,*,188.159208,26.038444,,,,,,,Com,,,0
IC3478,G,188.184167,14.196194,0.91,0.81,120,14.37,,,Com,B,,0
IC3479,G,188.170542,25.406111,0.29,0.2,6,17.13,,,Com,B,,0
IC3480,**,188.172875,26.828556,,,,,,,Com,,,0
IC3481,G,188.21775,11.404389,0.87,0.84,33,13.67,,,Vir,V,,0
IC3482,G,188.254167,27.830306,0.43,0.18,44,16.61,,,Com,B,,0
IC3483,G,188.291917,11.347333,0.87,0.55,177,14.18,,,Vir,V,,0
IC3484,G,188.272083,17.403,0.78,0.63,27,15.01,,,Com,B,,0
IC3485,*,188.296917,9.217278,,,,,,,Vir,,,0
IC3486,G,188.308375,12.857833,0.82,0.56,39,15.15,,,Vir,B,,0
IC3487,G,188.306,9.397361,0.92,0.54,76,15.04,,,Vir,B,,0
IC3488,G,188.285208,26.349361,0.64,0.59,73,15.57,,,Com,B,,0
IC3489,G,188.307083,12.247,0.65,0.6,5,14.79,,,Vir,B,,0
IC3490,G,188.307917,10.928528,0.59,0.33,64,15.47,,,Vir,V,,0
IC3491,G,188.287458,27.094389,0.83,0.21,6,16.05,,,Com,B,,0
IC3492,G,188.332417,12.853444,0.7,0.57,56,15.3,,,Vir,V,,0
IC3493,*,188.328667,9.393194,,,,,,,Vir,,,0
IC3494,G,188.307125,27.584111,0.3,0.24,127,17.14,,,Com,B,,0
IC3495,**,188.317875,26.808806,,,,,,,Com,,,0
IC3496,*,188.330458,26.755444,,,,,,,Com,,,0
IC3497,*,188.368917,25.48875,,,,,,,Com,,,0
IC3498,G,188.370708,26.738056,0.69,0.24,56,16.21,,,Com,B,,0
IC3499,G,188.4375,10.995722,1.61,0.56,125,13.27,,,Vir,V,,0
IC3500,G,188.456958,13.962778,0.57,0.4,93,15.08,,,Com,B,,0
IC3501,G,188.465083,13.322444,0.93,0.84,25,14.69,,,Com,B,,0
IC3502,G,188.426375,26.617361,0.76,0.22,5,17.44,,,Com,B,,0
IC3503,*,188.451125,37.789306,,,,,,,CVn,,,0
IC3504,*,188.532708,6.886361,,,,,,,Vir,,,0
IC3505,G,188.542958,15.968222,0.85,0.35,172,15.05,,,Com,B,,0
IC3506,G,188.528083,12.741611,0.71,0.65,49,15.93,,,Vir,V,,0
IC3507,G,188.518542,25.362833,0.41,0.35,158,17.26,,,Com,B,,0
IC3508,G,188.528958,26.670778,1.03,0.95,49,15.42,,,Com,B,,0
IC3509,G,188.548042,12.048972,1.01,0.72,69,14.25,,,Vir,V,,0
IC3510,G,188.561708,11.071528,0.81,0.62,15,14.87,,,Vir,B,,0
IC3511,*,188.539542,27.348639,,,,,,,Com,,,0
IC3512,*,188.54025,27.361111,,,,,,,Com,,,0
IC3513,*,188.548375,27.330556,,,,,,,Com,,,0
IC3514,**,188.565792,26.700611,,,,,,,Com,,,0
IC3515,G,188.567083,27.86225,0.65,0.26,62,15.61,,,Com,B,,0
IC3516,G,188.571417,27.452306,0.87,0.17,70,16.07,,,Com,B,,0
IC3517,G,188.628167,9.15475,1.16,0.72,16,15.3,,,Vir,B,,0
IC3518,G,188.630375,9.623444,1.32,0.54,37,14.79,,,Vir,B,,0
IC3519,G,188.66,15.602694,0.68,0.49,14,15.88,,,Com,B,,0
IC3520,G,188.632542,13.503667,0.85,0.6,26,15.8,,,Com,B,,0
IC3521,G,188.664625,7.160194,1.39,1.03,21,13.74,,,Vir,B,,0
IC3522,G,188.689917,15.220778,1.08,0.58,93,15.41,,,Com,B,,0
IC3523,G,188.664167,14.016778,0.38,0.32,139,17.08,,,Com,B,,0
IC3524,*,188.679583,14.244333,,,,,,,Com,,,0
IC3525,G,188.6935,10.176694,0.36,0.29,6,16.49,,,Vir,B,,0
IC3526,**,188.669208,25.684139,,,,,,,Com,,,0
IC3527,**,188.676208,26.155111,,,,,,,Com,,,0
IC3528,G,188.732917,15.565611,0.33,0.33,115,15.2,,,Com,V,,0
IC3529,*,188.707333,25.698778,,,,,,,Com,,,0
IC3530,G,188.7055,17.814278,1.75,1.22,133,14.53,,,Com,B,,0
IC3531,G,188.735583,26.626583,0.43,0.39,80,16.55,,,Com,B,,0
IC3532,*,188.739667,25.880639,,,,,,,Com,,,0
IC3533,G,188.755333,25.779722,0.44,0.3,27,16.01,,,Com,B,,0
IC3534,G,188.717208,14.978167,0.48,0.47,106,16.11,,,Com,B,,0
IC3535,*,188.795417,25.731972,,,,,,,Com,,,0
IC3536,G,188.802042,26.533417,0.87,0.19,155,16.13,,,Com,B,,0
IC3537,*,188.843583,7.653,,,,,,,Vir,,,0
IC3538,*,188.814833,26.235528,,,,,,,Com,,,0
IC3539,*,188.833708,23.983139,,,,,,,Com,,,0
IC3540,G,188.863458,12.75025,0.88,0.79,68,14.58,,,Vir,B,,0
IC3541,*,188.8405,23.97525,,,,,,,Com,,,0
IC3542,G,188.921625,11.667167,0.66,0.43,164,15.65,,,Vir,B,,0
IC3543,Dup,188.922583,26.285833,,,,,,,Com,,,0
IC3544,**,188.9475,14.300556,,,,,,,Com,,,0
IC3545,Dup,188.921583,26.523111,,,,,,,Com,,,0
IC3546,Dup,188.923708,26.222194,,,,,,,Com,,,0
IC3547,*,188.953708,26.329111,,,,,,,Com,,,0
IC3548,G,188.985958,10.936306,0.74,0.48,122,16.1,,,Vir,B,,0
IC3549,*,188.961875,26.395222,,,,,,,Com,,,0
IC3550,Dup,188.967167,27.932083,,,,,,,Com,,,0
IC3551,HII,188.973792,27.964167,,,,,,,Com,,,0
IC3552,HII,188.974583,27.993889,,,,,,,Com,,,0
IC3553,*,188.983042,26.193056,,,,,,,Com,,,0
IC3554,*,188.979958,27.927333,,,,,,,Com,,,0
IC3555,HII,188.983125,27.988889,,,,,,,Com,,,0
IC3556,G,188.993583,26.966056,0.56,0.34,177,15.54,,,Com,B,,0
IC3557,GPair,189.034042,16.640861,0.4,,,,,,Com,,,0
IC3557 NED01,G,189.033917,16.641472,0.95,0.9,85,15.97,,,Com,B,,0
IC3557 NED02,G,189.035167,16.640583,0.1,0.1,129,17.56,,,Com,B,,0
IC3558,G,189.011667,11.849806,0.33,0.3,51,17.39,,,Vir,B,,0
IC3559,G,189.014,26.987361,0.5,0.18,69,16.46,,,Com,B,,0
IC3560,G,189.016292,27.078194,0.78,0.64,52,16.38,,,Com,B,,0
IC3561,G,189.019958,26.899611,0.6,0.19,71,15.7,,,Com,B,,0
IC3562,G,189.044,9.922611,0.93,0.36,46,16.19,,,Vir,B,,0
IC3563,HII,189.030083,27.927361,,,,,,,Com,,,0
IC3564,*Ass,189.033708,27.928389,,,,,,,Com,,,0
IC3565,G,189.051083,26.756111,0.31,0.23,23,16.96,,,Com,B,,0
IC3566,Other,189.0905,11.164889,,,,,,,Vir,,,0
IC3567,G,189.094667,13.602861,0.67,0.52,15,15.16,,,Com,B,,0
IC3568,PN,188.27825,82.563917,0.38,,,10.6,,,Cam,V,,0
IC3569,Dup,189.034167,19.322917,,,,,,,Com,,,0
IC3570,*,189.076167,24.078472,,,,,,,Com,,,0
IC3571,G,189.083292,26.083778,0.6,0.51,121,17.52,,,Com,B,,0
IC3572,**,189.116375,11.6185,,,,,,,Vir,,,0
IC3573,G,189.113417,11.759111,0.46,0.32,141,16.65,,,Vir,B,,0
IC3574,G,189.115958,12.405167,0.73,0.58,121,15.34,,,Vir,B,,0
IC3575,G,189.134917,13.748417,0.66,0.47,156,16.26,,,Com,B,,0
IC3576,G,189.157,6.620889,2.3,2.17,0,14.97,,,Vir,V,,0
IC3577,Other,189.151125,11.897139,,,,,,,Vir,,,0
IC3578,G,189.164208,11.101861,0.85,0.35,138,15.24,,,Vir,B,,0
IC3579,*,189.136417,26.104139,,,,,,,Com,,,0
IC3580,G,189.121792,18.3005,0.86,0.76,57,15.67,,,Com,B,,0
IC3581,G,189.158792,24.429028,0.79,0.48,49,14.06,,,Com,V,,0
IC3582,G,189.153792,26.234667,0.29,0.25,54,16.66,,,Com,B,,0
IC3583,G,189.181208,13.259333,1.05,0.52,5,13,,,Vir,B,,0
IC3584,*,189.187917,12.233056,,,,,,,Vir,,,0
IC3585,G,189.16625,26.829944,0.82,0.67,108,15.01,,,Com,B,,0
IC3586,G,189.228542,12.520083,1.16,1,73,14.52,,,Vir,B,,0
IC3587,G,189.201375,27.548528,1.43,0.21,121,15.87,,,Com,B,,0
IC3588,Dup,189.234917,14.217361,,,,,,,Com,,,0
IC3589,*,189.255,6.937,,,,15.6,,,Vir,B,,0
IC3590,G,189.211292,27.278139,0.91,0.24,127,15.62,,,Com,B,,0
IC3591,G,189.262667,6.926639,0.79,0.49,46,14.4,,,Vir,B,,0
IC3592,Dup,189.222667,27.862028,,,,,,,Com,,,0
IC3593,Dup,189.224708,27.749111,,,,,,,Com,,,0
IC3594,*,189.234958,26.1155,,,,,,,Com,,,0
IC3595,G,189.276667,23.786889,0.39,0.27,109,16.8,,,Com,B,,0
IC3596,Other,189.32875,26.520917,,,,,,,Com,,,0
IC3597,G,189.352667,23.864056,0.82,0.62,78,16.65,,,Com,B,,0
IC3598,G,189.337833,28.208167,1.41,0.4,139,15.01,,,Com,B,,0
IC3599,G,189.421667,26.707667,0.51,0.3,129,15.6,,,Com,V,,0
IC3600,G,189.4215,27.129556,0.67,0.61,134,15.67,,,Com,B,,0
IC3601,G,189.4735,15.224667,0.79,0.52,152,15.73,,,Com,B,,0
IC3602,G,189.57625,10.072833,0.82,0.28,74,16.35,,,Vir,B,,0
IC3603,G,189.567292,15.569806,0.36,0.24,157,16.12,,,Com,B,,0
IC3604,G,189.586333,11.730722,0.52,0.36,174,15.98,,,Vir,B,,0
IC3605,G,189.587292,19.541333,0.7,0.45,12,15.79,,,Com,B,,0
IC3606,G,189.604542,12.610611,0.61,0.49,16,16.49,,,Vir,B,,0
IC3607,G,189.634042,10.376528,0.42,0.25,141,16.58,,,Vir,B,,0
IC3608,G,189.655542,10.475889,3.35,0.45,93,14.71,,,Vir,B,,0
IC3609,G,189.644667,14.352417,0.38,0.26,18,14.96,,,Com,B,,0
IC3610,G,189.696417,26.872861,0.32,0.18,130,17.43,,,Com,B,,0
IC3611,G,189.76725,13.363528,1.37,0.7,132,14.29,,,Com,B,,0
IC3612,G,189.769583,14.731139,1.05,0.63,44,15.03,,,Com,B,,0
IC3613,G,189.769958,13.759,0.49,0.28,159,17.03,,,Com,B,,0
IC3614,G,189.7545,26.302833,0.3,0.22,158,17.73,,,Com,B,,0
IC3615,G,189.756708,18.200667,1.06,0.31,11,15.2,,,Com,B,,0
IC3616,Dup,189.769583,14.731139,,,,,,,Com,,,0
IC3617,G,189.854167,7.965833,0.74,0.31,63,14.27,,,Vir,V,,0
IC3618,G,189.821375,26.677778,0.5,0.48,74,15.58,,,Com,B,,0
IC3619,**,189.82825,24.142417,,,,,,,Com,,,0
IC3620,G,189.825083,27.908639,0.76,0.22,165,15.62,,,Com,B,,0
IC3621,G,189.889917,15.502611,1.01,0.75,14,15.65,,,Com,B,,0
IC3622,G,189.885333,15.432056,0.3,0.25,131,16.03,,,Com,B,,0
IC3623,G,189.865083,27.102333,0.8,0.58,56,15.16,,,Com,B,,0
IC3624,G,189.893667,11.982194,0.49,0.4,99,16.52,,,Vir,B,,0
IC3625,G,189.888208,10.967667,0.43,0.41,80,15.43,,,Vir,B,,0
IC3626,G,189.881833,25.677389,0.54,0.32,15,15.87,,,Com,B,,0
IC3627,G,189.883333,27.497278,0.44,0.25,76,16.37,,,Com,B,,0
IC3628,*,189.911708,26.238889,,,,,,,Com,,,0
IC3629,G,189.944417,13.533306,0.98,0.47,73,15.26,,,Com,B,,0
IC3630,*,189.944167,25.432528,,,,,,,Com,,,0
IC3631,G,189.950042,12.973972,1.06,0.72,91,14.22,,,Vir,B,,0
IC3632,G,190,26.682222,0.4,0.3,92,16.75,,,Com,B,,0
IC3633,G,190.046875,9.896139,0.58,0.44,125,15.76,,,Vir,B,,0
IC3634,G,190.047333,9.847778,0.93,0.72,48,15.75,,,Vir,B,,0
IC3635,G,190.05575,12.874778,0.85,0.65,165,14.65,,,Vir,V,,0
IC3636,**,190.06475,22.074556,,,,,,,Com,,,0
IC3637,G,190.081542,14.715,1.23,0.74,19,14.82,,,Com,B,,0
IC3638,G,190.069167,10.518528,0.68,0.58,55,14.37,,,Vir,B,,0
IC3639,G,190.220208,-36.755861,1.24,1.16,41,13.32,,,Cen,V,,0
IC3640,G,190.105,26.524167,0.45,0.25,47,15.97,,,Com,B,,0
IC3641,G,190.112,26.521583,0.66,0.14,174,17.9,,,Com,B,,0
IC3642,G,190.107208,26.731222,0.37,0.34,26,16.41,,,Com,B,,0
IC3643,G,190.170292,12.406583,0.53,0.34,109,16.61,,,Vir,B,,0
IC3644,G,190.150958,26.504611,0.91,0.23,15,16.23,,,Com,B,,0
IC3645,*,190.156708,26.541361,,,,,,,Com,,,0
IC3646,G,190.160417,26.526194,0.69,0.3,89,15.43,,,Com,B,,0
IC3647,G,190.221292,10.475361,1.34,0.84,140,15.13,,,Vir,B,,0
IC3648,*,190.217458,12.985,,,,,,,Vir,,,0
IC3649,G,190.207042,21.10475,0.3,0.26,97,16.93,,,Com,B,,0
IC3650,**,190.202125,26.472722,,,,,,,Com,,,0
IC3651,G,190.220458,26.728139,1.05,1.04,95,14.51,,,Com,B,,0
IC3652,G,190.244,11.1845,0.99,0.92,94,14.31,,,Vir,B,,0
IC3653,G,190.315542,11.38725,0.62,0.48,15,13.71,,,Vir,V,,0
IC3654,G,190.302083,22.589444,0.39,0.3,49,16.99,,,Com,B,,0
IC3655,G,190.31025,20.666194,0.3,0.23,114,16.75,,,Com,B,,0
IC3656,G,190.308042,22.594972,0.41,0.21,94,16.88,,,Com,B,,0
IC3657,G,190.32925,21.6725,0.23,0.19,20,17.82,,,Com,B,,0
IC3658,G,190.335958,14.700556,1.34,0.7,74,15.23,,,Com,B,,0
IC3659,G,190.365083,22.930806,0.47,0.25,76,16.09,,,Com,B,,0
IC3660,*,190.4035,21.093361,,,,,,,Com,,,0
IC3661,G,190.398875,22.494861,0.55,0.14,109,17.25,,,Com,B,,0
IC3662,G,190.401125,23.425167,0.63,0.47,133,15.05,,,Com,B,,0
IC3663,G,190.414208,12.247389,0.95,0.56,3,15.47,,,Vir,B,,0
IC3664,*,190.423125,19.944139,,,,,,,Com,,,0
IC3665,G,190.444583,11.48825,0.82,0.58,85,15.09,,,Vir,B,,0
IC3666,*,190.472375,7.845028,,,,,,,Vir,,,0
IC3667,Dup,190.386875,41.150778,,,,,,,CVn,,,0
IC3668,Other,190.387042,41.124167,0.79,0.44,31,13.13,,,CVn,B,,0
IC3669,Other,190.399625,41.136583,0.02,0.02,14,19.07,,,CVn,B,,0
IC3670,G,190.47925,11.774167,0.37,0.3,55,15.86,,,Vir,B,,0
IC3671,G,190.464083,23.510667,0.58,0.56,35,15.39,,,Com,B,,0
IC3672,Dup,190.536083,11.754278,,,,,,,Vir,,,0
IC3673,*,190.518,21.138333,,,,,,,Com,,,0
IC3674,**,190.521333,22.510778,,,,,,,Com,,,0
IC3675,Dup,190.469667,41.273972,,,,,,,CVn,,,0
IC3676,*,190.551167,13.559833,,,,,,,Com,,,0
IC3677,G,190.549333,20.884861,0.36,0.28,49,16.78,,,Com,B,,0
IC3678,G,190.552417,20.880472,0.32,0.22,46,16.86,,,Com,B,,0
IC3679,**,190.546792,22.818278,,,,,,,Com,,,0
IC3680,*,190.503792,39.10425,,,,,,,CVn,,,0
IC3681,*,190.507292,39.083417,,,,,,,CVn,,,0
IC3682,*,190.581167,20.864444,,,,,,,Com,,,0
IC3683,G,190.586,20.871306,0.36,0.29,24,16.54,,,Com,B,,0
IC3684,G,190.610458,11.740306,0.91,0.31,4,15.99,,,Vir,B,,0
IC3685,*,190.634333,6.870917,,,,,,,Vir,,,0
IC3686,G,190.65,10.565306,0.84,0.34,172,15.1,,,Vir,B,,0
IC3687,G,190.562917,38.503333,3.34,3.08,0,13.35,,,CVn,V,,0
IC3688,Dup,190.65575,14.357194,,,,,,,Com,,,0
IC3689,G,190.654,20.8505,0.62,0.47,84,16.26,,,Com,B,,0
IC3690,G,190.704958,10.357472,0.86,0.36,4,15.03,,,Vir,B,,0
IC3691,G,190.706375,22.772222,0.38,0.28,34,16.47,,,Com,B,,0
IC3692,G,190.725,20.98975,0.82,0.62,95,14.73,,,Com,B,,0
IC3693,G,190.74175,10.681806,0.66,0.46,94,15.67,,,Vir,B,,0
IC3694,G,190.780333,11.212,0.53,0.38,42,14.92,,,Vir,B,,0
IC3695,*,190.778333,22.741944,,,,,,,Com,,,0
IC3696,G,190.790167,19.928028,0.39,0.22,94,17.59,,,Com,B,,0
IC3697,G,190.745208,39.845667,0.77,0.66,56,15.88,,,CVn,B,,0
IC3698,G,190.822083,11.211528,0.49,0.41,5,15,,,Vir,B,,0
IC3699,**,190.821375,19.000194,,,,,,,Com,,,0
IC3700,*,190.833333,19.265944,,,,,,,Com,,,0
IC3701,G,190.878792,11.047139,0.45,0.34,59,16.59,,,Vir,B,,0
IC3702,G,190.868208,10.873861,0.49,0.34,43,15.04,,,Vir,B,,0
IC3703,*,190.841667,37.974528,,,,,,,CVn,,,0
IC3704,G,190.940042,10.770083,1.28,0.36,41,14.72,,,Vir,B,,0
IC3705,GPair,190.922958,19.325278,0.7,,,,,,Com,,,0
IC3705 NED01,G,190.923,19.327028,0.37,0.34,20,17.33,,,Com,B,,0
IC3705 NED02,G,190.923,19.323139,0.38,0.18,163,17.62,,,Com,B,,0
IC3706,**,190.949958,9.231139,,,,,,,Vir,,,0
IC3707,*,190.8695,37.982694,,,,,,,CVn,,,0
IC3708,Other,190.968958,13.137528,,,,,,,Vir,,,0
IC3709,G,191.016792,9.063333,0.67,0.58,4,14.96,,,Vir,B,,0
IC3710,G,191.039375,12.116528,1.17,0.85,131,15.74,,,Vir,B,,0
IC3711,G,191.039042,11.176611,0.81,0.6,41,15.65,,,Vir,B,,0
IC3712,Other,191.069375,10.374556,,,,,,,Vir,,,0
IC3713,G,191.013208,41.168917,0.7,0.52,136,15.07,,,CVn,B,,0
IC3714,G,191.096167,10.188833,0.71,0.43,143,15.22,,,Vir,B,,0
IC3715,G,191.089208,20.024333,0.56,0.53,64,16.54,,,Com,B,,0
IC3716,Other,191.188083,8.102167,,,,,,,Vir,,,0
IC3717,G,191.095667,39.522306,0.8,0.22,155,15.97,,,CVn,B,,0
IC3718,G,191.191583,12.351444,2.24,0.72,71,13.96,,,Vir,B,,0
IC3719,G,191.197917,8.106917,0.49,0.33,87,16.03,,,Vir,B,,0
IC3720,G,191.197833,12.064306,2.34,1.36,125,14.98,,,Vir,B,,0
IC3721,G,191.221333,18.75525,0.96,0.37,136,13.73,,,Com,V,,0
IC3722,Other,191.211208,11.778583,,,,,,,Vir,,,0
IC3723,G,191.127292,40.736889,0.33,0.22,106,15.68,,,CVn,B,,0
IC3724,G,191.224,10.282361,0.63,0.45,40,15.27,,,Vir,B,,0
IC3725,Dup,191.221333,18.75525,,,,,,,Com,,,0
IC3726,G,191.177458,40.679,1.33,0.29,115,15.39,,,CVn,B,,0
IC3727,G,191.273583,10.900889,1.23,1.07,139,14.71,,,Vir,B,,0
IC3728,G,191.263042,20.974083,0.37,0.33,116,16.61,,,Com,B,,0
IC3729,G,191.221333,39.351194,0.34,0.26,44,16.32,,,CVn,B,,0
IC3730,G,191.277333,21.169583,0.55,0.53,136,14.57,,,Com,V,,0
IC3731,G,191.271917,12.446361,0.55,0.45,129,16.05,,,Vir,B,,0
IC3732,G,191.299833,10.324444,0.49,0.36,47,16.35,,,Vir,B,,0
IC3733,*,191.319667,6.956889,,,,,,,Vir,,,0
IC3734,G,191.288667,23.039056,0.41,0.22,131,17.74,,,Com,B,,0
IC3735,G,191.335083,13.692667,1.18,0.87,151,13.94,,,Com,V,,0
IC3736,G,191.329,21.53575,0.48,0.38,170,15.77,,,Com,B,,0
IC3737,**,191.332792,21.958167,,,,,,,Com,,,0
IC3738,G,191.35725,19.230861,0.25,0.12,57,19.08,,,Com,B,,0
IC3739,Other,191.384458,12.997361,,,,,,,Vir,,,0
IC3740,G,191.377583,20.815944,0.64,0.29,7,15.57,,,Com,B,,0
IC3741,**,191.388667,19.204139,,,,,,,Com,,,0
IC3742,G,191.383417,13.332583,1.02,0.32,45,14.13,,,Com,B,,0
IC3743,Other,191.422083,11.102111,,,,,,,Vir,,,0
IC3744,G,191.422833,19.500333,0.7,0.47,161,16.29,,,Com,B,,0
IC3745,G,191.436917,19.17725,1.04,0.91,39,14.93,,,Com,B,,0
IC3746,G,191.382958,37.823556,0.54,0.44,37,16.1,,,CVn,B,,0
IC3747,*,191.393417,37.968528,,,,,,,CVn,,,0
IC3748,*,191.462167,19.430333,,,,,,,Com,,,0
IC3749,*,191.464083,19.535583,,,,,,,Com,,,0
IC3750,*,191.48775,19.103861,,,,,,,Com,,,0
IC3751,G,191.437917,37.823056,0.2,0.17,85,16.6,,,CVn,B,,0
IC3752,**,191.517042,19.011444,,,,,,,Com,,,0
IC3753,*,191.51825,19.121167,,,,,,,Com,,,0
IC3754,G,191.56475,8.348444,1.32,0.57,126,14.54,,,Vir,B,,0
IC3755,**,191.539208,19.15725,,,,,,,Com,,,0
IC3756,G,191.542083,11.914611,0.38,0.3,26,16.86,,,Vir,B,,0
IC3757,Other,191.499083,38.515306,,,,,,,CVn,,,0
IC3758,G,191.498625,40.774861,0.58,0.54,53,15.17,,,CVn,B,,0
IC3759,G,191.574042,20.783,0.62,0.18,157,16.31,,,Com,B,,0
IC3760,G,191.576083,11.873583,0.43,0.33,120,16.52,,,Vir,B,,0
IC3761,G,191.613875,20.289139,0.32,0.17,60,17.43,,,Com,B,,0
IC3762,G,191.656667,22.246361,0.38,0.21,40,17.8,,,Com,B,,0
IC3763,G,191.691792,21.985111,0.4,0.35,130,16.66,,,Com,B,,0
IC3764,Dup,191.736667,9.857111,,,,,,,Vir,,,0
IC3765,**,191.646458,38.573889,,,,,,,CVn,,,0
IC3766,G,191.723,19.110583,0.41,0.35,47,16.99,,,Com,B,,0
IC3767,G,191.731167,10.182417,1.07,0.34,77,16.07,,,Vir,B,,0
IC3768,*,191.669625,40.597667,,,,,,,CVn,,,0
IC3769,*,191.700292,40.470194,,,,,,,CVn,,,0
IC3770,*,191.815417,9.199111,,,,,,,Vir,,,0
IC3771,G,191.719542,39.173056,0.33,0.26,83,16.77,,,CVn,B,,0
IC3772,G,191.733708,36.530944,0.83,0.52,15,15.59,,,CVn,B,,0
IC3773,G,191.81375,10.203583,1.93,0.73,20,14.06,,,Vir,B,,0
IC3774,G,191.754542,36.288306,0.97,0.42,106,15.71,,,CVn,B,,0
IC3775,G,191.817083,11.760222,0.81,0.34,51,16.2,,,Vir,B,,0
IC3776,G,191.800875,22.484611,0.5,0.21,37,16.5,,,Com,B,,0
IC3777,*,191.855625,9.143472,,,,,,,Vir,,,0
IC3778,G,191.758208,40.596417,0.55,0.35,38,15.25,,,CVn,B,,0
IC3779,G,191.836,12.166417,0.9,0.53,126,14.82,,,Vir,V,,0
IC3780,*,191.783667,40.236028,,,,,,,CVn,,,0
IC3781,**,191.852375,22.569778,,,,,,,Com,,,0
IC3782,*,191.815292,40.36775,,,,,,,CVn,,,0
IC3783,G,191.866,40.566583,0.66,0.52,98,15.47,,,CVn,B,,0
IC3784,G,191.96125,19.384056,0.56,0.32,45,16.77,,,Com,B,,0
IC3785,G,191.967375,19.275222,0.18,0.16,157,17.46,,,Com,B,,0
IC3786,G,191.90375,39.046028,0.34,0.26,168,16.67,,,CVn,B,,0
IC3787,**,191.924375,40.623778,,,,,,,CVn,,,0
IC3788,G,192.03025,18.868861,0.66,0.66,20,15.95,,,Com,B,,0
IC3789,G,192.029583,20.194028,0.48,0.4,3,16.1,,,Com,B,,0
IC3790,*,192.061042,11.107583,,,,,,,Vir,,,0
IC3791,Dup,191.883792,54.374833,,,,,,,UMa,,,0
IC3792,**,192.059,11.086333,,,,,,,Vir,,,0
IC3793,G,192.049542,19.151694,0.43,0.23,74,17.35,,,Com,B,,0
IC3794,*,192.089625,19.170306,,,,,,,Com,,,0
IC3795,G,192.021292,40.719639,0.9,0.24,18,15.58,,,CVn,B,,0
IC3796,*,192.1125,20.037694,,,,,,,Com,,,0
IC3797,Other,192.145458,11.597806,,,,,,,Vir,,,0
IC3798,*,192.178833,9.241028,,,,,,,Vir,,,0
IC3799,G,192.2485,-14.399222,2.77,0.38,32,14.5,,,Crv,B,,0
IC3800,GPair,192.110125,36.575861,0.6,,,,,,CVn,,,0
IC3800 NED01,G,192.110083,36.575861,0.32,0.21,47,18.31,,,CVn,B,,0
IC3800 NED02,G,192.113542,36.575361,0.54,0.36,100,16.55,,,CVn,B,,0
IC3801,Other,192.252708,10.955972,,,,,,,Vir,,,0
IC3802,*,192.177542,38.246444,,,,,,,CVn,,,0
IC3803,*,192.268333,10.631806,,,,,,,Vir,,,0
IC3804,Dup,192.191125,35.332694,,,,,,,CVn,,,0
IC3805,**,192.177625,38.253056,,,,,,,CVn,,,0
IC3806,G,192.230667,14.907889,1.29,0.44,179,14.2,,,Com,B,,0
IC3807,Other,192.374167,-4.402278,,,,,,,Vir,,,0
IC3808,G,192.244833,40.595917,0.95,0.42,156,17.19,,,CVn,V,,0
IC3809,G,192.268792,36.489083,0.64,0.38,159,16.29,,,CVn,B,,0
IC3810,*,192.26325,40.646639,,,,,,,CVn,,,0
IC3811,*,192.356542,21.462139,,,,,,,Com,,,0
IC3812,G,192.474167,-6.717444,1.13,0.41,6,14.85,,,Vir,B,,0
IC3813,G,192.509667,-25.920694,1.32,0.96,179,13.79,,,Hya,B,,0
IC3814,G,192.385042,20.050472,0.59,0.38,132,16.52,,,Com,B,,0
IC3815,G,192.410542,19.275028,0.55,0.36,150,16.69,,,Com,B,,0
IC3816,G,192.368625,37.230278,0.81,0.76,7,15.66,,,CVn,B,,0
IC3817,G,192.431125,22.831361,0.26,0.18,34,17.29,,,Com,B,,0
IC3818,G,192.444708,21.752222,0.41,0.19,169,16.92,,,Com,B,,0
IC3819,G,192.568208,-14.38075,0.56,0.45,70,16.36,,,Crv,B,,0
IC3820,G,192.412292,37.117167,0.46,0.43,54,16.99,,,CVn,B,,0
IC3821,**,192.489792,20.969028,,,,,,,Com,,,0
IC3822,G,192.594708,-14.321861,1.43,0.31,35,15.34,,,Crv,B,,0
IC3823,*,192.43325,40.883444,,,,16.7,,,CVn,B,,0
IC3824,G,192.627292,-14.425917,1.13,0.71,0,15.31,,,Crv,B,,0
IC3825,G,192.654375,-14.482806,0.6,0.38,178,15.77,,,Crv,B,,0
IC3826,G,192.66625,-9.031083,1.84,0.65,178,14.26,,,Vir,B,,0
IC3827,G,192.717167,-14.491889,1.13,0.83,162,14.05,,,Crv,B,,0
IC3828,G,192.58625,37.948944,0.68,0.34,53,16.06,,,CVn,B,,0
IC3829,G,193.055417,-29.840667,3.41,1.04,10,11.7,,,Hya,V,,0
IC3830,*,192.714042,19.836694,,,,,,,Com,,,0
IC3831,G,192.827458,-14.573583,1.5,1.11,138,14.22,,,Crv,B,,0
IC3832,G,192.705,39.810472,0.46,0.39,72,16.17,,,CVn,B,,0
IC3833,Dup,192.884958,-13.330028,,,,,,,Crv,,,0
IC3834,G,192.885,-14.221389,0.95,0.55,70,14.2,,,Crv,V,,0
IC3835,G,192.732667,40.18675,0.5,0.25,98,16.17,,,CVn,B,,0
IC3836,G,192.7655,40.184222,0.49,0.22,86,16.47,,,CVn,B,,0
IC3837,G,192.887542,19.723056,0.56,0.32,73,17.02,,,Com,B,,0
IC3838,Dup,192.717167,-14.491889,,,,,,,Crv,,,0
IC3839,*,192.94275,20.420972,,,,,,,Com,,,0
IC3840,G,192.942083,21.735194,0.78,0.78,76,16.02,,,Com,B,,0
IC3841,**,192.960417,22.3445,,,,,,,Com,,,0
IC3842,G,192.8995,40.371361,0.34,0.3,164,16.09,,,CVn,B,,0
IC3843,G,192.913292,39.001306,0.49,0.25,179,16.54,,,CVn,B,,0
IC3844,G,193.027083,39.81825,0.39,0.3,31,16.34,,,CVn,B,,0
IC3845,*,193.036083,38.619,,,,,,,CVn,,,0
IC3846,Other,193.163417,13.647222,,,,,,,Com,,,0
IC3847,G,193.140583,22.064722,0.3,0.25,126,17.31,,,Com,B,,0
IC3848,GPair,193.167458,21.416111,0.6,,,,,,Com,,,0
IC3848 NED01,G,193.166667,21.416667,0.55,0.28,113,17.56,,,Com,B,,0
IC3848 NED02,G,193.169125,21.414639,0.67,0.38,158,16.57,,,Com,B,,0
IC3849,Other,193.153458,40.772222,,,,,,,CVn,,,0
IC3850,G,193.164667,40.103056,0.72,0.48,49,15.29,,,CVn,B,,0
IC3851,*,193.269708,21.909167,,,,,,,Com,,,0
IC3852,G,193.26375,35.773444,1.1,0.43,60,16,,,CVn,B,,0
IC3853,G,193.292917,38.829278,0.36,0.28,6,17.29,,,CVn,B,,0
IC3854,G,193.310583,40.848167,0.37,0.24,24,16.59,,,CVn,B,,0
IC3855,G,193.344542,36.786,0.85,0.35,107,16.39,,,CVn,B,,0
IC3856,G,193.441333,20.092083,0.67,0.2,122,16.6,,,Com,B,,0
IC3857,G,193.483583,19.607139,0.42,0.34,109,17.51,,,Com,B,,0
IC3858,*,193.481417,20.789028,,,,,,,Com,,,0
IC3859,G,193.58275,-9.117722,1.12,0.32,159,14.84,,,Vir,B,,0
IC3860,G,193.527958,19.300722,0.36,0.32,119,17.66,,,Com,B,,0
IC3861,G,193.461792,38.281806,0.44,0.34,133,16.54,,,CVn,B,,0
IC3862,G,193.470667,36.086944,0.87,0.42,134,16.45,,,CVn,B,,0
IC3863,G,193.474333,38.480444,0.71,0.28,86,16.02,,,CVn,B,,0
IC3864,G,193.551417,18.951278,0.23,0.16,146,18.57,,,Com,B,,0
IC3865,G,193.558958,18.868944,0.48,0.35,145,16.49,,,Com,B,,0
IC3866,GPair,193.563417,22.361833,0.6,,,,,,Com,,,0
IC3866 NED01,G,193.562375,22.359639,0.33,0.22,123,17.66,,,Com,B,,0
IC3866 NED02,G,193.564583,22.364278,0.34,0.26,15,16.95,,,Com,B,,0
IC3867,G,193.581583,18.941806,0.67,0.42,115,16.57,,,Com,B,,0
IC3868,G,193.5875,18.990333,0.41,0.25,63,17.32,,,Com,B,,0
IC3869,G,193.588625,18.971417,0.59,0.25,64,17.01,,,Com,B,,0
IC3870,G,193.589917,22.381694,0.3,0.27,34,17.15,,,Com,B,,0
IC3871,G,193.606958,18.929139,0.52,0.43,17,16.51,,,Com,B,,0
IC3872,G,193.627333,18.963167,0.23,0.18,38,16.54,,,Com,B,,0
IC3873,G,193.631667,18.882667,0.43,0.42,120,16.76,,,Com,B,,0
IC3874,G,193.643417,18.957,0.45,0.38,102,16.81,,,Com,B,,0
IC3875,G,193.654875,22.036444,0.35,0.27,11,16.74,,,Com,B,,0
IC3876,G,193.701375,19.015333,0.4,0.23,43,17.79,,,Com,B,,0
IC3877,G,193.702833,19.178278,3.07,0.73,25,13.93,,,Com,B,,0
IC3878,*,193.623167,40.069722,,,,,,,CVn,,,0
IC3879,G,193.632792,38.628556,0.64,0.42,179,16.03,,,CVn,B,,0
IC3880,G,193.699958,22.502222,0.42,0.25,175,17.03,,,Com,B,,0
IC3881,G,193.724792,19.118056,0.4,0.31,94,17.35,,,Com,B,,0
IC3882,G,193.723792,22.575583,0.53,0.28,157,16.72,,,Com,B,,0
IC3883,G,193.806333,-8.11975,1.09,0.54,11,14.18,,,Vir,B,,0
IC3884,G,193.740542,19.681278,0.85,0.62,147,16.36,,,Com,B,,0
IC3885,G,193.678042,37.154722,0.48,0.39,35,16.75,,,CVn,B,,0
IC3886,G,193.75125,19.011694,0.4,0.34,22,17.75,,,Com,B,,0
IC3887,**,193.682375,40.304639,,,,,,,CVn,,,0
IC3888,G,193.693208,39.571278,0.9,0.35,57,15.24,,,CVn,B,,0
IC3889,*,193.712083,36.016833,,,,,,,CVn,,,0
IC3890,G,193.709417,37.185306,0.44,0.34,19,17.32,,,CVn,B,,0
IC3891,G,193.742708,36.052722,0.46,0.34,105,16.86,,,CVn,B,,0
IC3892,G,193.775167,39.221944,1.22,0.55,176,15.39,,,CVn,B,,0
IC3893,G,193.781042,38.623861,0.58,0.18,72,16.91,,,CVn,B,,0
IC3894,**,193.865042,19.069111,,,,,,,Com,,,0
IC3895,G,193.788458,39.20325,0.71,0.69,18,15.79,,,CVn,B,,0
IC3896,G,194.180125,-50.346861,3.05,2.12,6,11.31,,,Cen,V,,0
IC3897,G,193.829583,39.672611,0.15,0.08,19,16.57,,,CVn,B,,0
IC3898,G,193.849333,37.582889,0.31,0.25,166,17.23,,,CVn,B,,0
IC3899,G,193.919417,20.636444,0.43,0.23,40,17.06,,,Com,B,,0
IC3900,G,193.922083,27.25075,0.96,0.59,178,14.82,,,Com,B,,0
IC3901,*,193.960417,21.939028,,,,,,,Com,,,0
IC3902,*,193.91075,35.995833,,,,,,,CVn,,,0
IC3903,*,193.911417,40.399667,,,,,,,CVn,,,0
IC3904,G,193.94,36.293417,0.62,0.37,72,15.71,,,CVn,B,,0
IC3905,GTrpl,194.035792,19.852083,0.9,,,,,,Com,,,0
IC3905 NED01,G,194.033292,19.855889,0.22,0.11,30,19.11,,,Com,B,,0
IC3905 NED02,G,194.03575,19.853222,0.48,0.32,123,16.98,,,Com,B,,0
IC3905 NED03,G,194.038625,19.846722,0.15,0.07,131,,,,Com,,,0
IC3906,*,193.96275,40.463861,,,,,,,CVn,,,0
IC3907,G,194.07575,18.784028,0.46,0.2,2,17.51,,,Com,B,,0
IC3908,G,194.16925,-7.562778,2.43,0.79,172,13.33,,,Vir,B,,0
IC3909,G,194.01175,40.385444,0.37,0.28,55,16.64,,,CVn,B,,0
IC3910,**,194.018875,39.719889,,,,,,,CVn,,,0
IC3911,GPair,194.039292,35.63825,0.5,,,,,,CVn,,,0
IC3911 NED01,G,194.038417,35.63675,0.56,0.38,26,16.25,,,CVn,B,,0
IC3911 NED02,G,194.04,35.639722,0.5,0.24,36,18.43,,,CVn,B,,0
IC3912,*,194.031417,39.910667,,,,,,,CVn,,,0
IC3913,G,194.119042,27.291278,0.66,0.45,57,15.56,,,Com,B,,0
IC3914,G,194.094917,36.360917,0.36,0.25,112,17.29,,,CVn,B,,0
IC3915,*,194.162583,20.291694,,,,,,,Com,,,0
IC3916,G,194.129875,38.613444,0.89,0.6,124,15.36,,,CVn,B,,0
IC3917,*,194.215125,22.006056,,,,,,,Com,,,0
IC3918,G,194.223083,22.373611,0.55,0.4,164,15.62,,,Com,B,,0
IC3919,G,194.202958,38.58875,0.59,0.43,108,15.87,,,CVn,B,,0
IC3920,G,194.208542,39.958667,0.68,0.21,16,15.82,,,CVn,B,,0
IC3921,G,194.236042,38.6395,0.52,0.25,73,16.12,,,CVn,B,,0
IC3922,G,194.239583,38.478278,0.72,0.23,90,16.12,,,CVn,B,,0
IC3923,**,194.254708,37.955722,,,,,,,CVn,,,0
IC3924,G,194.353667,18.781528,0.42,0.29,121,18.11,,,Com,B,,0
IC3925,**,194.313,36.422,,,,,,,CVn,,,0
IC3926,*,194.376708,22.811944,,,,,,,Com,,,0
IC3927,G,194.543292,-22.876028,1.29,1.05,166,13.73,,,Hya,B,,0
IC3928,G,194.326208,40.441611,0.33,0.26,145,17,,,CVn,B,,0
IC3929,G,194.421208,20.396889,0.38,0.28,40,17.08,,,Com,B,,0
IC3930,G,194.343292,38.764917,0.57,0.29,7,16.23,,,CVn,B,,0
IC3931,G,194.488333,19.617639,0.73,0.39,154,16.08,,,Com,B,,0
IC3932,*,194.522083,19.583444,,,,,,,Com,,,0
IC3933,*,194.488333,36.645056,,,,,,,CVn,,,0
IC3934,G,194.573167,18.825417,0.51,0.48,58,16.47,,,Com,B,,0
IC3935,Dup,194.552833,26.396889,,,,,,,Com,,,0
IC3936,Other,194.583042,19.058278,,,,,,,Com,,,0
IC3937,G,194.603083,18.818667,0.54,0.4,111,16.63,,,Com,B,,0
IC3938,*,194.605667,18.752639,,,,,,,Com,,,0
IC3939,*,194.61675,18.751861,,,,,,,Com,,,0
IC3940,G,194.568625,35.838944,0.64,0.33,136,15.66,,,CVn,B,,0
IC3941,G,194.557958,39.772833,0.65,0.49,14,16.41,,,CVn,B,,0
IC3942,*,194.582875,36.10875,,,,,,,CVn,,,0
IC3943,G,194.651458,28.11375,0.92,0.33,59,14.13,,,Com,V,,0
IC3944,G,194.686458,23.781056,0.56,0.34,63,16.1,,,Com,B,,0
IC3945,G,194.623458,39.935917,0.49,0.19,13,16.07,,,CVn,B,,0
IC3946,G,194.703,27.810389,0.86,0.44,71,13.99,,,Com,V,,0
IC3947,G,194.717083,27.785056,0.66,0.49,100,14.61,,,Com,V,,0
IC3948,G,194.742292,24.061361,0.33,0.29,5,17.57,,,Com,B,,0
IC3949,G,194.733375,27.833361,1.01,0.16,72,14.24,,,Com,V,,0
IC3950,G,194.7755,18.735611,0.58,0.49,145,16.48,,,Com,B,,0
IC3951,G,194.7925,18.764278,0.6,0.37,157,16.53,,,Com,B,,0
IC3952,G,194.717292,38.8695,0.52,0.38,153,16.68,,,CVn,B,,0
IC3953,G,194.788,23.086611,0.37,0.32,45,16.89,,,Com,B,,0
IC3954,G,194.802708,19.272944,0.22,0.15,83,17.08,,,Com,B,,0
IC3955,G,194.775125,27.996694,0.77,0.51,41,14.4,,,Com,V,,0
IC3956,G,194.734917,37.398167,0.51,0.41,165,15.92,,,CVn,B,,0
IC3957,G,194.781208,27.767778,0.56,0.54,40,14.72,,,Com,V,,0
IC3958,G,194.797542,24.022278,0.53,0.4,112,16.71,,,Com,B,,0
IC3959,G,194.784167,27.784139,0.7,0.7,10,14.03,,,Com,V,,0
IC3960,G,194.783167,27.855,0.55,0.53,14,14.86,,,Com,V,,0
IC3961,Dup,194.75975,34.859444,,,,,,,CVn,,,0
IC3962,*,194.812417,23.668,,,,,,,Com,,,0
IC3963,G,194.80625,27.774611,0.7,0.41,82,14.72,,,Com,V,,0
IC3964,*,194.807208,27.850944,,,,15.91,,,Com,V,,0
IC3965,G,194.8445,18.842944,0.33,0.25,158,17.15,,,Com,B,,0
IC3966,G,194.804667,35.855333,0.74,0.5,15,15.43,,,CVn,B,,0
IC3967,G,194.80375,36.129278,0.76,0.49,42,15.58,,,CVn,B,,0
IC3968,G,194.856208,27.973194,0.44,0.36,48,15.32,,,Com,V,,0
IC3969,GTrpl,194.887125,19.652,0.8,,,,,,Com,,,0
IC3969 NED01,G,194.886292,19.653056,0.69,0.39,99,17.21,,,Com,B,,0
IC3969 NED02,G,194.886042,19.647556,0.3,0.2,89,18.58,,,Com,B,,0
IC3969 NED03,G,194.890542,19.65475,0.23,0.12,149,19.48,,,Com,B,,0
IC3970,*,194.797625,40.401917,,,,,,,CVn,,,0
IC3971,G,194.882458,22.844806,0.38,0.33,119,16.68,,,Com,B,,0
IC3972,*,194.821458,37.279139,,,,,,,CVn,,,0
IC3973,G,194.878417,27.884222,0.76,0.44,141,14.36,,,Com,V,,0
IC3974,Dup,196.334167,-35.337417,,,,,,,Cen,,,0
IC3975,G,194.815375,38.88275,0.87,0.51,31,15.13,,,CVn,B,,0
IC3976,G,194.8725,27.850139,0.66,0.31,153,14.72,,,Com,V,,0
IC3977,*,194.831917,36.798083,,,,,,,CVn,,,0
IC3978,G,194.906042,19.622222,0.21,0.19,131,18.62,,,Com,B,,0
IC3979,*,194.836458,36.324333,,,,,,,CVn,,,0
IC3980,G,194.8275,39.15125,0.36,0.31,45,16.82,,,CVn,B,,0
IC3981,*,194.839375,37.227806,,,,,,,CVn,,,0
IC3982,*,194.827458,40.080528,,,,,,,CVn,,,0
IC3983,**,194.835458,39.246639,,,,,,,CVn,,,0
IC3984,G,194.91775,19.623083,0.35,0.33,70,17.66,,,Com,B,,0
IC3985,G,194.929792,19.591111,0.37,0.33,75,16.44,,,Com,B,,0
IC3986,G,195.383917,-32.291056,1.85,1.38,124,13.35,,,Cen,B,,0
IC3987,G,194.854333,38.733444,0.49,0.41,40,15.63,,,CVn,B,,0
IC3988,*,194.86175,37.244972,,,,,,,CVn,,,0
IC3989,*,194.86975,36.756583,,,,,,,CVn,,,0
IC3990,G,194.912958,28.895528,0.87,0.29,30,14,,,Com,V,,0
IC3991,G,194.915792,28.926583,0.91,0.41,66,14.36,,,Com,V,,0
IC3992,*,194.888708,36.771833,,,,,,,CVn,,,0
IC3993,G,194.876958,40.601778,0.48,0.41,1,15.9,,,CVn,B,,0
IC3994,G,194.961833,22.71675,0.3,0.23,164,17.22,,,Com,B,,0
IC3995,*,194.891375,39.039778,,,,,,,CVn,,,0
IC3996,**,194.88125,40.467556,,,,,,,CVn,,,0
IC3997,G,194.903875,36.695667,0.38,0.31,45,16.88,,,CVn,B,,0
IC3998,G,194.944917,27.973861,0.56,0.41,8,14.57,,,Com,V,,0
IC3999,Dup,194.878417,-14.132333,,,,,,,Vir,,,0
IC4000,G,194.902583,39.58775,0.36,0.26,53,17.14,,,CVn,B,,0
IC4001,G,194.908042,38.87025,0.58,0.34,32,15.74,,,CVn,B,,0
IC4002,G,194.919208,36.763472,0.43,0.23,68,17.14,,,CVn,B,,0
IC4003,G,194.913875,38.815583,1.07,1.07,91,15.1,,,CVn,B,,0
IC4004,G,194.928208,38.811306,0.87,0.81,143,15.41,,,CVn,B,,0
IC4005,**,195.010583,22.639917,,,,,,,Com,,,0
IC4006,*,194.953,37.011083,,,,,,,CVn,,,0
IC4007,G,195.029125,19.964667,0.34,0.22,146,16.33,,,Com,B,,0
IC4008,**,195.023917,22.3505,,,,,,,Com,,,0
IC4009,*,194.97,36.66075,,,,,,,CVn,,,0
IC4010,G,194.975167,37.859111,0.52,0.28,65,16.31,,,CVn,B,,0
IC4011,G,195.026625,28.004139,0.4,0.38,1,15.1,,,Com,V,,0
IC4012,G,195.033292,28.078556,0.51,0.42,131,14.93,,,Com,V,,0
IC4013,*,194.990958,37.199389,,,,,,,CVn,,,0
IC4014,G,195.057917,22.499611,0.4,0.36,4,16.76,,,Com,B,,0
IC4015,Dup,194.998375,37.193389,,,,,,,CVn,,,0
IC4016,Dup,194.999333,37.188139,,,,,,,CVn,,,0
IC4017,G,195.066333,22.555694,0.39,0.2,91,17.44,,,Com,B,,0
IC4018,G,194.989333,40.488722,0.18,0.15,168,17.01,,,CVn,B,,0
IC4019,**,195.072625,23.720833,,,,,,,Com,,,0
IC4020,G,195.014167,38.609889,0.93,0.19,80,16.59,,,CVn,B,,0
IC4021,G,195.061417,28.041306,0.4,0.38,26,14.69,,,Com,V,,0
IC4022,*,195.020542,38.478917,,,,,,,CVn,,,0
IC4023,G,195.110583,19.097333,0.62,0.35,176,16.6,,,Com,B,,0
IC4024,*,195.016542,40.509139,,,,,,,CVn,,,0
IC4025,G,195.118167,19.105028,0.62,0.35,176,16.6,,,Com,B,,0
IC4026,G,195.09225,28.047,0.58,0.41,73,14.59,,,Com,V,,0
IC4027,G,195.05675,37.141417,0.45,0.33,167,16.31,,,CVn,B,,0
IC4028,G,195.067208,36.254111,0.78,0.61,151,15.38,,,CVn,B,,0
IC4029,G,195.059167,38.759722,0.42,0.2,109,16.57,,,CVn,B,,0
IC4030,G,195.116542,27.955972,0.53,0.36,16,15.39,,,Com,V,,0
IC4031,G,195.0645,39.144944,0.21,0.17,124,16.42,,,CVn,B,,0
IC4032,G,195.106875,28.867806,0.6,0.44,176,14.68,,,Com,V,,0
IC4033,G,195.118292,27.972417,0.5,0.28,100,15.21,,,Com,V,,0
IC4034,G,195.081625,37.046194,0.41,0.24,63,16.26,,,CVn,B,,0
IC4035,GPair,195.07225,40.301444,0.8,,,,,,CVn,,,0
IC4035 NED01,G,195.069542,40.299639,0.48,0.23,34,16.89,,,CVn,B,,0
IC4035 NED02,G,195.075,40.302361,0.55,0.09,179,18.8,,,CVn,B,,0
IC4036,*,195.086458,36.909056,,,,,,,CVn,,,0
IC4037,G,195.080917,39.002639,0.35,0.28,109,16.54,,,CVn,B,,0
IC4038,G,195.090708,37.039361,0.59,0.31,168,16.18,,,CVn,B,,0
IC4039,G,195.164083,21.691722,0.5,0.42,10,16.04,,,Com,B,,0
IC4040,G,195.158042,28.057361,0.78,0.34,152,14.82,,,Com,V,,0
IC4041,G,195.170208,27.996611,0.61,0.44,44,14.42,,,Com,V,,0
IC4042,G,195.178208,27.971389,0.72,0.6,2,14.13,,,Com,V,,0
IC4043,G,195.1445,37.071917,0.98,0.3,160,16.46,,,CVn,B,,0
IC4044,G,195.197542,27.922167,0.48,0.3,43,15.47,,,Com,V,,0
IC4045,G,195.202667,28.090778,0.79,0.44,109,13.88,,,Com,V,,0
IC4046,*,195.164292,36.685917,,,,,,,CVn,,,0
IC4047,G,195.240375,19.687,0.88,0.81,90,15.63,,,Com,B,,0
IC4048,G,195.158958,39.830972,0.46,0.21,178,16.84,,,CVn,B,,0
IC4049,G,195.17775,36.345556,1.07,1.07,69,15.02,,,CVn,B,,0
IC4050,**,195.182583,36.739861,,,,,,,CVn,,,0
IC4051,G,195.214833,28.042806,0.96,0.58,51,13.61,,,Com,V,,0
IC4052,**,195.174667,39.667639,,,,,,,CVn,,,0
IC4053,*,195.255458,22.924722,,,,,,,Com,,,0
IC4054,*,195.255667,22.905028,,,,,,,Com,,,0
IC4055,Other,195.260958,22.908556,,,,,,,Com,,,0
IC4056,G,195.184542,39.754139,0.68,0.37,96,15.96,,,CVn,B,,0
IC4057,*,195.271917,23.157694,,,,,,,Com,,,0
IC4058,G,195.288917,19.494167,0.62,0.34,116,16.34,,,Com,B,,0
IC4059,G,195.314458,19.273556,0.41,0.33,58,17,,,Com,B,,0
IC4060,G,195.219,40.584556,0.79,0.59,147,15.11,,,CVn,B,,0
IC4061,GPair,195.240167,39.58275,0.5,,,,,,CVn,,,0
IC4061 NED01,G,195.239125,39.583111,0.39,0.3,122,15.96,,,CVn,B,,0
IC4061 NED02,G,195.242083,39.583944,0.48,0.37,123,17.01,,,CVn,B,,0
IC4062,G,195.244333,39.858944,0.38,0.38,93,14.89,,,CVn,B,,0
IC4063,G,195.277708,39.245194,0.3,0.24,158,16.92,,,CVn,B,,0
IC4064,G,195.278042,39.841472,1.4,1.08,35,14.38,,,CVn,B,,0
IC4065,G,195.295792,39.744472,0.73,0.38,155,15.32,,,CVn,B,,0
IC4066,*,195.417333,19.272611,,,,,,,Com,,,0
IC4067,G,195.33375,39.940361,0.38,0.25,12,16.3,,,CVn,B,,0
IC4068,G,195.334083,39.899056,0.57,0.35,70,15.87,,,CVn,B,,0
IC4069,G,195.35325,36.112722,0.41,0.23,13,16.85,,,CVn,B,,0
IC4070,G,195.430375,19.301944,0.58,0.39,44,16.21,,,Com,B,,0
IC4071,G,195.517042,-7.603194,0.97,0.55,8,14.7,,,Vir,B,,0
IC4072,*,195.357667,37.353722,,,,,,,CVn,,,0
IC4073,G,195.357125,39.914278,0.81,0.27,143,15.45,,,CVn,B,,0
IC4074,G,195.454083,19.008861,0.59,0.38,43,16.9,,,Com,B,,0
IC4075,G,195.452333,19.965,0.44,0.31,104,16.8,,,Com,B,,0
IC4076,G,195.452458,23.389111,0.41,0.37,143,16.75,,,Com,B,,0
IC4077,G,195.391875,37.386222,0.42,0.28,61,16.22,,,CVn,B,,0
IC4078,**,195.398583,36.593222,,,,,,,CVn,,,0
IC4079,G,195.486625,19.248806,0.42,0.37,10,17.41,,,Com,B,,0
IC4080,GPair,195.490833,19.254694,0.4,,,,,,Com,,,0
IC4080 NED01,G,195.490458,19.25325,0.79,0.16,38,17.28,,,Com,B,,0
IC4080 NED02,G,195.492708,19.255917,0.23,0.12,64,18.66,,,Com,B,,0
IC4081,G,195.480417,22.771028,0.42,0.28,157,16.59,,,Com,B,,0
IC4082,G,195.412875,37.341639,0.44,0.27,92,16.57,,,CVn,B,,0
IC4083,G,195.412125,38.142361,0.41,0.26,20,16.29,,,CVn,B,,0
IC4084,**,195.420958,36.965667,,,,,,,CVn,,,0
IC4085,G,195.409125,39.702694,0.3,0.25,132,16.01,,,CVn,B,,0
IC4086,G,195.4285,36.648417,0.82,0.66,178,15.66,,,CVn,B,,0
IC4087,G,195.501708,19.995194,0.23,0.13,9,17.04,,,Com,B,,0
IC4088,Dup,195.430708,29.044667,,,,,,,Com,,,0
IC4089,G,195.507708,19.502889,0.36,0.32,149,17.44,,,Com,B,,0
IC4090,*,195.442917,36.837944,,,,,,,CVn,,,0
IC4091,G,195.554,19.893,0.52,0.26,131,16.85,,,Com,B,,0
IC4092,*,195.556792,19.184167,,,,,,,Com,,,0
IC4093,Other,195.516625,28.99475,,,,,,,Com,,,0
IC4094,G,195.494125,37.795028,0.44,0.3,132,16.3,,,CVn,B,,0
IC4095,G,195.584917,19.099694,0.77,0.33,27,16.25,,,Com,B,,0
IC4096,G,195.570667,24.010833,0.67,0.52,132,16.7,,,Com,B,,0
IC4097,*,195.520583,36.605444,,,,,,,CVn,,,0
IC4098,G,195.516,37.980889,0.51,0.28,112,16.33,,,CVn,B,,0
IC4099,G,195.596792,24.029167,0.65,0.49,104,16.38,,,Com,B,,0
IC4100,G,195.520458,40.408361,1.16,0.75,104,14.81,,,CVn,B,,0
IC4101,*,195.557292,39.940361,,,,,,,CVn,,,0
IC4102,G,195.574958,36.152444,0.34,0.22,78,16.97,,,CVn,B,,0
IC4103,G,195.579375,38.0175,0.76,0.52,64,15.88,,,CVn,B,,0
IC4104,G,195.5755,38.592417,0.51,0.37,167,15.95,,,CVn,B,,0
IC4105,G,195.579167,38.271278,0.48,0.39,89,16.47,,,CVn,B,,0
IC4106,G,195.660167,28.114583,0.74,0.55,135,15.39,,,Com,B,,0
IC4107,G,195.674458,21.997389,0.89,0.81,0,16.62,,,Com,B,,0
IC4108,G,195.631375,38.4785,0.71,0.37,132,15.4,,,CVn,B,,0
IC4109,*,195.741542,19.003694,,,,,,,Com,,,0
IC4110,G,195.742875,19.226972,0.2,0.14,151,16.57,,,Com,V,,0
IC4111,G,195.735708,28.070417,0.73,0.34,133,15.64,,,Com,B,,0
IC4112,*,195.688167,37.212167,,,,,,,CVn,,,0
IC4113,G,195.763792,20.473389,0.37,0.23,111,16.69,,,Com,B,,0
IC4114,G,195.674292,40.104528,0.46,0.21,41,16.56,,,CVn,B,,0
IC4115,G,195.703042,37.223222,0.56,0.44,15,15.87,,,CVn,B,,0
IC4116,*,195.792167,19.083361,,,,,,,Com,,,0
IC4117,*,195.7025,40.524889,,,,,,,CVn,,,0
IC4118,G,195.715417,38.292944,0.63,0.39,102,15.38,,,CVn,B,,0
IC4119,G,195.813208,19.232778,0.43,0.15,24,17.44,,,Com,V,,0
IC4120,*,195.756458,37.081667,,,,,,,CVn,,,0
IC4121,*,195.839667,19.282306,,,,,,,Com,,,0
IC4122,G,195.851792,20.196917,0.84,0.69,26,14.16,,,Com,V,,0
IC4123,G,195.77425,38.314472,0.55,0.47,138,15.6,,,CVn,B,,0
IC4124,G,195.881542,22.846806,0.38,0.26,37,16.82,,,Com,B,,0
IC4125,G,195.895708,18.803389,1.01,0.65,74,15.75,,,Com,B,,0
IC4126,*,195.901875,19.323444,,,,,,,Com,,,0
IC4127,G,195.8225,38.046917,0.58,0.37,40,15.93,,,CVn,B,,0
IC4128,G,195.921833,20.216639,0.4,0.28,65,16.4,,,Com,B,,0
IC4129,G,195.933208,18.877139,0.47,0.29,28,17.04,,,Com,B,,0
IC4130,G,195.944125,19.271528,1.2,1.05,70,14.3,,,Com,V,,0
IC4131,G,195.856583,38.951278,0.38,0.28,158,16.39,,,CVn,B,,0
IC4132,*,195.891,38.377583,,,,,,,CVn,,,0
IC4133,G,195.961667,27.988389,0.57,0.52,66,15.34,,,Com,B,,0
IC4134,Dup,195.517292,-11.378417,,,,,,,Vir,,,0
IC4135,G,195.905792,40.248972,0.67,0.38,36,16.06,,,CVn,B,,0
IC4136,Dup,196.079625,-7.649444,,,,,,,Vir,,,0
IC4137,G,195.997083,22.739972,0.39,0.31,166,16.52,,,Com,B,,0
IC4138,G,196.008792,20.6655,0.38,0.24,162,16.61,,,Com,B,,0
IC4139,G,196.017292,19.294972,0.64,0.52,60,15.41,,,Com,V,,0
IC4140,G,196.025167,20.096361,0.32,0.26,71,17.54,,,Com,B,,0
IC4141,G,196.032208,19.210639,0.66,0.55,108,15.31,,,Com,V,,0
IC4142,*,195.946625,38.195083,,,,,,,CVn,,,0
IC4143,*,195.939583,40.207083,,,,,,,CVn,,,0
IC4144,G,195.958625,36.943389,0.96,0.18,6,15.88,,,CVn,B,,0
IC4145,G,195.957375,38.286583,0.71,0.17,135,16.75,,,CVn,B,,0
IC4146,G,196.04325,19.27825,0.52,0.38,9,15.93,,,Com,V,,0
IC4147,G,196.039292,20.250889,0.32,0.17,156,17.35,,,Com,B,,0
IC4148,G,196.044542,19.259167,0.41,0.21,68,16.7,,,Com,V,,0
IC4149,G,196.045083,22.289667,0.65,0.39,82,15.5,,,Com,B,,0
IC4150,*,196.054333,21.986722,,,,,,,Com,,,0
IC4151,GTrpl,195.995583,36.857889,0.4,,,,,,CVn,,,0
IC4151 NED01,G,195.996167,36.858028,0.47,0.23,8,17.58,,,CVn,B,,0
IC4151 NED02,G,195.99725,36.858444,0.3,0.19,131,18.01,,,CVn,B,,0
IC4152,G,195.993583,38.198611,0.75,0.63,11,15.92,,,CVn,B,,0
IC4153,*,196.110708,19.044972,,,,,,,Com,,,0
IC4154,G,196.117792,23.575028,0.62,0.53,111,15.5,,,Com,B,,0
IC4155,*,196.037083,40.015444,,,,,,,CVn,,,0
IC4156,Dup,196.233167,-7.947694,,,,,,,Vir,,,0
IC4157,*,196.077417,38.663583,,,,,,,CVn,,,0
IC4158,G,196.102667,36.479889,0.76,0.25,125,15.74,,,CVn,B,,0
IC4159,G,196.191625,22.242139,0.33,0.24,127,17.2,,,Com,B,,0
IC4160,G,196.20025,22.892472,0.43,0.2,22,16.9,,,Com,B,,0
IC4161,G,196.147167,39.977472,0.71,0.18,107,16.04,,,CVn,B,,0
IC4162,G,196.262458,20.554806,0.33,0.24,165,16.97,,,Com,B,,0
IC4163,G,196.283375,20.770722,0.4,0.33,31,16.39,,,Com,B,,0
IC4164,G,196.310375,20.547111,0.45,0.2,127,16.81,,,Com,B,,0
IC4165,G,196.237333,39.924917,0.64,0.6,16,17.95,,,CVn,V,,0
IC4166,G,196.327458,31.442306,1.01,0.49,177,15.15,,,CVn,B,,0
IC4167,G,196.378125,21.910028,0.4,0.25,160,16.82,,,Com,B,,0
IC4168,G,196.294625,40.049694,0.65,0.5,74,15.36,,,CVn,B,,0
IC4169,GPair,196.300375,38.772472,0.6,,,,,,CVn,,,0
IC4169 NED01,G,196.300042,38.770694,0.15,0.12,120,19.09,,,CVn,B,,0
IC4169 NED02,G,196.302167,38.773556,0.51,0.47,130,16.41,,,CVn,B,,0
IC4170,GPair,196.395208,21.135028,0.8,,,,,,Com,,,0
IC4170 NED01,G,196.395792,21.134944,0.51,0.5,79,12.7,,,Com,V,,0
IC4170 NED02,G,196.396958,21.129694,0.26,0.17,95,18.93,,,Com,B,,0
IC4171,G,196.328375,36.102889,0.71,0.39,82,15.92,,,CVn,B,,0
IC4172,G,196.639,22.850389,0.49,0.39,85,16.21,,,Com,B,,0
IC4173,Dup,195.978042,-11.505056,,,,,,,Vir,,,0
IC4174,*,196.369,36.396417,,,,,,,CVn,,,0
IC4175,G,196.447792,20.374694,0.4,0.27,138,16.84,,,Com,B,,0
IC4176,Dup,195.986417,-11.498056,,,,,,,Vir,,,0
IC4177,G,196.620625,-13.571639,0.87,0.45,90,14.96,,,Vir,B,,0
IC4178,G,196.422917,36.017472,0.63,0.24,120,16.19,,,CVn,B,,0
IC4179,*,196.44125,37.197806,,,,,,,CVn,,,0
IC4180,G,196.735375,-23.917111,1.38,1.02,163,13.6,,,Hya,V,,0
IC4181,G,196.52675,21.493889,0.53,0.47,125,16.15,,,Com,B,,0
IC4182,G,196.456417,37.604889,6.01,5.52,0,11.61,,,CVn,V,,0
IC4183,G,196.548167,21.504361,0.46,0.4,113,16.72,,,Com,B,,0
IC4184,G,196.465708,38.837389,0.33,0.22,111,15.54,,,CVn,B,,0
IC4185,GPair,196.552667,21.773028,1,,,,,,Com,,,0
IC4185 NED01,G,196.552375,21.76925,0.55,0.23,147,16.59,,,Com,B,,0
IC4185 NED02,G,196.553208,21.775861,0.32,0.19,21,18.03,,,Com,B,,0
IC4186,**,196.489,36.986056,,,,,,,CVn,,,0
IC4187,G,196.498417,36.298472,0.55,0.43,157,15.53,,,CVn,B,,0
IC4188,G,196.509708,36.328222,0.46,0.37,53,16.36,,,CVn,B,,0
IC4189,G,196.514792,35.980333,1.25,0.84,180,14.42,,,CVn,B,,0
IC4190,*,196.526583,37.610028,,,,,,,CVn,,,0
IC4191,PN,197.196792,-67.64375,0.08,,,10.6,,,Mus,V,,0
IC4192,Other,196.535833,37.605556,,,,,,,CVn,,,0
IC4193,G,196.526375,39.423611,0.49,0.32,61,15.51,,,CVn,B,,0
IC4194,*,196.532458,38.873583,,,,,,,CVn,,,0
IC4195,*,196.564292,37.039778,,,,,,,CVn,,,0
IC4196,Dup,196.890583,-24.008556,,,,,,,Hya,,,0
IC4197,G,197.018042,-23.796861,1.84,1.12,162,12.48,,,Hya,V,,0
IC4198,Dup,196.928417,24.810583,,,,,,,Com,,,0
IC4199,*,196.886125,35.859833,,,,,,,CVn,,,0
IC4200,G,197.394833,-51.968583,1.69,1.06,154,13.82,,,Cen,V,,0
IC4201,G,196.963417,35.834861,0.66,0.63,85,15.5,,,CVn,B,,0
IC4202,G,197.131583,24.700778,1.74,0.36,142,14.96,,,Com,B,,0
IC4203,*,197.079458,40.427889,,,,,,,CVn,,,0
IC4204,G,197.089917,39.461167,0.95,0.21,42,15.93,,,CVn,B,,0
IC4205,Dup,197.173875,52.774278,,,,,,,UMa,,,0
IC4206,*,197.341417,39.02225,,,,,,,CVn,,,0
IC4207,G,197.361375,37.822944,0.49,0.3,2,16.61,,,CVn,B,,0
IC4208,*,197.408292,37.255583,,,,,,,CVn,,,0
IC4209,G,197.593708,-7.170694,1.28,0.53,99,14.48,,,Vir,B,,0
IC4210,Dup,197.698542,29.709889,,,,,,,Com,,,0
IC4211,*,197.735333,37.17625,,,,,,,CVn,,,0
IC4212,G,198.012458,-6.9925,0.33,0.21,140,13.69,,,Vir,V,,0
IC4213,G,198.04675,35.669694,2.48,0.48,176,13.98,,,CVn,B,,0
IC4214,G,199.427875,-32.101694,2.96,1.84,165,11.4,,,Cen,V,,0
IC4215,G,199.070125,25.405222,1.55,0.36,46,13.88,,,Com,V,,0
IC4216,G,199.257792,-10.77,2.05,0.77,53,13.69,,,Vir,B,,0
IC4217,G,199.305333,-13.154083,0.68,0.62,30,15.26,,,Vir,B,,0
IC4218,G,199.264208,-2.261278,1.2,0.37,159,14.73,,,Vir,V,,0
IC4219,G,199.623917,-31.630889,1.12,0.97,114,12.99,,,Cen,V,,0
IC4220,G,199.476333,-13.605472,0.85,0.61,105,14.89,,,Vir,B,,0
IC4221,G,199.626458,-14.608889,1.54,0.71,167,13.58,,,Vir,B,,0
IC4222,Dup,199.919042,-27.428972,,,,,,,Hya,,,0
IC4223,G,199.730042,7.7955,0.72,0.53,140,15.38,,,Vir,B,,0
IC4224,G,199.771042,-2.515306,0.88,0.37,99,14.84,,,Vir,B,,0
IC4225,G,200.003958,31.981389,1.64,0.33,131,14.97,,,CVn,B,,0
IC4226,G,200.126708,32.003917,0.49,0.35,140,15.12,,,CVn,B,,0
IC4227,G,200.222833,32.190778,0.54,0.44,77,15.55,,,CVn,B,,0
IC4228,G,200.392083,25.51625,0.8,0.55,67,15.12,,,Com,B,,0
IC4229,G,200.608875,-2.418278,0.8,0.67,15,14.3,,,Vir,B,,0
IC4230,G,200.496667,26.733861,1.19,0.36,1,15.06,,,Com,B,,0
IC4231,G,200.80575,-26.300389,2.06,0.57,34,14.29,,,Hya,B,,0
IC4232,G,200.843542,-26.1095,1.19,0.37,4,14.57,,,Hya,B,,0
IC4233,Dup,201.210125,-30.307528,,,,,,,Cen,,,0
IC4234,G,200.749458,27.116417,0.78,0.68,12,14.76,,,Com,B,,0
IC4235,G,200.970708,-12.743361,0.91,0.25,78,16.13,,,Vir,B,,0
IC4236,Dup,200.864375,6.392556,,,,,,,Vir,,,0
IC4237,G,201.1365,-21.136833,2.14,1.39,135,13.22,,,Vir,B,,0
IC4238,G,200.999792,30.932417,0.87,0.24,29,15.93,,,CVn,B,,0
IC4239,G,201.105958,30.959278,0.88,0.63,132,15.19,,,CVn,B,,0
IC4240,G,201.114833,30.977917,0.54,0.25,34,15.87,,,CVn,B,,0
IC4241,G,201.193958,26.738417,0.62,0.47,64,15.38,,,Com,B,,0
IC4242,G,201.1705,31.0265,0.58,0.41,137,16.02,,,CVn,B,,0
IC4243,G,201.4635,-27.626889,0.5,0.38,35,15.19,,,Hya,B,,0
IC4244,G,201.234458,26.463528,0.81,0.34,82,15.42,,,Com,B,,0
IC4245,G,201.496042,-26.677722,0.73,0.52,112,15.25,,,Hya,B,,0
IC4246,G,201.501042,-26.678056,0.62,0.26,147,15.34,,,Hya,B,,0
IC4247,G,201.685125,-30.362417,1.38,0.52,154,14.28,,,Cen,V,,0
IC4248,G,201.69675,-29.881361,1.04,0.65,89,14.8,,,Hya,V,,0
IC4249,G,201.777333,-27.956389,1.43,0.41,111,13.92,,,Hya,V,,0
IC4250,G,201.53725,26.477167,0.55,0.32,53,15.55,,,Com,B,,0
IC4251,G,201.851167,-29.444361,0.98,0.65,145,14.97,,,Hya,B,,0
IC4252,G,201.866667,-27.324778,2,1.08,135,13.05,,,Hya,V,,0
IC4253,G,201.884875,-27.872139,1.41,0.71,135,14.8,,,Hya,V,,0
IC4254,G,201.939042,-27.222528,0.75,0.54,81,15.6,,,Hya,B,,0
IC4255,G,202.0005,-27.354306,1.34,0.99,45,13.37,,,Hya,V,,0
IC4256,G,201.763292,30.976833,0.66,0.32,44,15.5,,,CVn,B,,0
IC4257,Other,201.834708,46.867,,,,,,,CVn,,,0
IC4258,G,201.971917,28.508194,0.85,0.68,29,15.08,,,CVn,B,,0
IC4259,G,202.367292,-30.134944,0.99,0.56,149,15.39,,,Hya,B,,0
IC4260,G,202.418417,-28.266083,1.17,0.29,96,15.68,,,Hya,B,,0
IC4261,G,202.448583,-28.006361,1.17,0.86,131,14.74,,,Hya,B,,0
IC4262,G,202.59625,-28.270583,1.18,0.37,65,15.62,,,Hya,B,,0
IC4263,G,202.138292,46.927194,1.71,0.42,102,15.22,,,CVn,B,,0
IC4264,G,202.573833,-27.928444,1.88,0.47,105,14.96,,,Hya,B,,0
IC4265,G,202.595708,-25.765556,0.84,0.53,5,15.47,,,Hya,B,,0
IC4266,G,202.273458,37.61175,0.55,0.5,10,16.17,,,CVn,B,,0
IC4267,G,202.650417,-26.256056,1.3,0.45,135,15.2,,,Hya,B,,0
IC4268,G,202.301375,37.6605,0.63,0.46,90,16.28,,,CVn,B,,0
IC4269,G,202.337667,37.623083,0.46,0.46,85,,,,CVn,,,0
IC4270,G,202.704542,-25.333667,0.95,0.83,7,14.69,,,Hya,B,,0
IC4271,GPair,202.339167,37.411667,0.8,,,,,,CVn,,,0
IC4271 NED01,G,202.339333,37.414028,0.87,0.66,167,15.35,,,CVn,B,,0
IC4271 NED02,G,202.338792,37.409667,0.3,0.23,141,15,,,CVn,V,,0
IC4272,G,202.819,-29.957361,0.98,0.18,111,15.66,,,Hya,B,,0
IC4273,G,202.874417,-28.893444,0.95,0.64,24,15.25,,,Hya,B,,0
IC4274,Dup,203.387125,-65.974056,,,,,,,Mus,,,0
IC4275,G,202.96375,-29.732389,0.95,0.54,25,16.6,,,Hya,V,,0
IC4276,G,203.026083,-28.156833,1.32,0.18,61,15.37,,,Hya,B,,0
IC4277,G,202.569667,47.314167,0.67,0.08,91,,,,CVn,,,0
IC4278,G,202.614792,47.246889,0.43,0.4,65,17.79,,,CVn,B,,0
IC4279,G,203.129042,-27.127472,0.68,0.38,52,15.48,,,Hya,B,,0
IC4280,G,203.2225,-24.207139,1.13,0.76,64,12.84,,,Hya,V,,0
IC4281,G,203.159375,-27.169639,1.3,0.79,98,14.48,,,Hya,B,,0
IC4282,G,202.832375,47.183861,0.4,0.38,156,17.83,,,CVn,B,,0
IC4283,G,203.0445,28.389111,0.65,0.34,69,15.36,,,CVn,B,,0
IC4284,G,202.883083,46.795111,0.32,0.3,21,17.27,,,CVn,B,,0
IC4285,G,202.93975,46.821611,0.32,0.17,92,17.88,,,CVn,B,,0
IC4286,G,203.398542,-27.631222,0.41,0.34,20,15.96,,,Hya,B,,0
IC4287,GPair,203.1625,25.441111,1,,,,,,Com,,,0
IC4287 NED01,G,203.162375,25.441111,0.96,0.46,152,15.27,,,Com,B,,0
IC4287 NED02,G,203.16525,25.440194,0.22,0.15,15,,,,Com,,,0
IC4288,G,203.62675,-27.304222,1.36,0.6,114,14.76,,,Hya,B,,0
IC4289,G,203.699208,-27.127083,1.4,0.62,8,14.35,,,Hya,B,,0
IC4290,G,203.831583,-28.021806,1.35,1.11,99,13.32,,,Hya,V,,0
IC4291,OCl,204.235042,-62.093111,5.1,,,9.7,,,Cen,V,,0
IC4292,G,203.944167,-27.673861,0.56,0.48,14,15.2,,,Hya,B,,0
IC4293,G,204.009417,-25.882306,2.19,1.39,177,13.5,,,Hya,V,,0
IC4294,G,204.130125,-28.781139,0.93,0.45,32,15.62,,,Hya,B,,0
IC4295,G,204.143583,-29.089444,1.04,0.4,114,15.12,,,Hya,B,,0
IC4296,G,204.162625,-33.965833,4.62,2.43,42,10.51,,,Cen,V,,0
IC4297,G,203.830208,26.424778,0.88,0.4,70,15.57,,,Com,B,,0
IC4298,G,204.144708,-26.553861,1.6,0.82,177,14.17,,,Hya,B,,0
IC4299,G,204.197833,-34.065806,1.87,0.81,58,12.66,,,Cen,V,,0
IC4300,G,203.855,33.419806,0.23,0.23,12,15.74,,,CVn,B,,0
IC4301,G,203.899167,33.3745,1.29,0.39,130,15.77,,,CVn,B,,0
IC4302,G,203.899792,33.479583,1.36,0.27,126,16.14,,,CVn,B,,0
IC4303,G,204.325917,-28.657972,0.98,0.54,71,15.26,,,Hya,B,,0
IC4304,G,203.991167,33.430028,1.31,0.55,41,14.74,,,CVn,B,,0
IC4305,G,203.993208,33.473917,0.98,0.86,173,14.8,,,CVn,B,,0
IC4306,G,204.081833,33.423444,1.1,0.39,81,15.43,,,CVn,B,,0
IC4307,G,204.150708,27.242194,0.66,0.59,84,15.08,,,Boo,B,,0
IC4308,Other,204.218167,32.733361,,,,,,,CVn,,,0
IC4309,G,204.7085,-29.662722,0.77,0.5,132,15.47,,,Hya,B,,0
IC4310,G,204.738083,-25.845722,2.38,0.96,73,13.33,,,Hya,B,,0
IC4311,G,205.033167,-51.036139,1.11,0.78,161,14.07,,,Cen,B,,0
IC4312,G,205.12875,-51.070889,1.21,0.89,75,13.42,,,Cen,B,,0
IC4313,G,204.586292,26.759778,0.59,0.38,38,16.02,,,Boo,B,,0
IC4314,G,204.604458,26.7425,0.91,0.65,10,14.94,,,Boo,B,,0
IC4315,G,205.013292,-25.474556,1.6,0.32,132,15.05,,,Hya,B,,0
IC4316,G,205.076708,-28.892222,1.38,1,56,13.97,,,Hya,V,,0
IC4317,G,205.440917,27.106361,0.51,0.34,23,16.21,,,Boo,B,,0
IC4318,G,205.844542,-28.967944,1.08,0.95,10,14.54,,,Hya,B,,0
IC4319,G,205.860708,-29.803472,1.61,0.54,73,14.32,,,Hya,B,,0
IC4320,G,206.0155,-27.231694,1.31,1.18,30,14.25,,,Hya,B,,0
IC4321,G,206.130208,-30.139583,1.02,0.62,33,15.16,,,Cen,B,,0
IC4322,G,205.933958,25.392139,0.69,0.55,71,15.5,,,Boo,B,,0
IC4323,G,206.278667,-28.65125,1.1,0.2,58,15.91,,,Hya,B,,0
IC4324,G,206.363792,-30.227222,0.9,0.57,126,14.82,,,Cen,B,,0
IC4325,G,206.915208,-29.434361,1.2,0.48,101,14.75,,,Hya,B,,0
IC4326,G,207.089542,-29.626389,1,0.81,166,14.4,,,Hya,B,,0
IC4327,G,207.1825,-30.2175,1.15,0.58,56,13.91,,,Cen,V,,0
IC4328,G,207.262083,-29.937028,1.07,0.7,174,14.92,,,Hya,B,,0
IC4329,G,207.272125,-30.295861,4.74,2.65,67,10.97,,,Cen,V,,0
IC4330,G,206.811875,-28.331806,1.29,0.65,93,14.72,,,Hya,B,,0
IC4331,G,207.352542,25.154667,0.63,0.51,64,15.73,,,Boo,B,,0
IC4332,G,207.468958,25.190889,0.85,0.78,3,15.3,,,Boo,B,,0
IC4333,G,211.335792,-84.272694,1.8,0.46,60,14.8,,,Oct,B,,0
IC4334,G,207.451125,29.694083,0.59,0.5,147,15.51,,,CVn,B,,0
IC4335,*,207.437792,33.673639,,,,,,,CVn,,,0
IC4336,G,207.680708,39.706778,1.37,0.41,155,14,,,CVn,V,,0
IC4337,G,208.080333,14.271917,0.77,0.38,106,15.22,,,Boo,B,,0
IC4338,Dup,208.226917,-1.114639,,,,,,,Vir,,,0
IC4339,*,208.370125,37.539028,,,,11.5,,,CVn,V,,0
IC4340,G,208.389708,37.386972,1.27,0.9,31,14.58,,,CVn,B,,0
IC4341,G,208.392708,37.52225,0.92,0.84,50,14.78,,,CVn,B,,0
IC4342,G,208.592125,25.153083,1.09,0.43,53,15.26,,,Boo,B,,0
IC4343,G,208.7325,25.122639,1.05,0.61,102,15.13,,,Boo,B,,0
IC4344,G,208.802458,25.021444,1.1,0.7,67,14.98,,,Boo,B,,0
IC4345,G,208.805792,25.051806,1.23,1.18,134,14.23,,,Boo,B,,0
IC4346,G,208.919042,25.153056,0.73,0.66,4,14.98,,,Boo,B,,0
IC4347,Dup,209.432792,-39.978417,,,,,,,Cen,,,0
IC4348,G,208.937875,25.203111,1.13,1.13,117,15.59,,,Boo,B,,0
IC4349,G,208.943083,25.151917,1.04,0.5,119,15.13,,,Boo,B,,0
IC4350,G,209.308,-25.245806,1.88,0.74,133,13.71,,,Hya,B,,0
IC4351,G,209.476083,-29.315722,6.55,1.04,18,11.62,,,Hya,V,,0
IC4352,G,209.604667,-34.517333,1.82,0.73,88,13.58,,,Cen,B,,0
IC4353,Other,209.265417,37.729056,,,,,,,CVn,,,0
IC4354,G,209.62875,-12.605361,1.36,0.33,106,15.33,,,Vir,B,,0
IC4355,G,209.5255,28.422694,0.43,0.4,54,15.17,,,CVn,B,,0
IC4356,G,209.687917,37.490667,0.54,0.46,15,15.86,,,CVn,B,,0
IC4357,G,210.182042,31.894167,0.93,0.51,67,14.83,,,CVn,B,,0
IC4358,G,210.892417,-10.15125,1.39,0.29,111,14.92,,,Vir,B,,0
IC4359,G,211.347208,-45.269778,1.18,0.89,13,13.81,,,Cen,B,,0
IC4360,G,211.088917,-11.424833,0.78,0.47,33,15.88,,,Vir,B,,0
IC4361,G,211.031125,-9.768889,0.66,0.34,170,,,,Vir,,,0
IC4362,G,211.342583,-41.818972,1.81,0.69,147,13.43,,,Cen,B,,0
IC4363,G,211.05125,-9.641639,0.45,0.21,25,15.09,,,Vir,B,,0
IC4364,G,211.082167,-9.993278,0.91,0.66,106,14.76,,,Vir,B,,0
IC4365,Dup,210.94725,9.523694,,,,,,,Boo,,,0
IC4366,G,211.297833,-33.760111,1.63,1.21,149,12.74,,,Cen,V,,0
IC4367,G,211.402417,-39.203361,1.64,1.43,71,13.01,,,Cen,B,,0
IC4368,G,211.1935,-9.96225,0.55,0.38,40,14.95,,,Vir,B,,0
IC4369,G,211.024458,33.320722,0.44,0.38,29,16.2,,,CVn,B,,0
IC4370,G,211.041083,33.346,0.44,0.33,96,15.88,,,CVn,B,,0
IC4371,G,211.045292,33.307806,0.81,0.54,50,15.13,,,CVn,B,,0
IC4372,G,211.442042,-10.900083,0.48,0.15,75,16.18,,,Vir,B,,0
IC4373,G,211.429875,25.231361,0.82,0.78,23,15.26,,,Boo,B,,0
IC4374,G,211.874,-27.017861,1.8,1.39,106,13.68,,,Hya,B,,0
IC4375,Dup,212.012958,-33.314917,,,,,,,Cen,,,0
IC4376,Other,212.710292,-30.79275,,,,,,,Cen,,,0
IC4377,G,214.245042,-75.647194,1.98,0.69,95,13.95,,,Aps,B,,0
IC4378,G,213.039875,-34.265333,1.54,0.61,158,14.55,,,Cen,B,,0
IC4379,G,213.042667,-34.272722,0.92,0.42,93,15.52,,,Cen,B,,0
IC4380,G,212.508833,37.549861,0.73,0.68,10,15.18,,,Boo,B,,0
IC4381,Dup,212.7385,25.497222,,,,,,,Boo,,,0
IC4382,G,212.760583,25.519361,0.64,0.16,9,15.46,,,Boo,B,,0
IC4383,Dup,213.053,15.868889,,,,,,,Boo,,,0
IC4384,G,212.983417,27.113917,1.13,0.8,165,14.91,,,Boo,B,,0
IC4385,Other,213.632167,-42.323611,,,,,,,Cen,,,0
IC4386,G,213.759875,-43.961333,2.57,0.38,146,12.75,,,Cen,B,,0
IC4387,G,213.757292,-43.990111,1.26,0.72,67,14.91,,,Cen,B,,0
IC4388,G,214.0145,-31.752639,1.14,0.97,4,14.32,,,Cen,B,,0
IC4389,G,214.1925,-40.5525,0.83,0.6,100,15.3,,,Cen,B,,0
IC4390,G,214.246667,-44.977333,1.95,0.63,10,13.82,,,Cen,B,,0
IC4391,G,214.112667,-31.684972,0.98,0.78,55,14.44,,,Cen,B,,0
IC4392,Other,213.971542,-13.05125,,,,,,,Vir,,,0
IC4393,G,214.453958,-31.349083,2.3,0.38,75,13.74,,,Cen,V,,0
IC4394,Other,214.093167,39.697694,,,,,,,Boo,,,0
IC4395,G,214.337833,26.857444,1.16,0.8,25,15,,,Boo,V,,0
IC4396,G,214.376,28.8,0.63,0.41,21,14.99,,,Boo,V,,0
IC4397,G,214.494667,26.412556,1.08,0.74,160,14.1,,,Boo,V,,0
IC4398,G,214.514333,28.866389,0.62,0.56,10,15.17,,,Boo,B,,0
IC4399,G,214.599833,26.385889,0.71,0.35,139,15.38,,,Boo,B,,0
IC4400,Other,215.556042,-60.569806,,,,,,,Cen,,,0
IC4401,G,214.854458,-4.489139,1.5,0.6,10,14.44,,,Vir,B,,0
IC4402,G,215.304542,-46.297889,5.78,0.96,126,11.82,,,Lup,V,,0
IC4403,G,214.570292,31.653833,1.23,0.48,137,14.8,,,Boo,B,,0
IC4404,*,212.709042,78.628306,,,,,,,UMi,,,0
IC4405,G,214.819125,26.298583,1.35,0.87,105,14.67,,,Boo,B,,0
IC4406,PN,215.610333,-44.150194,0.58,,,10.2,,,Lup,V,,0
IC4407,G,215.903583,-5.983222,1.48,0.71,173,14.75,,,Vir,B,,0
IC4408,G,215.304542,29.9935,0.83,0.39,128,14.89,,,Boo,B,,0
IC4409,G,215.38875,31.585528,0.79,0.54,38,15.04,,,Boo,B,,0
IC4410,G,215.558125,17.397333,0.79,0.41,57,15.59,,,Boo,B,,0
IC4411,Other,216.254583,-35.020611,,,,,,,Cen,,,0
IC4412,Dup,215.792958,26.265806,,,,,,,Boo,,,0
IC4413,G,215.738833,37.527417,0.51,0.4,129,15.5,,,Boo,B,,0
IC4414,Dup,215.927458,28.347861,,,,,,,Boo,,,0
IC4415,G,216.111333,16.639611,0.62,0.3,139,16.1,,,Boo,B,,0
IC4416,G,216.072583,29.635806,0.92,0.67,130,15.5,,,Boo,B,,0
IC4417,G,216.223708,17.037917,1.11,0.78,144,15.58,,,Boo,B,,0
IC4418,G,216.3635,25.526278,0.94,0.8,96,14.84,,,Boo,B,,0
IC4419,G,216.477792,16.632528,0.79,0.52,148,16.06,,,Boo,B,,0
IC4420,G,216.414208,25.378361,0.67,0.37,18,15.44,,,Boo,B,,0
IC4421,G,217.130458,-37.58375,1.43,1.08,164,12.37,,,Cen,V,,0
IC4422,G,216.496375,30.473722,0.74,0.65,142,15.21,,,Boo,B,,0
IC4423,G,216.573917,26.246139,1.02,0.57,71,15.45,,,Boo,B,,0
IC4424,Dup,216.884875,4.821611,,,,,,,Vir,,,0
IC4425,G,216.684083,27.189528,0.64,0.58,3,15.19,,,Boo,B,,0
IC4426,G,216.821208,16.830972,0.69,0.65,5,15.59,,,Boo,B,,0
IC4427,G,216.748208,26.863972,0.86,0.35,116,15.33,,,Boo,B,,0
IC4428,G,216.856458,16.190833,0.76,0.35,49,15.71,,,Boo,B,,0
IC4429,G,216.905708,16.899861,1.02,0.61,96,15.46,,,Boo,B,,0
IC4430,G,217.330833,-33.455111,2.47,1.26,24,12.98,,,Cen,B,,0
IC4431,Dup,216.789583,30.948222,,,,,,,Boo,,,0
IC4432,G,217.207333,-39.552194,0.85,0.22,47,16.37,,,Cen,B,,0
IC4433,G,216.972292,16.195556,0.48,0.34,44,16.31,,,Boo,B,,0
IC4434,G,216.978083,16.207167,0.64,0.46,6,15.51,,,Boo,B,,0
IC4435,G,216.851167,37.471444,0.94,0.94,50,15.11,,,Boo,B,,0
IC4436,G,216.992417,26.5045,1.2,1.03,87,14.75,,,Boo,B,,0
IC4437,**,216.881917,41.503222,,,,,,,Boo,,,0
IC4438,G,217.143625,17.334556,0.48,0.4,77,15.94,,,Boo,B,,0
IC4439,G,217.166833,17.02475,0.67,0.36,76,15.81,,,Boo,B,,0
IC4440,G,217.246833,17.320583,0.77,0.46,72,15.56,,,Boo,B,,0
IC4441,G,217.910917,-43.418444,1.95,1.53,83,11.84,,,Lup,V,,0
IC4442,G,217.188625,28.96425,0.85,0.5,15,15.13,,,Boo,B,,0
IC4443,G,217.322875,16.181556,0.62,0.28,12,16.25,,,Boo,B,,0
IC4444,Dup,217.910917,-43.418444,,,,,,,Lup,,,0
IC4445,G,217.977542,-46.035306,1.19,0.45,154,15,,,Lup,B,,0
IC4446,G,217.2555,37.463139,0.77,0.4,109,15.77,,,Boo,B,,0
IC4447,G,217.324917,30.832222,0.82,0.67,174,14.66,,,Boo,B,,0
IC4448,G,220.1165,-78.809222,1.1,0.86,176,13.51,,,Aps,V,,0
IC4449,G,217.839958,15.240861,0.72,0.41,115,15.71,,,Boo,B,,0
IC4450,G,218.051417,28.556833,0.98,0.45,48,15.3,,,Boo,B,,0
IC4451,G,218.65475,-36.285833,1.79,1.29,95,13.34,,,Cen,B,,0
IC4452,G,218.114292,27.427417,0.5,0.47,78,14.93,,,Boo,B,,0
IC4453,G,218.619375,-27.518556,2.09,0.97,160,12.19,,,Hya,V,,0
IC4454,G,218.319542,17.711806,0.45,0.32,0,16.7,,,Boo,B,,0
IC4455,Dup,218.43175,-14.619694,,,,,,,Lib,,,0
IC4456,G,218.538208,16.184028,0.58,0.21,129,16.08,,,Boo,B,,0
IC4457,G,218.620333,18.224694,0.46,0.39,85,16,,,Boo,B,,0
IC4458,G,219.524458,-39.505972,0.59,0.26,70,17.03,,,Cen,B,,0
IC4459,G,218.634167,30.974667,0.89,0.3,13,15.39,,,Boo,B,,0
IC4460,G,218.652208,30.279389,0.55,0.41,161,15.61,,,Boo,B,,0
IC4461,G,218.751583,26.531917,0.41,0.28,117,16.7,,,Boo,B,,0
IC4462,G,218.757917,26.543917,0.74,0.54,11,15.33,,,Boo,B,,0
IC4463,G,218.954167,16.019278,0.81,0.61,30,15.42,,,Boo,B,,0
IC4464,G,219.454167,-36.878,1.68,0.67,62,13.66,,,Cen,B,,0
IC4465,G,218.963167,15.572917,0.56,0.23,80,16.53,,,Boo,B,,0
IC4466,G,219.200458,18.343778,1,1,14,15.6,,,Boo,B,,0
IC4467,G,219.223625,18.370639,0.54,0.48,32,15.99,,,Boo,B,,0
IC4468,G,219.611417,-22.367611,2.3,0.54,158,13.77,,,Lib,B,,0
IC4469,G,219.335375,18.249333,1.67,0.22,109,15.45,,,Boo,B,,0
IC4470,G,217.095375,78.885611,0.89,0.25,94,14.93,,,UMi,B,,0
IC4471,Dup,219.133583,41.685889,,,,,,,Boo,,,0
IC4472,G,220.045167,-44.314583,2.69,0.6,0,13.96,,,Lup,B,,0
IC4473,GTrpl,219.475583,15.861667,1.2,,,,,,Boo,,,0
IC4473 NED01,G,219.476625,15.860694,0.74,0.59,1,15.97,,,Boo,B,,0
IC4473 NED02,G,219.475208,15.863667,0.93,0.59,178,15.39,,,Boo,B,,0
IC4473 NED03,G,219.475917,15.870167,0.12,0.12,0,,,,Boo,,,0
IC4474,G,219.592917,23.42875,0.65,0.52,134,15.87,,,Boo,B,,0
IC4475,G,219.596917,23.333556,1.05,0.88,26,14.82,,,Boo,B,,0
IC4476,G,219.966042,-16.24475,0.76,0.55,164,15.31,,,Lib,B,,0
IC4477,G,219.646833,28.459389,0.6,0.34,16,15.61,,,Boo,B,,0
IC4478,G,219.802875,15.877389,0.58,0.49,61,15.29,,,Boo,B,,0
IC4479,G,219.69125,28.505444,1.16,1.07,17,14.85,,,Boo,B,,0
IC4480,G,219.940125,18.492361,0.64,0.58,65,15.41,,,Boo,B,,0
IC4481,G,220.042125,16.141444,0.5,0.35,68,16.59,,,Boo,B,,0
IC4482,G,220.051917,18.943278,0.62,0.56,25,15.55,,,Boo,B,,0
IC4483,G,220.081292,16.685222,1.34,0.46,25,14.92,,,Boo,B,,0
IC4484,G,221.932833,-73.305944,2.96,0.3,132,13.88,,,Aps,B,,0
IC4485,G,220.131083,28.668861,0.64,0.37,43,15.87,,,Boo,B,,0
IC4486,G,220.419958,18.557222,0.52,0.32,142,15.31,,,Boo,B,,0
IC4487,G,220.467458,18.577,0.68,0.52,22,15.65,,,Boo,B,,0
IC4488,G,220.719083,18.620278,0.61,0.39,9,15.84,,,Boo,B,,0
IC4489,G,220.816458,18.528611,0.42,0.36,122,16.78,,,Boo,B,,0
IC4490,**,221.338625,-36.173361,,,,,,,Cen,,,0
IC4491,Dup,221.857042,-13.716139,,,,,,,Lib,,,0
IC4492,G,220.641125,37.452333,0.63,0.5,61,15.3,,,Boo,B,,0
IC4493,Dup,221.086667,12.129722,,,,,,,Boo,,,0
IC4494,G,221.106417,15.551389,0.93,0.39,136,15.3,,,Boo,B,,0
IC4495,G,221.060708,23.558389,0.78,0.44,10,15.66,,,Boo,B,,0
IC4496,G,220.977417,33.406556,0.85,0.69,45,14.88,,,Boo,B,,0
IC4497,G,221.086917,28.551028,0.84,0.81,134,15.23,,,Boo,B,,0
IC4498,G,221.253292,26.301139,0.75,0.7,17,14.94,,,Boo,B,,0
IC4499,GCl,225.080208,-82.2135,5.1,,,8.56,,,Aps,V,,0
IC4500,G,221.148583,37.482472,0.56,0.44,74,15.58,,,Boo,B,,0
IC4501,G,221.856125,-22.406028,1.03,0.75,59,14.27,,,Lib,B,,0
IC4502,G,221.315958,37.300361,0.64,0.33,110,15.58,,,Boo,B,,0
IC4503,G,221.664625,16.146444,1.2,1.05,6,14.69,,,Boo,B,,0
IC4504,G,221.654083,31.699194,0.51,0.29,98,15.46,,,Boo,B,,0
IC4505,G,221.639042,33.408611,1.13,0.78,176,14.83,,,Boo,B,,0
IC4506,G,221.666417,33.401222,0.49,0.44,2,15.48,,,Boo,B,,0
IC4507,G,221.925667,18.455722,0.68,0.41,149,15.82,,,Boo,B,,0
IC4508,G,221.964208,31.768278,0.76,0.6,31,15.55,,,Boo,B,,0
IC4509,G,222.11275,31.791583,0.83,0.2,46,14.8,,,Boo,B,,0
IC4510,Other,222.669625,-20.730889,,,,,,,Lib,,,0
IC4511,Other,223.022,-40.494917,,,,,,,Cen,,,0
IC4512,G,222.47625,27.700806,0.55,0.5,162,16.12,,,Boo,B,,0
IC4513,Other,223.070125,-20.727917,,,,,,,Lib,,,0
IC4514,G,222.731,27.578528,0.83,0.68,124,16.98,,,Boo,V,,0
IC4515,G,222.777792,37.494806,0.98,0.7,61,15.52,,,Boo,B,,0
IC4516,G,223.597708,16.355278,1.36,1.09,158,14.22,,,Boo,V,,0
IC4517,G,223.646208,23.643278,1.12,0.3,156,15.31,,,Boo,B,,0
IC4518,GPair,224.42875,-43.131667,2,,,,,,Lup,,,0
IC4518A,G,224.421583,-43.132111,0.92,0.32,135,16.64,,,Lup,B,,0
IC4518B,G,224.43525,-43.131361,1.26,0.24,106,16.46,,,Lup,B,,0
IC4519,G,223.685583,37.412722,0.89,0.48,124,15.18,,,Boo,B,,0
IC4520,G,223.779208,33.724444,0.51,0.41,120,15.13,,,Boo,B,,0
IC4521,G,224.864375,25.584083,0.66,0.44,114,15.36,,,Boo,B,,0
IC4522,G,227.8705,-75.859972,3.02,0.86,112,13.1,,,Aps,B,,0
IC4523,G,226.293917,-43.509528,1.65,1.49,119,13.43,,,Lup,B,,0
IC4524,G,225.5265,25.6015,0.64,0.48,19,15.52,,,Boo,B,,0
IC4525,G,225.603583,25.6385,0.58,0.52,31,15.66,,,Boo,B,,0
IC4526,G,225.659167,23.350444,0.5,0.37,19,16.72,,,Boo,B,,0
IC4527,G,226.420917,-42.449528,1.43,0.51,49,13.74,,,Lup,B,,0
IC4528,G,225.389042,49.112472,0.81,0.6,155,15.05,,,Boo,B,,0
IC4529,G,226.60825,-43.232639,0.77,0.46,6,14.8,,,Lup,B,,0
IC4530,G,225.938792,26.100861,0.91,0.16,19,15.3,,,Boo,B,,0
IC4531,G,226.110167,23.414944,0.92,0.53,178,15.6,,,Boo,B,,0
IC4532,G,226.224208,23.256611,0.86,0.58,92,15.51,,,Boo,B,,0
IC4533,G,226.126417,27.792861,0.98,0.66,154,15.14,,,Boo,B,,0
IC4534,G,226.674042,23.641917,1.45,0.79,164,14.47,,,Boo,B,,0
IC4535,G,227.173333,37.570333,0.54,0.23,162,15.99,,,Boo,B,,0
IC4536,G,228.321792,-18.137278,1.32,0.89,4,13.72,,,Lib,B,,0
IC4537,G,229.385167,2.047389,0.75,0.43,45,15.95,,,Se1,B,,0
IC4538,G,230.298375,-23.658417,2.48,1.95,55,12.38,,,Lib,V,,0
IC4539,G,229.629792,32.392861,0.55,0.45,153,15.77,,,CrB,B,,0
IC4540,Other,230.012958,1.786583,,,,,,,Se1,,,0
IC4541,G,232.481542,-70.584944,1.74,0.53,151,13.95,,,Aps,B,,0
IC4542,G,230.522458,33.148583,1.05,0.65,102,15.12,,,Boo,B,,0
IC4543,Dup,231.248042,13.445083,,,,,,,Se1,,,0
IC4544,Nova,232.345792,-50.583444,,,,7,,,Nor,B,,0
IC4545,G,235.36575,-81.625944,2.02,0.85,166,14.05,,,Aps,B,,0
IC4546,G,231.743375,28.852611,0.7,0.6,104,15.54,,,CrB,V,,0
IC4547,G,231.812792,28.788972,0.8,0.57,138,15.43,,,CrB,B,,0
IC4548,G,231.850083,28.849833,0.48,0.33,11,16.5,,,CrB,B,,0
IC4549,G,232.310708,32.825556,0.7,0.23,96,15.51,,,Boo,B,,0
IC4550,Dup,233.869042,-50.659722,,,,,,,Nor,,,0
IC4551,Dup,234.400917,5.974028,,,,,,,Se1,,,0
IC4552,G,234.728708,4.583056,1,0.94,70,14.19,,,Se1,B,,0
IC4553,G,233.738542,23.503139,1.11,0.72,96,13.19,,,Se1,V,,0
IC4554,G,233.770125,23.479278,0.47,0.33,151,16.09,,,Se1,B,,0
IC4555,G,237.061708,-78.178861,2.14,0.46,62,13.56,,,Aps,B,,0
IC4556,G,233.843542,25.297139,1.17,1.06,141,14.57,,,Se1,B,,0
IC4557,G,233.653875,39.728889,0.52,0.36,137,15.71,,,Boo,B,,0
IC4558,G,233.9425,25.345889,0.45,0.28,158,15.81,,,Se1,B,,0
IC4559,G,233.973,25.341139,0.64,0.44,70,15.14,,,Se1,B,,0
IC4560,G,233.975333,39.814111,0.61,0.35,104,16.39,,,Boo,B,,0
IC4561,G,234.196125,25.416806,0.83,0.45,129,15.07,,,Se1,B,,0
IC4562,G,233.9875,43.49325,1.19,1.09,55,13.76,,,Boo,B,,0
IC4563,G,234.015333,39.831528,1.06,0.54,163,14.94,,,Boo,B,,0
IC4564,G,234.11275,43.518778,1.2,0.44,71,14.34,,,Boo,B,,0
IC4565,G,234.146375,43.424889,0.8,0.46,11,14.81,,,Boo,B,,0
IC4566,G,234.175667,43.539333,1.35,0.89,163,13.27,,,Boo,V,,0
IC4567,G,234.305292,43.298306,1.34,0.96,131,13.55,,,Boo,B,,0
IC4568,G,235.032083,28.152278,0.54,0.25,39,15.22,,,CrB,B,,0
IC4569,G,235.201583,28.292083,0.91,0.82,115,14.86,,,CrB,B,,0
IC4570,G,235.344125,28.22975,0.76,0.67,178,15.05,,,CrB,B,,0
IC4571,G,237.214583,-67.323472,1.58,0.57,139,13.92,,,TrA,B,,0
IC4572,G,235.475792,28.134,1.16,0.78,76,14.8,,,CrB,B,,0
IC4573,G,235.551417,23.799972,0.62,0.27,138,15.71,,,Se1,B,,0
IC4574,G,235.496833,28.240333,0.63,0.36,23,15.71,,,CrB,B,,0
IC4575,G,235.581875,23.807639,0.5,0.35,84,15.54,,,Se1,B,,0
IC4576,G,235.647917,23.670056,1.39,0.9,79,14.6,,,Se1,B,,0
IC4577,G,235.689833,23.792639,0.58,0.49,145,15.27,,,Se1,B,,0
IC4578,G,238.294417,-74.825278,1.63,0.62,139,13.93,,,Aps,B,,0
IC4579,G,235.714625,23.773167,0.55,0.43,72,15.47,,,Se1,B,,0
IC4580,G,235.809333,28.356833,0.98,0.48,164,15.35,,,CrB,B,,0
IC4581,G,236.006333,28.277028,0.79,0.6,24,15.18,,,CrB,B,,0
IC4582,G,236.414375,28.088667,1.2,0.31,172,14.83,,,CrB,B,,0
IC4583,G,236.591417,23.809028,1.21,0.28,39,14.78,,,Se1,B,,0
IC4584,G,240.051083,-66.383278,1.96,1.64,90,15.78,,,TrA,B,,0
IC4585,G,240.0735,-66.322278,1.58,0.76,56,12.32,,,TrA,V,,0
IC4586,Dup,238.989167,5.931889,,,,,,,Se1,,,0
IC4587,G,239.965042,25.940639,0.83,0.56,98,15.77,,,CrB,B,,0
IC4588,G,241.267708,23.917139,0.5,0.39,141,16.06,,,Se1,B,,0
IC4589,*,241.852458,-6.385306,,,,,,,Oph,,,0
IC4590,G,242.088125,28.478694,0.65,0.43,158,14.9,,,CrB,V,,0
IC4591,HII,243.075667,-27.92775,12,10,,,,,Sco,,,0
IC4592,RfN,242.994458,-19.454667,60,40,,3.9,,,Sco,B,,0
IC4593,PN,242.935417,12.071389,0.66,,,10.7,,,Her,V,,0
IC4594,Dup,242.844125,23.965,,,,,,,Her,,,0
IC4595,G,245.185167,-70.142611,3.26,0.55,60,13.48,,,TrA,B,,0
IC4596,G,244.015042,-22.625389,1.66,0.38,56,14.96,,,Sco,B,,0
IC4597,G,244.415542,-34.365944,1.27,1.02,145,14.41,,,Sco,B,,0
IC4598,G,244.555458,-31.442889,1.46,0.4,175,14.91,,,Sco,B,,0
IC4599,PN,244.846542,-42.260139,0.24,,,12.4,,,Sco,B,,0
IC4600,Other,244.536125,-22.785528,,,,,,,Sco,,,0
IC4601,Neb,245.074167,-20.087306,20,10,,,,,Sco,,,0
IC4602,Dup,245.911833,11.78625,,,,,,,Her,,,0
IC4603,Neb,246.352,-24.468361,20,5,,,,,Oph,,,0
IC4604,Neb,246.379875,-23.436583,60,25,,5.1,,,Oph,B,rho Oph Nebula,0
IC4605,Neb,247.552,-25.115167,30,15,,4.7,,,Sco,B,,0
IC4606,Other,247.891208,-26.056528,,,,,,,Sco,,,0
IC4607,G,247.566125,24.574361,0.72,0.38,149,15.97,,,Her,B,,0
IC4608,G,251.724917,-77.488694,0.86,0.64,74,13.66,,,Aps,V,,0
IC4609,G,248.25675,22.797389,0.87,0.83,19,15.21,,,Her,B,,0
IC4610,G,248.413167,39.257639,1.03,0.31,50,16.31,,,Her,B,,0
IC4611,G,248.426417,39.185139,0.51,0.46,20,15.81,,,Her,B,,0
IC4612,G,248.45675,39.263194,1,1,103,15.15,,,Her,B,,0
IC4613,Other,249.292292,36.130583,,,,,,,Her,,,0
IC4614,G,249.446583,36.115,0.77,0.69,85,15.15,,,Her,B,,0
IC4615,Dup,249.474667,36.073056,,,,,,,Her,,,0
IC4616,Dup,249.4995,35.9955,,,,,,,Her,,,0
IC4617,G,250.533583,36.684083,0.69,0.4,32,16.02,,,Her,B,,0
IC4618,G,254.458375,-76.992972,1.69,0.81,119,12.6,,,Aps,V,,0
IC4619,G,251.046333,17.759167,0.69,0.58,85,15.16,,,Her,B,,0
IC4620,G,252.125167,19.305389,0.71,0.51,93,15.75,,,Her,B,,0
IC4621,G,252.713208,8.783667,0.81,0.62,151,15.08,,,Her,B,,0
IC4622,Other,253.034625,-16.23625,,,,,,,Oph,,,0
IC4623,G,252.77225,22.527417,0.7,0.36,107,15.38,,,Her,B,,0
IC4624,G,252.88975,17.449111,0.47,0.32,115,15.71,,,Her,B,,0
IC4625,Dup,253.245292,2.400917,,,,,,,Oph,,,0
IC4626,**,253.339292,2.338722,,,,,,,Oph,,,0
IC4627,G,253.536458,-7.635333,0.65,0.27,74,16.15,,,Oph,B,,0
IC4628,Neb,254.243458,-40.450972,89.13,58.88,,,,,Sco,,,0
IC4629,Other,254.041625,-16.709889,,,,,,,Oph,,,0
IC4630,G,253.789917,26.662917,0.84,0.49,20,14.73,,,Her,B,,0
IC4631,Other,257.750125,-77.603556,,,,,,,Aps,,,0
IC4632,Other,254.633875,22.915556,,,,,,,Her,,,0
IC4633,G,258.446,-77.536194,2.7,1.32,148,13.69,,,Aps,B,,0
IC4634,PN,255.389958,-21.825972,0.14,,,10.9,,,Oph,V,,0
IC4635,G,258.913292,-77.489528,1.62,0.45,160,14.87,,,Aps,B,,0
IC4636,*,254.778417,47.195417,,,,,,,Her,,,0
IC4637,PN,256.295083,-40.886361,0.31,,,12.5,,,Sco,V,,0
IC4638,G,255.307083,33.513194,0.68,0.51,53,15.54,,,Her,V,,0
IC4639,G,255.728125,22.930028,0.58,0.51,152,15.99,,,Her,B,,0
IC4640,G,260.993125,-80.064083,1.34,1.2,130,14.78,,,Aps,B,,0
IC4641,G,261.043,-80.147417,1.22,1.12,45,14.36,,,Aps,B,,0
IC4642,PN,257.938417,-55.399,0.28,,,13.4,,,Ara,B,,0
IC4643,Dup,257.136417,42.339111,,,,,,,Her,,,0
IC4644,G,261.15375,-73.940111,1.75,0.47,134,15.5,,,Aps,B,,0
IC4645,G,258.679708,43.104111,0.57,0.5,121,15.85,,,Her,B,,0
IC4646,G,260.971625,-59.999389,2.77,1.85,179,12.33,,,Ara,V,,0
IC4647,G,261.515583,-80.195111,1.64,0.84,176,14.47,,,Aps,B,,0
IC4648,**,259.041792,43.862583,,,,,,,Her,,,0
IC4649,Dup,258.959917,57.366806,,,,,,,Dra,,,0
IC4650,G,258.947542,57.301889,0.61,0.25,67,15.84,,,Dra,B,,0
IC4651,OCl,261.20475,-49.93825,9.6,,,6.9,,,Ara,V,,0
IC4652,G,261.611125,-59.728306,1.1,0.53,16,14.21,,,Ara,B,,0
IC4653,G,261.779917,-60.879583,1.61,0.98,51,12.55,,,Ara,V,,0
IC4654,G,264.282875,-74.381444,1.97,1.11,102,13.15,,,Aps,B,,0
IC4655,Other,263.648417,-60.721333,,,,,,,Ara,,,0
IC4656,G,264.432792,-63.729667,2.65,0.57,90,13.75,,,Ara,B,,0
IC4657,Other,263.177917,-17.524833,,,,,,,Oph,,,0
IC4658,Other,264.045042,-59.584917,,,,,,,Ara,,,0
IC4659,Other,263.550958,-17.928028,,,,,,,Oph,,,0
IC4660,G,260.43825,75.8485,1.28,0.33,170,14.23,,,UMi,B,,0
IC4661,G,267.7615,-74.032389,1.62,1.3,63,13.48,,,Aps,B,,0
IC4662,G,266.786958,-64.64175,2.09,0.83,106,11.1,,,Pav,V,,0
IC4663,PN,266.3675,-44.904861,0.22,,,12.5,,,Sco,V,,0
IC4664,G,267.244125,-63.254528,1.67,0.89,106,12.93,,,Pav,V,,0
IC4665,OCl,266.61325,5.648722,24.6,,,4.2,,,Oph,V,,0
IC4666,*,266.509833,55.775583,,,,,,,Dra,,,0
IC4667,Other,266.579,55.875639,,,,,,,Dra,,,0
IC4668,*,266.747542,57.400694,,,,,,,Dra,,,0
IC4669,G,266.804042,61.434222,0.61,0.29,103,15.09,,,Dra,B,,0
IC4670,PN,268.779167,-21.74425,0.08,,,13.28,,,Sgr,V,,0
IC4671,Other,268.782917,-10.285917,,,,,,,Se2,,,0
IC4672,G,270.561292,-62.8325,0.89,0.52,40,15.3,,,Pav,B,,0
IC4673,PN,270.826667,-27.106111,0.25,,,13,,,Sgr,V,,0
IC4674,G,272.0545,-62.3955,1.57,0.71,87,14.93,,,Pav,B,,0
IC4675,Other,270.7945,-9.259472,,,,,,,Oph,,,0
IC4676,G,270.720792,11.823139,0.58,0.33,76,15.59,,,Oph,B,,0
IC4677,Other,269.565708,66.633278,,,,,,,Dra,,,0
IC4678,Neb,271.639458,-23.954444,,,,10.4,,,Sgr,B,,0
IC4679,G,272.852042,-56.254389,1.17,0.39,125,12.84,,,Tel,B,,0
IC4680,G,273.3735,-64.476722,1.61,0.52,72,13.89,,,Pav,B,,0
IC4681,*,272.083333,-23.432028,,,,9.1,,,Sgr,V,,0
IC4682,G,274.107125,-71.581306,2.21,1.51,140,13.22,,,Pav,B,,0
IC4683,Other,272.253875,-26.390944,,,,,,,Sgr,,,0
IC4684,RfN,272.285167,-23.435444,3,2,,,,,Sgr,,,0
IC4685,Neb,272.322917,-23.98725,15,10,,,,,Sgr,,,0
IC4686,G,273.411,-57.732528,0.78,0.59,45,14.18,,,Pav,V,,0
IC4687,G,273.415125,-57.725361,1.15,0.73,51,14.3,,,Pav,V,,0
IC4688,G,272.0495,11.712222,1.3,0.95,174,14.63,,,Oph,B,,0
IC4689,G,273.417833,-57.748194,0.91,0.38,141,14.3,,,Pav,V,,0
IC4690,Dup,274.230708,-19.777083,,,,,,,Sgr,,,0
IC4691,G,272.190417,11.830083,1,0.64,150,15.41,,,Oph,B,,0
IC4692,G,273.708208,-58.693778,1.74,0.86,4,14.25,,,Pav,B,,0
IC4693,Other,272.295125,17.347889,,,,,,,Her,,,0
IC4694,G,273.860208,-58.208917,2.79,0.73,19,13.76,,,Pav,B,,0
IC4695,**,274.347792,-58.925472,,,,,,,Pav,,,0
IC4696,G,275.074625,-64.734083,2.36,0.75,74,13.48,,,Pav,B,,0
IC4697,G,273.112125,25.427194,0.87,0.23,0,15.03,,,Her,B,,0
IC4698,G,275.249708,-63.347944,1.75,0.26,39,15.32,,,Pav,B,,0
IC4699,PN,274.636625,-45.983083,0.08,,,13,,,Tel,V,,0
IC4700,Dup,274.270792,-19.866056,,,,,,,Sgr,,,0
IC4701,Neb,274.148917,-16.648278,60,40,,,,,Sgr,,,0
IC4702,G,275.765917,-59.238944,1.66,1.19,155,14,,,Pav,B,,0
IC4703,Neb,274.73425,-13.845389,5.05,5.05,90,6,,鹰状星云,Se2,V,"Eagle Nebula,Star Queen",0
IC4704,G,276.9735,-71.609861,2.7,1.99,165,12.02,,,Pav,V,,0
IC4705,G,277.043,-71.693944,1.73,1.02,53,12.78,,,Pav,V,,0
IC4706,Neb,274.903917,-16.031278,3.47,,,,,,Sgr,,,0
IC4707,Neb,274.974625,-16.00925,3.47,,,,,,Sgr,,,0
IC4708,G,273.442542,61.157278,0.5,0.45,113,15.5,,,Dra,B,,0
IC4709,G,276.080792,-56.369167,1.17,0.59,5,14.42,,,Tel,B,,0
IC4710,G,277.158208,-66.982278,3.49,2.99,5,12,,,Pav,V,,0
IC4711,Other,277.028417,-64.944472,,,,,,,Pav,,,0
IC4712,G,277.778833,-71.693667,1.99,1.17,61,12.19,,,Pav,V,,0
IC4713,G,277.49725,-67.224389,0.91,0.79,95,13.53,,,Pav,V,,0
IC4714,G,277.732292,-66.65175,1.49,0.29,177,15.15,,,Pav,B,,0
IC4715,*Ass,274.233833,-18.514556,120,60,90,4.5,24,人马座小星云,Sgr,V,Small Sgr Star Cloud,0
IC4716,G,278.187667,-56.962,0.69,0.32,98,15.99,,,Pav,B,,0
IC4717,G,278.321875,-57.975722,1.78,0.43,93,13.23,,,Pav,V,,0
IC4718,G,278.459,-60.129111,1.67,0.8,116,12.95,,,Pav,V,,0
IC4719,G,278.298083,-56.732194,1.47,0.61,112,13.98,,,Tel,V,,0
IC4720,G,278.385417,-58.405361,2.75,0.88,159,13.37,,,Pav,B,,0
IC4721,G,278.603167,-58.496611,5.3,1.64,149,11.82,,,Pav,V,,0
IC4722,G,278.631375,-57.792778,1.64,1.14,45,13.61,,,Pav,B,,0
IC4723,G,278.984417,-63.376667,0.7,0.67,6,14.7,,,Pav,B,,0
IC4724,G,279.667833,-70.125667,0.83,0.4,158,15.13,,,Pav,B,,0
IC4725,OCl,277.944875,-19.114944,14.1,,,4.6,25,,Sgr,V,,0
IC4726,G,279.245042,-62.854333,1.13,0.82,19,14.74,,,Pav,B,,0
IC4727,G,279.483583,-62.700667,1.24,1.09,114,14.07,,,Pav,B,,0
IC4728,G,279.4875,-62.530917,2.22,0.76,172,14.26,,,Pav,B,,0
IC4729,G,279.985125,-67.425694,1.31,0.69,61,12.18,,,Pav,V,,0
IC4730,G,279.709042,-63.349917,1.44,0.68,154,14.47,,,Pav,B,,0
IC4731,G,279.679083,-62.943028,1.55,0.76,80,12.69,,,Pav,V,,0
IC4732,PN,278.4775,-22.644722,0.07,,,12.1,,,Sgr,V,,0
IC4733,*,276.659083,64.967417,,,,,,,Dra,,,0
IC4734,G,279.607083,-57.490444,1.31,0.76,103,14.22,,,Pav,B,,0
IC4735,G,279.958083,-62.956028,0.79,0.54,38,15.51,,,Pav,B,,0
IC4736,G,279.665875,-57.893278,1.29,0.98,99,14.61,,,Pav,B,,0
IC4737,G,279.993333,-62.597972,0.93,0.77,23,15.01,,,Pav,B,,0
IC4738,G,280.112167,-61.902361,1.25,0.62,146,15.26,,,Pav,B,,0
IC4739,G,280.212417,-61.901556,0.95,0.57,95,15.19,,,Pav,B,,0
IC4740,G,280.752417,-68.359944,1.01,0.92,13,15.3,,,Pav,B,,0
IC4741,G,280.430958,-63.948194,1.43,0.9,30,13.8,,,Pav,B,,0
IC4742,G,280.469042,-63.862083,2.11,1.67,14,12.08,,,Pav,V,,0
IC4743,G,280.371458,-61.772222,0.93,0.52,99,14.99,,,Pav,B,,0
IC4744,G,280.478708,-63.223861,0.66,0.39,76,15.35,,,Pav,B,,0
IC4745,G,280.6495,-64.942917,2.08,0.91,1,13.88,,,Pav,B,,0
IC4746,G,281.477125,-72.668222,0.57,0.48,0,,,,Pav,,,0
IC4747,G,281.488917,-72.630028,1.1,0.37,72,15.09,,,Pav,B,,0
IC4748,G,280.6915,-64.072667,1.01,0.88,95,14.34,,,Pav,B,,0
IC4749,G,280.706208,-63.208417,1.2,1.01,57,14.3,,,Pav,B,,0
IC4750,G,280.761167,-62.971472,1.16,0.52,110,15.15,,,Pav,B,,0
IC4751,G,280.830583,-62.112278,1.08,0.57,6,14.09,,,Pav,B,,0
IC4752,G,280.944708,-64.082111,0.73,0.65,129,15.49,,,Pav,B,,0
IC4753,G,280.885917,-62.107944,0.87,0.74,7,12.88,,,Pav,V,,0
IC4754,G,281.000958,-61.990056,1.27,1.1,31,14.38,,,Pav,B,,0
IC4755,G,281.254792,-63.692222,1.42,0.32,96,15.15,,,Pav,B,,0
IC4756,OCl,279.714625,5.462167,24,,,4.6,,,Se2,V,,0
IC4757,G,280.982292,-57.167556,1.49,0.65,57,14.58,,,Pav,B,,0
IC4758,G,281.576125,-65.756667,1.04,0.53,142,14.18,,,Pav,B,,0
IC4759,GPair,281.420833,-63.085278,0.8,,,,,,Pav,,,0
IC4759 NED01,G,281.419667,-63.084778,0.59,0.14,71,17.33,,,Pav,B,,0
IC4759 NED02,G,281.422083,-63.087,0.92,0.54,175,15.42,,,Pav,B,,0
IC4760,G,281.441458,-62.958361,0.83,0.76,7,15.15,,,Pav,B,,0
IC4761,G,280.981667,-52.853028,1.54,1.07,25,13.92,,,Tel,B,,0
IC4762,**,278.118875,67.858028,,,,,,,Dra,,,0
IC4763,Dup,278.377083,67.137306,,,,,,,Dra,,,0
IC4764,G,281.781542,-63.484556,1.42,0.41,126,13.85,,,Pav,V,,0
IC4765,G,281.824708,-63.331333,3.79,2.84,121,11.19,,,Pav,V,,0
IC4766,G,281.899042,-63.292167,1.23,0.44,110,13.48,,,Pav,V,,0
IC4767,G,281.923875,-63.405667,2,0.44,29,13.16,,,Pav,V,,0
IC4768,OCl,280.367458,-5.534833,,,,,,,Sct,,,0
IC4769,G,281.933542,-63.157,1.81,1.1,165,14.1,,,Pav,V,,0
IC4770,G,282.043042,-63.383444,0.78,0.6,73,13.15,,,Pav,V,,0
IC4771,G,282.099333,-63.247667,1.1,0.46,179,15.25,,,Pav,B,,0
IC4772,G,279.985417,40.026389,0.6,0.45,10,14.94,,,Lyr,B,,0
IC4773,G,282.83675,-69.92475,1.39,0.72,137,14.37,,,Pav,B,,0
IC4774,G,282.044375,-57.935694,1.06,0.87,75,14.51,,,Pav,B,,0
IC4775,G,282.109542,-57.183722,1.51,0.34,17,14.74,,,Pav,B,,0
IC4776,PN,281.46125,-33.343056,0.12,,,10.8,,,Sgr,V,,0
IC4777,G,282.047083,-53.147611,0.94,0.77,122,14.63,,,Tel,V,,0
IC4778,G,282.501542,-61.7195,1.2,1.03,46,14.2,,,Pav,B,,0
IC4779,G,282.626792,-63.012889,0.86,0.79,90,14.92,,,Pav,B,,0
IC4780,G,282.483708,-59.252861,0.77,0.58,102,14.94,,,Pav,B,,0
IC4781,G,282.906833,-62.792611,0.96,0.65,1,15.23,,,Pav,B,,0
IC4782,G,282.728625,-55.491222,0.4,0.29,101,14.74,,,Tel,B,,0
IC4783,G,282.889042,-58.813167,1.15,0.92,59,14.59,,,Pav,B,,0
IC4784,G,283.200083,-63.259611,1.51,1.21,98,13.74,,,Pav,B,,0
IC4785,G,283.230125,-59.255417,3.12,1.6,135,13.11,,,Pav,B,,0
IC4786,G,283.185708,-56.694611,0.79,0.23,176,15.87,,,Tel,B,,0
IC4787,G,284.019417,-68.682361,1.07,0.96,170,14.59,,,Pav,B,,0
IC4788,G,283.670917,-63.452389,1.27,0.21,15,16.05,,,Pav,B,,0
IC4789,G,284.077042,-68.567111,1.63,0.65,174,14.03,,,Pav,B,,0
IC4790,G,284.134208,-64.928917,1.21,0.7,56,13.98,,,Pav,B,,0
IC4791,G,282.254917,19.331111,1.41,1.19,164,14.01,,,Her,B,,0
IC4792,G,283.924,-56.403806,1.36,0.31,155,15.06,,,Tel,B,,0
IC4793,G,284.231667,-61.399778,1.21,0.53,120,14.56,,,Pav,B,,0
IC4794,G,284.290125,-62.090944,1.48,0.79,19,14.16,,,Pav,B,,0
IC4795,G,284.318167,-61.609083,1.13,0.27,69,15.77,,,Pav,B,,0
IC4796,G,284.116,-54.213944,1.95,1.08,133,12.3,,,Tel,V,,0
IC4797,G,284.123667,-54.305778,2.62,1.85,148,11.32,,,Tel,V,,0
IC4798,G,284.587042,-62.118417,2.02,1.32,111,13.19,,,Pav,B,,0
IC4799,G,284.735792,-63.930972,1.55,1.02,44,14.11,,,Pav,B,,0
IC4800,G,284.681333,-63.139222,1.95,1.1,161,13.76,,,Pav,B,,0
IC4801,G,284.909958,-64.675139,1.95,1.09,89,13.63,,,Pav,B,,0
IC4802,Other,283.779542,-22.698306,,,,,,,Sgr,,,0
IC4803,G,285.166125,-62.065139,0.76,0.32,35,15.68,,,Pav,B,,0
IC4804,G,285.28075,-61.833333,1.28,1.04,173,14.79,,,Pav,B,,0
IC4805,G,285.505917,-63.047639,0.76,0.28,26,14.92,,,Pav,B,,0
IC4806,G,285.377875,-57.532056,2.4,0.54,9,12.23,,,Pav,V,,0
IC4807,G,285.573583,-56.931194,1.01,0.68,14,14.21,,,Pav,B,,0
IC4808,G,285.28175,-45.313722,2.26,0.87,43,12.65,,,CrA,V,,0
IC4809,G,286.022417,-62.194083,1.01,0.6,11,15.08,,,Pav,B,,0
IC4810,G,285.748792,-56.159722,4.04,0.41,135,12.67,,,Tel,V,,0
IC4811,G,286.436125,-67.133833,0.62,0.49,106,15.76,,,Pav,B,,0
IC4812,Neb,285.265125,-37.060333,10,6.92,,,,,CrA,,,0
IC4813,G,286.423792,-66.522056,1.31,0.64,34,12.57,,,Pav,V,,0
IC4814,G,286.245375,-58.579389,1.5,0.6,95,14.35,,,Pav,B,,0
IC4815,G,286.710875,-61.701361,1.12,0.77,167,14.38,,,Pav,B,,0
IC4816,Nova,285.4605,-13.161833,,,,4.5,,,Sgr,B,,0
IC4817,G,286.551458,-56.159361,1.46,0.48,14,14.53,,,Tel,B,,0
IC4818,G,286.512667,-55.136833,0.95,0.24,77,15.4,,,Tel,B,,0
IC4819,G,286.780417,-59.466944,3,0.37,123,14.22,,,Pav,B,,0
IC4820,G,287.306292,-63.4655,1.36,0.88,97,14.6,,,Pav,V,,0
IC4821,G,287.383375,-55.017306,1.82,0.85,6,13.66,,,Tel,B,,0
IC4822,G,288.689542,-72.441139,0.71,0.42,72,15.49,,,Pav,B,,0
IC4823,G,288.065625,-63.975861,1.23,0.87,18,14.69,,,Pav,B,,0
IC4824,G,288.308625,-62.088278,0.73,0.2,59,16.53,,,Pav,B,,0
IC4825,G,289.315125,-72.74875,0.51,0.42,58,15.64,,,Pav,B,,0
IC4826,G,288.088333,-57.202306,1.29,0.75,45,14.48,,,Pav,B,,0
IC4827,G,288.3385,-60.860167,3.05,0.69,166,13.27,,,Pav,B,,0
IC4828,G,288.419542,-62.082611,1.13,0.51,68,14.78,,,Pav,B,,0
IC4829,G,288.140417,-56.54025,1.05,0.46,25,14.71,,,Tel,B,,0
IC4830,G,288.452333,-59.294361,1.94,1.45,27,13.21,,,Pav,B,,0
IC4831,G,288.682667,-62.272611,3.67,0.84,111,12.08,,,Pav,V,,0
IC4832,G,288.516125,-56.610722,2.54,0.8,145,12.72,,,Tel,V,,0
IC4833,G,288.921458,-62.329944,0.78,0.44,94,14.67,,,Pav,B,,0
IC4834,G,289.130542,-64.006167,1.11,0.5,126,14.76,,,Pav,B,,0
IC4835,G,288.8645,-58.238,0.88,0.57,165,14.75,,,Pav,B,,0
IC4836,G,289.074708,-60.200333,1.59,1.36,71,12.58,,,Pav,V,,0
IC4837,G,288.811,-54.661417,2.25,1.23,24,12.59,,,Tel,V,,0
IC4837A,G,288.817375,-54.1325,4.47,0.85,166,11.71,,,Tel,V,,0
IC4838,G,289.192125,-61.6145,1.36,0.62,63,13.64,,,Pav,V,,0
IC4839,G,288.892167,-54.626694,2.16,1.56,132,13.66,,,Tel,V,,0
IC4840,G,288.965375,-56.209083,1.13,0.66,130,13.68,,,Tel,V,,0
IC4841,G,290.178458,-72.226778,0.93,0.79,153,14.9,,,Pav,B,,0
IC4842,G,289.851958,-60.64425,2.22,1.14,21,12.45,,,Pav,V,,0
IC4843,G,289.840375,-59.308861,1.15,0.26,91,15.13,,,Pav,B,,0
IC4844,G,289.761,-56.027167,1.61,0.92,168,14.05,,,Tel,B,,0
IC4845,G,290.093708,-60.389167,1.95,1.46,83,11.97,,,Pav,V,,0
IC4846,PN,289.117917,-9.043611,0.03,,,11.9,,,Aql,V,,0
IC4847,G,290.883375,-65.506667,0.97,0.69,142,14.98,,,Pav,B,,0
IC4848,G,290.727375,-56.780806,0.69,0.5,28,14.89,,,Pav,B,,0
IC4849,G,291.399958,-62.932722,0.99,0.28,117,14.54,,,Pav,B,,0
IC4850,Nova,290.100375,-0.133556,,,,20.41,,,Aql,V,,0
IC4851,G,291.372667,-57.670444,1.69,0.58,14,14.17,,,Pav,B,,0
IC4852,G,291.605583,-60.336056,1.71,0.86,171,12.93,,,Pav,V,,0
IC4853,G,292.697125,-71.070028,1.24,0.31,167,14.89,,,Pav,B,,0
IC4854,G,291.838125,-59.315444,1.31,1.25,28,13.82,,,Pav,B,,0
IC4855,Dup,291.838125,-59.315444,,,,,,,Pav,,,0
IC4856,G,291.877208,-54.908528,1.17,0.57,29,14.47,,,Tel,B,,0
IC4857,G,292.16325,-58.767917,1.82,1.08,32,13.71,,,Pav,B,,0
IC4858,Dup,292.16325,-58.767917,,,,,,,Pav,,,0
IC4859,G,292.694417,-66.314722,1.17,0.62,35,14.76,,,Pav,B,,0
IC4860,G,292.864625,-67.369028,0.96,0.73,150,14.69,,,Pav,B,,0
IC4861,G,292.319667,-57.574972,1.21,0.47,28,15.51,,,Pav,B,,0
IC4862,G,292.918125,-67.322889,1.55,0.51,180,14.59,,,Pav,B,,0
IC4863,**,291.965375,-36.216889,,,,11.38,,,Sgr,V,,0
IC4864,G,295.025708,-77.558167,1.76,0.43,177,13.56,,,Oct,V,,0
IC4865,**,292.70975,-46.698444,,,,,,,Tel,,,0
IC4866,G,293.644792,-61.145778,1.64,1.02,164,12.97,,,Pav,V,,0
IC4867,Dup,291.63325,50.125278,,,,,,,Cyg,,,0
IC4868,**,293.389167,-45.892694,,,,10.56,,,Tel,V,,0
IC4869,G,294.009708,-61.027861,1.79,1.17,167,13.64,,,Pav,B,,0
IC4870,G,294.406667,-65.811833,1.67,0.87,132,14.62,,,Pav,V,,0
IC4871,G,293.925958,-57.519222,3.78,0.77,8,14.05,,,Pav,B,,0
IC4872,Dup,293.925958,-57.519222,,,,,,,Pav,,,0
IC4873,G,293.727875,-46.135833,0.93,0.74,34,15.1,,,Tel,B,,0
IC4874,G,294.08975,-47.265944,1.39,0.79,54,14.72,,,Tel,B,,0
IC4875,G,294.410375,-52.075722,1,0.68,68,14.58,,,Tel,B,,0
IC4876,G,294.428208,-52.84275,1.33,0.99,123,14.3,,,Tel,B,,0
IC4877,G,294.482875,-51.991389,1.64,0.31,83,14.62,,,Tel,B,,0
IC4878,G,294.708625,-58.226444,1.5,0.31,43,15.2,,,Pav,B,,0
IC4879,G,294.901875,-52.368778,0.9,0.41,81,14.51,,,Tel,B,,0
IC4880,G,295.128792,-56.410167,1.99,0.49,115,14.31,,,Tel,B,,0
IC4881,G,295.108417,-55.857722,1.1,0.87,152,14.55,,,Tel,B,,0
IC4882,G,295.097125,-55.196917,0.98,0.84,2,14.62,,,Tel,B,,0
IC4883,G,295.502208,-55.545528,1.51,0.5,157,14.6,,,Tel,B,,0
IC4884,G,295.67125,-58.128472,1.59,0.42,166,14.73,,,Pav,B,,0
IC4885,G,295.966833,-60.65175,2,0.47,114,14.55,,,Pav,B,,0
IC4886,G,295.810625,-51.8075,1.48,0.75,110,14.2,,,Tel,B,,0
IC4887,G,297.088708,-69.587194,0.99,0.76,91,14.23,,,Pav,B,,0
IC4888,G,296.217667,-54.456639,1.14,0.87,100,14.66,,,Tel,B,,0
IC4889,G,296.313125,-54.344139,2.99,2.49,2,11.22,,,Tel,V,,0
IC4890,G,296.39775,-56.545444,1.01,0.82,55,14.73,,,Tel,B,,0
IC4891,Dup,296.313125,-54.344139,,,,,,,Tel,,,0
IC4892,G,297.381708,-70.227444,1.82,0.4,4,14.91,,,Pav,V,,0
IC4893,G,297.639,-72.51,0.57,0.48,65,15.65,,,Pav,B,,0
IC4894,G,296.746292,-51.8465,0.87,0.51,131,14.66,,,Tel,B,,0
IC4895,Dup,296.240583,-14.803444,,,,,,,Sgr,,,0
IC4896,G,297.270458,-58.981444,0.9,0.48,18,15.4,,,Pav,B,,0
IC4897,G,297.332083,-51.868,0.8,0.46,111,15.65,,,Tel,B,,0
IC4898,Other,296.942417,-33.320583,,,,,,,Sgr,,,0
IC4899,G,298.611458,-70.58975,1.02,0.62,5,14.53,,,Pav,B,,0
IC4900,G,297.592083,-51.345833,0.91,0.23,174,16.17,,,Tel,B,,0
IC4901,G,298.598042,-58.713556,3.68,2.54,130,11.65,,,Pav,V,,0
IC4902,G,298.600458,-56.379083,0.68,0.34,18,16.08,,,Tel,B,,0
IC4903,G,299.555917,-70.453417,1.17,0.37,180,15.25,,,Pav,B,,0
IC4904,G,299.661708,-70.184194,1.07,0.76,52,14.78,,,Pav,B,,0
IC4905,G,299.024458,-61.221083,1.04,0.34,118,15.95,,,Pav,B,,0
IC4906,G,299.198333,-60.468083,1.61,0.91,68,13.82,,,Pav,B,,0
IC4907,G,299.054417,-52.453972,0.54,0.43,1,16.13,,,Tel,B,,0
IC4908,G,299.236125,-55.791722,0.66,0.59,168,15.02,,,Tel,B,,0
IC4909,G,299.19,-50.05575,1.16,0.79,77,14.63,,,Tel,B,,0
IC4910,G,299.445792,-56.86325,0.52,0.42,117,15.61,,,Pav,B,,0
IC4911,G,299.424292,-51.986472,0.61,0.45,139,16.15,,,Tel,B,,0
IC4912,G,301.707042,-77.3575,1,0.39,41,15.57,,,Oct,B,,0
IC4913,G,299.1985,-37.328361,1.57,1.07,127,13.98,,,Sgr,B,,0
IC4914,G,299.485458,-50.1315,0.46,0.37,91,15.88,,,Tel,B,,0
IC4915,G,299.633083,-52.642222,1.37,0.88,97,14.86,,,Tel,B,,0
IC4916,G,299.579875,-50.272111,1.05,0.94,175,14.43,,,Tel,B,,0
IC4917,G,299.728208,-52.273194,0.79,0.73,35,15.26,,,Tel,B,,0
IC4918,G,299.804958,-52.275139,0.41,0.32,123,16.25,,,Tel,B,,0
IC4919,G,300.037708,-55.373389,1.36,0.92,36,15.04,,,Tel,B,,0
IC4920,G,300.036708,-53.383778,0.64,0.34,34,16.64,,,Tel,B,,0
IC4921,G,300.831667,-67.826861,0.8,0.42,136,15.34,,,Pav,B,,0
IC4922,Other,299.872375,-40.363083,,,,,,,Sgr,,,0
IC4923,G,300.239042,-52.631667,1.03,0.9,97,14.53,,,Tel,B,,0
IC4924,Other,299.964292,-41.546056,,,,,,,Sgr,,,0
IC4925,G,300.291125,-52.865833,0.9,0.18,164,16.38,,,Tel,B,,0
IC4926,G,300.050625,-38.578583,1.29,1,54,13.95,,,Sgr,B,,0
IC4927,G,300.456167,-53.91775,1.18,0.37,167,15.13,,,Tel,B,,0
IC4928,G,302.55,-77.308972,0.9,0.27,33,15.98,,,Oct,B,,0
IC4929,G,301.67375,-71.683556,1.34,0.43,21,14.36,,,Pav,B,,0
IC4930,Other,300.61025,-54.308583,,,,,,,Tel,,,0
IC4931,G,300.209833,-38.575056,2.28,1.43,135,11.88,,,Sgr,V,,0
IC4932,G,300.5645,-52.846167,0.83,0.59,6,15.51,,,Tel,B,,0
IC4933,G,300.871,-54.979944,2.08,1.28,9,12.35,,,Tel,V,,0
IC4934,G,301.811875,-69.479194,1.55,0.26,27,14.95,,,Pav,B,,0
IC4935,G,301.142167,-57.598167,1.8,0.5,176,14.07,,,Pav,B,,0
IC4936,G,301.4675,-61.428528,1.35,0.7,12,14.55,,,Pav,B,,0
IC4937,G,301.32325,-56.256194,1.72,0.41,1,14.92,,,Tel,B,,0
IC4938,G,301.54875,-60.211611,0.46,0.3,170,12.69,,,Pav,V,,0
IC4939,G,301.796,-60.738806,0.74,0.44,148,15.09,,,Pav,B,,0
IC4940,Other,301.43175,-44.699944,,,,,,,Sgr,,,0
IC4941,G,301.744208,-53.652306,0.88,0.64,2,15.56,,,Tel,B,,0
IC4942,G,301.70575,-52.609917,0.65,0.35,147,16.28,,,Tel,B,,0
IC4943,G,301.61775,-48.375611,1.33,1.25,8,12.67,,,Tel,V,,0
IC4944,G,301.786833,-54.446889,1.33,0.65,7,14.63,,,Tel,B,,0
IC4945,Dup,302.820208,-71.012944,,,,,,,Pav,,,0
IC4946,G,305.991958,-43.995278,2.5,0.9,68,11.92,,,Sgr,V,,0
IC4947,G,301.882292,-53.142444,0.76,0.61,72,13.87,,,Tel,V,,0
IC4948,Dup,306.11725,-43.653528,,,,,,,Sgr,,,0
IC4949,Dup,301.831167,-48.370222,,,,,,,Tel,,,0
IC4950,G,302.114,-56.161833,1.38,0.38,39,15.19,,,Tel,B,,0
IC4951,G,302.382375,-61.850472,3.07,0.71,175,13.84,,,Pav,V,,0
IC4952,G,302.156875,-55.453667,0.93,0.21,8,14,,,Tel,B,,0
IC4953,G,302.499667,-62.792222,0.57,0.38,70,15.7,,,Pav,B,,0
IC4954,HII,301.187583,29.252806,3,1,,,,,Vul,,,0
IC4955,Neb,301.218958,29.192611,2.09,1.55,80,12.98,,,Vul,B,,0
IC4956,G,302.88025,-45.593222,1.73,1.67,115,13.36,,,Tel,B,,0
IC4957,G,302.398458,-55.709306,0.93,0.52,14,15.27,,,Tel,B,,0
IC4958,G,303.89725,-72.711194,0.46,0.3,25,,,,Pav,,,0
IC4959,Other,302.738417,-53.089694,,,,,,,Tel,,,0
IC4960,G,303.8495,-70.53775,1.26,0.39,166,14.54,,,Pav,B,,0
IC4961,G,302.869125,-53.125111,1.64,0.46,91,15.08,,,Tel,B,,0
IC4962,G,304.177042,-71.129556,0.98,0.2,156,16.21,,,Pav,B,,0
IC4963,G,303.022875,-55.245889,1.43,0.61,159,14.33,,,Tel,B,,0
IC4964,G,304.349708,-73.885639,1.59,0.58,155,14.43,,,Pav,B,,0
IC4965,G,303.113833,-56.826778,1.23,0.85,143,13.74,,,Pav,V,,0
IC4966,Other,303.068417,-53.619194,,,,,,,Tel,,,0
IC4967,G,304.096458,-70.564694,0.73,0.57,92,14.83,,,Pav,B,,0
IC4968,G,303.709292,-64.798389,0.76,0.61,37,15.05,,,Pav,B,,0
IC4969,G,303.234583,-53.920056,0.71,0.64,22,15.16,,,Tel,B,,0
IC4970,G,304.238958,-70.74975,1.66,0.44,12,13.82,,,Pav,V,,0
IC4971,G,304.261917,-70.620972,0.91,0.28,5,16.08,,,Pav,B,,0
IC4972,G,304.428,-70.915111,1.01,0.26,16,13.44,,,Pav,V,,0
IC4973,G,303.642208,-58.371111,0.66,0.35,1,15.85,,,Pav,B,,0
IC4974,GPair,303.860417,-61.860278,1,,,,,,Pav,,,0
IC4974 NED01,G,303.858875,-61.857667,0.84,0.61,68,14.36,,,Pav,V,,0
IC4974 NED02,G,303.862292,-61.863056,0.66,0.48,110,,,,Pav,,,0
IC4975,G,303.512583,-52.721778,1.11,1.01,39,14.36,,,Tel,B,,0
IC4976,G,303.921083,-61.875139,0.44,0.34,61,15.59,,,Pav,B,,0
IC4977,Other,302.971667,-21.636639,,,,,,,Cap,,,0
IC4978,G,303.656875,-54.421972,0.74,0.3,91,15.45,,,Tel,B,,0
IC4979,G,303.674333,-53.458694,1.08,0.9,13,14.97,,,Tel,B,,0
IC4980,G,303.870542,-57.912694,1.61,0.63,123,14.24,,,Pav,B,,0
IC4981,G,304.913333,-70.848528,1.07,0.35,136,12.51,,,Pav,V,,0
IC4982,G,305.086833,-71.007833,0.52,0.44,51,15.18,,,Pav,B,,0
IC4983,G,304.024792,-52.086528,1.02,0.94,50,14.34,,,Tel,B,,0
IC4984,G,304.072708,-52.703722,0.88,0.39,115,15.41,,,Tel,B,,0
IC4985,G,305.183417,-70.987,0.85,0.56,66,14.91,,,Pav,B,,0
IC4986,G,304.298542,-55.036389,2.23,0.86,15,14.17,,,Tel,B,,0
IC4987,G,304.33075,-52.279556,1.01,0.65,66,15.19,,,Tel,B,,0
IC4988,Other,305.442708,-69.387639,,,,,,,Pav,,,0
IC4989,G,304.848708,-58.551472,1.16,0.29,155,15.29,,,Pav,B,,0
IC4990,G,305.356625,-66.890861,0.77,0.36,19,16.16,,,Pav,B,,0
IC4991,G,304.597,-41.050167,2.91,2.13,129,11.54,,,Sgr,V,,0
IC4992,G,305.866042,-71.564917,1.71,0.26,55,14.5,,,Pav,B,,0
IC4993,G,305.484833,-66.985389,0.52,0.4,28,15.74,,,Pav,B,,0
IC4994,G,304.9355,-53.447361,1.36,1.06,96,13.98,,,Tel,B,,0
IC4995,G,304.995708,-52.621972,1.19,0.81,158,14.06,,,Tel,V,,0
IC4996,OCl,304.138625,37.555278,6,,,7.3,,,Cyg,V,,0
IC4997,PN,305.036667,16.731667,0.03,,,10.5,,,Sge,V,,0
IC4998,G,305.544083,-38.308333,1.57,1.08,103,14.03,,,Sgr,B,,0
IC4999,G,305.98475,-26.014944,2.03,1,92,13.24,,,Cap,B,,0
IC5000,Dup,305.589625,6.429861,,,,,,,Aql,,,0
IC5001,G,306.583542,-54.774722,0.97,0.39,28,15.25,,,Tel,B,,0
IC5002,G,306.666208,-54.799694,1.35,0.72,93,14.23,,,Tel,B,,0
IC5003,G,310.80975,-29.853389,2.36,0.66,162,12.93,,,Mic,V,,0
IC5004,Dup,307.912792,-30.831889,,,,,,,Mic,,,0
IC5005,G,306.334208,-25.829278,1.36,0.99,62,13.59,,,Cap,B,,0
IC5006,**,305.9455,6.449167,,,,,,,Aql,,,0
IC5007,G,310.893542,-29.703639,2.31,1.45,30,12.55,,,Mic,V,,0
IC5008,G,308.187625,-72.694722,1.19,0.33,77,15.59,,,Pav,B,,0
IC5009,G,308.143125,-72.167556,1.05,0.66,96,14.4,,,Pav,B,,0
IC5010,G,307.611167,-66.097361,0.78,0.34,178,15.91,,,Pav,B,,0
IC5011,G,307.140917,-36.027111,3.01,1.32,18,11.84,,,Mic,V,,0
IC5012,G,307.38325,-56.743111,1.06,0.52,78,15.29,,,Pav,B,,0
IC5013,Dup,307.140917,-36.027111,,,,,,,Mic,,,0
IC5014,G,308.8155,-73.452611,0.77,0.66,102,14.37,,,Pav,B,,0
IC5015,Dup,308.585708,-31.980889,,,,,,,Mic,,,0
IC5016,G,308.903833,-72.911139,0.63,0.48,94,15.87,,,Pav,B,,0
IC5017,G,308.015958,-57.587694,0.97,0.47,175,13.92,,,Ind,V,,0
IC5018,Dup,305.544083,-38.308333,,,,,,,Sgr,,,0
IC5019,G,307.696208,-36.076944,1.54,0.32,85,15.48,,,Mic,B,,0
IC5020,G,307.660375,-33.485556,2.33,1.75,148,12.3,,,Mic,V,,0
IC5021,G,308.391833,-54.520778,0.76,0.67,21,15.03,,,Ind,B,,0
IC5022,G,310.275583,-76.450139,0.78,0.53,142,15.5,,,Oct,B,,0
IC5023,G,309.544667,-67.184639,1.43,0.49,118,14.21,,,Pav,B,,0
IC5024,G,310.03975,-71.107694,0.98,0.71,17,14.93,,,Pav,B,,0
IC5025,G,311.246167,-76.984694,1.65,0.25,110,15.43,,,Oct,B,,0
IC5026,G,312.116875,-78.06925,2.4,0.28,75,15.52,,,Oct,B,,0
IC5027,G,310.287208,-55.472111,0.51,0.46,55,15.26,,,Ind,B,,0
IC5028,G,310.841792,-65.647806,1.32,0.77,170,15.25,,,Pav,B,,0
IC5029,Dup,310.80975,-29.853389,,,,,,,Mic,,,0
IC5030,Dup,310.893542,-29.703639,,,,,,,Mic,,,0
IC5031,G,311.334458,-67.539333,0.59,0.35,40,13.62,,,Pav,B,,0
IC5032,G,311.341792,-67.551889,1.3,0.37,144,13.02,,,Pav,V,,0
IC5033,G,310.979542,-57.334278,0.95,0.54,45,15.72,,,Ind,B,,0
IC5034,G,310.923625,-57.030306,1.43,0.59,25,14.67,,,Ind,B,,0
IC5035,G,311.060208,-57.127528,0.63,0.41,122,15.9,,,Ind,B,,0
IC5036,G,311.157417,-57.626778,0.99,0.3,119,15.96,,,Ind,B,,0
IC5037,G,311.413542,-58.449778,1.32,0.21,158,15.84,,,Ind,B,,0
IC5038,G,311.715208,-65.016806,1.51,0.69,73,13.48,,,Pav,V,,0
IC5039,Dup,310.80975,-29.853389,,,,,,,Mic,,,0
IC5040,G,313.081708,-76.686556,0.8,0.6,9,15.18,,,Oct,B,,0
IC5041,Dup,310.893542,-29.703639,,,,,,,Mic,,,0
IC5042,G,311.94175,-65.084306,1.1,0.75,43,13.35,,,Pav,V,,0
IC5043,G,311.659417,-56.983667,0.78,0.24,20,16.42,,,Ind,B,,0
IC5044,G,312.673083,-71.899417,0.64,0.44,99,15.51,,,Pav,B,,0
IC5045,G,312.708792,-71.909778,0.81,0.36,71,15.26,,,Pav,B,,0
IC5046,Dup,310.80975,-29.853389,,,,,,,Mic,,,0
IC5047,Dup,310.893542,-29.703639,,,,,,,Mic,,,0
IC5048,G,312.919333,-71.800778,0.58,0.52,70,15.84,,,Pav,B,,0
IC5049,GPair,311.847667,-38.415694,1.2,,,,,,Mic,,,0
IC5049A,G,311.84675,-38.413167,1.1,0.84,149,15.15,,,Mic,B,,0
IC5049B,G,311.849292,-38.418278,1.78,1.18,138,13.6,,,Mic,V,,0
IC5050,G,311.312708,-5.622778,1.33,0.8,83,14.99,,,Aqr,B,,0
IC5051,G,313.094375,-71.789889,0.68,0.44,59,15.57,,,Pav,B,,0
IC5052,G,313.023208,-69.201639,7.16,1.33,140,11.34,,,Pav,V,,0
IC5053,G,313.400875,-71.141222,2.09,0.68,57,13.16,,,Pav,V,,0
IC5054,G,313.43925,-71.02475,2.23,0.43,6,13.23,,,Pav,V,,0
IC5055,G,313.238208,-68.445667,0.83,0.44,28,15.15,,,Pav,B,,0
IC5056,Other,312.247917,-39.180917,,,,,,,Mic,,,0
IC5057,*,311.80625,0.322111,,,,,,,Aqr,,,0
IC5058,Dup,311.834875,0.484056,,,,,,,Aqr,,,0
IC5059,G,312.806167,-57.688667,0.9,0.62,13,15.6,,,Ind,B,,0
IC5060,G,313.694417,-71.636472,0.87,0.18,79,15.5,,,Pav,B,,0
IC5061,Other,311.904792,0.335667,,,,,,,Aqr,,,0
IC5062,**,312.0425,-8.35975,,,,,,,Aqr,,,0
IC5063,G,313.00975,-57.068778,2.69,1.91,120,12.45,,,Ind,V,,0
IC5064,G,313.1595,-57.232444,1.27,0.73,54,14.32,,,Ind,B,,0
IC5065,G,312.940833,-29.847278,1.5,0.92,149,13.6,,,Mic,V,,0
IC5066,G,314.262583,-73.14725,0.68,0.32,30,15.15,,,Pav,B,,0
IC5067,Other,311.959083,44.366972,,,,,,,Cyg,,,0
IC5068,HII,312.624,42.477694,40,30,,,,,Cyg,,,0
IC5069,G,315.053542,-71.811694,1.15,0.95,36,14.17,,,Pav,B,,0
IC5070,HII,312.753,44.4015,60,50,,8,,鹈鹕星云,Cyg,B,Pelican Nebula,0
IC5071,G,315.33225,-72.642722,3.17,0.56,17,13.29,,,Pav,B,,0
IC5072,G,315.48675,-72.988472,0.81,0.37,107,15.58,,,Pav,B,,0
IC5073,G,315.83275,-72.687889,1.18,0.91,50,14.88,,,Pav,B,,0
IC5074,G,315.251917,-63.152667,0.65,0.46,168,14.63,,,Pav,B,,0
IC5075,G,316.15875,-71.867861,1.09,0.45,148,14.57,,,Pav,B,,0
IC5076,RfN,313.88925,47.395556,7,7,,,,,Cyg,,,0
IC5077,G,317.224833,-73.640806,0.67,0.52,94,15.74,,,Pav,B,,0
IC5078,G,315.630292,-16.818306,3.24,0.56,86,12.65,,,Cap,V,,0
IC5079,*,316.433375,-56.23025,,,,,,,Ind,,,0
IC5080,G,315.637792,19.213611,0.49,0.39,45,15.32,,,Del,B,,0
IC5081,Other,315.755125,19.18925,,,,,,,Del,,,0
IC5082,Dup,316.164583,-12.338389,,,,,,,Aqr,,,0
IC5083,G,315.964583,11.763639,0.8,0.6,30,15.3,,,Equ,B,,0
IC5084,G,317.311958,-63.290028,1.67,1.07,137,13.57,,,Pav,B,,0
IC5085,G,318.364875,-74.103056,0.72,0.52,31,15.29,,,Pav,B,,0
IC5086,G,317.133375,-29.769056,1.75,1.57,41,12.84,,,Mic,V,,0
IC5087,G,318.589375,-73.773833,1.46,0.38,95,15.04,,,Pav,B,,0
IC5088,G,317.3615,-22.878583,1.37,1.06,96,14.49,,,Cap,B,,0
IC5089,G,317.727208,-3.862778,0.6,0.27,28,16.11,,,Aqr,B,,0
IC5090,G,317.877,-2.032556,0.83,0.27,17,14.46,,,Aqr,B,,0
IC5091,G,319.40425,-70.652944,0.56,0.49,158,15.94,,,Pav,B,,0
IC5092,G,319.060417,-64.464667,2.75,2.43,33,13.01,,,Pav,B,,0
IC5093,G,319.69325,-70.622389,0.79,0.34,125,16.01,,,Pav,B,,0
IC5094,G,319.45625,-66.427667,1.17,0.5,154,14.55,,,Pav,B,,0
IC5095,G,319.342667,-59.947556,0.92,0.39,72,15.42,,,Pav,B,,0
IC5096,G,319.58975,-63.760667,3.52,0.66,149,13.33,,,Pav,B,,0
IC5097,Other,318.742,4.484111,,,,,,,Equ,,,0
IC5098,Other,318.75575,4.493611,,,,,,,Equ,,,0
IC5099,G,320.454375,-70.983361,0.72,0.28,6,15.43,,,Pav,B,,0
IC5100,G,320.431083,-65.933361,1.15,0.2,114,14.62,,,Pav,B,,0
IC5101,G,320.482375,-65.836056,1.1,0.89,2,13.32,,,Pav,V,,0
IC5102,G,321.556083,-73.310083,1.07,0.54,113,14.8,,,Pav,B,,0
IC5103,G,322.302292,-74.070167,1.07,0.8,57,15.05,,,Pav,B,,0
IC5104,G,320.371875,21.241972,1.48,0.43,172,13.82,,,Peg,V,,0
IC5105,G,321.091708,-40.537722,2.98,1.64,44,11.6,,,Mic,V,,0
IC5106,G,322.158875,-70.834583,1.51,1.17,145,14.4,,,Pav,V,,0
IC5107,G,322.062042,-65.735528,1.02,0.38,4,15.18,,,Pav,B,,0
IC5108,G,323.214583,-72.659694,1.08,0.39,104,15.13,,,Ind,B,,0
IC5109,G,323.427958,-74.112,0.92,0.69,168,14.67,,,Ind,B,,0
IC5110,G,322.680792,-60.001833,1.37,1,52,13.29,,,Ind,V,,0
IC5111,G,322.044833,2.47375,0.78,0.66,2,15.05,,,Aqr,B,,0
IC5112,NonEx,,,,,,,,,,,,0
IC5113,**,322.414542,6.818,,,,,,,Peg,,,0
IC5114,Dup,323.533083,-36.653722,,,,,,,Gru,,,0
IC5115,G,322.738708,11.7635,0.71,0.42,109,15.84,,,Peg,B,,0
IC5116,G,324.272917,-70.982556,1.48,1.26,34,13.9,,,Ind,B,,0
IC5117,PN,323.129042,44.596556,0.02,,,11.5,,,Cyg,V,,0
IC5118,G,325.5575,-71.382694,1.22,0.31,45,15.49,,,Ind,B,,0
IC5119,G,323.482708,21.837917,0.82,0.23,153,15.26,,,Peg,B,,0
IC5120,Dup,324.701125,-64.350194,,,,,,,Ind,,,0
IC5121,Dup,325.330333,-63.908694,,,,,,,Ind,,,0
IC5122,G,324.941125,-22.406528,0.65,0.38,55,16.44,,,Cap,B,,0
IC5123,G,326.205625,-72.42075,1.48,0.57,17,14.5,,,Ind,B,,0
IC5124,G,324.979958,-22.426944,0.51,0.23,134,16.61,,,Cap,B,,0
IC5125,G,325.459083,-52.773611,0.78,0.71,105,14.08,,,Ind,B,,0
IC5126,G,325.119042,-6.34575,0.37,0.32,10,15.69,,,Aqr,B,,0
IC5127,Dup,324.935375,6.286306,,,,,,,Peg,,,0
IC5128,G,325.799042,-38.968278,0.96,0.64,128,14.11,,,Gru,B,,0
IC5129,G,326.944083,-65.387806,0.55,0.45,16,15.28,,,Ind,B,,0
IC5130,G,327.601125,-73.997417,1.63,0.55,108,14.54,,,Ind,B,,0
IC5131,G,326.855458,-34.883667,1.62,1.53,36,12.33,,,PsA,V,,0
IC5132,Neb,325.667542,66.168444,,,,,,,Cep,,,0
IC5133,Neb,325.696417,66.181139,,,,,,,Cep,,,0
IC5134,Neb,325.7445,66.102833,7.59,,,,,,Cep,,,0
IC5135,Dup,327.081333,-34.95125,,,,,,,PsA,,,0
IC5136,Dup,327.441708,-34.876278,,,,,,,PsA,,,0
IC5137,Other,327.906083,-65.583667,,,,,,,Ind,,,0
IC5138,G,328.340375,-68.953639,1.23,0.75,125,14.05,,,Ind,B,,0
IC5139,G,327.606917,-30.994722,2.19,1.04,32,13.42,,,PsA,B,,0
IC5140,G,328.566792,-67.331389,2.19,0.33,137,15.21,,,Ind,B,,0
IC5141,G,328.321,-59.493556,1.5,1.18,25,13.5,,,Ind,B,,0
IC5142,G,328.835375,-65.510028,1.67,0.97,73,14.52,,,Ind,B,,0
IC5143,Dup,329.040542,-49.521944,,,,,,,Ind,,,0
IC5144,G,328.539708,15.036833,0.79,0.62,92,15.49,,,Peg,B,,0
IC5145,G,328.596083,15.156833,1.62,0.8,171,14.61,,,Peg,B,,0
IC5146,Cl+N,328.369833,47.266917,10,10,,7.2,,茧星云,Cyg,V,Cocoon Nebula,0
IC5147,G,329.859667,-65.449861,1.59,0.72,29,15.12,,,Ind,B,,0
IC5148,PN,329.896667,-39.385833,2.3,,,11,,,Gru,V,,0
IC5149,G,329.746,-27.413917,1.38,0.52,31,14.45,,,PsA,B,,0
IC5150,Dup,329.896667,-39.385833,,,,,,,Gru,,,0
IC5151,G,329.719167,3.761472,0.35,0.2,0,15.3,,,Peg,B,,0
IC5152,G,330.672958,-51.296444,5.13,3.6,103,10.68,,,Ind,V,,0
IC5153,G,330.098167,17.863917,0.18,0.1,65,,,,Peg,,,0
IC5154,G,331.126208,-66.112389,0.86,0.55,4,15.8,,,Ind,V,,0
IC5155,**,330.526083,0.488278,,,,,,,Aqr,,,0
IC5156,G,330.811958,-33.838444,2.28,0.82,175,12.16,,,PsA,V,,0
IC5157,G,330.8625,-34.941833,2.01,1.8,56,13.39,,,PsA,B,,0
IC5158,G,331.603208,-67.517,1.01,0.55,64,15.22,,,Ind,B,,0
IC5159,*,330.666208,0.319,,,,,,,Aqr,,,0
IC5160,G,330.770167,10.924861,0.94,0.54,21,15.52,,,Peg,B,,0
IC5161,G,331.412542,9.640167,0.71,0.3,16,15.66,,,Peg,B,,0
IC5162,G,332.012833,-52.713861,1.08,0.63,134,15.08,,,Ind,B,,0
IC5163,Other,331.447417,27.0855,,,,,,,Peg,,,0
IC5164,*,331.4925,27.047472,,,,,,,Peg,,,0
IC5165,G,332.5295,-64.578028,1.52,0.51,43,14.81,,,Tuc,B,,0
IC5166,*,331.5285,27.068,,,,,,,Peg,,,0
IC5167,*,331.882458,-8.122611,,,,,,,Aqr,,,0
IC5168,G,332.18975,-27.856472,1.3,0.36,141,15.55,,,PsA,B,,0
IC5169,G,332.541583,-36.088611,2.05,0.91,24,14.27,,,PsA,V,,0
IC5170,G,333.1235,-47.221944,1.91,0.83,26,13.35,,,Gru,B,,0
IC5171,G,332.73625,-46.081472,0.74,0.49,153,13.46,,,Gru,B,,0
IC5172,G,332.481292,12.818056,0.71,0.24,87,15.86,,,Peg,B,,0
IC5173,GPair,333.6725,-69.366389,2.8,,,,,,Ind,,,0
IC5173A,G,333.685708,-69.365389,1.82,0.32,75,16.02,,,Ind,B,,0
IC5173B,G,333.661125,-69.36775,0.69,0.25,74,16.08,,,Ind,B,,0
IC5174,G,333.186125,-38.171389,0.75,0.65,149,15,,,Gru,B,,0
IC5175,G,333.200958,-38.127444,1.59,0.54,87,14.61,,,Gru,B,,0
IC5176,G,333.733042,-66.849417,4.51,0.63,28,13.55,,,Tuc,B,,0
IC5177,G,332.892792,11.795944,0.85,0.38,9,15.16,,,Peg,B,,0
IC5178,G,333.138958,-22.954056,1.04,0.63,91,14.72,,,Aqr,B,,0
IC5179,G,334.037917,-36.843722,1.01,0.52,61,12.03,,,Gru,V,,0
IC5180,G,332.800042,38.927194,1.38,1.2,146,14.72,,,Lac,B,,0
IC5181,G,333.340417,-46.017611,2.65,0.86,73,11.48,,,Gru,V,,0
IC5182,G,334.021208,-65.454722,0.78,0.55,136,15.32,,,Tuc,B,,0
IC5183,Dup,334.037917,-36.843722,,,,,,,Gru,,,0
IC5184,Dup,334.037917,-36.843722,,,,,,,Gru,,,0
IC5185,G,334.431875,-65.857472,0.58,0.46,70,14.87,,,Tuc,B,,0
IC5186,G,334.693833,-36.801583,2.11,1.44,92,11.93,,,Gru,V,,0
IC5187,G,334.574042,-59.606972,0.6,0.56,16,14.7,,,Tuc,B,,0
IC5188,G,334.61,-59.641333,1.29,1.05,9,13.84,,,Tuc,B,,0
IC5189,*,334.058958,-5.004306,,,,,,,Aqr,,,0
IC5190,G,334.752875,-59.882722,0.9,0.67,127,14.86,,,Tuc,B,,0
IC5191,G,333.760292,37.300389,1.08,0.17,65,14.94,,,Lac,B,,0
IC5192,G,333.8085,37.271028,0.53,0.28,162,16.4,,,Lac,B,,0
IC5193,G,333.931458,37.242833,0.75,0.68,178,15.46,,,Lac,B,,0
IC5194,Other,334.283875,-15.945694,,,,,,,Aqr,,,0
IC5195,Dup,333.923208,37.302778,,,,,,,Lac,,,0
IC5196,G,335.046917,-65.404611,1.49,0.35,100,15.38,,,Tuc,B,,0
IC5197,G,334.955917,-60.136444,1.05,0.56,34,14.99,,,Tuc,B,,0
IC5198,Dup,334.427833,-15.571278,,,,,,,Aqr,,,0
IC5199,G,334.888417,-37.533806,1.9,0.32,153,14.86,,,Gru,B,,0
IC5200,G,335.563917,-65.766333,0.74,0.36,124,15.97,,,Tuc,B,,0
IC5201,G,335.239333,-46.035861,6.7,2.86,22,11.37,,,Gru,V,,0
IC5202,G,335.731958,-65.802889,1.62,0.58,128,14.68,,,Tuc,B,,0
IC5203,G,335.642917,-59.773222,1.11,0.68,12,14.75,,,Tuc,B,,0
IC5204,Dup,337.749625,-14.003528,,,,,,,Aqr,,,0
IC5205,G,335.698167,-59.787056,0.63,0.39,20,15.99,,,Tuc,B,,0
IC5206,G,336.01925,-66.857833,0.99,0.56,29,15.27,,,Tuc,B,,0
IC5207,G,335.872708,-60.564972,1.23,0.66,178,15.19,,,Tuc,B,,0
IC5208,G,336.142792,-65.227417,1.86,0.33,62,14.83,,,Tuc,B,,0
IC5209,G,335.787917,-37.993278,0.72,0.46,127,15.59,,,Gru,B,,0
IC5210,G,335.629625,-18.869694,1.13,0.95,80,14.09,,,Aqr,B,,0
IC5211,G,335.679417,-18.880222,0.8,0.58,158,14.71,,,Aqr,B,,0
IC5212,G,335.876083,-38.037639,0.99,0.56,40,14.7,,,Gru,B,,0
IC5213,G,336.269958,-60.476694,0.66,0.41,131,15.8,,,Tuc,B,,0
IC5214,Other,335.925875,-27.469806,,,,,,,PsA,,,0
IC5215,G,336.742125,-65.982194,0.65,0.53,180,15.73,,,Tuc,B,,0
IC5216,Other,336.186542,-18.087611,,,,,,,Aqr,,,0
IC5217,PN,335.982083,50.966667,0.11,,,11.3,,,Lac,V,,0
IC5218,G,337.024083,-60.394861,1.34,0.48,22,15.12,,,Tuc,B,,0
IC5219,G,337.18225,-65.893722,0.89,0.55,16,15.96,,,Tuc,B,,0
IC5220,G,337.011375,-59.723444,1.19,0.37,112,15.09,,,Tuc,B,,0
IC5221,G,337.240458,-65.904583,0.47,0.43,59,15.92,,,Tuc,B,,0
IC5222,G,337.47825,-65.661361,1.96,0.89,92,12.75,,,Tuc,V,,0
IC5223,G,337.436542,7.98875,0.66,0.29,4,15.81,,,Peg,B,,0
IC5224,G,337.625625,-45.996194,1.65,0.39,165,14.35,,,Gru,B,,0
IC5225,Dup,338.033583,-25.397778,,,,,,,PsA,,,0
IC5226,G,338.125875,-25.661972,1.98,1.49,35,13.43,,,PsA,B,,0
IC5227,G,338.515458,-64.697667,1.19,0.86,176,13.98,,,Tuc,B,,0
IC5228,Dup,338.099167,-14.120528,,,,,,,Aqr,,,0
IC5229,G,338.709917,-61.381361,0.63,0.53,70,15.14,,,Tuc,B,,0
IC5230,G,338.917375,-61.547694,1.05,0.41,43,15.15,,,Tuc,B,,0
IC5231,G,338.503,23.338667,0.72,0.63,65,15.07,,,Peg,B,,0
IC5232,G,339.408792,-68.872222,0.71,0.47,3,15.4,,,Ind,B,,0
IC5233,G,339.137,25.763194,0.91,0.84,16,14.76,,,Peg,B,,0
IC5234,G,340.047708,-65.82525,1.2,0.54,147,15.3,,,Tuc,B,,0
IC5235,G,340.356125,-66.580306,0.63,0.34,84,12.38,,,Tuc,B,,0
IC5236,G,340.375583,-66.618,0.84,0.56,64,15.43,,,Tuc,B,,0
IC5237,Dup,340.574625,-30.057667,,,,,,,PsA,,,0
IC5238,G,340.374042,-60.757917,0.71,0.44,63,15.8,,,Tuc,B,,0
IC5239,G,337.779917,-38.026528,1.32,0.62,53,15.28,,,Gru,B,,0
IC5240,G,340.46825,-44.767167,3.2,2.22,96,11.66,,,Gru,V,,0
IC5241,G,340.410542,2.639944,0.91,0.74,174,14.86,,,Aqr,B,,0
IC5242,G,340.313375,23.406917,0.82,0.7,174,14.69,,,Peg,B,,0
IC5243,G,340.352458,23.374639,0.74,0.63,16,14.49,,,Peg,V,,0
IC5244,G,341.057292,-64.043389,2.86,0.47,174,13.69,,,Tuc,B,,0
IC5245,G,341.234875,-65.357917,0.85,0.71,114,15.07,,,Tuc,B,,0
IC5246,G,341.664583,-64.897972,1.02,0.67,154,14.74,,,Tuc,B,,0
IC5247,G,341.708958,-65.273889,1.37,0.4,124,15.01,,,Tuc,B,,0
IC5248,Other,341.178125,-0.3395,,,,,,,Aqr,,,0
IC5249,G,341.776167,-64.832028,4.38,0.36,12,14.36,,,Tuc,B,,0
IC5250,GPair,341.835083,-65.058722,3.5,,,,,,Tuc,,,0
IC5250A,G,341.822917,-65.059722,1.51,1.31,73,11.11,,,Tuc,V,,0
IC5250B,G,341.842333,-65.0585,1.74,0.95,120,12.41,,,Tuc,B,,0
IC5251,Other,341.294292,11.158472,,,,,,,Peg,,,0
IC5252,G,342.037458,-68.902861,1.34,0.77,173,13.76,,,Ind,B,,0
IC5253,G,341.3705,21.808056,0.89,0.36,164,15.46,,,Peg,B,,0
IC5254,G,341.502125,21.125583,0.68,0.32,80,15.56,,,Peg,B,,0
IC5255,Other,341.441833,36.226778,,,,,,,Lac,,,0
IC5256,G,342.440875,-68.690667,1.2,0.51,17,14.42,,,Ind,V,,0
IC5257,G,343.067708,-67.419556,0.7,0.47,18,15.25,,,Ind,B,,0
IC5258,G,342.881542,23.080583,1,0.64,102,14.07,,,Peg,B,,0
IC5259,G,343.811208,36.671778,1.08,0.77,79,14.7,,,Lac,B,,0
IC5260,Dup,343.577542,-39.314944,,,,,,,Gru,,,0
IC5261,G,343.605167,-20.362889,1.44,1.28,21,13.88,,,Aqr,B,,0
IC5262,G,343.835208,-33.887917,1.35,0.68,179,13.21,,,PsA,V,,0
IC5263,G,344.556542,-69.052111,1.59,0.73,147,14.24,,,Ind,B,,0
IC5264,G,344.221,-36.554167,2.43,0.53,80,13.29,,,Gru,B,,0
IC5265,Dup,344.294208,-36.462222,,,,,,,Gru,,,0
IC5266,G,344.586792,-65.129694,1.89,0.52,33,14.68,,,Tuc,B,,0
IC5267,G,344.306542,-43.396139,5.58,4.06,138,10.43,,,Gru,V,,0
IC5268,Other,344.054042,36.59725,,,,,,,Lac,,,0
IC5269,G,344.431917,-36.026222,1.84,0.75,51,12.24,,,PsA,V,,0
IC5270,G,344.478917,-35.858056,3.29,1.81,105,12.88,,,PsA,B,,0
IC5271,G,344.507583,-33.742222,3,1.16,140,11.54,,,PsA,V,,0
IC5272,G,344.879583,-65.193528,1.07,0.82,33,14.85,,,Tuc,B,,0
IC5273,G,344.86125,-37.702889,3.07,1.98,46,11.45,,,Gru,V,,0
IC5274,G,344.615208,18.91875,0.9,0.77,109,15.17,,,Peg,B,,0
IC5275,Other,344.664417,18.862528,,,,,,,Peg,,,0
IC5276,G,344.665625,18.819917,0.83,0.35,45,15.14,,,Peg,B,,0
IC5277,G,345.496875,-65.197889,0.59,0.54,41,15.31,,,Tuc,B,,0
IC5278,G,345.066,-8.178778,1.17,0.4,88,15.46,,,Aqr,B,,0
IC5279,G,345.760917,-69.209722,0.77,0.67,32,14.32,,,Ind,B,,0
IC5280,G,345.958958,-65.207861,1.32,0.5,4,15.07,,,Tuc,B,,0
IC5281,*,345.597875,27.006389,,,,,,,Peg,,,0
IC5282,G,345.700792,21.874361,1.07,0.51,174,15.14,,,Peg,B,,0
IC5283,G,345.825,8.893611,1.15,0.6,105,13.92,,,Peg,V,,0
IC5284,G,346.692792,19.122083,1.07,0.38,140,14.84,,,Peg,B,,0
IC5285,G,346.745583,22.936472,1.32,0.74,88,13.03,,,Peg,V,,0
IC5286,G,347.481292,-68.253111,0.97,0.21,114,16.2,,,Ind,B,,0
IC5287,G,347.334458,0.7565,0.91,0.4,40,14.8,,,Psc,V,,0
IC5288,G,347.93425,-68.094056,0.92,0.79,84,14.8,,,Ind,B,,0
IC5289,GPair,347.820667,-32.454278,0.7,,,,,,Scl,,,0
IC5289 NED01,G,347.821667,-32.455972,0.44,0.17,0,,,,Scl,,,0
IC5289 NED02,G,347.822083,-32.451861,1.15,0.74,36,15.4,,,Scl,V,,0
IC5290,G,348.221917,-23.469194,1.15,0.72,67,13.62,,,Aqr,B,,0
IC5291,G,348.414917,9.241528,0.34,0.34,165,15.65,,,Peg,B,,0
IC5292,G,348.446125,13.687611,0.68,0.64,90,15.29,,,Peg,B,,0
IC5293,G,348.686,25.140611,0.71,0.49,167,15.76,,,Peg,B,,0
IC5294,Dup,349.044833,-42.58475,,,,,,,Gru,,,0
IC5295,G,348.871417,25.120472,0.64,0.55,46,15.99,,,Peg,B,,0
IC5296,G,348.932417,25.094528,0.79,0.49,37,15.47,,,Peg,B,,0
IC5297,G,348.9935,25.025194,0.58,0.55,151,15.87,,,Peg,B,,0
IC5298,G,349.002917,25.556694,0.79,0.7,161,14.9,,,Peg,V,,0
IC5299,G,349.079792,20.855833,0.43,0.25,20,,,,Peg,,,0
IC5300,G,349.142042,20.828444,0.81,0.5,130,15.64,,,Peg,B,,0
IC5301,G,349.747625,-69.562111,1.1,0.58,87,15.37,,,Ind,B,,0
IC5302,G,349.902875,-64.568278,1.19,0.42,24,15.02,,,Tuc,B,,0
IC5303,**,349.478083,0.264528,,,,,,,Psc,,,0
IC5304,G,349.718958,-10.259306,1.52,0.94,18,14.34,,,Aqr,B,,0
IC5305,G,349.525917,10.299861,0.4,0.25,120,15.59,,,Peg,B,,0
IC5306,G,349.547208,10.246056,0.66,0.29,83,14.02,,,Peg,B,,0
IC5307,G,349.591792,10.23575,0.3,0.26,40,17.12,,,Peg,B,,0
IC5308,Dup,349.838083,-42.256833,,,,,,,Gru,,,0
IC5309,G,349.798542,8.109306,1.29,0.61,25,13.56,,,Psc,V,,0
IC5310,G,350.1985,-22.149361,0.5,0.41,7,15.4,,,Aqr,B,,0
IC5311,**,350.157292,17.274139,,,,,,,Peg,,,0
IC5312,G,350.243,19.318028,0.35,0.35,105,14.96,,,Peg,B,,0
IC5313,Dup,350.50375,-42.4805,,,,,,,Gru,,,0
IC5314,G,350.285583,19.311222,0.68,0.68,5,15.56,,,Peg,B,,0
IC5315,G,350.326042,25.385194,0.92,0.77,136,14.56,,,Peg,B,,0
IC5316,G,350.475458,21.202556,0.58,0.44,118,16.25,,,Peg,B,,0
IC5317,G,350.8695,21.163528,0.81,0.62,5,15.04,,,Peg,B,,0
IC5318,Dup,351.029,-11.860694,,,,,,,Aqr,,,0
IC5319,G,351.204,13.996528,0.73,0.64,1,15.77,,,Peg,B,,0
IC5320,G,352.091542,-67.760278,0.6,0.55,113,15.18,,,Tuc,B,,0
IC5321,G,351.584292,-17.956389,1.31,0.75,46,13.98,,,Aqr,B,,0
IC5322,G,352.128375,-67.761333,0.77,0.48,77,15.3,,,Tuc,V,,0
IC5323,G,351.904042,-67.815472,1.64,1.04,32,14.05,,,Tuc,B,,0
IC5324,G,352.073958,-67.821361,1.26,1.12,34,13.98,,,Tuc,V,,0
IC5325,G,352.180958,-41.333472,2.88,2.62,8,11.28,,,Phe,V,,0
IC5326,G,352.3965,-28.831167,1.02,0.49,116,15.06,,,Scl,B,,0
IC5327,Dup,352.698917,-13.485444,,,,,,,Aqr,,,0
IC5328,G,353.318583,-45.015972,2.99,1.75,41,11.37,,,Phe,V,,0
IC5329,G,353.289958,21.237306,1.37,0.34,109,15.62,,,Peg,B,,0
IC5330,*,353.359708,-2.883139,,,,,,,Psc,,,0
IC5331,G,353.353417,21.130056,1.24,0.43,17,15.03,,,Peg,B,,0
IC5332,G,353.614542,-36.101083,6.07,5.77,0,10.03,,,Scl,V,,0
IC5333,Dup,353.72075,-65.396028,,,,,,,Tuc,,,0
IC5334,G,353.65175,-4.53425,1.91,0.57,125,14.26,,,Aqr,B,,0
IC5335,G,353.947375,-67.396972,1.11,0.48,137,15.12,,,Tuc,B,,0
IC5336,GPair,354.082042,21.098111,0.9,,,,,,Peg,,,0
IC5336 NED01,G,354.078,21.099472,0.49,0.29,38,15.98,,,Peg,V,,0
IC5336 NED02,G,354.085167,21.096722,0.59,0.44,112,15.59,,,Peg,V,,0
IC5337,G,354.104292,21.150556,0.96,0.31,2,14.72,,,Peg,V,,0
IC5338,G,354.126792,21.146,1.26,0.91,26,13.74,,,Peg,V,,0
IC5339,G,354.521958,-68.442056,1.07,0.95,106,14.65,,,Tuc,B,,0
IC5340,Other,354.634792,-4.854611,,,,,,,Aqr,,,0
IC5341,G,354.61175,26.985111,0.24,0.24,25,15.74,,,Peg,B,,0
IC5342,G,354.661667,27.011361,0.79,0.63,26,15.39,,,Peg,B,,0
IC5343,G,354.843208,-22.497167,0.86,0.68,15,14.2,,,Aqr,B,,0
IC5344,Other,354.816,-4.96675,,,,,,,Aqr,,,0
IC5345,G,354.884292,-22.413333,0.74,0.51,155,14.19,,,Aqr,V,,0
IC5346,G,355.276375,24.949806,0.6,0.34,98,15.9,,,Peg,B,,0
IC5347,G,355.402958,24.885778,0.72,0.56,112,15.88,,,Peg,B,,0
IC5348,Dup,356.246833,-42.910917,,,,,,,Phe,,,0
IC5349,GPair,356.595125,-28.005111,1.1,,,,,,Scl,,,0
IC5349 NED01,G,356.594583,-28.006028,1,0.3,21,15.31,,,Scl,B,,0
IC5349 NED02,G,356.596208,-28.00325,1.03,1.03,0,14.96,,,Scl,B,,0
IC5350,G,356.810958,-27.957722,1.03,0.84,55,13.68,,,Scl,V,,0
IC5351,G,356.828875,-2.3135,1.7,0.81,40,14.64,,,Psc,B,,0
IC5352,G,356.832917,-2.280667,0.45,0.31,66,16.65,,,Psc,B,,0
IC5353,G,356.869125,-28.109472,1.79,1,128,13.05,,,Scl,V,,0
IC5354,G,356.868083,-28.136,0.92,0.58,65,14.98,,,Scl,B,,0
IC5355,G,356.813708,32.78275,1.01,0.76,11,14.35,,,And,B,,0
IC5356,G,356.849125,-2.35125,0.97,0.52,42,14.98,,,Psc,B,,0
IC5357,G,356.845792,-2.300667,1.58,0.86,154,14.03,,,Psc,B,,0
IC5358,G,356.937667,-28.14075,1.48,1.03,114,12.63,,,Scl,V,,0
IC5359,G,356.90775,-2.316667,1.23,0.27,139,15.71,,,Psc,B,,0
IC5360,Other,356.973875,-37.058667,,,,,,,Scl,,,0
IC5361,Dup,357.870375,-13.381583,,,,,,,Aqr,,,0
IC5362,G,357.903042,-28.365056,1.56,1.43,40,12.85,,,Scl,V,,0
IC5363,Dup,357.903042,-28.365056,,,,,,,Scl,,,0
IC5364,GPair,359.104167,-29.023333,1.5,,,,,,Scl,,,0
IC5364 NED01,G,359.099625,-29.023694,1.07,1.07,95,14.28,,,Scl,B,,0
IC5364 NED02,G,359.105167,-29.023389,1,0.92,90,14.39,,,Scl,B,,0
IC5365,Other,359.394125,-37.024889,,,,,,,Scl,,,0
IC5366,Other,359.418292,52.791639,,,,,,,Cas,,,0
IC5367,G,359.662125,22.449083,0.56,0.42,52,16.8,,,Peg,B,,0
IC5368,Dup,359.7775,6.873056,,,,,,,Psc,,,0
IC5369,G,359.960583,32.702361,0.91,0.45,86,15.23,,,And,B,,0
IC5370,G,0.03825,32.738389,0.78,0.71,115,14.76,,,And,B,,0
IC5371,G,0.061583,32.832,0.52,0.45,147,15.7,,,And,B,,0
IC5372,G,0.06775,32.792611,0.4,0.35,10,15.61,,,And,B,,0
IC5373,G,0.120042,32.782361,0.67,0.51,154,15.07,,,And,B,,0
IC5374,G,0.268833,4.500194,0.67,0.57,16,15.37,,,Psc,B,,0
IC5375,G,0.269875,4.540611,0.9,0.51,1,15.23,,,Psc,B,,0
IC5376,G,0.332375,34.525722,1.64,0.44,4,14.61,,,And,B,,0
IC5377,G,0.5225,16.590278,0.91,0.54,0,15.56,,,Peg,B,,0
IC5378,GPair,0.6575,16.648056,1.5,,,,,,Peg,,,0
IC5378 NED01,G,0.657917,16.643778,0.55,0.55,50,15.09,,,Peg,B,,0
IC5378 NED02,G,0.657083,16.652222,0.6,0.53,5,16.84,,,Peg,B,,0
IC5379,G,0.669583,16.600278,0.55,0.26,65,15.69,,,Peg,B,,0
IC5380,G,0.7065,-66.186528,0.84,0.37,132,15.47,,,Tuc,B,,0
IC5381,G,0.796958,15.965722,1.23,0.37,52,14.85,,,Peg,B,,0
IC5382,G,0.859167,-65.196667,0.85,0.79,29,15.29,,,Tuc,B,,0
IC5383,Other,0.953333,16.014167,,,,,,,Peg,,,0
IC5384,Dup,1.038,-11.983889,,,,,,,Cet,,,0
IC5385,Other,1.59875,-0.076667,,,,,,,Psc,,,0
IC5386,Dup,1.618583,-3.716139,,,,,,,Psc,,,0
M040,**,185.567083,58.084444,,,,8,40,,UMa,V,,1
M102,Dup,210.80225,54.348944,,,,,102,,UMa,,,1
MWSC3156,GCl,295.435042,-33.999472,3.9,,,11.54,,,Sgr,V,,1
MWSC3171,GCl,296.31,-8.007222,5.4,,,7.54,,,Aql,V,,1
MWSC3561,GCl,326.661833,-21.252611,2.7,,,11.89,,,Cap,V,,1
Mel022,OCl,56.869167,24.105278,150,150,90,1.2,45,昴星团,Tau,V,Pleiades,1
Mel071,OCl,114.39,-12.055,14.4,,,7.1,,,Pup,V,,1
Mel072,OCl,112.161667,-10.7,7.5,,,10.1,,,Mon,V,,1
Mel101,OCl,160.55,-65.1,8.4,,,8,,,Car,V,,1
Mel105,OCl,169.925,-63.483333,5.4,,,8.5,,,Car,V,,1
Mel111,OCl,186.275,26.1,253.5,,,,,后发星团,Com,,Coma Star Cluster,1
NGC0001,G,1.816,27.708083,1.57,1.07,112,12.93,,,Peg,V,,0
NGC0002,G,1.821292,27.678361,0.95,0.47,110,14.17,,,Peg,V,,0
NGC0003,G,1.82,8.301639,1.02,0.59,112,13.4,,,Psc,V,,0
NGC0004,G,1.851708,8.373778,0.53,0.24,32,16.36,,,Psc,B,,0
NGC0005,G,1.953625,35.362306,0.98,0.59,111,14.61,,,And,B,,0
NGC0006,G,2.38625,33.308667,1.73,1.34,141,14.41,,,And,B,,0
NGC0007,G,2.087333,-29.915,2.47,0.53,23,13.84,,,Scl,V,,0
NGC0008,**,2.18875,23.838889,,,,15.32,,,Peg,V,,0
NGC0009,G,2.227917,23.816972,0.7,0.31,149,14.59,,,Peg,B,,0
NGC0010,G,2.143917,-33.858333,2.35,1.27,30,12.49,,,Scl,V,,0
NGC0011,G,2.177083,37.447917,1.44,0.22,111,14.44,,,And,B,,0
NGC0012,G,2.186458,4.612528,1.52,1.21,127,13.18,,,Psc,V,,0
NGC0013,G,2.198833,33.433333,2.28,0.6,54,14.08,,,And,B,,0
NGC0014,G,2.193333,15.815556,1.53,1.01,23,12.44,,,Peg,V,,0
NGC0015,G,2.260292,21.624528,1.07,0.56,30,15.08,,,Peg,B,,0
NGC0016,G,2.267875,27.729417,1.74,0.85,17,12,,,Peg,V,,0
NGC0017,G,2.777292,-12.107306,1.15,0.39,32,13.52,,,Cet,V,,0
NGC0018,**,2.34625,27.732083,,,,14,,,Peg,B,,0
NGC0019,G,2.670292,32.983083,1.21,0.6,41,13.83,,,And,B,,0
NGC0020,Dup,2.38625,33.308667,,,,,,,And,,,0
NGC0021,G,2.695417,33.352833,1.38,0.63,150,13.42,,,And,B,,0
NGC0022,G,2.450792,27.832306,1.21,0.74,155,14.83,,,Peg,B,,0
NGC0023,G,2.472542,25.923778,1.55,1.22,175,11.98,,,Peg,V,,0
NGC0024,G,2.485583,-24.963139,6.18,2.4,44,11.52,,,Scl,V,,0
NGC0025,G,2.497,-57.020833,1.43,1.1,84,15.5,,,Phe,V,,0
NGC0026,G,2.607792,25.831833,1.12,0.76,102,13.84,,,Peg,B,,0
NGC0027,G,2.636542,28.99625,1.22,0.46,118,14.43,,,And,B,,0
NGC0028,G,2.605167,-56.989139,0.92,0.81,45,15.8,,,Phe,B,,0
NGC0029,Dup,2.695417,33.352833,,,,,,,And,,,0
NGC0030,**,2.711625,21.976972,,,,,,,Peg,,,0
NGC0031,G,2.659958,-56.9865,1.17,0.53,2,14.58,,,Phe,B,,0
NGC0032,*,2.723292,18.796,,,,,,,Peg,,,0
NGC0033,**,2.736,3.675917,,,,,,,Psc,,,0
NGC0034,Dup,2.777292,-12.107306,,,,,,,Cet,,,0
NGC0035,G,2.793667,-12.020917,0.76,0.62,138,14.88,,,Cet,B,,0
NGC0036,G,2.842917,6.389361,2.14,1.32,15,14.39,,,Psc,B,,0
NGC0037,G,2.845542,-56.957333,1.11,0.68,30,14.94,,,Phe,B,,0
NGC0038,G,2.945792,-5.586278,1.14,1.05,170,14.34,,,Psc,B,,0
NGC0039,G,3.078583,31.061083,1.1,0.99,87,14.34,,,And,B,,0
NGC0040,PN,3.254292,72.521944,0.8,,,11.89,,领结星云,Cep,V,Bow-Tie nebula,0
NGC0041,G,3.199875,22.023389,0.94,0.53,125,14.52,,,Peg,B,,0
NGC0042,G,3.234792,22.100306,0.86,0.5,114,15.07,,,Peg,B,,0
NGC0043,G,3.253125,30.915278,1.39,1.21,100,13.87,,,And,B,,0
NGC0044,**,3.305833,31.28625,,,,,,,And,,,0
NGC0045,G,3.516625,-23.182083,6.18,4.44,159,10.44,,,Cet,V,,0
NGC0046,*,3.541083,5.987694,,,,11.68,,,Psc,V,,0
NGC0047,G,3.627667,-7.167444,1.35,1.09,85,13.5,,,Cet,B,,0
NGC0048,G,3.509125,48.234861,1.34,0.61,15,14.93,,,And,B,,0
NGC0049,G,3.593458,48.246611,0.93,0.59,161,15.2,,,And,B,,0
NGC0050,G,3.685708,-7.345083,2.04,1.17,154,12.79,,,Cet,B,,0
NGC0051,G,3.6455,48.255694,1.4,0.8,32,14.44,,,And,B,,0
NGC0052,G,3.667125,18.582028,2.26,0.61,126,14.34,,,Peg,B,,0
NGC0053,G,3.678542,-60.32875,1.54,0.95,178,12.64,,,Tuc,V,,0
NGC0054,G,3.781958,-7.106722,1.35,0.49,93,14.31,,,Cet,B,,0
NGC0055,G,3.723333,-39.196639,29.85,3.05,101,8.54,,,Scl,V,,0
NGC0056,Other,3.836083,12.444528,,,,,,,Psc,,,0
NGC0057,G,3.878625,17.328528,2.11,1.6,47,11.65,,,Psc,V,,0
NGC0058,Dup,3.627667,-7.167444,,,,,,,Cet,,,0
NGC0059,G,3.854708,-21.444389,2.38,1.24,121,12.45,,,Cet,V,,0
NGC0060,G,3.992667,-0.303528,1.03,0.66,29,14.86,,,Psc,V,,0
NGC0061,GPair,4.100833,-6.319444,1.5,,,,,,Cet,,,0
NGC0061A,G,4.101417,-6.321917,1.48,1.14,179,14.1,,,Cet,B,,0
NGC0061B,G,4.100292,-6.318861,1.34,1.04,,14.04,,,Cet,B,,0
NGC0062,G,4.272583,-13.487111,0.99,0.73,125,14.29,,,Cet,B,,0
NGC0063,G,4.439667,11.450333,1.72,1.04,108,12.53,,,Psc,V,,0
NGC0064,G,4.376542,-6.824611,1.38,0.9,35,14.09,,,Cet,B,,0
NGC0065,G,4.744625,-22.880361,1.02,0.83,168,14.67,,,Cet,B,,0
NGC0066,G,4.770583,-22.936389,1.24,0.5,35,14.12,,,Cet,B,,0
NGC0067,G,4.550792,30.055528,0.49,0.33,111,16.47,,,And,B,,0
NGC0068,G,4.577042,30.07175,1.29,1.2,45,14.42,,,And,B,,0
NGC0069,G,4.585458,30.039972,0.6,0.43,5,14.71,,,And,V,,0
NGC0070,G,4.593917,30.079583,1.69,1.39,3,14.5,,,And,V,,0
NGC0071,G,4.59825,30.06325,1.95,1.46,109,14.09,,,And,V,,0
NGC0072,G,4.618208,30.040694,1.16,1.06,85,13.56,,,And,V,,0
NGC0072A,G,4.642917,30.036389,0.38,0.29,155,14.64,,,And,V,,0
NGC0073,G,4.662542,-15.32225,1.68,1.01,145,14.37,,,Cet,B,,0
NGC0074,G,4.705583,30.061972,0.83,0.35,131,15.64,,,And,B,,0
NGC0075,G,4.859708,6.449361,1.82,1.82,70,14.64,,,Psc,B,,0
NGC0076,G,4.907458,29.933861,1.28,1,78,14.06,,,And,B,,0
NGC0077,G,5.006875,-22.532111,0.48,0.44,150,15.92,,,Cet,B,,0
NGC0078,GPair,5.110833,0.829722,1.9,,,,,,Psc,,,0
NGC0078A,G,5.107458,0.826333,1.17,0.65,75,13.72,,,Psc,V,,0
NGC0078B,G,5.114625,0.833556,1,0.82,137,13.5,,,Psc,V,,0
NGC0079,G,5.261875,22.566583,0.79,0.72,140,15.16,,,And,B,,0
NGC0080,G,5.295208,22.357194,1.82,1.61,5,12.3,,,And,V,,0
NGC0081,G,5.305292,22.382889,0.41,0.3,88,16.37,,,And,B,,0
NGC0082,*,5.323125,22.460361,,,,,,,And,,,0
NGC0083,G,5.343333,22.433611,1.25,1.1,112,12.55,,,And,V,,0
NGC0084,*,5.338542,22.619694,,,,,,,And,,,0
NGC0085,G,5.356375,22.511778,0.69,0.62,156,15.79,,,And,B,,0
NGC0085B,G,5.370833,22.505833,1.06,0.34,122,15.51,,,And,B,,0
NGC0086,G,5.369042,22.556417,0.75,0.28,8,14.85,,,And,B,,0
NGC0087,G,5.309458,-48.628222,0.86,0.71,6,14.26,,,Phe,V,,0
NGC0088,G,5.342167,-48.640167,0.85,0.49,146,14.41,,,Phe,V,,0
NGC0089,G,5.3515,-48.665306,1.24,0.56,140,13.49,,,Phe,V,,0
NGC0090,G,5.464167,22.4,0.98,0.81,120,13.77,,,And,V,,0
NGC0091,*,5.4655,22.368361,,,,15.2,,,And,B,,0
NGC0092,G,5.382083,-48.62475,1.65,0.76,150,13.19,,,Phe,V,,0
NGC0093,G,5.513458,22.408083,1.3,0.73,50,13.27,,,And,V,,0
NGC0094,G,5.556375,22.483056,0.51,0.31,20,15.4,,,And,B,,0
NGC0095,G,5.556417,10.491583,1.46,1.08,85,12.61,,,Psc,V,,0
NGC0096,G,5.573792,22.54625,0.68,0.64,130,15.49,,,And,B,,0
NGC0097,G,5.625,29.745361,1.32,1.16,25,13.41,,,And,B,,0
NGC0098,G,5.706417,-45.269,1.62,1.37,65,12.7,,,Phe,V,,0
NGC0099,G,5.997458,15.770417,1.05,0.88,46,13.78,,,Psc,V,,0
NGC0100,G,6.011833,16.486389,3.55,0.49,56,13.21,,,Psc,V,,0
NGC0101,G,5.977542,-32.536167,1.93,1.82,80,12.84,,,Scl,V,,0
NGC0102,G,6.152208,-13.956361,0.94,0.57,126,14.38,,,Cet,B,,0
NGC0103,OCl,6.318333,61.323472,2.7,,,9.8,,,Cas,V,,0
NGC0104,GCl,6.022333,-72.081444,31.8,,,4.09,,杜鹃座47球状星团,Tuc,V,47 Tuc Cluster,0
NGC0105,G,6.319917,12.883861,0.81,0.65,170,13.2,,,Psc,V,,0
NGC0106,G,6.182292,-5.14875,0.93,0.71,84,14.53,,,Psc,B,,0
NGC0107,G,6.425833,-8.282806,0.78,0.49,179,15.03,,,Cet,B,,0
NGC0108,G,6.498875,29.212056,1.69,1.14,63,13.26,,,And,B,,0
NGC0109,G,6.561,21.807306,1.05,0.82,83,13.74,,,And,V,,0
NGC0110,OCl,6.854208,71.391528,3.9,,,,,,Cas,,,0
NGC0111,Other,6.660042,-2.624972,,,,,,,Cet,,,0
NGC0112,G,6.703042,31.703306,1.02,0.49,107,14.45,,,And,B,,0
NGC0113,G,6.727667,-2.500889,1.23,1,172,14.01,,,Cet,B,,0
NGC0114,G,6.742625,-1.78625,0.98,0.75,171,14.69,,,Cet,B,,0
NGC0115,G,6.692833,-33.677083,2.09,0.73,122,13.72,,,Scl,B,,0
NGC0116,G,6.771792,-7.66825,1.08,0.53,98,14.7,,,Cet,B,,0
NGC0117,G,6.796125,1.333722,1,0.46,101,15.41,,,Cet,B,,0
NGC0118,G,6.817583,-1.780139,0.8,0.58,58,14.83,,,Cet,V,,0
NGC0119,G,6.740042,-56.978056,1.2,1.12,30,15.7,,,Phe,V,,0
NGC0120,G,6.875333,-1.513472,1.51,0.5,73,14.56,,,Cet,B,,0
NGC0121,GCl,6.701042,-71.535667,3.8,3.1,80,11.24,,,Tuc,V,,0
NGC0122,*,6.909708,-1.640472,,,,,,,Cet,,,0
NGC0123,*,6.916625,-1.627639,,,,,,,Cet,,,0
NGC0124,G,6.968167,-1.810194,1.26,0.72,168,13.73,,,Cet,B,,0
NGC0125,G,7.209125,2.838861,1.4,1.22,60,12.34,,,Psc,V,,0
NGC0126,G,7.28375,2.811111,0.71,0.58,111,15.46,,,Psc,B,,0
NGC0127,G,7.301542,2.872694,0.93,0.42,75,15.32,,,Psc,B,,0
NGC0128,G,7.31275,2.864056,3.16,0.87,1,11.63,,,Psc,V,,0
NGC0129,OCl,7.492458,60.211167,5.4,,,6.5,,,Cas,V,,0
NGC0130,G,7.327292,2.870444,0.72,0.42,44,14.81,,,Psc,B,,0
NGC0131,G,7.4105,-33.25975,1.81,0.67,62,13.21,,,Scl,V,,0
NGC0132,G,7.544625,2.093444,1.6,1.09,38,13.71,,,Cet,B,,0
NGC0133,OCl,7.820667,63.352611,2.1,,,9.4,,,Cas,V,,0
NGC0134,G,7.591542,-33.244028,8.38,1.79,50,10.31,,,Scl,V,,0
NGC0135,G,7.941417,-13.337472,0.66,0.35,14,15.01,,,Cet,B,,0
NGC0136,OCl,7.878292,61.50925,3.3,,,,,,Cas,,,0
NGC0137,G,7.742083,10.208417,1.38,1.38,30,12.79,,,Psc,V,,0
NGC0138,G,7.746833,5.15975,1.25,0.64,175,14.73,,,Psc,B,,0
NGC0139,G,7.776667,5.07875,0.77,0.44,0,15.45,,,Psc,B,,0
NGC0140,G,7.835292,30.7925,0.87,0.75,43,14.16,,,And,B,,0
NGC0141,G,7.822667,5.17975,0.86,0.55,165,15.33,,,Psc,B,,0
NGC0142,G,7.783667,-22.618667,0.97,0.39,104,14.55,,,Cet,B,,0
NGC0143,G,7.815083,-22.559944,1.06,0.32,21,15.31,,,Cet,B,,0
NGC0144,G,7.836125,-22.645722,0.82,0.78,10,14.36,,,Cet,B,,0
NGC0145,G,7.940583,-5.152639,1.76,1.43,116,12.75,,,Cet,V,,0
NGC0146,OCl,8.266417,63.309,3.6,,,9.1,,,Cas,V,,0
NGC0147,G,8.3005,48.50875,9.4,5.41,26,9.72,,,Cas,V,,0
NGC0148,G,8.564583,-31.786,1.98,0.71,90,12.16,,,Scl,V,,0
NGC0149,G,8.459417,30.723417,0.91,0.49,153,14.96,,,And,B,,0
NGC0150,G,8.5645,-27.803583,3.54,1.6,117,11.41,,,Scl,V,,0
NGC0151,G,8.511625,-9.705333,3.74,2.31,76,11.66,,,Cet,V,,0
NGC0152,OCl,8.218583,-73.120389,3,3,,12.26,,,Tuc,V,,0
NGC0153,Dup,8.511625,-9.705333,,,,,,,Cet,,,0
NGC0154,G,8.581125,-12.656306,1.01,0.9,79,15.18,,,Cet,B,,0
NGC0155,G,8.667,-10.7665,1.49,1.29,170,14.15,,,Cet,B,,0
NGC0156,**,8.64925,-8.340056,,,,,,,Cet,,,0
NGC0157,G,8.694833,-8.396444,3.7,1.9,28,13.11,,,Cet,V,,0
NGC0158,**,8.773333,-8.345722,,,,,,,Cet,,,0
NGC0159,G,8.648042,-55.789972,1.4,0.57,96,14.87,,,Phe,B,,0
NGC0160,G,9.016917,23.957889,1.98,0.89,46,12.66,,,And,V,,0
NGC0161,G,8.891417,-2.848694,1.36,0.72,22,14.36,,,Cet,B,,0
NGC0162,*,9.038583,23.962417,,,,,,,And,,,0
NGC0163,G,8.999292,-10.121694,1.43,1.32,75,12.74,,,Cet,V,,0
NGC0164,G,9.137125,2.749778,0.53,0.49,70,15.95,,,Psc,B,,0
NGC0165,G,9.1205,-10.106167,1.63,1.06,72,13.19,,,Cet,V,,0
NGC0166,G,8.95325,-13.610639,0.89,0.33,149,15.18,,,Cet,B,,0
NGC0167,G,8.846208,-23.375,0.97,0.54,171,14.32,,,Cet,B,,0
NGC0168,G,9.161083,-22.5935,1.31,0.29,27,14.88,,,Cet,B,,0
NGC0169,G,9.215,23.990917,1.53,0.66,93,13.1,,,And,V,,0
NGC0169A,G,9.218042,23.984972,0.83,0.44,159,13.68,,,And,V,,0
NGC0170,G,9.190917,1.886472,0.7,0.51,82,15.36,,,Cet,B,,0
NGC0171,G,9.339708,-19.93425,2.06,1.29,102,12.25,,,Cet,V,,0
NGC0172,G,9.306708,-22.587028,2.04,0.4,14,13.52,,,Cet,V,,0
NGC0173,G,9.301958,1.94225,2.09,1.54,94,13.45,,,Cet,B,,0
NGC0174,G,9.245583,-29.477833,1.57,0.69,150,13.8,,,Scl,B,,0
NGC0175,Dup,9.339708,-19.93425,,,,,,,Cet,,,0
NGC0176,OCl,8.991125,-73.166389,1.2,1.2,,13.01,,,Tuc,V,,0
NGC0177,G,9.393083,-22.54925,2.11,0.5,10,14.15,,,Cet,B,,0
NGC0178,G,9.785,-14.172833,2.11,0.58,4,12.57,,,Cet,V,,0
NGC0179,G,9.442833,-17.849472,1.12,0.96,111,13.21,,,Cet,V,,0
NGC0180,G,9.490417,8.635194,2.2,1.48,163,14.19,,,Psc,B,,0
NGC0181,G,9.596708,29.472583,0.86,0.25,152,15.53,,,And,B,,0
NGC0182,G,9.551583,2.728556,1.86,1.3,78,12.57,,,Psc,V,,0
NGC0183,G,9.622458,29.511222,1.02,0.75,129,12.74,,,And,V,,0
NGC0184,G,9.649083,29.447611,0.73,0.27,8,15.46,,,And,B,,0
NGC0185,G,9.741542,48.337389,12.94,10.76,38,9.2,,,Cas,V,,0
NGC0186,G,9.605417,3.166444,1.39,0.83,25,14.72,,,Psc,B,,0
NGC0187,G,9.876708,-14.656306,1.53,0.49,149,14,,,Cet,B,,0
NGC0188,OCl,11.864708,85.269639,17.7,,,8.1,,,Cep,V,,0
NGC0189,OCl,9.89875,61.094472,2.7,,,8.8,,,Cas,V,,0
NGC0190,GPair,9.727917,7.059722,1.1,,,,,,Psc,,,0
NGC0190 NED01,G,9.727833,7.062694,0.93,0.76,175,14.93,,,Psc,B,,0
NGC0190 NED02,G,9.728042,7.056722,0.72,0.71,,15.71,,,Psc,B,,0
NGC0191,G,9.747667,-9.002611,1,0.71,100,13.81,,,Cet,B,,0
NGC0191A,G,9.751,-9.014583,0.87,0.3,147,14.59,,,Cet,B,,0
NGC0192,G,9.805958,0.864333,2.06,0.82,165,12.64,,,Cet,V,,0
NGC0193,G,9.827458,3.331111,2.07,1.45,55,12.3,,,Psc,V,,0
NGC0194,G,9.82675,3.037444,1.73,1.5,42,12.13,,,Psc,V,,0
NGC0195,G,9.899125,-9.194528,1.22,0.74,68,13.45,,,Cet,V,,0
NGC0196,G,9.824333,0.91275,1.27,0.92,10,13.49,,,Cet,V,,0
NGC0197,G,9.828292,0.891917,0.94,0.72,35,13.53,,,Cet,V,,0
NGC0198,G,9.84575,2.797917,1.28,1.17,35,13.1,,,Psc,B,,0
NGC0199,G,9.888208,3.138528,1.14,0.69,160,14.61,,,Psc,B,,0
NGC0200,G,9.895333,2.887444,1.8,1.02,163,12.65,,,Psc,V,,0
NGC0201,G,9.895083,0.859889,1.71,1.32,146,12.99,,,Cet,V,,0
NGC0202,G,9.916042,3.536278,0.96,0.33,153,15.45,,,Psc,B,,0
NGC0203,G,9.914708,3.442889,0.98,0.27,85,14.92,,,Psc,B,,0
NGC0204,G,9.934458,3.299583,1.4,1.09,22,12.96,,,Psc,V,,0
NGC0205,G,10.092,41.685306,16.22,9.59,170,8.15,110,,And,V,,0
NGC0206,*Ass,10.130417,40.739278,,,,,,,And,,,0
NGC0207,G,9.919625,-14.237083,0.91,0.49,84,14.74,,,Cet,B,,0
NGC0208,G,10.07325,2.7565,0.77,0.65,137,15.45,,,Psc,B,,0
NGC0209,G,9.765,-18.608278,1.14,0.99,6,14.09,,,Cet,B,,0
NGC0210,G,10.145917,-13.872806,4.98,3.02,163,11.12,,,Cet,V,,0
NGC0211,Dup,9.914708,3.442889,,,,,,,Psc,,,0
NGC0212,G,10.055542,-56.153028,1.91,1.42,122,15.4,,,Phe,V,,0
NGC0213,G,10.291667,16.469389,1.44,1.11,100,14.72,,,Psc,B,,0
NGC0214,G,10.366792,25.499444,1.87,1.3,42,12.21,,,And,V,,0
NGC0215,G,10.203625,-56.214056,1.15,0.92,118,14.09,,,Phe,B,,0
NGC0216,G,10.363125,-21.045444,1.35,0.63,27,13.21,,,Cet,V,,0
NGC0217,G,10.391208,-10.021417,3.2,0.69,113,12.1,,,Cet,V,,0
NGC0218,G,11.633292,36.325611,1.32,0.71,46,13.53,,,And,B,,0
NGC0219,G,10.547125,0.904556,0.59,0.46,177,15.23,,,Cet,B,,0
NGC0220,OCl,10.124542,-73.403972,1.2,1.2,,14.39,,,Tuc,V,,0
NGC0221,G,10.674292,40.865278,7.74,4.86,170,8.13,32,,And,V,,0
NGC0222,OCl,10.182125,-73.385694,1.2,1.2,,12.64,,,Tuc,V,,0
NGC0223,G,10.566167,0.8455,1.18,0.78,63,14.33,,,Cet,B,,0
NGC0224,G,10.684792,41.269056,177.83,69.66,35,3.44,31,仙女座星系,And,V,Andromeda Galaxy,0
NGC0225,OCl,10.901583,61.766944,4.2,,,7,,,Cas,V,,0
NGC0226,G,10.725167,32.580972,0.79,0.78,130,14.38,,,And,B,,0
NGC0227,G,10.653458,-1.528778,1.91,1.44,156,12.16,,,Cet,V,,0
NGC0228,G,10.727125,23.503056,0.89,0.81,145,14.82,,,And,B,,0
NGC0229,G,10.769333,23.509111,1.08,0.48,98,14.62,,,And,B,,0
NGC0230,G,10.613208,-23.628806,1.3,0.28,44,15.61,,,Cet,B,,0
NGC0231,OCl,10.276792,-73.352417,1.8,1.8,,12.87,,,Tuc,V,,0
NGC0232,G,10.690917,-23.561361,0.98,0.7,17,14.46,,,Cet,B,,0
NGC0233,G,10.902333,30.587,1.25,1.11,120,13.76,,,And,B,,0
NGC0234,G,10.884958,14.342556,1.57,1.22,75,13.43,,,Psc,B,,0
NGC0235,GPair,10.721667,-23.543333,2,,,,,,Cet,,,0
NGC0235A,G,10.720042,-23.541028,1.38,0.62,120,13.55,,,Cet,V,,0
NGC0235B,G,10.723333,-23.545556,1.29,1.29,,13.97,,,Cet,B,,0
NGC0236,G,10.86475,2.958194,1.15,1.03,55,14.44,,,Psc,B,,0
NGC0237,G,10.866,-0.124917,1.3,0.8,174,13.6,,,Cet,V,,0
NGC0238,G,10.857292,-50.182833,2.02,1.6,100,12.51,,,Phe,V,,0
NGC0239,G,11.156292,-3.75925,0.94,0.37,10,14.28,,,Cet,B,,0
NGC0240,G,11.258042,6.113361,1.35,1.28,105,14.72,,,Psc,B,,0
NGC0241,OCl,10.881375,-73.440472,0.95,0.95,,,,,Tuc,,,0
NGC0242,OCl,10.89075,-73.446306,0.75,0.75,,12.1,,,Tuc,B,,0
NGC0243,G,11.503625,29.9595,0.92,0.51,151,14.53,,,And,B,,0
NGC0244,G,11.443458,-15.596889,1.04,1.04,25,13.79,,,Cet,B,,0
NGC0245,G,11.522458,-1.723389,1.2,1.12,135,12.35,,,Cet,V,,0
NGC0246,PN,11.764,-11.871944,4.08,,,10.9,,,Cet,V,,0
NGC0247,G,11.785625,-20.760389,19.68,5.55,167,9.21,,,Cet,V,,0
NGC0247A,G,11.86725,-20.397639,0.52,0.25,75,17.22,,,Cet,B,,0
NGC0247B,G,11.896458,-20.428694,1.05,0.42,24,14.43,,,Cet,B,,0
NGC0247C,GPair,11.907125,-20.452806,0.55,0.2,39,16.39,,,Cet,B,,0
NGC0247D,G,11.904125,-20.486,0.61,0.25,64,15.7,,,Cet,B,,0
NGC0248,Cl+N,11.350167,-73.379806,1.4,1.1,110,,,,Tuc,,,0
NGC0249,HII,11.386917,-73.080083,1.1,0.7,0,13.8,,,Tuc,B,,0
NGC0250,G,11.816708,7.910028,1.28,0.68,156,14.83,,,Psc,B,,0
NGC0251,G,11.975125,19.596833,1.73,1.02,99,12.6,,,Psc,V,,0
NGC0252,G,12.00625,27.623639,1.62,1.16,82,12.49,,,And,V,,0
NGC0253,G,11.888,-25.288222,26.79,4.58,53,11.11,,银币星系,Scl,V,"Sculptor Filament,Silver Coin",0
NGC0254,G,11.865042,-31.42175,2.77,1.8,133,11.67,,,Scl,V,,0
NGC0255,G,11.947125,-11.468694,2.04,1.85,7,11.93,,,Cet,V,,0
NGC0256,OCl,11.472208,-73.506833,0.9,0.9,,12.5,,,Tuc,V,,0
NGC0257,G,12.006292,8.297083,1.83,1.32,99,12.62,,,Psc,V,,0
NGC0258,G,12.053292,27.657194,0.51,0.42,115,15.23,,,And,B,,0
NGC0259,G,12.013708,-2.775333,2.86,1.09,140,13.7,,,Cet,B,,0
NGC0260,G,12.144375,27.692444,0.76,0.68,34,14.27,,,And,B,,0
NGC0261,Neb,11.616292,-73.103639,1.3,1.1,110,13,,,Tuc,B,,0
NGC0262,G,12.196417,31.956972,1.17,0.62,40,14.38,,,And,V,,0
NGC0263,G,12.201958,-13.107389,0.8,0.4,48,15.11,,,Cet,B,,0
NGC0264,G,12.08725,-38.234361,1.26,0.47,111,14.5,,,Scl,B,,0
NGC0265,OCl,11.792333,-73.477167,1.2,1.2,,12.17,,,Tuc,V,,0
NGC0266,G,12.449167,32.277722,2.92,2.83,95,11.82,,,Psc,V,,0
NGC0267,OCl,12.012083,-73.274028,2,1.7,170,,,,Tuc,,,0
NGC0268,G,12.539833,-5.193722,1.42,0.93,93,13.03,,,Cet,V,,0
NGC0269,OCl,12.091792,-73.531528,1.2,1.2,,12.59,,,Tuc,V,,0
NGC0270,G,12.6355,-8.651639,1.77,1.24,29,13.78,,,Cet,B,,0
NGC0271,G,12.674417,-1.91025,2.38,1.28,131,13.2,,,Cet,B,,0
NGC0272,OCl,12.854833,35.82175,,,,,,,And,,,0
NGC0273,G,12.701875,-6.885694,1.96,0.54,105,12.92,,,Cet,V,,0
NGC0274,G,12.75775,-7.056944,1.27,1.08,158,13.38,,,Cet,B,,0
NGC0275,G,12.7675,-7.066667,1.75,1.39,79,12.43,,,Cet,V,,0
NGC0276,G,13.027375,-22.680139,1.1,0.36,88,15.85,,,Cet,B,,0
NGC0277,G,12.821792,-8.596833,1.34,1.11,91,14.36,,,Cet,B,,0
NGC0278,G,13.017958,47.5505,2.36,2.3,30,10.85,,,Cas,V,,0
NGC0279,G,13.037292,-2.218444,1.41,1.06,167,13.96,,,Cet,B,,0
NGC0280,G,13.126083,24.350583,1,0.66,89,14.55,,,And,B,,0
NGC0281,HII,13.247292,56.621889,35,30,,,,吃豆人星云,Cas,,,0
NGC0282,G,13.175625,30.639056,1.25,0.97,50,14.59,,,Psc,B,,0
NGC0283,G,13.305042,-13.163889,1.14,0.62,0,15.36,,,Cet,B,,0
NGC0284,G,13.351125,-13.158861,0.62,0.55,142,15.93,,,Cet,B,,0
NGC0285,G,13.374542,-13.160722,0.76,0.65,36,16.13,,,Cet,B,,0
NGC0286,G,13.376583,-13.112778,0.88,0.42,179,15.33,,,Cet,B,,0
NGC0287,G,13.367875,32.482306,0.83,0.64,16,14.74,,,Psc,B,,0
NGC0288,GCl,13.197708,-26.589889,9.6,,,8.13,,,Scl,V,,0
NGC0289,G,13.1765,-31.205833,3.36,2.51,129,11.18,,,Scl,V,,0
NGC0290,OCl,12.809083,-73.161528,1.1,1.1,,11.71,,,Tuc,V,,0
NGC0291,G,13.374667,-8.767806,0.98,0.53,55,14.64,,,Cet,V,,0
NGC0292,G,13.186583,-72.828611,299.92,179.89,45,2.3,,小麦哲伦云,Tuc,V,Small Magellanic Cloud,0
NGC0293,G,13.5665,-7.235472,1.12,0.63,15,15.05,,,Cet,B,,0
NGC0294,OCl,13.269625,-73.380361,1.7,1.7,,12.24,,,Tuc,V,,0
NGC0295,G,14.8845,31.798056,0.59,0.54,65,14.98,,,Psc,B,,0
NGC0296,G,13.781292,31.542278,2.23,0.88,164,12.29,,,Psc,V,,0
NGC0297,G,13.745583,-7.349667,0.35,0.29,101,16.88,,,Cet,B,,0
NGC0298,G,13.759792,-7.333083,1.47,0.49,92,16.52,,,Cet,B,,0
NGC0299,OCl,13.350292,-72.197111,0.9,0.9,,11.73,,,Tuc,V,,0
NGC0300,G,13.722833,-37.684389,19.41,13.06,114,8.66,,,Scl,V,,0
NGC0301,G,14.076458,-10.673889,0.64,0.59,80,15.62,,,Cet,B,,0
NGC0302,*,14.105458,-10.663222,,,,,,,Cet,,,0
NGC0303,G,13.727958,-16.654611,0.73,0.26,160,15.35,,,Cet,B,,0
NGC0304,G,14.025083,24.126889,1.17,0.76,175,12.67,,,And,V,,0
NGC0305,Other,14.087167,12.065111,,,,,,,Psc,,,0
NGC0306,OCl,13.559083,-72.242333,1.1,1.1,,12.07,,,Tuc,V,,0
NGC0307,G,14.13575,-1.771944,1.61,0.67,79,12.79,,,Cet,V,,0
NGC0308,*,14.142583,-1.783917,,,,,,,Cet,,,0
NGC0309,G,14.17775,-9.913861,2.23,1.95,100,12.17,,,Cet,V,,0
NGC0310,*,14.199917,-1.765778,,,,,,,Cet,,,0
NGC0311,G,14.386375,30.28075,1.36,0.69,118,13,,,Psc,V,,0
NGC0312,G,14.066375,-52.782694,1.84,1.38,65,12.39,,,Phe,V,,0
NGC0313,Other,14.440167,30.366083,,,,,,,Psc,,,0
NGC0314,G,14.218375,-31.962972,1,0.77,170,14.4,,,Scl,B,,0
NGC0315,G,14.453667,30.352444,2.86,2.14,45,11.6,,,Psc,V,,0
NGC0316,*,14.468542,30.354306,,,,16.8,,,Psc,B,,0
NGC0317,GPair,14.415417,43.796389,1.83,,,,,,And,,,0
NGC0317A,G,14.412708,43.800778,1.21,0.96,7,13.56,,,And,V,,0
NGC0317B,G,14.418542,43.79225,0.97,0.45,94,13.94,,,And,V,,0
NGC0318,G,14.521792,30.425528,0.6,0.29,5,15.26,,,Psc,B,,0
NGC0319,G,14.24,-43.838778,1,0.74,33,14.3,,,Phe,B,,0
NGC0320,G,14.693875,-20.840083,0.89,0.49,156,14.62,,,Cet,B,,0
NGC0321,G,14.413458,-5.086194,0.45,0.35,103,15.81,,,Cet,B,,0
NGC0322,G,14.291708,-43.727083,1.15,0.57,154,14.33,,,Phe,B,,0
NGC0323,G,14.173542,-52.975917,1.82,1.52,166,12.53,,,Phe,V,,0
NGC0324,G,14.311583,-40.959111,1.48,0.62,95,12.81,,,Phe,V,,0
NGC0325,G,14.449458,-5.112083,1.19,0.23,90,14.92,,,Cet,B,,0
NGC0326,GPair,14.594583,26.865278,1,,,,,,Psc,,,0
NGC0326 NED01,G,14.594333,26.86625,1,0.89,17,13.26,,,Psc,V,,0
NGC0326 NED02,G,14.595208,26.864556,0.17,0.17,0,,,,Psc,,,0
NGC0327,G,14.480667,-5.130417,1.39,0.63,2,13.42,,,Cet,V,,0
NGC0328,G,14.239875,-52.923917,2.46,0.71,103,14.07,,,Phe,B,,0
NGC0329,G,14.506667,-5.071222,1.59,0.64,10,13.27,,,Cet,V,,0
NGC0330,OCl,14.073542,-72.462944,2.8,2.5,120,9.55,,,Tuc,V,,0
NGC0331,G,11.778583,-2.731139,0.96,0.6,127,15.51,,,Cet,B,,0
NGC0332,G,14.704708,7.111306,1.37,1.31,155,14.82,,,Psc,B,,0
NGC0333,GPair,14.713333,-16.470278,1.5,,,,,,Cet,,,0
NGC0333A,G,14.713792,-16.469194,0.41,0.34,131,16,,,Cet,B,,0
NGC0333B,G,14.712875,-16.471444,1.5,0.8,116,14.9,,,Cet,B,,0
NGC0334,G,14.707542,-35.116028,1.08,0.65,178,14.62,,,Scl,B,,0
NGC0335,G,14.832417,-18.234667,1.28,0.41,135,15.16,,,Cet,B,,0
NGC0336,G,14.511792,-18.384333,0.75,0.3,38,15.48,,,Cet,B,,0
NGC0337,G,14.958708,-7.577972,2.92,1.89,158,11.48,,,Cet,V,,0
NGC0337A,G,15.39125,-7.58825,2.63,1.73,8,12.37,,,Cet,V,,0
NGC0338,G,15.151708,30.668972,1.75,0.66,107,12.7,,,Psc,V,,0
NGC0339,GCl,14.42525,-74.473389,2.9,2.9,,12.21,,,Tuc,V,,0
NGC0340,G,15.145333,-6.866583,0.94,0.39,78,14.52,,,Cet,B,,0
NGC0341,G,15.190958,-9.185694,1.25,1.14,145,13.97,,,Cet,B,,0
NGC0342,G,15.20775,-6.772556,0.91,0.43,100,15.43,,,Cet,B,,0
NGC0343,G,14.599708,-23.225222,0.72,0.27,9,16.56,,,Cet,B,,0
NGC0344,G,14.606,-23.229222,0.28,0.2,42,16.87,,,Cet,B,,0
NGC0345,G,15.342083,-6.884278,0.98,0.58,100,14.86,,,Cet,B,,0
NGC0346,OCl,14.771,-72.177111,8.5,8.5,,,,,Tuc,,,0
NGC0347,G,15.3965,-6.733667,0.6,0.46,105,15.71,,,Cet,B,,0
NGC0348,G,15.216708,-53.2445,0.84,0.72,93,14.59,,,Phe,B,,0
NGC0349,G,15.461458,-6.799806,1.34,1.16,60,14.05,,,Cet,B,,0
NGC0350,G,15.486292,-6.795722,0.79,0.52,85,15.43,,,Cet,B,,0
NGC0351,G,15.491,-1.93675,1.53,0.75,140,14.12,,,Cet,B,,0
NGC0352,G,15.538375,-4.245472,2.29,0.78,170,12.59,,,Cet,V,,0
NGC0353,G,15.602208,-1.958861,1.26,0.46,23,14.63,,,Cet,B,,0
NGC0354,G,15.818292,22.342667,0.9,0.4,33,14.16,,,Psc,B,,0
NGC0355,G,15.779083,-6.324,0.73,0.33,76,16.43,,,Cet,B,,0
NGC0356,G,15.779583,-6.988361,1.75,0.94,65,14.08,,,Cet,B,,0
NGC0357,G,15.841167,-6.339222,2.11,1.69,4,12.02,,,Cet,V,,0
NGC0358,Other,16.295542,62.020444,,,,,,,Cas,,,0
NGC0359,G,16.070667,-0.764917,1.28,0.85,136,14.42,,,Cet,B,,0
NGC0360,G,15.714375,-65.609972,3.99,0.57,146,13.43,,,Tuc,B,,0
NGC0361,OCl,15.542333,-71.60475,2.6,2.6,,11.77,,,Tuc,V,,0
NGC0362,GCl,15.809292,-70.848222,8.7,,,6.58,,,Tuc,V,,0
NGC0363,G,16.565792,-16.54275,0.82,0.6,43,15.64,,,Cet,B,,0
NGC0364,G,16.170125,-0.80275,1.4,0.57,33,14.24,,,Cet,B,,0
NGC0365,G,16.078,-35.121417,1.01,0.6,5,14.25,,,Scl,B,,0
NGC0366,OCl,16.608292,62.228917,5.1,,,,,,Cas,,,0
NGC0367,G,16.453708,-12.128472,0.96,0.35,17,15.45,,,Cet,B,,0
NGC0368,G,16.091833,-43.27675,0.72,0.62,160,14.7,,,Phe,B,,0
NGC0369,G,16.287125,-17.759194,0.95,0.77,48,14.58,,,Cet,B,,0
NGC0370,Other,16.685792,32.428694,,,,,,,Psc,,,0
NGC0371,OCl,15.873042,-72.056833,4.2,3.8,60,,,,Tuc,,,0
NGC0372,Dup,16.685792,32.428694,,,,,,,Psc,,,0
NGC0373,G,16.742542,32.308472,0.52,0.45,146,15.94,,,Psc,B,,0
NGC0374,G,16.774083,32.795111,1.3,0.58,177,14.23,,,Psc,B,,0
NGC0375,G,16.774667,32.348167,0.48,0.38,100,14.29,,,Psc,V,,0
NGC0376,OCl,15.972708,-72.823667,1.8,1.8,,10.9,,,Tuc,V,,0
NGC0377,G,16.645083,-20.332556,0.98,0.27,24,16.31,,,Cet,B,,0
NGC0378,G,16.550875,-30.178139,1.52,1.11,75,13.8,,,Scl,B,,0
NGC0379,G,16.815375,32.520361,1.41,0.68,2,12.76,,,Psc,V,,0
NGC0380,G,16.823292,32.482917,1.45,1.35,80,12.48,,,Psc,V,,0
NGC0381,OCl,17.075042,61.583278,6,,,9.3,,,Cas,V,,0
NGC0382,G,16.849458,32.403861,0.24,0.23,90,14.48,,,Psc,B,,0
NGC0383,G,16.854,32.412556,2.39,2,8,12.14,,,Psc,V,,0
NGC0384,G,16.854583,32.292444,1.1,0.78,135,13.08,,,Psc,V,,0
NGC0385,G,16.863542,32.319528,1.21,0.91,160,12.94,,,Psc,V,,0
NGC0386,G,16.880375,32.362,0.46,0.37,0,14.28,,,Psc,V,,0
NGC0387,G,16.88775,32.391111,0.42,0.36,69,16.49,,,Psc,B,,0
NGC0388,G,16.946458,32.309972,0.58,0.38,168,14.36,,,Psc,V,,0
NGC0389,G,17.124708,39.695444,1.26,0.46,54,14.93,,,And,B,,0
NGC0390,*,16.973958,32.433111,,,,,,,Psc,,,0
NGC0391,G,16.844083,0.925944,0.98,0.74,38,14.33,,,Cet,B,,0
NGC0392,G,17.09775,33.133611,1.36,0.93,52,12.71,,,Psc,V,,0
NGC0393,G,17.153958,39.644306,1.64,1.34,22,12.54,,,And,V,,0
NGC0394,G,17.108542,33.147972,0.64,0.34,130,13.83,,,Psc,V,,0
NGC0395,OCl,16.284667,-71.990722,1.5,1.1,,,,,Tuc,,,0
NGC0396,G,17.035,4.530861,0.62,0.3,70,,,,Psc,,,0
NGC0397,G,17.129583,33.109194,0.65,0.5,71,14.58,,,Psc,V,,0
NGC0398,G,17.223625,32.514528,0.83,0.49,136,15.34,,,Psc,B,,0
NGC0399,G,17.246667,32.634306,1.12,0.76,41,14.44,,,Psc,B,,0
NGC0400,*,17.260375,32.732417,,,,,,,Psc,,,0
NGC0401,*,17.282167,32.759333,,,,,,,Psc,,,0
NGC0402,*,17.305667,32.80625,,,,,,,Psc,,,0
NGC0403,G,17.309,32.752139,2.4,0.79,86,13.18,,,Psc,B,,0
NGC0404,G,17.362583,35.718139,3.4,3.37,90,10.55,,,And,V,,0
NGC0405,Other,17.142125,-46.6685,,,,6.89,,,Phe,V,,0
NGC0406,G,16.854375,-69.879167,2.44,1.1,162,12.46,,,Tuc,V,,0
NGC0407,G,17.652333,33.1265,2,0.29,0,14.3,,,Psc,B,,0
NGC0408,*,17.712875,33.151278,,,,,,,Psc,,,0
NGC0409,G,17.388417,-35.805611,1.36,1.15,164,14.08,,,Scl,B,,0
NGC0410,G,17.745417,33.151889,2.37,1.6,34,11.48,,,Psc,V,,0
NGC0411,OCl,16.981958,-71.768361,2.1,1.9,,12.1,,,Tuc,V,,0
NGC0412,NonEx,17.585333,-20.015806,,,,,,,Cet,,,0
NGC0413,G,18.130833,-2.793417,1.05,0.67,148,15.06,,,Cet,B,,0
NGC0414,GPair,17.824167,33.112778,0.75,,,,,,Psc,,,0
NGC0414 NED01,G,17.822833,33.113889,0.74,0.34,23,14.45,,,Psc,B,,0
NGC0414 NED02,G,17.824792,33.11225,0.45,0.38,90,,,,Psc,,,0
NGC0415,G,17.523708,-35.490778,1.57,0.74,49,14.3,,,Scl,B,,0
NGC0416,GCl,16.99375,-72.355056,1.7,1.7,,11.76,,,Tuc,V,,0
NGC0417,G,17.773167,-18.148333,1.08,0.81,24,15.29,,,Cet,B,,0
NGC0418,G,17.648417,-30.221278,1.98,1.3,23,12.58,,,Scl,V,,0
NGC0419,GCl,17.071542,-72.8835,2.8,2.8,,10.5,,,Tuc,V,,0
NGC0420,G,18.040208,32.123167,1.38,1.05,173,13.36,,,Psc,B,,0
NGC0421,Other,18.06025,32.1235,,,,,,,Psc,,,0
NGC0422,OCl,17.355792,-71.767222,1,1,,13.26,,,Tuc,V,,0
NGC0423,G,17.842542,-29.234528,0.9,0.6,114,14.39,,,Scl,B,,0
NGC0424,G,17.865125,-38.083472,1.66,0.68,61,14.12,,,Scl,V,,0
NGC0425,G,18.260667,38.768361,0.89,0.84,65,13.46,,,And,B,,0
NGC0426,G,18.202542,-0.290194,1.2,0.89,146,12.89,,,Cet,V,,0
NGC0427,G,18.080167,-32.061167,1.1,0.66,16,15.1,,,Scl,V,,0
NGC0428,G,18.232125,0.981556,2.82,2.08,114,11.47,,,Cet,V,,0
NGC0429,G,18.23925,-0.345,1.51,0.31,19,14.45,,,Cet,B,,0
NGC0430,G,18.249708,-0.2525,1.18,0.81,163,12.53,,,Cet,V,,0
NGC0431,G,18.518917,33.704194,1.16,0.67,28,13.96,,,And,B,,0
NGC0432,G,17.94275,-61.527639,1.32,1.07,126,14.12,,,Tuc,B,,0
NGC0433,OCl,18.788583,60.125778,3.6,,,,,,Cas,,,0
NGC0434,G,18.058875,-58.247972,2.24,1.24,9,12.04,,,Tuc,V,,0
NGC0434A,G,18.123417,-58.2095,1.19,0.24,57,15.61,,,Tuc,B,,0
NGC0435,G,18.499375,2.071444,1.1,0.43,17,14.94,,,Cet,B,,0
NGC0436,OCl,18.99075,58.817111,5.7,,,8.8,,,Cas,V,,0
NGC0437,G,18.592875,5.926889,1.73,1.37,138,13.91,,,Psc,B,,0
NGC0438,G,18.392333,-37.901639,1.35,0.77,140,13.61,,,Scl,B,,0
NGC0439,G,18.446917,-31.747139,3.38,2.14,156,12.89,,,Scl,B,,0
NGC0440,G,18.202083,-58.282278,1.06,0.64,37,13.18,,,Tuc,V,,0
NGC0441,G,18.463583,-31.788333,1.51,1.36,100,13.77,,,Scl,B,,0
NGC0442,G,18.661042,-1.020639,1.16,0.69,158,14.35,,,Cet,B,,0
NGC0443,G,18.781625,33.377333,0.82,0.72,17,14.25,,,Psc,B,,0
NGC0444,G,18.956667,31.08025,1.57,0.34,160,14.24,,,Psc,V,,0
NGC0445,G,18.718667,1.917444,0.79,0.53,140,15.45,,,Cet,B,,0
NGC0446,G,19.015042,4.294111,2.06,1.6,110,13.5,,,Psc,V,,0
NGC0447,G,18.906792,33.067722,2.21,2.15,15,13.94,,,Psc,V,,0
NGC0448,G,18.818833,-1.626194,1.6,0.76,115,13.25,,,Cet,B,,0
NGC0449,G,19.030208,33.089556,0.68,0.39,78,14.57,,,Psc,V,,0
NGC0450,G,18.876833,-0.860972,2.94,1.95,72,12.79,,,Cet,B,,0
NGC0451,G,19.051667,33.064111,0.69,0.53,19,14.76,,,Psc,B,,0
NGC0452,G,19.061792,31.033833,1.99,0.5,39,12.59,,,Psc,V,,0
NGC0453,Other,19.072583,33.014167,,,,,,,Psc,,,0
NGC0454,GPair,18.593875,-55.398694,2,,,,,,Phe,,,0
NGC0454 NED01,G,18.590875,-55.401417,1.64,1.64,0,13.58,,,Phe,V,,0
NGC0454 NED02,G,18.603875,-55.397083,1.93,0.81,81,13.58,,,Phe,V,,0
NGC0455,G,18.990167,5.178694,2.58,1.49,158,13.85,,,Psc,B,,0
NGC0456,OCl,18.434917,-73.290528,3.8,2.9,110,,,,Tuc,,,0
NGC0457,OCl,19.886042,58.290694,7.8,,,6.4,,猫头鹰星团,Cas,V,Owl Cluster,0
NGC0458,OCl,18.722792,-71.552694,2.6,2.3,140,11.66,,,Tuc,V,,0
NGC0459,G,19.534125,17.562389,0.58,0.55,20,15.69,,,Psc,B,,0
NGC0460,Cl+N,18.660833,-73.274194,2.6,1.5,20,,,,Tuc,,,0
NGC0461,G,19.336,-33.840889,1.21,1.01,38,14.08,,,Scl,B,,0
NGC0462,G,19.545792,4.226,0.48,0.45,115,15.74,,,Psc,B,,0
NGC0463,G,19.742708,16.32575,1.04,0.39,5,15.14,,,Psc,B,,0
NGC0464,**,19.861167,34.955417,,,,,,,And,,,0
NGC0465,OCl,18.922292,-73.334611,5,4,,,,,Tuc,,,0
NGC0466,G,19.30525,-58.909944,1.61,1.34,108,13.59,,,Tuc,B,,0
NGC0467,G,19.792208,3.300833,1.66,1.49,125,12.1,,,Psc,V,,0
NGC0468,G,19.952083,32.767778,0.85,0.48,175,15.2,,,Psc,B,,0
NGC0469,G,19.887292,14.871944,0.81,0.6,173,15.23,,,Psc,B,,0
NGC0470,G,19.936875,3.409944,2.86,1.62,156,11.79,,,Psc,V,,0
NGC0471,G,19.998292,14.786222,1.06,0.79,79,13.32,,,Psc,V,,0
NGC0472,G,20.119542,32.709028,0.9,0.68,125,14.16,,,Psc,B,,0
NGC0473,G,19.979458,16.544694,1.77,1.02,153,12.5,,,Psc,V,,0
NGC0474,G,20.027875,3.415389,2.65,2.44,45,11.52,,,Psc,V,,0
NGC0475,G,20.008333,14.861056,0.81,0.55,121,15.97,,,Psc,B,,0
NGC0476,G,20.082917,16.020139,0.84,0.55,95,15.17,,,Psc,B,,0
NGC0477,G,20.334875,40.488194,1.55,0.55,135,13.91,,,And,B,,0
NGC0478,G,20.038708,-22.377389,0.84,0.69,118,14.62,,,Cet,B,,0
NGC0479,G,20.315542,3.862278,0.91,0.73,128,15.06,,,Psc,B,,0
NGC0480,G,20.143292,-9.880222,0.58,0.29,65,16.05,,,Cet,B,,0
NGC0481,G,20.302125,-9.211222,1.46,1.08,72,14.65,,,Cet,B,,0
NGC0482,G,20.085083,-40.966111,2.06,0.53,84,14.47,,,Phe,B,,0
NGC0483,G,20.484583,33.520972,0.87,0.79,115,13.96,,,Psc,B,,0
NGC0484,G,19.894708,-58.524306,1.8,1.26,90,12.23,,,Tuc,V,,0
NGC0485,G,20.365,7.018083,1.64,0.61,2,13.25,,,Psc,V,,0
NGC0486,G,20.429333,5.346306,0.36,0.28,70,17.48,,,Psc,B,,0
NGC0487,G,20.479542,-16.370361,1.09,0.7,113,14.41,,,Cet,B,,0
NGC0488,G,20.445208,5.256722,5.05,3.66,13,10.26,,,Psc,V,,0
NGC0489,G,20.474583,9.206556,1.55,0.35,120,13.43,,,Psc,B,,0
NGC0490,G,20.511958,5.367194,0.66,0.55,1,14.48,,,Psc,V,,0
NGC0491,G,20.335125,-34.063278,1.35,0.99,95,12.55,,,Scl,V,,0
NGC0491A,G,20.019458,-33.8995,1.88,0.85,97,13.8,,,Scl,V,,0
NGC0492,G,20.5565,5.417056,0.67,0.56,97,15.46,,,Psc,B,,0
NGC0493,G,20.537458,0.945361,3.01,0.95,60,12.48,,,Cet,V,,0
NGC0494,G,20.730833,33.173889,1.86,0.59,100,12.85,,,Psc,V,,0
NGC0495,G,20.733333,33.471667,1.09,0.77,169,13.68,,,Psc,B,,0
NGC0496,G,20.798333,33.529167,0.89,0.33,36,13.7,,,Psc,V,,0
NGC0497,G,20.599083,-0.875194,2.06,0.86,134,13.02,,,Cet,V,,0
NGC0498,G,20.797,33.489361,0.51,0.41,125,16.49,,,Psc,B,,0
NGC0499,G,20.797917,33.460556,1.68,1.05,77,12.27,,,Psc,V,,0
NGC0500,G,20.664042,5.387278,0.91,0.65,95,15.05,,,Psc,B,,0
NGC0501,G,20.843375,33.432972,0.52,0.49,80,14.45,,,Psc,V,,0
NGC0502,G,20.731417,9.049194,1.64,1.52,55,12.79,,,Psc,V,,0
NGC0503,G,20.868458,33.331722,0.63,0.49,39,15.16,,,Psc,B,,0
NGC0504,G,20.86625,33.204444,1.55,0.39,45,13.95,,,Psc,B,,0
NGC0505,G,20.737917,9.468889,1.07,0.68,55,15.04,,,Psc,B,,0
NGC0506,*,20.897292,33.244667,,,,,,,Psc,,,0
NGC0507,G,20.916292,33.256056,2.45,1.66,71,11.57,,,Psc,V,,0
NGC0508,G,20.919167,33.280278,1.08,0.96,25,14.2,,,Psc,B,,0
NGC0509,G,20.850375,9.433556,1.59,0.68,81,14.61,,,Psc,B,,0
NGC0510,**,20.9815,33.496889,,,,,,,Psc,,,0
NGC0511,G,20.878042,11.291,1.18,0.98,70,15.34,,,Psc,B,,0
NGC0512,G,20.999167,33.907778,1.46,0.34,115,13.87,,,And,B,,0
NGC0513,G,21.111875,33.799444,0.62,0.31,81,13.4,,,And,V,,0
NGC0514,G,21.01625,12.917389,3.5,2.5,106,11.71,,,Psc,V,,0
NGC0515,G,21.160833,33.472778,0.92,0.64,89,14.26,,,Psc,B,,0
NGC0516,G,21.033625,9.551694,1.62,0.46,45,14.25,,,Psc,B,,0
NGC0517,G,21.1825,33.429444,1.46,0.6,20,13.56,,,Psc,B,,0
NGC0518,G,21.0735,9.330944,1.56,0.55,97,14.32,,,Psc,B,,0
NGC0519,G,21.119333,-1.64125,0.53,0.29,135,15.3,,,Cet,B,,0
NGC0520,GPair,21.146125,3.792417,4.2,,,,,,Psc,,,0
NGC0520 NED01,G,21.143667,3.794944,4.09,1.61,130,11.47,,,Psc,V,,0
NGC0520 NED02,G,21.144958,3.789778,1.56,0.59,120,12.4,,,Psc,B,,0
NGC0521,G,21.14075,1.731389,2.77,2.59,145,11.8,,,Cet,V,,0
NGC0522,G,21.191042,9.994639,2.38,0.31,33,12.95,,,Psc,V,,0
NGC0523,G,21.336375,34.024944,2.52,0.71,104,12.71,,,And,V,,0
NGC0524,G,21.198833,9.538833,3.37,3.35,55,10.35,,,Psc,V,,0
NGC0525,G,21.220458,9.703333,1.5,0.63,7,14.54,,,Psc,B,,0
NGC0526,GPair,20.99375,-35.1225,2,,,,,,Scl,,,0
NGC0526A,G,20.976625,-35.065528,1.7,0.79,110,14.6,,,Scl,V,,0
NGC0526B,G,20.987833,-35.069278,0.79,0.45,158,14.5,,,Scl,V,,0
NGC0527,G,20.992167,-35.115056,1.79,0.43,15,14.07,,,Scl,B,,0
NGC0527B,G,20.99725,-35.127361,0.87,0.27,29,15.54,,,Scl,B,,0
NGC0528,G,21.39,33.671667,1.77,1.04,57,13.65,,,And,B,,0
NGC0529,G,21.418333,34.713333,2.22,1.96,162,12.13,,,And,V,,0
NGC0530,G,21.173542,-1.587083,1.78,0.36,133,13.9,,,Cet,B,,0
NGC0531,G,21.57875,34.753889,1.77,0.47,33,14.87,,,And,B,,0
NGC0532,G,21.32225,9.264111,2.18,0.94,30,12.21,,,Psc,V,,0
NGC0533,G,21.380667,1.759111,3.44,2.41,50,11.47,,,Cet,V,,0
NGC0534,G,21.185958,-38.129083,1.19,1.07,110,14.4,,,Scl,B,,0
NGC0535,G,21.379792,-1.408139,0.97,0.34,57,14.85,,,Cet,B,,0
NGC0536,G,21.59075,34.703028,2.92,1.49,67,12.37,,,And,V,,0
NGC0537,Dup,21.336375,34.024944,,,,,,,And,,,0
NGC0538,G,21.358542,-1.550639,1.38,0.54,36,14.62,,,Cet,B,,0
NGC0539,G,21.340542,-18.163861,1.32,1.1,175,13.62,,,Cet,V,,0
NGC0540,G,21.787083,-20.036639,0.82,0.39,5,15.72,,,Cet,B,,0
NGC0541,G,21.434625,-1.379583,2.16,1.5,69,12.19,,,Cet,V,,0
NGC0542,G,21.62875,34.675278,1.02,0.23,143,15.67,,,And,B,,0
NGC0543,G,21.458292,-1.292806,0.81,0.37,90,13.17,,,Cet,V,,0
NGC0544,G,21.300125,-38.094528,1.47,1.03,173,14.46,,,Scl,B,,0
NGC0545,G,21.496333,-1.340222,3.01,1.95,55,13.34,,,Cet,V,,0
NGC0546,G,21.303375,-38.069083,1.35,0.6,38,14.41,,,Scl,B,,0
NGC0547,G,21.502625,-1.345167,3.07,1.93,103,13.34,,,Cet,V,,0
NGC0548,G,21.510458,-1.225611,0.9,0.74,153,13.71,,,Cet,V,,0
NGC0549,G,21.2795,-38.00775,0.59,0.55,100,15.5,,,Scl,B,,0
NGC0550,G,21.677292,2.022361,1.82,0.69,120,13.5,,,Cet,B,,0
NGC0551,G,21.919417,37.182917,1.49,0.59,137,13.42,,,And,B,,0
NGC0552,*,21.542292,33.405861,,,,,,,Psc,,,0
NGC0553,G,21.5525,33.405,0.91,0.3,13,14.93,,,Psc,B,,0
NGC0554,GPair,21.79,-22.725,1.42,,,,,,Cet,,,0
NGC0554A,G,21.790417,-22.724667,1.42,1.04,170,15,,,Cet,B,,0
NGC0554B,G,21.789833,-22.725722,0.2,0.2,0,14.76,,,Cet,B,,0
NGC0555,G,21.799208,-22.762167,0.74,0.69,15,15.31,,,Cet,B,,0
NGC0556,G,21.802542,-22.69775,0.45,0.4,144,15.56,,,Cet,B,,0
NGC0557,G,21.604792,-1.638722,1.45,0.47,136,14.82,,,Cet,B,,0
NGC0558,G,21.817375,-1.970889,0.62,0.26,112,15.24,,,Cet,B,,0
NGC0559,OCl,22.388208,63.301444,9,,,9.5,,,Cas,V,,0
NGC0560,G,21.855917,-1.912972,2.09,0.44,178,12.9,,,Cet,V,,0
NGC0561,G,22.078167,34.308639,1.4,1.28,145,14.02,,,And,B,,0
NGC0562,G,22.121917,48.387083,0.91,0.86,40,14.46,,,And,B,,0
NGC0563,Dup,21.340542,-18.163861,,,,,,,Cet,,,0
NGC0564,G,21.950875,-1.879528,1.72,1.2,141,12.51,,,Cet,V,,0
NGC0565,G,22.042417,-1.306028,1.46,0.41,35,14.42,,,Cet,B,,0
NGC0566,G,22.262333,32.33225,1.21,0.32,179,14.53,,,Psc,B,,0
NGC0567,G,21.76,-10.26525,1.21,0.45,127,14.97,,,Cet,B,,0
NGC0568,G,21.987542,-35.717694,2.04,1.24,137,12.62,,,Scl,V,,0
NGC0569,G,22.279833,11.131472,0.99,0.48,163,14.65,,,Psc,B,,0
NGC0570,G,22.244333,-0.949,1.62,1.09,166,12.79,,,Cet,V,,0
NGC0571,G,22.48325,32.501333,0.71,0.66,150,14.97,,,Psc,B,,0
NGC0572,G,22.15175,-39.307306,0.89,0.84,170,15.14,,,Scl,B,,0
NGC0573,G,22.705625,41.257306,0.39,0.33,120,13.52,,,And,B,,0
NGC0574,G,22.262833,-35.598917,1.15,0.83,24,14.28,,,Scl,B,,0
NGC0575,G,22.694333,21.440417,1.45,1.35,5,13.02,,,Psc,V,,0
NGC0576,G,22.240292,-51.598667,0.99,0.81,110,14.42,,,Phe,B,,0
NGC0577,G,22.669625,-1.994361,1.45,1.28,130,14.12,,,Cet,B,,0
NGC0578,G,22.621208,-22.667361,4.82,2.92,114,11.09,,,Cet,V,,0
NGC0579,G,22.943708,33.615556,1.08,0.85,160,13.33,,,Tri,V,,0
NGC0580,Dup,22.669625,-1.994361,,,,,,,Cet,,,0
NGC0581,OCl,23.340875,60.658,4.5,,,7.4,103,,Cas,V,,0
NGC0582,G,22.991875,33.476528,2.07,0.49,58,13.16,,,Tri,V,,0
NGC0583,G,22.433958,-18.339417,0.72,0.66,30,15.27,,,Cet,B,,0
NGC0584,G,22.836458,-6.868056,3.78,2.51,104,10.35,,,Cet,V,,0
NGC0585,G,22.925583,-0.933306,2.4,0.48,86,14.07,,,Cet,B,,0
NGC0586,G,22.903542,-6.89375,1.61,0.78,179,13.14,,,Cet,V,,0
NGC0587,G,23.138875,35.358583,2.23,0.66,68,13.59,,,Tri,B,,0
NGC0588,HII,23.191417,30.647528,0.6,0.43,,14.44,,,Tri,V,,0
NGC0589,G,23.166417,-12.042694,0.76,0.65,87,14.97,,,Cet,B,,0
NGC0590,G,23.4205,44.928694,2.13,0.77,147,14.09,,,And,B,,0
NGC0591,G,23.380292,35.66825,1.43,1.14,0,13.9,,,And,V,,0
NGC0592,*Ass,23.298708,30.644944,,,,,,,Tri,,,0
NGC0593,G,23.0865,-12.354444,0.88,0.27,12,15.27,,,Cet,B,,0
NGC0594,G,23.237125,-16.536,1.24,0.65,28,15.79,,,Cet,B,,0
NGC0595,HII,23.390958,30.691556,1.73,0.9,,,,,Tri,,,0
NGC0596,G,23.217,-7.031833,2.14,1.58,36,10.95,,,Cet,V,,0
NGC0597,G,23.061875,-33.497083,1.31,1.21,45,13.97,,,Scl,B,,0
NGC0598,G,23.462042,30.660222,62.09,36.73,23,5.79,33,三角座星系,Tri,V,"Triangulum Galaxy,Triangulum Pinwheel",0
NGC0599,G,23.224083,-12.19125,1.53,1.16,128,14.14,,,Cet,B,,0
NGC0600,G,23.272083,-7.311417,2.63,2.56,25,12.46,,,Cet,V,,0
NGC0601,G,23.277417,-12.20875,0.4,0.38,25,16.4,,,Cet,B,,0
NGC0602,OCl,22.359833,-73.5605,3.2,2.9,90,13.02,,,Hyi,V,,0
NGC0603,Other,23.682917,30.231972,,,,,,,Tri,,,0
NGC0604,HII,23.638292,30.784889,1.93,1.2,,,,,Tri,,,0
NGC0605,G,23.759792,41.248139,1.32,0.56,148,14.23,,,And,B,,0
NGC0606,G,23.709,21.418444,1.01,0.77,137,14.45,,,Psc,B,,0
NGC0607,Other,23.568208,-7.412806,,,,,,,Cet,,,0
NGC0608,G,23.867667,33.656722,0.83,0.55,33,14.21,,,Tri,B,,0
NGC0609,OCl,24.098917,64.536583,4.8,,,11,,,Cas,V,,0
NGC0610,Other,23.575,-20.144222,,,,,,,Cet,,,0
NGC0611,Other,23.575042,-20.127556,,,,,,,Cet,,,0
NGC0612,G,23.490583,-36.49325,1.49,1.34,160,13.01,,,Scl,V,,0
NGC0613,G,23.575708,-29.418361,5.48,4.51,125,10.35,,,Scl,V,,0
NGC0614,G,23.96775,33.681889,1.52,1.44,120,13.84,,,Tri,B,,0
NGC0615,G,23.773667,-7.340306,3.18,1.16,164,11.66,,,Cet,V,,0
NGC0616,**,24.0175,33.770222,,,,,,,Tri,,,0
NGC0617,G,23.510583,-9.774139,0.59,0.52,4,14.7,,,Cet,V,,0
NGC0618,Dup,23.96775,33.681889,,,,,,,Tri,,,0
NGC0619,G,23.715792,-36.489389,1.66,1.03,107,14.19,,,Scl,B,,0
NGC0620,G,24.248667,42.323333,0.82,0.77,30,13.86,,,And,B,,0
NGC0621,G,24.204417,35.512194,1.12,1.06,105,14.14,,,Tri,B,,0
NGC0622,G,24.000667,0.663528,1.3,0.83,55,13.28,,,Cet,V,,0
NGC0623,G,23.776625,-36.490222,1.94,1.46,87,12.52,,,Scl,V,,0
NGC0624,G,23.962875,-10.002972,1.3,0.67,91,14.18,,,Cet,B,,0
NGC0625,G,23.769292,-41.436194,6.55,2.05,92,13.66,,,Phe,V,,0
NGC0626,G,23.800333,-39.146056,1.44,1.3,30,13.47,,,Scl,B,,0
NGC0627,Dup,23.96775,33.681889,,,,,,,Tri,,,0
NGC0628,G,24.173958,15.783667,9.89,9.33,87,9.31,74,,Psc,V,,0
NGC0629,Other,24.743917,72.867083,,,,,,,Cas,,,0
NGC0630,G,23.902,-39.357833,1.9,1.4,54,13.62,,,Scl,B,,0
NGC0631,G,24.196083,5.835361,0.93,0.83,135,14.97,,,Psc,B,,0
NGC0632,G,24.323042,5.877639,0.99,0.86,168,13.48,,,Psc,B,,0
NGC0633,G,24.0975,-37.321556,1.1,0.95,178,13.53,,,Scl,B,,0
NGC0634,G,24.57775,35.364833,1.77,0.61,167,13.85,,,Tri,B,,0
NGC0635,G,24.574417,-22.928917,0.6,0.53,129,15.26,,,Cet,B,,0
NGC0636,G,24.777208,-7.512611,2.7,2.3,6,11.41,,,Cet,V,,0
NGC0637,OCl,25.762958,64.036556,4.5,,,8.2,,,Cas,V,,0
NGC0638,G,24.907708,7.237333,0.94,0.62,18,13.79,,,Psc,V,,0
NGC0639,G,24.746042,-29.925333,1.04,0.3,32,14.13,,,Scl,V,,0
NGC0640,G,24.853667,-9.401167,0.76,0.43,147,15.5,,,Cet,V,,0
NGC0641,G,24.663458,-42.527528,1.82,1.68,80,12.17,,,Phe,V,,0
NGC0642,G,24.776375,-29.914889,1.8,1.09,18,13.46,,,Scl,B,,0
NGC0643,OCl,23.755958,-75.556861,2.2,2.2,,,,,Hyi,,,0
NGC0643A,OCl,22.660375,-76.0545,,,,,,,Hyi,,,0
NGC0643B,G,24.803042,-75.011111,1.75,0.47,116,14.62,,,Hyi,B,,0
NGC0643C,G,25.454708,-75.268111,1.4,0.23,153,15.71,,,Hyi,B,,0
NGC0644,G,24.720667,-42.585278,1.3,0.68,154,14.74,,,Phe,B,,0
NGC0645,G,25.03625,5.726694,2.29,0.68,120,13.68,,,Psc,B,,0
NGC0646,GPair,24.35625,-64.896389,1.51,1.02,121,14.37,,,Hyi,B,,0
NGC0646 NED01,G,24.338,-64.894861,1.23,0.97,127,14.16,,,Hyi,B,,0
NGC0646 NED02,G,24.374542,-64.896278,0.6,0.45,64,14.5,,,Hyi,B,,0
NGC0647,G,24.984125,-9.242389,1.27,0.98,19,14.32,,,Cet,B,,0
NGC0648,G,24.665792,-17.831194,1.09,0.63,118,14.69,,,Cet,B,,0
NGC0649,G,25.031042,-9.272111,1.07,0.39,22,15.35,,,Cet,B,,0
NGC0650,PN,25.582042,51.575472,1.12,,,10.1,76,小哑铃星云,Per,V,"Barbell Nebula,Cork Nebula,Little Dumbbell Nebula",0
NGC0651,Dup,25.582042,51.575472,,,,,,,Per,,,0
NGC0652,G,25.180333,7.982917,0.94,0.51,52,14.96,,,Psc,B,,0
NGC0653,G,25.60725,35.638333,1.49,0.23,40,14.06,,,And,B,,0
NGC0654,OCl,25.997625,61.882722,6.3,,,6.5,,,Cas,V,,0
NGC0655,G,25.479708,-13.08175,1.12,0.65,88,14.74,,,Cet,B,,0
NGC0656,G,25.6135,26.143056,1.27,1.08,32,13.46,,,Psc,B,,0
NGC0657,OCl,25.836667,55.836389,3,,,,,,Cas,,,0
NGC0658,G,25.54025,12.601889,1.48,0.89,21,12.41,,,Psc,V,,0
NGC0659,OCl,26.095792,60.669167,4.2,,,7.9,,,Cas,V,,0
NGC0660,G,25.76,13.645056,4.57,1.69,13,11.29,,,Psc,V,,0
NGC0661,G,26.060917,28.705917,1.91,1.4,56,12.2,,,Tri,V,,0
NGC0662,G,26.147708,37.695778,0.81,0.55,13,13.84,,,And,V,,0
NGC0663,OCl,26.566875,61.218194,6,,,7.1,,,Cas,V,,0
NGC0664,G,25.940875,4.222889,1.19,0.93,70,13.84,,,Psc,B,,0
NGC0665,G,26.23375,10.423028,1.62,0.95,119,12.14,,,Psc,V,,0
NGC0666,G,26.525833,34.374528,0.77,0.52,81,13.37,,,Tri,V,,0
NGC0667,G,26.236167,-22.918944,0.71,0.57,83,15.43,,,Cet,B,,0
NGC0668,G,26.594458,36.460306,1.2,0.82,32,13.05,,,And,V,,0
NGC0669,G,26.817292,35.563306,2.34,0.57,36,12.3,,,Tri,V,,0
NGC0670,G,26.853542,27.88575,2.18,0.74,171,12.62,,,Tri,V,,0
NGC0671,G,26.746542,13.125111,1.08,0.43,56,16.71,,,Ari,V,,0
NGC0672,G,26.977167,27.432778,7.01,2.71,69,10.92,,,Tri,V,,0
NGC0673,G,27.0935,11.521306,1.77,1.3,1,12.62,,,Ari,V,,0
NGC0674,G,27.823208,22.357972,3.81,1.26,105,11.97,,,Ari,V,,0
NGC0675,G,27.285875,13.059889,1.04,0.44,101,15.45,,,Ari,B,,0
NGC0676,G,27.238792,5.907528,2.75,0.69,173,12,,,Psc,V,,0
NGC0677,G,27.308583,13.055361,1.81,1.81,35,12.27,,,Ari,V,,0
NGC0678,G,27.353583,21.997306,3.08,0.77,78,12.23,,,Ari,V,,0
NGC0679,G,27.432417,35.785639,1.32,1,85,12.54,,,And,V,,0
NGC0680,G,27.447042,21.970861,1.69,1.56,160,11.9,,,Ari,V,,0
NGC0681,G,27.295125,-10.426417,2.47,1.77,66,11.87,,,Cet,V,,0
NGC0682,G,27.269167,-14.974833,0.74,0.25,115,13.85,,,Cet,B,,0
NGC0683,G,27.444542,11.701306,0.66,0.6,50,14.91,,,Ari,B,,0
NGC0684,G,27.558417,27.645667,2.95,0.82,90,12.34,,,Tri,V,,0
NGC0685,G,26.928375,-52.761806,3.01,2.3,62,11.5,,,Eri,V,,0
NGC0686,G,27.233917,-23.798139,1.34,1.06,5,13.4,,,For,B,,0
NGC0687,G,27.6385,36.370806,1.27,1.16,90,12.53,,,And,V,,0
NGC0688,G,27.684083,35.284528,0.89,0.38,153,12.67,,,Tri,V,,0
NGC0689,G,27.465708,-27.466611,1.07,0.66,70,14.51,,,For,B,,0
NGC0690,G,26.950333,-16.722,1.1,0.7,158,14.27,,,Cet,V,,0
NGC0691,G,27.673833,21.759917,2.68,1.85,92,11.73,,,Ari,V,,0
NGC0692,G,27.174958,-48.6485,1.95,1.41,84,13.07,,,Phe,B,,0
NGC0693,G,27.628542,6.145222,2.11,1.09,106,12.45,,,Psc,V,,0
NGC0694,G,27.743708,21.9975,0.57,0.34,163,13.77,,,Ari,V,,0
NGC0695,G,27.809333,22.582361,0.48,0.42,51,13.76,,,Ari,B,,0
NGC0696,G,27.38025,-34.905167,1.8,0.72,25,14.44,,,For,B,,0
NGC0697,Dup,27.823208,22.357972,,,,,,,Ari,,,0
NGC0698,G,27.432083,-34.831083,0.93,0.79,170,14.8,,,For,B,,0
NGC0699,G,27.682,-12.035667,1.4,0.37,132,14.94,,,Cet,B,,0
NGC0700,G,28.070167,36.036722,0.48,0.4,41,15.51,,,And,B,,0
NGC0701,G,27.766,-9.702611,2.24,1.11,49,12.14,,,Cet,V,,0
NGC0702,GPair,27.828333,-4.051944,1.6,,,,,,Cet,,,0
NGC0702 NED01,G,27.826625,-4.049167,0.38,0.17,95,,,,Cet,,,0
NGC0702 NED02,G,27.829958,-4.055944,1.03,0.72,136,13.19,,,Cet,V,,0
NGC0703,G,28.165,36.171417,0.99,0.69,48,13.33,,,And,V,,0
NGC0704,GPair,28.160833,36.124167,1.5,,,,,,And,,,0
NGC0704A,G,28.166583,36.120944,0.55,0.39,105,,,,And,,,0
NGC0704B,G,28.157083,36.126806,1.1,0.69,139,14,,,And,B,,0
NGC0705,G,28.173,36.144,1.44,0.69,112,14.42,,,And,B,,0
NGC0706,G,27.960542,6.296889,1.29,1.06,153,12.52,,,Psc,V,,0
NGC0707,G,27.862917,-8.505361,1.31,0.73,82,14.6,,,Cet,B,,0
NGC0708,G,28.193667,36.151833,2.56,1.23,38,13.29,,,And,V,,0
NGC0709,G,28.210917,36.223444,0.72,0.36,128,14.26,,,And,V,,0
NGC0710,G,28.22475,36.052889,1.04,0.67,29,13.67,,,And,V,,0
NGC0711,G,28.115667,17.512667,1.1,0.48,17,14.55,,,Ari,B,,0
NGC0712,G,28.285167,36.819861,1.08,0.71,83,14.05,,,And,B,,0
NGC0713,G,28.839708,-9.08375,1.15,0.28,95,15.25,,,Cet,B,,0
NGC0714,G,28.373542,36.221306,1.46,0.35,111,13.05,,,And,V,,0
NGC0715,G,28.302167,-12.872833,0.88,0.36,177,14.94,,,Cet,B,,0
NGC0716,G,28.248667,12.708472,1.31,0.52,59,14.01,,,Ari,B,,0
NGC0717,G,28.479625,36.229417,1.31,0.23,115,13.89,,,And,V,,0
NGC0718,G,28.305417,4.195833,2.75,2.46,36,11.66,,,Psc,V,,0
NGC0719,G,28.411833,19.840417,1.01,0.71,157,14.83,,,Ari,B,,0
NGC0720,G,28.252083,-13.738667,4.49,2.37,142,10.14,,,Cet,V,,0
NGC0721,G,28.689417,39.383528,1.4,0.83,124,13.46,,,And,V,,0
NGC0722,G,28.695625,20.698222,1.13,0.47,137,14.54,,,Ari,B,,0
NGC0723,G,28.440333,-23.75775,1.34,1.04,135,13.39,,,Cet,B,,0
NGC0724,Dup,28.440333,-23.75775,,,,,,,Cet,,,0
NGC0725,G,28.147875,-16.517806,0.89,0.55,77,14.97,,,Cet,B,,0
NGC0726,G,28.882792,-10.799806,1.08,0.44,104,15.08,,,Cet,B,,0
NGC0727,G,28.45575,-35.856167,1.18,0.62,74,14.92,,,For,B,,0
NGC0728,Other,28.756,4.222583,,,,,,,Psc,,,0
NGC0729,Dup,28.45575,-35.856167,,,,,,,For,,,0
NGC0730,*,28.825,5.636389,,,,,,,Psc,,,0
NGC0731,G,28.734208,-9.010806,1.7,1.5,156,12.14,,,Cet,V,,0
NGC0732,G,29.115458,36.802222,0.98,0.57,12,14.85,,,And,B,,0
NGC0733,*,29.141208,33.055306,,,,15.8,,,Tri,B,,0
NGC0734,G,28.36975,-16.995694,0.75,0.4,60,15.39,,,Cet,B,,0
NGC0735,G,29.15825,34.176778,1.6,0.41,136,13.25,,,Tri,V,,0
NGC0736,G,29.170292,33.0435,1.83,1.64,130,12.14,,,Tri,V,,0
NGC0737,Other,29.17,33.048917,,,,,,,Tri,,,0
NGC0738,G,29.190375,33.058333,0.35,0.31,,15.94,,,Tri,B,,0
NGC0739,G,29.227875,33.266694,0.81,0.52,133,14.74,,,Tri,B,,0
NGC0740,G,29.228625,33.015167,1.57,0.34,138,14.81,,,Tri,B,,0
NGC0741,G,29.087625,5.628944,2.83,2.33,93,11.26,,,Psc,V,,0
NGC0742,G,29.100708,5.626694,0.19,0.19,,15.03,,,Psc,B,,0
NGC0743,OCl,29.630375,60.166306,5.4,,,,,,Cas,,,0
NGC0744,OCl,29.624667,55.474611,11.7,,,7.9,,,Per,V,,0
NGC0745,GGroup,28.536083,-56.69075,1.8,,,,,,Eri,,,0
NGC0745 NED01,G,28.532167,-56.693667,1.75,1.11,36,14.5,,,Eri,V,,0
NGC0745 NED02,G,28.531708,-56.687361,0.11,0.11,0,15.21,,,Eri,B,,0
NGC0745 NED03,G,28.547208,-56.685472,1.13,0.41,104,15.11,,,Eri,B,,0
NGC0746,G,29.462542,44.918583,1.82,1.29,86,13.7,,,And,B,,0
NGC0747,G,29.376875,-9.462361,1.15,0.59,177,14.5,,,Cet,B,,0
NGC0748,G,29.090833,-4.467639,2.56,1.02,146,12.64,,,Cet,V,,0
NGC0749,G,28.921333,-29.922333,2.07,1.27,109,13.53,,,For,B,,0
NGC0750,G,29.386375,33.209278,1.48,1.41,170,13.11,,,Tri,B,,0
NGC0751,G,29.387458,33.203083,1.64,1.3,139,13.39,,,Tri,B,,0
NGC0752,OCl,29.395083,37.833389,39,,,5.7,,,And,V,,0
NGC0753,G,29.425833,35.916111,1.38,0.87,131,12.41,,,And,V,,0
NGC0754,G,28.586833,-56.761056,0.61,0.57,80,15.25,,,Eri,B,,0
NGC0755,G,29.0945,-9.061417,2.87,0.9,53,12.59,,,Cet,V,,0
NGC0756,GPair,28.621042,-16.707167,0.67,0.48,25,15,,,Cet,B,,0
NGC0757,Dup,28.734208,-9.010806,,,,,,,Cet,,,0
NGC0758,G,28.925583,-3.066472,0.77,0.61,95,15.42,,,Cet,B,,0
NGC0759,G,29.459708,36.343111,1.12,1.06,10,12.73,,,And,V,,0
NGC0760,**,29.4475,33.355389,,,,14.5,,,Tri,B,,0
NGC0761,G,29.456625,33.377139,1.48,0.51,145,14.42,,,Tri,B,,0
NGC0762,G,29.240792,-5.402861,1.24,1.09,35,14,,,Cet,B,,0
NGC0763,Dup,29.0945,-9.061417,,,,,,,Cet,,,0
NGC0764,**,29.263625,-16.0625,,,,,,,Cet,,,0
NGC0765,G,29.7,24.892472,2.62,2.62,25,12.47,,,Ari,V,,0
NGC0766,G,29.674792,8.346639,1.81,1.11,27,14.3,,,Psc,B,,0
NGC0767,G,29.711667,-9.587139,1.27,0.35,164,15.37,,,Cet,B,,0
NGC0768,G,29.670542,0.529222,1.56,0.59,29,14.2,,,Cet,B,,0
NGC0769,G,29.899583,30.909917,0.85,0.49,70,13.36,,,Tri,B,,0
NGC0770,G,29.806833,18.954667,0.91,0.62,15,13.49,,,Ari,V,,0
NGC0771,*,30.860792,72.420889,,,,3.95,,,Cas,V,,0
NGC0772,G,29.831583,19.007528,4.57,2.52,131,10.3,,,Ari,V,,0
NGC0773,G,29.716667,-11.514639,1.38,0.72,178,13.91,,,Cet,B,,0
NGC0774,G,29.894708,14.008194,1.28,1.06,164,14.28,,,Ari,B,,0
NGC0775,G,29.636125,-26.293722,1.69,1.28,162,13.38,,,For,B,,0
NGC0776,G,29.977042,23.644389,1.35,1.29,135,13.44,,,Ari,B,,0
NGC0777,G,30.062083,31.429583,2.75,2.06,148,11.46,,,Tri,V,,0
NGC0778,G,30.081,31.313028,1.05,0.46,150,14.14,,,Tri,B,,0
NGC0779,G,29.926167,-5.963194,1.35,0.58,160,11.21,,,Cet,V,,0
NGC0780,G,30.146583,28.225139,1.65,0.81,171,14.58,,,Tri,B,,0
NGC0781,G,30.037333,12.656111,1.47,0.41,12,13.91,,,Ari,B,,0
NGC0782,G,29.41825,-57.790167,2.45,2.03,41,12.07,,,Eri,V,,0
NGC0783,G,30.277542,31.882472,1.38,0.75,63,12.72,,,Tri,B,,0
NGC0784,G,30.320542,28.83725,4.17,1.07,1,11.73,,,Tri,V,,0
NGC0785,G,30.416667,31.8265,1.6,0.9,77,13.85,,,Tri,B,,0
NGC0786,G,30.353,15.646528,0.79,0.64,150,14.27,,,Ari,B,,0
NGC0787,G,30.202583,-9.002583,1.87,1.3,91,13.63,,,Cet,B,,0
NGC0788,G,30.276875,-6.815528,1.74,1.42,108,12.33,,,Cet,V,,0
NGC0789,G,30.608375,32.07225,0.69,0.48,4,13.98,,,Tri,B,,0
NGC0790,G,30.34,-5.370972,1.38,1.21,142,13.96,,,Cet,B,,0
NGC0791,G,30.43425,8.499944,1.49,1.49,5,14.72,,,Psc,B,,0
NGC0792,G,30.563875,15.712194,1.27,0.67,130,14.53,,,Ari,B,,0
NGC0793,**,30.72725,31.980722,,,,,,,Tri,,,0
NGC0794,G,30.622208,18.373,1.22,0.96,53,12.73,,,Ari,V,,0
NGC0795,G,29.955667,-55.824167,1.28,0.77,138,14.3,,,Eri,V,,0
NGC0796,OCl,29.182292,-74.22,1.2,1.1,110,,,,Hyi,,,0
NGC0797,GPair,30.859583,38.114444,1.8,,,,,,And,,,0
NGC0797 NED01,G,30.852292,38.112222,0.48,0.33,135,16.5,,,And,B,,0
NGC0797 NED02,G,30.866417,38.116944,1.21,1.06,75,12.64,,,And,V,,0
NGC0798,G,30.831667,32.077528,1.19,0.44,136,14.63,,,Tri,B,,0
NGC0799,G,30.551417,-0.100639,1.71,1.44,35,14.14,,,Cet,B,,0
NGC0800,G,30.549375,-0.130444,1.08,0.79,11,14.4,,,Cet,B,,0
NGC0801,G,30.936792,38.258722,2.76,0.59,151,13.07,,,And,V,,0
NGC0802,G,29.775,-67.870139,0.9,0.59,153,13.68,,,Hyi,V,,0
NGC0803,G,30.93625,16.030972,2.67,0.92,10,12.41,,,Ari,V,,0
NGC0804,G,31.008792,30.832861,1.27,0.33,8,14.63,,,Tri,B,,0
NGC0805,G,31.123208,28.812333,1.05,0.68,110,14.83,,,Tri,B,,0
NGC0806,G,30.879792,-9.933361,1.35,0.38,59,14.61,,,Cet,B,,0
NGC0807,G,31.231917,28.987444,1.71,1.08,142,13.75,,,Tri,B,,0
NGC0808,G,30.985833,-23.311611,1.31,0.62,12,13.52,,,Cet,V,,0
NGC0809,G,31.079042,-8.735306,1.11,0.86,173,14.59,,,Cet,B,,0
NGC0810,GPair,31.370417,13.251389,1.4,,,,,,Ari,,,0
NGC0810 NED01,G,31.368792,13.251222,1.4,0.88,31,15.04,,,Ari,B,,0
NGC0810 NED02,G,31.372042,13.250972,0.98,0.65,3,15.83,,,Ari,B,,0
NGC0811,G,31.145167,-10.108472,0.99,0.46,48,15.6,,,Cet,B,,0
NGC0812,G,31.714583,44.572917,2.74,0.97,161,12.67,,,And,B,,0
NGC0813,G,30.400292,-68.439194,1.42,0.95,98,13.85,,,Hyi,B,,0
NGC0814,G,32.656792,-15.773583,1.32,0.59,7,14.83,,,Cet,B,,0
NGC0815,GPair,32.664167,-15.812778,0.4,,,,,,Cet,,,0
NGC0815 NED01,G,32.663333,-15.812417,0.15,0.13,121,,,,Cet,,,0
NGC0815 NED02,G,32.664625,-15.813389,0.45,0.35,70,16.24,,,Cet,B,,0
NGC0816,G,32.036875,29.255833,0.66,0.52,85,15.24,,,Tri,B,,0
NGC0817,G,31.890458,17.202639,0.89,0.4,29,13.86,,,Ari,B,,0
NGC0818,G,32.1855,38.777194,2.2,0.76,112,12.51,,,And,V,,0
NGC0819,G,32.143208,29.234028,0.6,0.45,5,14.09,,,Tri,B,,0
NGC0820,G,32.104083,14.349556,1.34,0.79,67,13.7,,,Ari,B,,0
NGC0821,G,32.088083,10.994917,2.45,2.1,26,10.77,,,Ari,V,,0
NGC0822,G,31.663083,-41.15675,1.4,0.87,77,13.17,,,Phe,V,,0
NGC0823,G,31.833542,-25.441889,1.54,1.1,107,13.72,,,For,B,,0
NGC0824,G,31.721917,-36.453167,1.49,0.38,28,14.1,,,For,V,,0
NGC0825,G,32.134833,6.323722,2.06,0.66,52,14.39,,,Cet,B,,0
NGC0826,G,32.354375,30.739694,1,0.78,16,15.31,,,Tri,B,,0
NGC0827,G,32.234417,7.971472,2.2,1.14,84,13.89,,,Cet,B,,0
NGC0828,G,32.539875,39.190361,2.85,2.13,115,12.24,,,And,V,,0
NGC0829,G,32.176583,-7.790528,1.18,0.77,104,14.21,,,Cet,B,,0
NGC0830,G,32.2445,-7.766806,1.4,0.82,76,14.35,,,Cet,B,,0
NGC0831,G,32.394167,6.096333,0.44,0.34,110,15.22,,,Cet,B,,0
NGC0832,**,32.753458,35.54125,,,,,,,Tri,,,0
NGC0833,G,32.336833,-10.133083,1.63,0.67,85,12.9,,,Cet,V,,0
NGC0834,G,32.755375,37.666278,1.05,0.5,22,13.05,,,And,V,,0
NGC0835,G,32.3525,-10.135917,0.87,0.73,5,12.41,,,Cet,V,,0
NGC0836,G,32.603667,-22.054861,1.11,0.84,106,14.47,,,Cet,B,,0
NGC0837,G,32.567708,-22.4315,0.99,0.39,13,14.85,,,Cet,B,,0
NGC0838,G,32.410542,-10.146694,1.34,0.97,77,12.91,,,Cet,V,,0
NGC0839,G,32.428875,-10.184083,1.49,0.64,86,13.17,,,Cet,V,,0
NGC0840,G,32.567542,7.845306,1.74,0.78,77,13.42,,,Cet,V,,0
NGC0841,G,32.822333,37.497167,1.74,0.87,134,13.12,,,And,V,,0
NGC0842,G,32.461625,-7.762472,1.74,0.85,157,12.69,,,Cet,V,,0
NGC0843,Other,32.783792,32.097417,,,,,,,Tri,,,0
NGC0844,G,32.559375,6.049806,0.49,0.38,45,14.8,,,Cet,B,,0
NGC0845,G,33.082458,37.477333,1.63,0.33,148,13.49,,,And,V,,0
NGC0846,G,33.051333,44.568389,1.92,1.68,129,13.1,,,And,B,,0
NGC0847,Dup,33.051333,44.568389,,,,,,,And,,,0
NGC0848,G,32.5735,-10.321444,1.36,1.05,147,13.1,,,Cet,V,,0
NGC0849,G,32.546625,-22.323,0.59,0.44,104,15.42,,,Cet,B,,0
NGC0850,G,32.806708,-1.485583,1.22,1,92,14,,,Cet,B,,0
NGC0851,G,32.800375,3.779694,1.14,0.66,135,14.64,,,Cet,B,,0
NGC0852,G,32.231083,-56.737056,1.36,1,90,14.19,,,Eri,B,,0
NGC0853,G,32.921625,-9.306,1.8,1.17,50,15.87,,,Cet,B,,0
NGC0854,G,32.878125,-35.835111,2,0.72,2,13.81,,,For,B,,0
NGC0855,G,33.514542,27.877333,2.94,1.08,67,12.56,,,Tri,V,,0
NGC0856,G,33.409833,-0.717278,1.19,0.94,17,16.54,,,Cet,V,,0
NGC0857,G,33.154042,-31.944611,1.58,1.34,89,13.48,,,For,B,,0
NGC0858,G,33.125708,-22.471528,1.26,1.01,140,13.75,,,Cet,V,,0
NGC0859,Dup,33.409833,-0.717278,,,,,,,Cet,,,0
NGC0860,G,33.750625,30.778806,0.63,0.52,109,15.11,,,Tri,B,,0
NGC0861,G,33.963083,35.913583,1.48,0.42,36,14.72,,,Tri,B,,0
NGC0862,G,33.2625,-42.033528,1.04,0.97,70,12.89,,,Phe,V,,0
NGC0863,G,33.639833,-0.766694,1.27,1.15,35,13.71,,,Cet,V,,0
NGC0864,G,33.865167,6.002611,3.72,2.57,21,11.07,,,Cet,V,,0
NGC0865,G,34.062958,28.599722,1.62,0.27,159,13.91,,,Tri,B,,0
NGC0866,Dup,33.639833,-0.766694,,,,,,,Cet,,,0
NGC0867,G,34.269917,1.244194,1.24,1.11,85,14.01,,,Cet,B,,0
NGC0868,G,33.993667,-0.713639,0.79,0.54,111,15.55,,,Cet,B,,0
NGC0869,OCl,34.744,57.11725,14.4,,,3.7,,英仙座h星团,Per,V,h Persei Cluster,0
NGC0870,G,34.288417,14.523111,0.37,0.34,105,16.38,,,Ari,B,,0
NGC0871,G,34.294708,14.547833,1.01,0.33,4,13.55,,,Ari,V,,0
NGC0872,G,33.855125,-17.781056,1.77,0.55,175,14.54,,,Cet,B,,0
NGC0873,G,34.134833,-11.348556,1.48,1.07,146,12.71,,,Cet,V,,0
NGC0874,G,34.004792,-23.301722,1.01,0.48,175,15.11,,,Cet,B,,0
NGC0875,Dup,34.269917,1.244194,,,,,,,Cet,,,0
NGC0876,G,34.472125,14.521278,1.32,0.38,26,16.5,,,Ari,B,,0
NGC0877,G,34.4985,14.544056,1.92,1.47,138,11.86,,,Ari,V,,0
NGC0878,G,34.476083,-23.384056,0.87,0.53,110,14.71,,,Cet,B,,0
NGC0879,G,34.213333,-8.964028,0.77,0.64,16,15.5,,,Cet,V,,0
NGC0880,G,34.61325,-4.20575,0.58,0.38,26,15.11,,,Cet,V,,0
NGC0881,G,34.688625,-6.639083,2.28,1.26,133,12.44,,,Cet,V,,0
NGC0882,G,34.916292,15.81425,1.13,0.48,83,14.87,,,Ari,B,,0
NGC0883,G,34.771583,-6.790917,1.57,1.4,77,13.5,,,Cet,B,,0
NGC0884,OCl,35.63375,57.144111,10.5,,,3.8,,英仙座χ星团,Per,V,chi Persei Cluster,0
NGC0885,Dup,33.639833,-0.766694,,,,,,,Cet,,,0
NGC0886,OCl,35.799042,63.77875,4.8,,,,,,Cas,,,0
NGC0887,G,34.885875,-16.069722,1.66,1.34,21,13.5,,,Cet,B,,0
NGC0888,G,34.362917,-59.861056,1.16,0.9,85,14.5,,,Hor,V,,0
NGC0889,G,34.778875,-41.749333,1.24,0.89,98,14.62,,,Phe,B,,0
NGC0890,G,35.504208,33.266056,1.1,0.67,45,11.87,,,Tri,V,,0
NGC0891,G,35.639208,42.349139,13.03,3.03,22,10.01,,,And,V,,0
NGC0892,G,35.21675,-23.113639,0.72,0.4,5,15.62,,,Cet,B,,0
NGC0893,G,34.994083,-41.403139,1.34,0.83,123,13.58,,,Phe,B,,0
NGC0894,Other,35.394042,-5.510222,,,,,,,Cet,,,0
NGC0895,G,35.401958,-5.521389,3.32,2.22,109,11.77,,,Cet,V,,0
NGC0896,Neb,36.365917,62.019361,10,10,,,,,Cas,,,0
NGC0897,G,35.276542,-33.720667,2.01,1.43,25,11.85,,,For,V,,0
NGC0898,G,35.834875,41.951417,1.75,0.47,170,13.71,,,And,B,,0
NGC0899,G,35.471417,-20.82325,1.63,1.21,121,13.1,,,Cet,B,,0
NGC0900,G,35.884083,26.511528,0.92,0.62,36,14.98,,,Ari,B,,0
NGC0901,G,35.892042,26.557056,0.78,0.55,36,15.66,,,Ari,B,,0
NGC0902,G,35.590667,-16.679056,0.74,0.55,26,14.82,,,Cet,B,,0
NGC0903,G,36.003667,27.356278,0.74,0.4,168,16.71,,,Ari,B,,0
NGC0904,G,36.023208,27.342389,1.45,0.85,129,14.98,,,Ari,B,,0
NGC0905,G,35.681542,-8.719028,0.61,0.3,114,15.7,,,Cet,B,,0
NGC0906,G,36.31775,42.089889,1.46,1.01,16,12.9,,,And,V,,0
NGC0907,G,35.757958,-20.712056,2.21,0.75,87,12.6,,,Cet,V,,0
NGC0908,G,35.769042,-21.233861,6.14,2.82,77,10.31,,,Cet,V,,0
NGC0909,G,36.344958,42.035667,1.02,1.02,40,14.51,,,And,B,,0
NGC0910,G,36.361583,41.824278,1.79,1.51,17,12.25,,,And,V,,0
NGC0911,G,36.426667,41.956278,1.69,0.84,115,13.95,,,And,B,,0
NGC0912,G,36.428042,41.777444,0.79,0.6,147,14.91,,,And,B,,0
NGC0913,G,36.436,41.799417,0.61,0.33,20,15,,,And,B,,0
NGC0914,G,36.521583,42.144083,1.56,1.04,116,13.81,,,And,B,,0
NGC0915,G,36.439917,27.221,0.76,0.76,160,15.2,,,Ari,B,,0
NGC0916,G,36.4485,27.242528,1.18,0.53,9,15.13,,,Ari,B,,0
NGC0917,G,36.532042,31.912333,1.77,0.99,57,14.4,,,Tri,B,,0
NGC0918,G,36.461833,18.49625,3.09,1.73,157,13.21,,,Ari,V,,0
NGC0919,G,36.569458,27.212111,1.31,0.32,138,15.43,,,Ari,B,,0
NGC0920,G,36.96575,45.947056,1.17,0.85,3,15.54,,,And,B,,0
NGC0921,G,36.63925,-15.847528,1.25,0.53,82,15.41,,,Cet,B,,0
NGC0922,G,36.268417,-24.788167,2.1,1.77,14,12,,,For,V,,0
NGC0923,G,36.894333,41.977611,0.78,0.55,120,14.37,,,And,B,,0
NGC0924,G,36.695125,20.4975,2.03,1.18,52,13.74,,,Ari,B,,0
NGC0925,G,36.820333,33.579167,10.72,5.75,107,10.12,,,Tri,V,,0
NGC0926,G,36.527958,-0.331944,1.75,0.78,39,13.25,,,Cet,V,,0
NGC0927,G,36.655458,12.155333,1.18,1.02,0,14.44,,,Ari,B,,0
NGC0928,G,36.920917,27.221194,0.9,0.54,45,14.63,,,Ari,B,,0
NGC0929,G,36.825917,-12.086917,0.88,0.4,171,15.02,,,Cet,B,,0
NGC0930,Other,36.964333,20.341778,,,,,,,Ari,,,0
NGC0931,G,37.060333,31.311667,2.45,0.69,75,14.5,,,Tri,V,,0
NGC0932,G,36.977875,20.332472,2,1.85,145,13.88,,,Ari,B,,0
NGC0933,G,37.322875,45.911306,1.84,0.96,37,15.3,,,And,B,,0
NGC0934,G,36.887208,-0.244556,1.14,0.8,127,13.43,,,Cet,V,,0
NGC0935,G,37.046458,19.599111,1.58,0.98,155,12.82,,,Ari,V,,0
NGC0936,G,36.906083,-1.156278,4.44,3.18,133,10.23,,,Cet,V,,0
NGC0937,G,37.367,42.249972,0.89,0.35,115,14.96,,,And,B,,0
NGC0938,G,37.139625,20.283694,1.55,1.14,97,13.75,,,Ari,B,,0
NGC0939,G,36.588833,-44.446167,1.66,1.16,100,14.05,,,Eri,B,,0
NGC0940,G,37.364583,31.640917,1.64,1.15,20,13.35,,,Tri,B,,0
NGC0941,G,37.116042,-1.151528,1.87,1.33,171,12.49,,,Cet,V,,0
NGC0942,G,37.292708,-10.836139,1.78,0.87,2,14.48,,,Cet,B,,0
NGC0943,G,37.290333,-10.828056,1.55,0.95,26,14.35,,,Cet,B,,0
NGC0944,G,36.673042,-14.515639,1.01,0.37,18,15,,,Cet,B,,0
NGC0945,G,37.155333,-10.538972,2.06,1.82,170,12.12,,,Cet,V,,0
NGC0946,G,37.660125,42.232611,1.42,0.84,66,14.5,,,And,B,,0
NGC0947,G,37.138,-19.042111,2.14,1.15,59,12.62,,,Cet,V,,0
NGC0948,G,37.189458,-10.513889,1.17,0.96,30,14.06,,,Cet,B,,0
NGC0949,G,37.702708,37.136778,3.1,1.35,144,11.89,,,Tri,V,,0
NGC0950,G,37.299042,-11.024694,1.18,0.63,47,14.48,,,Cet,B,,0
NGC0951,G,37.237,-22.349444,1.08,0.54,22,15.49,,,Cet,B,,0
NGC0952,Dup,37.364583,31.640917,,,,,,,Tri,,,0
NGC0953,G,37.79075,29.58875,1.47,1.19,14,14.46,,,Tri,B,,0
NGC0954,G,37.215125,-41.402667,1.79,0.94,16,12.91,,,Eri,V,,0
NGC0955,G,37.638125,-1.108417,2.72,0.88,20,11.96,,,Cet,V,,0
NGC0956,OCl,38.12875,44.593472,4.5,,,8.9,,,And,V,,0
NGC0957,OCl,38.329292,57.569694,10.2,,,7.6,,,Per,V,,0
NGC0958,G,37.678458,-2.939,2.51,0.72,2,12.18,,,Cet,V,,0
NGC0959,G,38.09975,35.494639,1.87,1.11,67,12.48,,,Tri,V,,0
NGC0960,G,37.922333,-9.300444,1.23,0.32,125,14.78,,,Cet,B,,0
NGC0961,G,40.260375,-6.935917,1.81,1.04,96,13.25,,,Cet,B,,0
NGC0962,G,38.165958,28.069944,1.46,1.03,178,14.15,,,Ari,B,,0
NGC0963,G,37.630333,-4.215417,0.8,0.79,110,14.31,,,Cet,B,,0
NGC0964,G,37.774125,-36.034667,2.18,0.5,33,13.53,,,For,B,,0
NGC0965,G,38.104583,-18.639722,0.94,0.77,173,14.85,,,Cet,B,,0
NGC0966,G,37.9465,-19.881694,1.13,0.95,107,12.99,,,Cet,V,,0
NGC0967,G,38.052958,-17.216861,1.48,1.06,41,13.8,,,Cet,B,,0
NGC0968,G,38.525875,34.479889,1.2,0.45,49,13.74,,,Tri,B,,0
NGC0969,G,38.534167,32.946944,1.69,1.16,8,12.41,,,Tri,V,,0
NGC0970,GPair,38.547083,32.976111,1,,,,,,Tri,,,0
NGC0970 NED01,G,38.54475,32.974861,0.28,0.2,72,,,,Tri,,,0
NGC0970 NED02,G,38.54875,32.977278,0.72,0.26,53,15.66,,,Tri,B,,0
NGC0971,*,38.566875,32.987111,,,,,,,Tri,,,0
NGC0972,G,38.55575,29.311278,3.31,1.61,151,11.33,,,Ari,V,,0
NGC0973,G,38.583792,32.505611,3.28,0.43,49,13.56,,,Tri,B,,0
NGC0974,G,38.6075,32.9545,3.2,2.6,15,14.05,,,Tri,B,,0
NGC0975,G,38.344792,9.601694,0.84,0.63,1,14.16,,,Cet,B,,0
NGC0976,G,38.500083,20.976778,1.54,1.44,160,12.41,,,Ari,V,,0
NGC0977,G,38.264292,-10.759972,1.82,1.17,38,14.16,,,Cet,B,,0
NGC0978,GPair,38.698333,32.843611,1.87,,,,,,Tri,,,0
NGC0978A,G,38.695708,32.846194,1.83,1.53,85,13.26,,,Tri,B,,0
NGC0978B,G,38.700417,32.841389,0.64,0.28,7,15,,,Tri,B,,0
NGC0979,G,37.911625,-44.524306,1.38,1.12,108,13.83,,,Eri,B,,0
NGC0980,G,38.827333,40.9265,1.64,0.81,110,14.21,,,And,B,,0
NGC0981,G,38.249542,-10.973944,1.08,0.51,6,14.54,,,Cet,B,,0
NGC0982,G,38.853625,40.869722,1.6,0.63,132,13.11,,,And,B,,0
NGC0983,G,39.731833,34.622278,1.16,0.69,136,13.94,,,Tri,B,,0
NGC0984,G,38.679583,23.413,1.66,1.1,114,13.57,,,Ari,V,,0
NGC0985,G,38.657375,-8.787611,0.86,0.66,80,14.09,,,Cet,V,,0
NGC0986,G,38.393125,-39.045056,3.77,3.03,52,10.91,,,For,V,,0
NGC0986A,G,38.172708,-39.296222,1.85,0.29,78,13.97,,,For,V,,0
NGC0987,G,39.206708,33.32725,1.52,1.07,36,13.32,,,Tri,B,,0
NGC0988,G,38.865625,-9.356194,4.33,1.73,119,11.21,,,Cet,V,,0
NGC0989,G,38.441875,-16.511167,0.92,0.84,85,15.09,,,Cet,B,,0
NGC0990,G,39.075875,11.642083,1.48,1.12,41,12.46,,,Ari,V,,0
NGC0991,G,38.886167,-7.154444,1.48,1.31,75,12.96,,,Cet,B,,0
NGC0992,G,39.356208,21.100833,0.79,0.59,8,15.13,,,Ari,V,,0
NGC0993,G,39.191917,2.050417,0.86,0.68,105,14.86,,,Cet,B,,0
NGC0994,Dup,39.191917,2.050417,,,,,,,Cet,,,0
NGC0995,G,39.6335,41.52925,1.3,0.76,36,14.83,,,And,B,,0
NGC0996,G,39.666125,41.647528,1.3,1.12,75,14.46,,,And,B,,0
NGC0997,GPair,39.310417,7.307778,1,,,,,,Cet,,,0
NGC0997 NED01,G,39.310083,7.309778,0.33,0.22,62,,,,Cet,,,0
NGC0997 NED02,G,39.310417,7.305639,1.12,1.02,5,14.71,,,Cet,B,,0
NGC0998,G,39.31875,7.335806,0.63,0.52,175,14.6,,,Cet,B,,0
NGC0999,G,39.69775,41.6705,0.78,0.69,61,14.67,,,And,B,,0
NGC1000,G,39.70725,41.459694,0.64,0.39,90,15.45,,,And,B,,0
NGC1001,G,39.802708,41.671722,0.72,0.27,114,14.66,,,Per,B,,0
NGC1002,Dup,39.731833,34.622278,,,,,,,Tri,,,0
NGC1003,G,39.820375,40.872306,3.47,0.83,96,11.51,,,Per,V,,0
NGC1004,G,39.424083,1.975306,1.17,1.05,96,12.69,,,Cet,V,,0
NGC1005,G,39.871667,41.488972,0.66,0.65,45,14.5,,,Per,B,,0
NGC1006,G,39.39525,-11.025,0.86,0.24,1,14.05,,,Cet,B,,0
NGC1007,G,39.46775,2.156028,0.61,0.21,50,16.45,,,Cet,B,,0
NGC1008,G,39.480375,2.079639,0.86,0.54,83,14.87,,,Cet,B,,0
NGC1009,G,39.579458,2.310028,1.39,0.23,124,15.3,,,Cet,B,,0
NGC1010,Dup,39.39525,-11.025,,,,,,,Cet,,,0
NGC1011,G,39.412042,-11.005556,0.68,0.62,160,14.87,,,Cet,B,,0
NGC1012,G,39.812125,30.151389,2.1,1.05,24,12.99,,,Ari,B,,0
NGC1013,G,39.460292,-11.50725,1.08,0.68,66,15.02,,,Cet,B,,0
NGC1014,**,39.503542,-9.573389,,,,,,,Cet,,,0
NGC1015,G,39.548167,-1.318694,1.98,1.68,100,12.47,,,Cet,V,,0
NGC1016,G,39.5815,2.11925,2.26,1.36,42,11.64,,,Cet,V,,0
NGC1017,G,39.457667,-11.010278,0.68,0.55,64,14.89,,,Cet,B,,0
NGC1018,G,39.543167,-9.543917,1.07,0.59,178,15.26,,,Cet,B,,0
NGC1019,G,39.614208,1.907722,1.08,0.75,35,14.95,,,Cet,V,,0
NGC1020,G,39.68475,2.231278,0.92,0.28,20,14.93,,,Cet,B,,0
NGC1021,G,39.700083,2.217417,0.79,0.55,161,15.04,,,Cet,B,,0
NGC1022,G,39.636292,-6.677417,2.6,1.5,74,11.35,,,Cet,V,,0
NGC1023,G,40.100042,39.063278,7.4,3.06,87,9.47,,,Per,V,,0
NGC1023A,G,40.157083,39.0575,1.3,0.65,50,13.8,,,Per,V,,0
NGC1024,G,39.799833,10.846833,2.86,1.06,151,12.3,,,Ari,V,,0
NGC1025,G,39.083042,-54.864167,0.94,0.55,15,13.36,,,Hor,V,,0
NGC1026,G,39.830083,6.544,1.84,1.68,85,14.06,,,Cet,B,,0
NGC1027,OCl,40.646083,61.594361,7.8,,,6.7,,,Cas,V,,0
NGC1028,G,39.904792,10.843667,0.87,0.46,15,14.79,,,Ari,V,,0
NGC1029,G,39.90225,10.793333,1.56,0.46,70,13.11,,,Ari,V,,0
NGC1030,G,39.960833,18.024278,1.5,0.64,8,14.42,,,Ari,B,,0
NGC1031,G,39.1615,-54.859778,2.27,1.08,24,12.52,,,Hor,V,,0
NGC1032,G,39.8485,1.093778,3.58,0.86,67,11.67,,,Cet,V,,0
NGC1033,G,40.067167,-8.776944,1.14,0.91,178,14.69,,,Cet,B,,0
NGC1034,G,39.558417,-15.809083,0.8,0.73,140,14.57,,,Cet,B,,0
NGC1035,G,39.871208,-8.132944,2.08,0.68,153,12.89,,,Cet,B,,0
NGC1036,G,40.120792,19.297111,1.4,1.03,3,13.19,,,Ari,V,,0
NGC1037,Other,39.99325,-1.734056,,,,,,,Cet,,,0
NGC1038,G,40.026333,1.508778,1.39,0.5,61,14.32,,,Cet,B,,0
NGC1039,OCl,40.530833,42.746139,22.5,,,5.2,34,,Per,V,,0
NGC1040,G,40.801833,41.500611,1.67,0.72,40,13.95,,,Per,B,,0
NGC1041,G,40.105083,-5.440444,1.36,1.08,47,14.09,,,Cet,B,,0
NGC1042,G,40.099875,-8.433556,3.87,2.13,1,11.22,,,Cet,V,,0
NGC1043,G,40.194042,1.343139,0.85,0.18,111,15.74,,,Cet,B,,0
NGC1044,GPair,40.2775,8.737222,1.2,,,,,,Cet,,,0
NGC1044 NED01,G,40.275667,8.738028,0.76,0.76,110,13.22,,,Cet,V,,0
NGC1044 NED02,G,40.280208,8.736167,0.58,0.51,,15.16,,,Cet,B,,0
NGC1045,G,40.121333,-11.277556,1.69,1.27,59,13.42,,,Cet,B,,0
NGC1046,G,40.303542,8.719389,0.75,0.7,130,14.7,,,Cet,B,,0
NGC1047,G,40.136833,-8.147667,1.36,0.75,91,14.43,,,Cet,B,,0
NGC1048,G,40.158125,-8.533361,1.18,0.47,105,14.5,,,Cet,V,,0
NGC1048A,G,40.14875,-8.547222,0.81,0.42,178,14.52,,,Cet,V,,0
NGC1049,GCl,39.950583,-34.25825,1.2,1.2,,13.59,,,For,B,Fornax Dwarf Cluster 3,0
NGC1050,G,40.648292,34.7635,1.1,0.81,98,13.5,,,Per,V,,0
NGC1051,Dup,40.260375,-6.935917,,,,,,,Cet,,,0
NGC1052,G,40.27,-8.255778,2.94,2.07,109,11.04,,,Cet,V,,0
NGC1053,Dup,40.801833,41.500611,,,,,,,Per,,,0
NGC1054,G,40.565583,18.217194,0.8,0.44,30,14.54,,,Ari,B,,0
NGC1055,G,40.438458,0.443167,6.92,3.53,104,10.6,,,Cet,V,,0
NGC1056,G,40.70125,28.574194,1.88,1.36,162,12.35,,,Ari,V,,0
NGC1057,G,40.762083,32.491194,1.16,0.72,118,15.72,,,Tri,B,,0
NGC1058,G,40.875,37.341333,2.47,1.36,90,11.25,,,Per,V,,0
NGC1059,**,40.648333,17.99675,,,,,,,Ari,,,0
NGC1060,G,40.812708,32.424972,2.36,1.75,77,11.82,,,Tri,V,,0
NGC1061,G,40.815667,32.466722,0.87,0.59,27,15.13,,,Tri,B,,0
NGC1062,*,40.850083,32.462139,,,,,,,Tri,,,0
NGC1063,G,40.541917,-5.568556,1.45,0.51,97,14.44,,,Cet,B,,0
NGC1064,G,40.598042,-9.362278,1.01,0.75,37,15.02,,,Cet,B,,0
NGC1065,G,40.526125,-15.091556,0.82,0.75,0,14.9,,,Cet,B,,0
NGC1066,G,40.958083,32.475,1.82,1.28,60,14.79,,,Tri,B,,0
NGC1067,G,40.9605,32.511889,0.97,0.92,145,13.69,,,Tri,V,,0
NGC1068,G,40.669625,-0.013278,6.11,5.61,12,9.29,77,,Cet,V,,0
NGC1069,G,40.74925,-8.2895,1.35,0.84,146,14.28,,,Cet,B,,0
NGC1070,G,40.842792,4.968417,2.34,2,178,12.88,,,Cet,B,,0
NGC1071,G,40.782708,-8.773889,1.22,0.41,172,15.35,,,Cet,B,,0
NGC1072,G,40.880458,0.306806,1.21,0.49,13,14.27,,,Cet,B,,0
NGC1073,G,40.918833,1.376111,3.54,2.23,32,11.05,,,Cet,V,,0
NGC1074,G,40.9005,-16.297083,0.91,0.5,165,15.18,,,Cet,B,,0
NGC1075,G,40.889792,-16.201111,0.81,0.53,146,15.45,,,Cet,B,,0
NGC1076,G,40.871875,-14.754306,1.81,1.25,99,13.71,,,Cet,B,,0
NGC1077,GPair,41.507083,40.091667,1.33,,,,,,Per,,,0
NGC1077A,G,41.512083,40.093333,0.53,0.33,27,17.09,,,Per,B,,0
NGC1077B,G,41.5025,40.090278,1.06,0.77,165,14.54,,,Per,B,,0
NGC1078,G,41.0335,-9.452389,0.85,0.62,45,15.2,,,Cet,B,,0
NGC1079,G,40.93475,-29.003361,2.65,1.49,99,11.44,,,For,V,,0
NGC1080,G,41.291417,-4.710778,1.09,0.82,166,13.58,,,Cet,V,,0
NGC1081,G,41.273,-15.587806,1.78,0.59,23,14.36,,,Eri,B,,0
NGC1082,G,41.421875,-8.180528,0.96,0.71,102,14.71,,,Eri,B,,0
NGC1083,G,41.419167,-15.357778,1.55,0.33,17,15.19,,,Eri,B,,0
NGC1084,G,41.499625,-7.578472,3.4,2.25,36,10.6,,,Eri,V,,0
NGC1085,G,41.605417,3.607278,2.04,1.5,13,13.77,,,Cet,B,,0
NGC1086,G,41.984875,41.246472,1.32,0.79,43,13.53,,,Per,B,,0
NGC1087,G,41.604833,-0.498639,2.97,1.8,10,11.02,,,Cet,V,,0
NGC1088,GPair,41.768333,16.201111,1,,,,,,Ari,,,0
NGC1088 NED01,G,41.766708,16.199917,0.88,0.52,95,14.76,,,Ari,B,,0
NGC1088 NED02,G,41.770375,16.202417,0.48,0.22,116,17.17,,,Ari,B,,0
NGC1089,G,41.542083,-15.073194,1.38,0.99,16,14.66,,,Eri,B,,0
NGC1090,G,41.641417,-0.247167,3.31,1.46,101,11.97,,,Cet,V,,0
NGC1091,G,41.343458,-17.533167,0.81,0.67,86,15.17,,,Eri,V,,0
NGC1092,G,41.373208,-17.542278,1,0.89,130,14.48,,,Eri,V,,0
NGC1093,G,42.067292,34.419778,1.16,0.75,99,14.24,,,Tri,B,,0
NGC1094,G,41.865958,-0.285111,1.32,0.84,89,13.56,,,Cet,B,,0
NGC1095,G,41.90775,4.637639,1.26,0.81,46,14.13,,,Cet,B,,0
NGC1096,G,40.955375,-59.913417,1.76,1.61,45,12.78,,,Hor,V,,0
NGC1097,G,41.579375,-30.274889,10.57,6.44,138,9.76,,,For,V,,0
NGC1097A,G,41.54125,-30.228056,1,0.57,100,13.16,,,For,V,,0
NGC1098,G,41.223625,-17.659139,1.58,1.27,103,12.71,,,Eri,V,,0
NGC1099,G,41.325083,-17.708361,2.1,0.63,16,13.21,,,Eri,V,,0
NGC1100,G,41.400292,-17.688944,1.64,0.76,60,13.12,,,Eri,V,,0
NGC1101,G,42.061792,4.578028,1.33,1.05,100,13.05,,,Cet,V,,0
NGC1102,G,41.80375,-22.208833,0.89,0.58,90,15.33,,,Eri,B,,0
NGC1103,G,42.025,-13.959222,2.22,0.63,47,12.87,,,Eri,V,,0
NGC1104,G,42.161208,-0.271528,1.04,0.62,150,14.58,,,Cet,B,,0
NGC1105,G,40.924917,-15.705583,0.97,0.83,66,15.16,,,Cet,B,,0
NGC1106,G,42.668792,41.6715,1.82,1.82,35,13.65,,,Per,B,,0
NGC1107,G,42.331708,8.092639,1.88,1.56,140,12.22,,,Cet,V,,0
NGC1108,G,42.160583,-7.951111,1.04,0.77,85,14.71,,,Eri,B,,0
NGC1109,G,41.931583,13.255333,0.81,0.67,116,15.37,,,Ari,B,,0
NGC1110,G,42.289875,-7.837556,2.37,0.46,11,14.5,,,Eri,B,,0
NGC1111,G,42.163958,13.259528,0.66,0.32,10,15.92,,,Ari,B,,0
NGC1112,G,42.251542,13.22375,0.99,0.71,11,14.85,,,Ari,B,,0
NGC1113,*,42.521042,13.327417,,,,,,,Ari,,,0
NGC1114,G,42.28,-16.993361,2.15,0.81,7,13.27,,,Eri,B,,0
NGC1115,G,42.60575,13.266222,0.91,0.26,7,15.53,,,Ari,B,,0
NGC1116,G,42.648708,13.335056,1.2,0.4,26,15.33,,,Ari,B,,0
NGC1117,G,42.804625,13.185306,0.7,0.52,4,14.86,,,Ari,B,,0
NGC1118,G,42.494458,-12.163722,1.97,0.63,92,14.25,,,Eri,B,,0
NGC1119,G,42.071167,-17.987611,0.48,0.37,172,15.06,,,Eri,B,,0
NGC1120,G,42.267042,-14.470694,1.79,0.97,43,14.9,,,Eri,B,,0
NGC1121,G,42.663292,-1.734056,0.95,0.34,10,13.65,,,Eri,B,,0
NGC1122,G,43.213333,42.205028,1.35,0.64,32,12.93,,,Per,B,,0
NGC1123,Dup,43.213333,42.205028,,,,,,,Per,,,0
NGC1124,G,42.899667,-25.701833,1.1,0.74,2,14.82,,,For,B,,0
NGC1125,G,42.917792,-16.651028,1.51,0.66,54,12.81,,,Eri,V,,0
NGC1126,G,43.077625,-1.296,0.95,0.23,139,15.32,,,Eri,B,,0
NGC1127,G,43.216,13.256417,0.69,0.49,36,16.17,,,Ari,B,,0
NGC1128,GPair,44.423208,6.024667,0.8,,,,,,Cet,,,0
NGC1128 NED01,G,44.423542,6.02275,0.55,0.55,,14.7,,,Cet,B,,0
NGC1128 NED02,G,44.423167,6.026917,0.76,0.76,,12.7,,,Cet,V,,0
NGC1129,G,43.614083,41.579583,2.82,1.07,77,13.6,,,Per,V,,0
NGC1130,G,43.601583,41.605611,0.69,0.41,36,15.56,,,Per,B,,0
NGC1131,G,43.641583,41.559028,0.54,0.46,105,15.4,,,Per,B,,0
NGC1132,G,43.216292,-1.274694,1.91,0.71,142,12.3,,,Eri,V,,0
NGC1133,G,43.175792,-8.804389,0.97,0.71,71,14.87,,,Eri,B,,0
NGC1134,G,43.42225,13.014139,2.21,0.76,147,13.09,,,Ari,B,,0
NGC1135,G,42.69675,-54.929583,0.71,0.42,59,16.17,,,Hor,B,,0
NGC1136,G,42.72375,-54.975917,1.44,1.19,77,12.97,,,Hor,V,,0
NGC1137,G,43.511375,2.962083,1.1,0.61,16,12.84,,,Cet,V,,0
NGC1138,G,44.151833,43.047361,1.73,1.49,95,14.05,,,Per,B,,0
NGC1139,G,43.195042,-14.529333,1.02,0.35,43,15.91,,,Eri,B,,0
NGC1140,G,43.639917,-10.02775,2.04,1,8,12.43,,,Eri,V,,0
NGC1141,Dup,43.790458,-0.177861,,,,,,,Cet,,,0
NGC1142,Dup,43.800833,-0.183556,,,,,,,Cet,,,0
NGC1143,G,43.790458,-0.177861,1.22,0.68,111,14.27,,,Cet,B,,0
NGC1144,G,43.800833,-0.183556,1.08,0.74,118,13.96,,,Cet,V,,0
NGC1145,G,43.639625,-18.635083,3.36,0.76,61,12.47,,,Eri,V,,0
NGC1146,Other,44.405583,46.426944,,,,,,,Per,,,0
NGC1147,Other,43.788708,-9.119639,,,,,,,Eri,,,0
NGC1148,G,44.268208,-7.685639,1.31,0.68,75,14.57,,,Eri,B,,0
NGC1149,G,44.349458,-0.309417,0.71,0.51,122,15.04,,,Cet,B,,0
NGC1150,G,44.255792,-15.048417,1.06,0.7,64,15.03,,,Eri,B,,0
NGC1151,G,44.269292,-15.013028,0.55,0.45,54,15.92,,,Eri,B,,0
NGC1152,G,44.390125,-7.758833,1.3,0.76,5,14.32,,,Eri,B,,0
NGC1153,G,44.542833,3.361917,1.23,0.85,53,13.46,,,Cet,B,,0
NGC1154,G,44.531958,-10.363306,1.02,0.59,90,13.92,,,Eri,B,,0
NGC1155,G,44.554542,-10.350583,1.1,0.87,75,14.15,,,Eri,B,,0
NGC1156,G,44.92625,25.237833,2.96,2.34,28,11.63,,,Ari,V,,0
NGC1157,G,44.527833,-15.118528,0.72,0.32,171,15.5,,,Eri,B,,0
NGC1158,G,44.29775,-14.395528,0.95,0.61,147,15.92,,,Eri,B,,0
NGC1159,G,45.193833,43.162556,0.48,0.4,115,14.21,,,Per,B,,0
NGC1160,G,45.305208,44.955417,2.38,1.1,51,12.82,,,Per,V,,0
NGC1161,G,45.308875,44.897333,2.69,1.84,23,11.89,,,Per,V,,0
NGC1162,G,44.733333,-12.398583,1.59,1.47,50,13.87,,,Eri,B,,0
NGC1163,G,45.092042,-17.152528,2.26,0.36,144,13.8,,,Eri,V,,0
NGC1164,G,45.499375,42.584944,1.18,0.93,132,14.51,,,Per,B,,0
NGC1165,G,44.698708,-32.099194,2.31,0.5,114,13.78,,,For,B,,0
NGC1166,G,45.145833,11.842778,0.98,0.8,75,15.35,,,Ari,B,,0
NGC1167,G,45.426542,35.20575,1.82,1.38,70,12.64,,,Per,V,,0
NGC1168,G,45.195917,11.772306,0.98,0.38,24,15.35,,,Ari,B,,0
NGC1169,G,45.894792,46.386361,3.31,1.95,39,11.41,,,Per,V,,0
NGC1170,Other,45.612042,27.072667,,,,,,,Ari,,,0
NGC1171,G,45.995792,43.398306,1.77,0.81,147,13.5,,,Per,B,,0
NGC1172,G,45.400208,-14.836583,2.28,1.64,30,11.75,,,Eri,V,,0
NGC1173,Other,45.990458,42.383722,,,,,,,Per,,,0
NGC1174,G,46.378583,42.8355,3.58,1.43,121,12.35,,,Per,B,,0
NGC1175,G,46.134792,42.339306,1.76,0.55,154,12.8,,,Per,V,,0
NGC1176,*,46.145333,42.393444,,,,14.6,,,Per,B,,0
NGC1177,G,46.154708,42.362833,0.6,0.6,105,15.68,,,Per,B,,0
NGC1178,*,46.16175,42.313472,,,,15.3,,,Per,B,,0
NGC1179,G,45.660333,-18.897778,3.67,2.51,38,12,,,Eri,V,,0
NGC1180,G,45.462667,-15.029833,0.66,0.4,8,15.76,,,Eri,B,,0
NGC1181,G,45.428167,-15.052333,0.86,0.2,101,16.27,,,Eri,B,,0
NGC1182,G,45.8685,-9.670333,0.82,0.39,116,14.79,,,Eri,B,,0
NGC1183,*,46.192333,42.368944,,,,15,,,Per,B,,0
NGC1184,G,49.187625,80.793333,3.54,0.87,169,12.19,,,Cep,V,,0
NGC1185,G,45.747833,-9.132139,1.36,0.4,30,14.46,,,Eri,B,,0
NGC1186,Dup,46.378583,42.8355,,,,,,,Per,,,0
NGC1187,G,45.656625,-22.867167,4.14,3.02,129,10.92,,,Eri,V,,0
NGC1188,G,45.930708,-15.484583,1.21,0.56,171,14.61,,,Eri,B,,0
NGC1189,G,45.851958,-15.623472,1.42,0.47,179,14.42,,,Eri,B,,0
NGC1190,G,45.858875,-15.661889,0.76,0.29,98,15.16,,,Eri,B,,0
NGC1191,G,45.878708,-15.685306,0.76,0.56,61,15.28,,,Eri,B,,0
NGC1192,G,45.894292,-15.678833,0.8,0.4,105,15.36,,,Eri,B,,0
NGC1193,OCl,46.481958,44.383111,2.4,,,12.6,,,Per,V,,0
NGC1194,G,45.954625,-1.10375,1.55,0.77,139,13.8,,,Cet,V,,0
NGC1195,G,45.886708,-12.039778,0.64,0.53,84,15.11,,,Eri,B,,0
NGC1196,G,45.896667,-12.076306,1.54,1.41,100,14.09,,,Eri,B,,0
NGC1197,Other,46.559208,44.061194,,,,,,,Per,,,0
NGC1198,G,46.555167,41.848944,2.05,1,117,13.95,,,Per,B,,0
NGC1199,G,45.910042,-15.613194,2.83,2.32,48,11.43,,,Eri,V,,0
NGC1200,G,45.977,-11.991806,2.91,1.88,84,13.8,,,Eri,B,,0
NGC1201,G,46.03325,-26.069639,3.41,1.96,8,10.81,,,For,V,,0
NGC1202,G,46.260542,-6.491611,0.65,0.53,113,15.22,,,Eri,B,,0
NGC1203,GPair,46.309167,-14.378889,1.13,,,,,,Eri,,,0
NGC1203A,G,46.30875,-14.381111,0.83,0.42,15,15.01,,,Eri,B,,0
NGC1203B,G,46.309583,-14.377778,0.58,0.58,6,16,,,Eri,B,,0
NGC1204,G,46.166333,-12.341389,1.52,0.54,62,14.21,,,Eri,B,,0
NGC1205,Dup,45.8685,-9.670333,,,,,,,Eri,,,0
NGC1206,G,46.540583,-8.833167,0.75,0.65,42,15.93,,,Eri,B,,0
NGC1207,G,47.064542,38.382167,1.68,1.18,131,13.61,,,Per,B,,0
NGC1208,G,46.549625,-9.541417,2.19,1.24,73,13.35,,,Eri,B,,0
NGC1209,G,46.512583,-15.61125,2.25,0.94,83,11.38,,,Eri,V,,0
NGC1210,G,46.689,-25.716444,1.16,0.68,118,12.71,,,For,V,,0
NGC1211,G,46.718417,-0.794472,1.49,0.95,163,12.35,,,Cet,V,,0
NGC1212,G,47.425958,40.893083,0.89,0.47,21,16,,,Per,B,,0
NGC1213,G,47.322125,38.649444,0.94,0.76,14,15.65,,,Per,B,,0
NGC1214,G,46.733417,-9.544167,1.58,0.42,42,14.97,,,Eri,B,,0
NGC1215,G,46.789417,-9.592667,1.67,1.21,50,14.98,,,Eri,B,,0
NGC1216,G,46.82725,-9.612806,0.9,0.22,67,15.86,,,Eri,B,,0
NGC1217,G,46.525083,-39.036389,1.88,1.3,32,13.3,,,For,V,,0
NGC1218,G,47.10925,4.110917,1.35,1.06,155,13.16,,,Cet,V,,0
NGC1219,G,47.116542,2.108583,1.18,1.04,42,12.99,,,Cet,V,,0
NGC1220,OCl,47.919458,53.348167,2.4,,,11.8,,,Per,V,,0
NGC1221,G,47.064708,-4.259472,1.46,0.53,168,14.6,,,Eri,B,,0
NGC1222,G,47.236417,-2.955139,1.57,0.95,153,12.55,,,Eri,V,,0
NGC1223,G,47.083042,-4.138389,1.34,1.29,175,13.93,,,Eri,B,,0
NGC1224,G,47.806458,41.363694,1.36,1.03,180,15.43,,,Per,B,,0
NGC1225,G,47.19675,-4.101556,1.24,0.6,153,14.85,,,Eri,B,,0
NGC1226,G,47.772292,35.386833,1.23,0.94,103,14.47,,,Per,B,,0
NGC1227,G,47.782208,35.324861,0.66,0.44,77,15.68,,,Per,B,,0
NGC1228,G,47.048917,-22.922861,1.52,0.71,77,14.31,,,Eri,B,,0
NGC1229,G,47.044958,-22.960806,1.02,0.6,75,14.45,,,Eri,V,,0
NGC1230,G,47.068333,-22.984,0.69,0.22,110,15.52,,,Eri,B,,0
NGC1231,G,46.622083,-15.569083,0.98,0.84,90,15,,,Eri,B,,0
NGC1232,G,47.439625,-20.579306,6.79,5.77,101,10.11,,,Eri,V,,0
NGC1232A,G,47.507917,-20.600556,0.85,0.79,2,15.29,,,Eri,B,,0
NGC1233,G,48.137958,39.318917,1.51,0.46,29,13.16,,,Per,V,,0
NGC1234,G,47.412875,-7.846194,1.58,0.82,119,15.24,,,Eri,B,,0
NGC1235,Dup,48.137958,39.318917,,,,,,,Per,,,0
NGC1236,G,47.866625,10.808278,0.66,0.48,30,15.73,,,Ari,B,,0
NGC1237,**,47.537375,-8.692333,,,,,,,Eri,,,0
NGC1238,G,47.719625,-10.748056,1.53,1.2,109,14.33,,,Eri,B,,0
NGC1239,G,47.723833,-2.553139,1.23,0.81,59,14.61,,,Eri,B,,0
NGC1240,**,48.361167,30.507167,,,,,,,Ari,,,0
NGC1241,G,47.811,-8.922139,2.7,1.5,149,12.63,,,Eri,V,,0
NGC1242,G,47.8305,-8.902417,1.06,0.54,134,13.71,,,Eri,V,,0
NGC1243,**,47.856083,-8.945278,,,,,,,Eri,,,0
NGC1244,G,46.629542,-66.775611,1.44,0.36,2,13.92,,,Hor,B,,0
NGC1245,OCl,48.67275,47.238694,11.4,,,8.4,,,Per,V,,0
NGC1246,G,46.758708,-66.938639,1.42,0.76,36,13.89,,,Hor,B,,0
NGC1247,G,48.059667,-10.481111,3.55,0.52,70,12.48,,,Eri,V,,0
NGC1248,G,48.202333,-5.224694,1.21,1.06,96,12.67,,,Eri,V,,0
NGC1249,G,47.505125,-53.33575,3.64,1.44,83,11.77,,,Hor,V,,0
NGC1250,G,48.837917,41.355417,2.33,0.8,158,12.83,,,Per,V,,0
NGC1251,**,48.537958,1.456528,,,,,,,Cet,,,0
NGC1252,OCl,47.684583,-57.758611,7.2,,,,,,Hor,,,0
NGC1253,G,48.537708,-2.822944,4.57,1.86,85,11.78,,,Eri,V,,0
NGC1253A,G,48.597083,-2.800833,1.01,0.66,90,13.8,,,Eri,V,,0
NGC1254,G,48.600208,2.677361,0.98,0.77,12,15.42,,,Cet,B,,0
NGC1255,G,48.3835,-25.725167,4.05,2.24,118,11.17,,,For,V,,0
NGC1256,G,48.492792,-21.986417,1.13,0.41,107,13.55,,,Eri,V,,0
NGC1257,**,49.248125,41.529056,,,,,,,Per,,,0
NGC1258,G,48.522792,-21.774278,1.41,1.04,20,13.95,,,Eri,B,,0
NGC1259,G,49.322,41.3855,0.95,0.68,81,15.21,,,Per,B,,0
NGC1260,G,49.3635,41.405222,1.29,0.5,86,14.3,,,Per,B,,0
NGC1261,GCl,48.063917,-55.216806,5.1,,,8.63,,,Hor,V,,0
NGC1262,G,48.889917,-15.879306,0.95,0.8,153,14.2,,,Eri,V,,0
NGC1263,G,48.914833,-15.098306,0.86,0.76,70,14.99,,,Eri,B,,0
NGC1264,G,49.498208,41.520278,1,0.89,59,15.24,,,Per,B,,0
NGC1265,G,49.56525,41.85775,1.9,1.63,165,11.92,,,Per,V,,0
NGC1266,G,49.003125,-2.427361,1.48,0.99,103,14.39,,,Eri,B,,0
NGC1267,G,49.687167,41.467722,1.12,0.86,57,12.98,,,Per,V,,0
NGC1268,G,49.688167,41.488694,0.96,0.49,118,14.84,,,Per,B,,0
NGC1269,G,49.327458,-41.108056,11.17,9.93,156,8.7,,,Eri,V,,0
NGC1270,G,49.742292,41.47,1.05,0.97,0,13.03,,,Per,V,,0
NGC1271,G,49.797,41.35325,0.81,0.51,123,15.1,,,Per,B,,0
NGC1272,G,49.838708,41.490639,2.55,1.25,76,11.88,,,Per,V,,0
NGC1273,G,49.861417,41.540528,0.89,0.7,135,13.16,,,Per,V,,0
NGC1274,G,49.918958,41.548639,0.78,0.49,44,15.09,,,Per,B,,0
NGC1275,G,49.950667,41.511694,2.16,1.45,110,12.24,,,Per,V,Perseus A,0
NGC1276,**,49.963375,41.641972,,,,,,,Per,,,0
NGC1277,G,49.964542,41.573528,0.97,0.67,96,13.51,,,Per,V,,0
NGC1278,G,49.975625,41.563389,1.43,1.3,90,12.45,,,Per,V,,0
NGC1279,G,49.996125,41.479528,0.58,0.39,15,17.23,,,Per,B,,0
NGC1280,G,49.487792,-0.169083,0.92,0.69,62,13.41,,,Cet,V,,0
NGC1281,G,50.025458,41.630028,0.78,0.42,68,13.35,,,Per,V,,0
NGC1282,G,50.0505,41.367,1.39,1.07,27,12.88,,,Per,V,,0
NGC1283,G,50.064667,41.398667,0.93,0.79,68,13.61,,,Per,V,,0
NGC1284,G,49.439625,-10.289083,1.87,1.22,15,14.36,,,Eri,B,,0
NGC1285,G,49.472625,-7.297806,1.59,0.88,8,13.59,,,Eri,B,,0
NGC1286,G,49.452208,-7.616861,0.98,0.79,154,14.74,,,Eri,B,,0
NGC1287,G,49.639458,-2.730833,0.76,0.68,40,14.72,,,Eri,B,,0
NGC1288,G,49.304958,-32.575889,2.32,1.71,178,12.17,,,For,V,,0
NGC1289,G,49.707542,-1.973333,1.75,1,97,12.57,,,Eri,V,,0
NGC1290,G,49.854875,-13.989611,0.71,0.52,83,15.4,,,Eri,B,,0
NGC1291,Dup,49.327458,-41.108056,,,,,,,Eri,,,0
NGC1292,G,49.562042,-27.610333,2.93,1.2,9,12.13,,,For,V,,0
NGC1293,G,50.401917,41.392833,0.86,0.86,0,13.39,,,Per,V,,0
NGC1294,G,50.4165,41.360556,1.38,1.09,167,13.26,,,Per,V,,0
NGC1295,G,50.01375,-13.99825,0.99,0.53,175,15.01,,,Eri,B,,0
NGC1296,G,49.707125,-13.062444,0.9,0.45,2,14.76,,,Eri,B,,0
NGC1297,G,49.80925,-19.1,2.4,2.01,6,14.7,,,Eri,V,,0
NGC1298,G,50.0545,-2.114111,1.04,0.92,68,13.96,,,Eri,V,,0
NGC1299,G,50.040333,-6.262,1.21,0.67,49,13.6,,,Eri,B,,0
NGC1300,G,49.921167,-19.411361,5.96,3.06,101,10.52,,,Eri,V,,0
NGC1301,G,50.147208,-18.715333,2.38,0.51,141,13.4,,,Eri,V,,0
NGC1302,G,49.96325,-26.060444,4.27,3.9,170,10.63,,,For,V,,0
NGC1303,G,50.169958,-7.394417,1.12,0.8,20,14.73,,,Eri,B,,0
NGC1304,G,50.30325,-4.584083,1.33,0.7,59,14.39,,,Eri,B,,0
NGC1305,G,50.345708,-2.316833,1.33,0.94,117,11.97,,,Eri,V,,0
NGC1306,G,50.262458,-25.512556,1.1,0.64,159,13.76,,,For,B,,0
NGC1307,Dup,50.30325,-4.584083,,,,,,,Eri,,,0
NGC1308,G,50.618917,-2.757139,1.15,0.86,88,14.7,,,Eri,B,,0
NGC1309,G,50.527333,-15.400056,2.39,2.24,175,11.58,,,Eri,V,,0
NGC1310,G,50.264292,-37.101694,2.11,1.58,98,12.1,,,For,V,,0
NGC1311,G,50.029,-52.185528,3.2,0.78,37,12.94,,,Hor,V,,0
NGC1312,**,50.923875,1.184667,,,,,,,Tau,,,0
NGC1313,G,49.566875,-66.49825,11.07,9.14,27,9.49,,,Ret,V,,0
NGC1313A,G,50.02375,-66.701111,1.25,0.33,30,14.73,,,Ret,B,,0
NGC1314,G,50.6715,-4.186556,1.47,1.3,51,14.86,,,Eri,B,,0
NGC1315,G,50.777458,-21.375167,1.62,1.35,161,13.65,,,Eri,B,,0
NGC1316,G,50.673833,-37.208222,13.46,7.71,50,8.48,,,For,V,Fornax A,0
NGC1316A,G,50.907917,-36.903889,1.04,0.58,63,14.67,,,For,B,,0
NGC1316B,G,50.915,-36.908333,0.66,0.33,8,15.1,,,For,B,,0
NGC1316C,G,51.243333,-37.009444,1.47,0.64,84,14.29,,,For,B,,0
NGC1317,G,50.684542,-37.103694,3.1,2.58,69,10.88,,,For,V,Fornax B,0
NGC1318,Dup,50.684542,-37.103694,,,,,,,For,,,0
NGC1319,G,50.98525,-21.527722,1.46,0.71,29,13.94,,,Eri,B,,0
NGC1320,G,51.202917,-3.042278,1.86,0.68,137,13.38,,,Eri,V,,0
NGC1321,G,51.202375,-3.015583,0.97,0.71,88,13.67,,,Eri,B,,0
NGC1322,G,51.227958,-2.919222,1.12,0.8,98,14.35,,,Eri,B,,0
NGC1323,G,51.233667,-2.822083,0.71,0.29,91,16.02,,,Eri,B,,0
NGC1324,G,51.257,-5.745806,2.37,0.69,141,13.4,,,Eri,B,,0
NGC1325,G,51.106542,-21.544028,4.32,1.5,53,11.54,,,Eri,V,,0
NGC1325A,G,51.202083,-21.336111,1.9,1.78,90,12.84,,,Eri,V,,0
NGC1326,G,50.985,-36.464667,4.28,2.93,67,10.45,,,For,V,,0
NGC1326A,G,51.285417,-36.363889,2.1,1.34,62,14.05,,,For,B,,0
NGC1326B,G,51.334583,-36.385,3.87,1.88,130,13.27,,,For,V,,0
NGC1327,G,51.346292,-25.680278,1.14,0.4,175,15.47,,,For,B,,0
NGC1328,G,51.412917,-4.124944,0.98,0.69,108,14.73,,,Eri,B,,0
NGC1329,G,51.510792,-17.5915,1.58,1.27,33,12.65,,,Eri,V,,0
NGC1330,Other,52.268625,41.67525,,,,,,,Per,,,0
NGC1331,G,51.617875,-21.355306,0.92,0.79,11,13.42,,,Eri,V,,0
NGC1332,G,51.571875,-21.335222,5.31,3.84,121,10.36,,,Eri,V,,0
NGC1333,Cl+N,52.23,31.37,19.5,,,10.9,,,Per,B,,0
NGC1334,G,52.507667,41.832028,1.24,0.51,118,14.73,,,Per,B,,0
NGC1335,G,52.581208,41.57275,0.9,0.5,168,15.66,,,Per,B,,0
NGC1336,G,51.634125,-35.713556,1.97,1.41,15,12.31,,,For,V,,0
NGC1337,G,52.024833,-8.388611,4.94,1.31,153,12.86,,,Eri,V,,0
NGC1338,G,52.227292,-12.153361,1.31,1.24,165,14,,,Eri,B,,0
NGC1339,G,52.027417,-32.286111,2.01,1.47,172,11.75,,,For,V,,0
NGC1340,G,52.081958,-31.068167,5.12,3.12,167,10.37,,,For,V,,0
NGC1341,G,51.993417,-37.15,1.42,1.07,121,12.42,,,For,V,,0
NGC1342,OCl,52.917167,37.379389,6.3,,,6.7,,,Per,V,,0
NGC1343,G,54.457083,72.571333,2.38,1.06,79,12.37,,,Cas,V,,0
NGC1344,Dup,52.081958,-31.068167,,,,,,,For,,,0
NGC1345,G,52.382042,-17.778389,1.34,1.1,30,13.75,,,Eri,V,,0
NGC1346,G,52.555292,-5.543306,1.44,0.54,84,16.39,,,Eri,V,,0
NGC1347,GPair,52.422917,-22.285,1.8,,,,,,Eri,,,0
NGC1347 NED01,G,52.424167,-22.279139,0.98,0.93,81,13.77,,,Eri,B,,0
NGC1347 NED02,G,52.421625,-22.291,0.56,0.38,42,16.2,,,Eri,B,,0
NGC1348,OCl,53.535375,51.420528,3.6,,,,,,Per,,,0
NGC1349,G,52.864583,4.380833,0.91,0.91,40,13.09,,,Tau,V,,0
NGC1350,G,52.783833,-33.628639,5.18,2.6,11,10.31,,,For,V,,0
NGC1351,G,52.64575,-34.853944,3.4,2.2,139,11.46,,,For,V,,0
NGC1351A,G,52.202917,-35.178056,2.49,0.65,129,13.81,,,For,B,,0
NGC1352,G,52.887417,-19.278444,1.15,0.75,128,13.35,,,Eri,V,,0
NGC1353,G,53.012583,-20.819167,3.64,1.47,138,11.46,,,Eri,V,,0
NGC1354,G,53.122375,-15.221139,2.62,0.97,148,13.46,,,Eri,B,,0
NGC1355,G,53.347917,-4.998694,1.73,0.31,77,13.19,,,Eri,V,,0
NGC1356,G,52.669958,-50.309611,1.17,1.02,167,13.14,,,Hor,V,,0
NGC1357,G,53.321167,-13.664139,3.37,2.55,76,11.44,,,Eri,V,,0
NGC1358,G,53.415292,-5.089389,2.13,1.17,125,12.78,,,Eri,V,,0
NGC1359,G,53.448792,-19.492056,1.46,1.21,109,12.35,,,Eri,V,,0
NGC1360,PN,53.311042,-25.871722,6.42,,,9.4,,,For,V,,0
NGC1361,G,53.573917,-6.265,1.24,0.84,44,14.68,,,Eri,B,,0
NGC1362,G,53.471167,-20.282639,1.3,1.17,20,13.78,,,Eri,B,,0
NGC1363,G,53.706542,-9.842472,0.9,0.76,90,13.96,,,Eri,B,,0
NGC1364,G,53.74575,-9.838639,0.57,0.51,127,15.38,,,Eri,B,,0
NGC1365,G,53.401542,-36.140389,12.02,6.14,20,10.1,,,For,V,,0
NGC1366,G,53.473667,-31.194111,2.05,0.94,4,11.91,,,For,V,,0
NGC1367,G,53.755583,-24.933222,4.88,3.26,134,10.66,,,For,V,,0
NGC1368,G,53.745417,-15.655917,1.15,0.49,119,15.23,,,Eri,B,,0
NGC1369,G,54.188542,-36.256222,2.22,1.73,9,13.69,,,Eri,B,,0
NGC1370,G,53.810708,-20.373667,1.49,0.85,50,13.54,,,Eri,B,,0
NGC1371,Dup,53.755583,-24.933222,,,,,,,For,,,0
NGC1372,G,54.248917,-15.881472,0.7,0.65,50,15.35,,,Eri,B,,0
NGC1373,G,53.746708,-35.171111,1.2,1.14,110,13.26,,,For,V,,0
NGC1374,G,53.819125,-35.22625,2.86,2.65,120,11.14,,,For,V,,0
NGC1375,G,53.820083,-35.265667,2.28,1,90,12.39,,,For,V,,0
NGC1376,G,54.274667,-5.04275,1.86,1.79,30,12.85,,,Eri,B,,0
NGC1377,G,54.162833,-20.90225,2.07,0.95,92,13.49,,,Eri,B,,0
NGC1378,**,53.9925,-35.211167,,,,,,,For,,,0
NGC1379,G,54.016458,-35.441194,2.66,2.55,65,11.02,,,For,V,,0
NGC1380,G,54.114958,-34.976222,4.58,2.22,6,9.94,,,For,V,,0
NGC1380A,G,54.197917,-34.739722,2.76,0.78,176,12.39,,,For,V,,0
NGC1380B,Dup,54.287333,-35.195028,,,,,,,For,,,0
NGC1381,G,54.132,-35.295194,2.54,0.96,139,11.47,,,For,V,,0
NGC1382,G,54.287333,-35.195028,1.99,1.36,23,12.86,,,For,V,,0
NGC1383,G,54.4135,-18.339472,2,0.82,85,12.5,,,Eri,V,,0
NGC1384,G,54.806625,15.819556,0.76,0.46,151,15.55,,,Tau,B,,0
NGC1385,G,54.370208,-24.500306,3.4,2.13,3,11.03,,,For,V,,0
NGC1386,G,54.192417,-35.999417,3.59,1.35,25,11.86,,,Eri,V,,0
NGC1387,G,54.23775,-35.506639,3.01,2.89,110,10.75,,,For,V,,0
NGC1388,G,54.550042,-15.899417,0.85,0.8,150,14.84,,,Eri,B,,0
NGC1389,G,54.299083,-35.745583,2.58,1.43,28,11.51,,,Eri,V,,0
NGC1390,G,54.467375,-19.008361,1.45,0.51,21,14.07,,,Eri,V,,0
NGC1391,G,54.720667,-18.354111,1.21,0.61,65,13.35,,,Eri,V,,0
NGC1392,G,54.445875,-36.147417,0.3,0.21,35,16.95,,,Eri,B,,0
NGC1393,G,54.66075,-18.427972,1.88,1.22,161,12.06,,,Eri,V,,0
NGC1394,G,54.778833,-18.292278,1.51,0.59,5,12.82,,,Eri,V,,0
NGC1395,G,54.623958,-23.027528,4.71,3.97,105,9.65,,,Eri,V,,0
NGC1396,G,54.52725,-35.440111,0.92,0.54,90,14.88,,,For,V,,0
NGC1397,G,54.946458,-4.670111,0.96,0.68,172,14.7,,,Eri,B,,0
NGC1398,G,54.717208,-26.337833,6.95,4.91,100,9.55,,,For,V,,0
NGC1399,G,54.620958,-35.450667,8.51,7.69,150,9.4,,,For,V,,0
NGC1400,G,54.8785,-18.688083,2.81,2.52,43,11.06,,,Eri,V,,0
NGC1401,G,54.841042,-22.724694,2.45,0.9,132,12.29,,,Eri,V,,0
NGC1402,G,54.877375,-18.526944,0.87,0.83,90,13.54,,,Eri,V,,0
NGC1403,G,54.795167,-22.38875,1.52,1.34,165,12.74,,,Eri,V,,0
NGC1404,G,54.716333,-35.594389,5.01,4.38,163,9.93,,,Eri,V,,0
NGC1405,G,55.078875,-15.530194,1.6,0.45,152,15.03,,,Eri,B,,0
NGC1406,G,54.847083,-31.321417,4.5,0.9,17,11.82,,,For,V,,0
NGC1407,G,55.049417,-18.580111,5.73,5.27,60,9.65,,,Eri,V,,0
NGC1408,**,54.822,-35.500833,,,,,,,For,,,0
NGC1409,G,55.293458,-1.302556,0.82,0.64,130,14.76,,,Tau,B,,0
NGC1410,G,55.294792,-1.298778,1.17,0.62,99,15.22,,,Tau,V,,0
NGC1411,G,54.686958,-44.100611,2.45,1.76,12,11.19,,,Hor,V,,0
NGC1412,G,55.122375,-26.86225,1.06,0.45,133,13.13,,,For,V,,0
NGC1413,G,55.048125,-15.610778,0.9,0.77,52,15.23,,,Eri,B,,0
NGC1414,G,55.237667,-21.713139,1.71,0.36,170,14.67,,,Eri,B,,0
NGC1415,G,55.236917,-22.564472,3.74,1.51,141,11.53,,,Eri,V,,0
NGC1416,G,55.262042,-22.719111,1.5,1.01,172,14.18,,,Eri,B,,0
NGC1417,G,55.48925,-4.704861,2.52,1.35,2,12.08,,,Eri,V,,0
NGC1418,G,55.567333,-4.73075,1.14,0.65,7,13.73,,,Eri,V,,0
NGC1419,G,55.175458,-37.510833,1.48,1.32,45,12.61,,,Eri,V,,0
NGC1420,Other,55.666,-5.852556,,,,,,,Eri,,,0
NGC1421,G,55.622,-13.488028,3.55,0.75,180,11.52,,,Eri,V,,0
NGC1422,G,55.379458,-21.681528,2.51,0.61,63,14.05,,,Eri,B,,0
NGC1423,G,55.667083,-6.381833,1,0.66,16,14.79,,,Eri,B,,0
NGC1424,G,55.8085,-4.730083,1.39,0.49,7,13.8,,,Eri,V,,0
NGC1425,G,55.547792,-29.893333,4.91,2.15,130,10.7,,,For,V,,0
NGC1426,G,55.704625,-22.108361,2.86,1.92,112,11.47,,,Eri,V,,0
NGC1427,G,55.580917,-35.392556,4.33,2.87,78,10.88,,,For,V,,0
NGC1427A,G,55.03875,-35.624444,2.26,1.42,84,13.4,,,Eri,B,,0
NGC1428,G,55.594708,-35.154,1.48,0.73,123,13.84,,,For,B,,0
NGC1429,Other,56.017167,-4.718111,,,,,,,Eri,,,0
NGC1430,*,55.855083,-18.225083,,,,,,,Eri,,,0
NGC1431,G,56.17,2.834944,0.91,0.67,160,15.58,,,Tau,B,,0
NGC1432,HII,56.456625,24.367861,60,40,,,,,Tau,,Maia Nebula,0
NGC1433,G,55.506458,-47.222083,6.19,2.96,95,9.95,,,Hor,V,,0
NGC1434,G,56.553625,-9.682611,0.79,0.48,163,15.36,,,Eri,B,,0
NGC1435,Neb,56.542042,23.764972,30,30,,,,,Tau,,Merope Nebula,0
NGC1436,G,55.9045,-35.853028,2.97,2.08,152,11.69,,,Eri,V,,0
NGC1437,Dup,55.9045,-35.853028,,,,,,,Eri,,,0
NGC1437B,G,56.478333,-36.356944,2.87,0.86,2,13.88,,,Eri,B,,0
NGC1438,G,56.321792,-23.002472,2.04,0.93,67,12.44,,,Eri,V,,0
NGC1439,G,56.208125,-21.920556,2.96,2.83,10,11.39,,,Eri,V,,0
NGC1440,G,56.262125,-18.266028,2.62,1.99,23,11.63,,,Eri,V,,0
NGC1441,G,56.429667,-4.091583,1.85,0.65,89,12.93,,,Eri,V,,0
NGC1442,Dup,56.262125,-18.266028,,,,,,,Eri,,,0
NGC1443,*,56.471,-4.052722,,,,,,,Eri,,,0
NGC1444,OCl,57.370333,52.655333,3.6,,,6.6,,,Per,V,,0
NGC1445,G,56.23425,-9.855861,0.77,0.62,106,15.02,,,Eri,B,,0
NGC1446,*,56.489417,-4.112167,,,,13.5,,,Eri,V,,0
NGC1447,G,56.446458,-9.018694,0.86,0.58,115,16.02,,,Eri,B,,0
NGC1448,G,56.133,-44.644833,8.02,1.53,41,10.94,,,Hor,V,,0
NGC1449,G,56.512792,-4.138111,0.9,0.52,5,13.47,,,Eri,V,,0
NGC1450,G,56.402667,-9.234861,0.91,0.73,28,15.22,,,Eri,B,,0
NGC1451,G,56.529833,-4.069194,0.81,0.65,45,13.34,,,Eri,V,,0
NGC1452,G,56.342958,-18.633639,2.39,1.76,30,11.84,,,Eri,V,,0
NGC1453,G,56.613542,-3.968778,2.46,1.87,19,11.41,,,Eri,V,,0
NGC1454,*,56.49725,-20.652306,,,,,,,Eri,,,0
NGC1455,Dup,56.342958,-18.633639,,,,,,,Eri,,,0
NGC1456,**,57.034375,22.558611,,,,10.96,,,Tau,V,,0
NGC1457,Dup,56.133,-44.644833,,,,,,,Hor,,,0
NGC1458,Other,56.742958,-18.241139,,,,,,,Eri,,,0
NGC1459,G,56.741417,-25.52175,1.82,1.19,161,13.68,,,For,B,,0
NGC1460,G,56.55725,-36.696333,1.92,1.62,85,13.53,,,Eri,B,,0
NGC1461,G,57.113083,-16.392889,2.9,0.85,157,11.81,,,Eri,V,,0
NGC1462,G,57.597625,6.973056,0.86,0.49,40,15.23,,,Tau,B,,0
NGC1463,G,56.56425,-59.810139,1.26,1.09,25,13.47,,,Ret,V,,0
NGC1464,G,57.852167,-15.40225,0.81,0.59,44,14.73,,,Eri,B,,0
NGC1465,G,58.382958,32.492806,2.01,0.44,165,14.79,,,Per,B,,0
NGC1466,GCl,56.138958,-71.671583,3.5,3.5,,11.59,,,Hyi,V,,0
NGC1467,G,57.97,-8.838194,1.23,0.67,63,15.24,,,Eri,B,,0
NGC1468,G,58.052417,-6.348944,1.22,0.85,140,14.99,,,Eri,B,,0
NGC1469,G,60.115708,68.577722,2.17,1.22,150,14.45,,,Cam,B,,0
NGC1470,G,58.041,-8.999361,1.61,0.39,166,14.62,,,Eri,B,,0
NGC1471,Dup,57.852167,-15.40225,,,,,,,Eri,,,0
NGC1472,G,58.447292,-8.568472,0.68,0.62,110,16.03,,,Eri,B,,0
NGC1473,G,56.859583,-68.220583,1.53,0.82,45,12.91,,,Hyi,V,,0
NGC1474,G,58.626458,10.707,1.04,0.7,5,13.76,,,Tau,V,,0
NGC1475,G,58.457625,-8.1375,0.65,0.59,105,16.41,,,Eri,B,,0
NGC1476,G,58.036625,-44.532472,1.5,0.54,85,13.82,,,Hor,V,,0
NGC1477,G,58.512,-8.574972,0.77,0.68,52,16.16,,,Eri,B,,0
NGC1478,G,58.530583,-8.555417,0.64,0.44,43,16.23,,,Eri,B,,0
NGC1479,Other,58.585167,-10.208611,,,,,,,Eri,,,0
NGC1480,Other,58.634917,-10.258833,,,,,,,Eri,,,0
NGC1481,G,58.620667,-20.427167,1.04,0.78,132,14.56,,,Eri,B,,0
NGC1482,G,58.662333,-20.502667,2.46,1.43,107,12.14,,,Eri,V,,0
NGC1483,G,58.1985,-47.477528,1.87,1.51,153,12.76,,,Hor,V,,0
NGC1484,G,58.583875,-36.968889,2.73,0.68,79,13.71,,,Eri,B,,0
NGC1485,G,61.266417,70.996528,2.23,0.69,21,12.37,,,Cam,V,,0
NGC1486,G,59.077917,-21.821139,0.91,0.62,6,15.17,,,Eri,B,,0
NGC1487,GPair,58.942083,-42.368056,4.4,,,,,,Eri,,,0
NGC1487 NED01,G,58.939042,-42.367694,2.34,2.04,96,11.9,,,Eri,B,,0
NGC1487 NED02,G,58.946542,-42.368583,3.72,1.7,91,11.68,,,Eri,V,,0
NGC1488,**,60.018042,18.567306,,,,,,,Tau,,,0
NGC1489,G,59.40875,-19.216639,1.69,0.6,19,13.8,,,Eri,V,,0
NGC1490,G,58.392583,-66.018056,1.39,1.19,131,13.64,,,Ret,B,,0
NGC1491,HII,60.8065,51.316083,9,6,,,,,Per,,,0
NGC1492,G,59.554708,-35.446361,0.77,0.61,14,14.29,,,Eri,B,,0
NGC1493,G,59.364292,-46.210694,3.44,3.18,80,11.44,,,Hor,V,,0
NGC1494,G,59.42875,-48.908083,3.51,1.86,180,11.95,,,Hor,V,,0
NGC1495,G,59.590917,-44.46625,2.22,0.48,104,12.64,,,Hor,V,,0
NGC1496,OCl,61.132875,52.661389,2.1,,,9.6,,,Per,V,,0
NGC1497,G,60.528417,23.132917,1.23,0.65,63,14.58,,,Tau,B,,0
NGC1498,OCl,60.080417,-12.019722,,,,,,,Eri,,,0
NGC1499,Neb,60.810083,36.367472,160,40,,5,,加州星云,Per,B,California Nebula,0
NGC1500,G,59.558208,-52.328167,1.49,1.13,88,14.84,,,Dor,V,,0
NGC1501,PN,61.747375,60.920694,0.87,,,11.5,,,Cam,V,,0
NGC1502,OCl,61.955417,62.331528,10.2,,,6.9,,,Cam,V,,0
NGC1503,G,59.1385,-66.040667,0.96,0.74,141,14.41,,,Ret,B,,0
NGC1504,G,60.62375,-9.335389,0.79,0.7,40,15.51,,,Eri,B,,0
NGC1505,G,60.651667,-9.322417,1.2,0.86,69,14.74,,,Eri,B,,0
NGC1506,G,60.089875,-52.573722,1.59,0.98,82,13.22,,,Dor,V,,0
NGC1507,G,61.113375,-2.188583,3.78,0.79,12,12.41,,,Eri,V,,0
NGC1508,G,61.4485,25.408472,0.6,0.44,25,15.22,,,Tau,B,,0
NGC1509,G,60.98,-11.179028,0.79,0.63,55,14.6,,,Eri,B,,0
NGC1510,G,60.886,-43.400111,1.32,1.13,103,13.02,,,Hor,V,,0
NGC1511,G,59.904083,-67.63425,3.66,1.47,123,11.3,,,Hyi,V,,0
NGC1511A,G,60.0775,-67.806944,1.85,0.41,108,14.28,,,Hyi,B,,0
NGC1511B,G,60.227917,-67.611944,1.39,0.25,97,15.18,,,Hyi,B,,0
NGC1512,G,60.976167,-43.348861,8.43,4.02,63,10.37,,,Hor,V,,0
NGC1513,OCl,62.477917,49.517278,5.1,,,8.4,,,Per,V,,0
NGC1514,PN,62.320625,30.775917,2.2,,,10.19,,,Tau,V,,0
NGC1515,G,61.011333,-54.100056,5.5,1.26,20,10.99,,,Dor,V,,0
NGC1515A,G,60.9575,-54.113056,0.93,0.49,55,15.38,,,Dor,B,,0
NGC1516,GPair,62.032083,-8.831389,1.66,,,,,,Eri,,,0
NGC1516A,G,62.030833,-8.829167,0.9,0.55,130,14.08,,,Eri,B,,0
NGC1516B,G,62.034625,-8.835722,1.26,1.26,90,15,,,Eri,B,,0
NGC1517,G,62.299708,8.648806,0.97,0.81,160,14.25,,,Tau,B,,0
NGC1518,G,61.707167,-21.172639,3.47,1.3,30,11.79,,,Eri,V,,0
NGC1519,G,62.031667,-17.192889,2.47,0.9,107,12.96,,,Eri,V,,0
NGC1520,OCl,59.379042,-76.833944,5.4,,,,,,Men,,,0
NGC1521,G,62.078875,-21.051972,3.25,2.02,9,11.57,,,Eri,V,,0
NGC1522,G,61.533,-52.668417,1.22,0.87,39,13.6,,,Dor,V,,0
NGC1523,Other,61.545917,-54.088306,,,,,,,Dor,,,0
NGC1524,Dup,62.030833,-8.829167,,,,,,,Eri,,,0
NGC1525,Dup,62.034625,-8.835722,,,,,,,Eri,,,0
NGC1526,G,61.30125,-65.839806,0.86,0.56,36,14.6,,,Ret,B,,0
NGC1527,G,62.100583,-47.897028,4.58,1.79,78,10.8,,,Hor,V,,0
NGC1528,OCl,63.828625,51.211472,9.6,,,6.4,,,Per,V,,0
NGC1529,G,61.832833,-62.899306,0.71,0.33,164,14.4,,,Ret,B,,0
NGC1530,G,65.862917,75.295583,1.82,1.04,130,11.7,,,Cam,V,,0
NGC1530A,G,71.11875,75.63975,1.48,1.35,100,12.43,,,Cam,V,,0
NGC1531,G,62.997167,-32.850806,1.5,0.9,123,12.13,,,Eri,V,,0
NGC1532,G,63.018042,-32.874222,11.27,3.09,33,10.13,,,Eri,V,,0
NGC1533,G,62.466,-56.118444,3.27,2.04,149,10.65,,,Dor,V,,0
NGC1534,G,62.191958,-62.797583,1.66,1.04,76,13.77,,,Ret,B,,0
NGC1535,PN,63.565708,-12.739389,0.85,,,9.6,,,Eri,V,,0
NGC1536,G,62.749417,-56.480444,1.67,1.21,157,12.9,,,Ret,V,,0
NGC1537,G,63.419625,-31.645417,4.35,2.76,102,10.72,,,Eri,V,,0
NGC1538,G,63.733667,-13.191722,0.66,0.45,108,15.98,,,Eri,B,,0
NGC1539,G,64.758167,26.8275,0.97,0.74,45,15.45,,,Tau,B,,0
NGC1540,G,63.794417,-28.488472,0.77,0.49,150,15.05,,,Eri,B,,0
NGC1540A,G,63.791708,-28.482083,0.56,0.38,50,14.61,,,Eri,B,,0
NGC1541,G,64.250958,0.835194,1.38,0.49,77,13.53,,,Tau,V,,0
NGC1542,G,64.309083,4.781639,1.22,0.4,128,13.89,,,Tau,V,,0
NGC1543,G,63.180208,-57.737972,3.66,0.86,94,10.17,,,Ret,V,,0
NGC1544,G,75.650625,86.222333,1.13,0.87,121,14.07,,,Cep,B,,0
NGC1545,OCl,65.234417,50.255333,4.2,,,6.2,,,Per,V,,0
NGC1546,G,63.65225,-56.060806,3.72,2.5,143,11.35,,,Dor,V,,0
NGC1547,G,64.301708,-17.857472,1.4,0.58,131,14.39,,,Eri,B,,0
NGC1548,OCl,65.329583,36.916333,3.6,,,,,,Per,,,0
NGC1549,G,63.938042,-55.59225,5.09,4.35,138,9.75,,,Dor,V,,0
NGC1550,G,64.908042,2.409472,1.73,1.54,28,12.08,,,Tau,V,,0
NGC1551,Dup,64.908042,2.409472,,,,,,,Tau,,,0
NGC1552,G,65.073667,-0.692722,1.79,1.29,104,14.35,,,Eri,B,,0
NGC1553,G,64.043625,-55.780139,6.25,4.29,150,9.31,,,Dor,V,,0
NGC1554,*,65.431458,19.520583,,,,,,,Tau,,,0
NGC1555,RfN,65.497625,19.535167,1.82,1.35,74,9.98,,,Tau,B,"Hind's Nebula,Hind's Variable Nebula",0
NGC1556,G,64.436792,-50.164444,1.53,0.58,167,13.06,,,Dor,V,,0
NGC1557,OCl,63.296542,-70.424944,7.2,,,,,,Hyi,,,0
NGC1558,G,65.067417,-45.031472,3.05,0.95,72,13.29,,,Cae,B,,0
NGC1559,G,64.399042,-62.783667,4.19,2.18,63,10.6,,,Ret,V,,0
NGC1560,G,68.204542,71.883111,8.3,1.68,21,11.5,,,Cam,V,,0
NGC1561,G,65.7545,-15.845667,1.37,0.78,167,14.81,,,Eri,B,,0
NGC1562,G,65.448417,-15.755444,0.92,0.69,80,15.18,,,Eri,B,,0
NGC1563,G,65.724792,-15.732639,0.49,0.44,74,15.65,,,Eri,B,,0
NGC1564,G,65.753958,-15.738861,0.73,0.56,33,15.62,,,Eri,B,,0
NGC1565,G,65.847708,-15.744333,1.02,0.89,86,14.69,,,Eri,B,,0
NGC1566,G,65.00175,-54.937806,7.23,5,45,9.73,,,Dor,V,,0
NGC1567,G,65.286458,-48.254778,1.53,1.31,159,13.46,,,Cae,B,,0
NGC1568,G,66.105583,-0.746222,1.46,0.99,139,14.82,,,Eri,B,,0
NGC1569,G,67.704417,64.847944,3.91,2.16,119,11.11,,,Cam,V,,0
NGC1570,G,65.53725,-43.629556,2.15,1.36,180,14,,,Cae,V,,0
NGC1571,Dup,65.53725,-43.629556,,,,,,,Cae,,,0
NGC1572,G,65.678375,-40.600917,1.37,0.93,160,12.47,,,Cae,V,,0
NGC1573,G,68.766625,73.262417,1.95,1.32,35,11.79,,,Cam,V,,0
NGC1574,G,65.495083,-56.97475,4.13,2.32,2,10.24,,,Ret,V,,0
NGC1575,G,66.585625,-10.098444,1.52,1.16,115,13.43,,,Eri,B,,0
NGC1576,G,66.578417,-3.621083,1.49,0.88,102,14.34,,,Eri,B,,0
NGC1577,Dup,66.585625,-10.098444,,,,,,,Eri,,,0
NGC1578,G,65.944375,-51.599444,1.21,0.89,165,13.11,,,Dor,V,,0
NGC1579,Cl+N,67.5575,35.269444,10.2,,,,,,Per,,,0
NGC1580,G,67.077,-5.178778,1.03,0.66,121,14.35,,,Eri,B,,0
NGC1581,G,66.187333,-54.942,2.08,0.81,82,12.8,,,Dor,V,,0
NGC1582,OCl,67.944958,43.784833,7.8,,,7,,,Per,V,,0
NGC1583,G,67.086375,-17.595444,1.04,0.9,95,14.69,,,Eri,B,,0
NGC1584,G,67.04275,-17.523361,0.95,0.76,122,14.98,,,Eri,B,,0
NGC1585,G,66.887542,-42.165222,0.85,0.63,168,14.23,,,Cae,B,,0
NGC1586,G,67.659292,-0.304167,1.68,0.85,154,14.21,,,Eri,B,,0
NGC1587,G,67.666417,0.661583,2.08,1.48,73,11.7,,,Tau,V,,0
NGC1588,G,67.682375,0.664722,1.26,0.7,167,12.91,,,Tau,V,,0
NGC1589,G,67.689333,0.863667,3.06,0.98,160,11.81,,,Tau,V,,0
NGC1590,G,67.792583,7.630889,0.9,0.8,110,13.69,,,Tau,V,,0
NGC1591,G,67.377292,-26.713111,1.39,0.83,29,13.69,,,Eri,B,,0
NGC1592,G,67.417208,-27.408528,1.02,0.61,97,14.09,,,Eri,V,,0
NGC1593,G,68.0255,0.567361,1.36,0.57,129,14.74,,,Tau,B,,0
NGC1594,G,67.714958,-5.798278,1.67,1.18,89,13.73,,,Eri,B,,0
NGC1595,G,67.090667,-47.815889,1.5,1.09,12,12.71,,,Cae,V,,0
NGC1596,G,66.908792,-55.027806,3.87,1.02,19,11.14,,,Dor,V,,0
NGC1597,G,67.806083,-11.290417,1.02,0.79,93,15,,,Eri,B,,0
NGC1598,G,67.140292,-47.782556,1.4,0.73,133,13.3,,,Cae,V,,0
NGC1599,G,67.911417,-4.588333,0.82,0.77,40,13.73,,,Eri,V,,0
NGC1600,G,67.916417,-5.08625,3.33,2.02,5,10.97,,,Eri,V,,0
NGC1601,G,67.923875,-5.060361,0.94,0.73,89,13.84,,,Eri,V,,0
NGC1602,G,66.979042,-55.057722,1.87,0.99,88,13.06,,,Dor,V,,0
NGC1603,G,67.958125,-5.094417,0.88,0.57,57,13.8,,,Eri,V,,0
NGC1604,G,67.994042,-5.369944,1.35,0.78,69,14.84,,,Eri,B,,0
NGC1605,OCl,68.717833,45.271389,3.3,,,10.7,,,Per,V,,0
NGC1606,G,68.013917,-5.032444,0.57,0.49,94,16.54,,,Eri,B,,0
NGC1607,G,68.012875,-4.459944,1.33,0.51,66,15,,,Eri,B,,0
NGC1608,Dup,68.0255,0.567361,,,,,,,Tau,,,0
NGC1609,G,68.187833,-4.372417,1.24,0.78,103,14.65,,,Eri,B,,0
NGC1610,G,68.557792,-4.69975,1.1,0.7,156,16.17,,,Eri,B,,0
NGC1611,G,68.274833,-4.297444,1.8,0.48,99,14.4,,,Eri,B,,0
NGC1612,G,68.304708,-4.172417,1.36,0.94,138,15.23,,,Eri,B,,0
NGC1613,G,68.355542,-4.265417,1.14,0.69,28,14.79,,,Eri,B,,0
NGC1614,G,68.499375,-8.578889,1.26,0.95,20,12.9,,,Eri,V,,0
NGC1615,G,69.004333,19.950333,1.36,0.71,107,12.01,,,Tau,B,,0
NGC1616,G,68.173875,-43.715889,1.91,1.03,33,12.64,,,Cae,V,,0
NGC1617,G,67.914708,-54.602278,5.24,2.5,112,10.37,,,Dor,V,,0
NGC1618,G,69.0275,-3.14875,2.14,0.71,22,12.72,,,Eri,V,,0
NGC1619,Dup,68.557792,-4.69975,,,,,,,Eri,,,0
NGC1620,G,69.155625,-0.143611,3.48,0.91,23,12.08,,,Eri,V,,0
NGC1621,G,69.104417,-4.987306,1.34,0.91,98,14.83,,,Eri,B,,0
NGC1622,G,69.152667,-3.188833,2.86,0.52,29,12.53,,,Eri,V,,0
NGC1623,G,68.885042,-13.556444,0.78,0.42,16,16.63,,,Eri,B,,0
NGC1624,Cl+N,70.152083,50.461667,3,,,11.8,,,Per,V,,0
NGC1625,G,69.276083,-3.3035,2.56,0.57,130,12.4,,,Eri,V,,0
NGC1626,Dup,69.104417,-4.987306,,,,,,,Eri,,,0
NGC1627,G,69.408333,-4.887472,1.65,1.37,150,13.53,,,Eri,B,,0
NGC1628,G,69.401083,-4.714833,1.91,0.43,6,14.24,,,Eri,B,,0
NGC1629,GCl,67.403792,-71.838278,1.7,1.7,,12.68,,,Hyi,V,,0
NGC1630,G,69.3145,-18.901528,0.78,0.59,138,15.19,,,Eri,B,,0
NGC1631,G,69.600708,-20.649861,1.33,0.89,54,14.29,,,Eri,B,,0
NGC1632,G,69.994083,-9.456222,0.73,0.36,43,15.28,,,Eri,B,,0
NGC1633,G,70.037958,7.349444,1.09,0.9,5,14.54,,,Tau,B,,0
NGC1634,G,70.04075,7.338778,0.67,0.46,167,14.96,,,Tau,B,,0
NGC1635,G,70.032833,-0.547528,1.53,1.37,175,13.42,,,Eri,B,,0
NGC1636,G,70.1675,-8.60775,1.24,0.97,175,13.93,,,Eri,B,,0
NGC1637,G,70.367417,-2.857972,3.18,2.74,16,10.85,,,Eri,V,,0
NGC1638,G,70.402125,-1.809028,2.08,1.26,67,12.24,,,Eri,V,,0
NGC1639,Other,70.217542,-16.990861,,,,,,,Eri,,,0
NGC1640,G,70.5605,-20.434778,2.72,2.6,50,11.69,,,Eri,V,,0
NGC1641,OCl,68.8955,-65.762889,9.6,,,,,,Ret,,,0
NGC1642,G,70.728792,0.618583,1.66,1.43,151,12.62,,,Tau,V,,0
NGC1643,G,70.933125,-5.319444,1.24,0.81,7,14.08,,,Eri,B,,0
NGC1644,GCl,69.417042,-66.199083,1.8,1.5,150,12.89,,,Dor,V,,0
NGC1645,G,71.026583,-5.465611,2.18,0.83,89,14,,,Eri,B,,0
NGC1646,G,71.098333,-8.532778,1.49,0.81,155,13.64,,,Eri,B,,0
NGC1647,OCl,71.481542,19.095111,27,,,6.4,,,Tau,V,,0
NGC1648,G,71.145,-8.478861,0.84,0.53,179,15.56,,,Eri,B,,0
NGC1649,GCl,69.595208,-68.672917,1.5,1.5,0,13.13,,,Dor,V,,0
NGC1650,G,71.297958,-15.870028,2.4,1.13,168,12.91,,,Eri,B,,0
NGC1651,GCl,69.384458,-70.585861,2.7,2.7,,12.28,,,Men,V,,0
NGC1652,Dup,69.595208,-68.672917,,,,,,,Dor,,,0
NGC1653,G,71.447292,-2.392833,1.79,1.68,175,11.97,,,Eri,V,,0
NGC1654,G,71.451875,-2.083889,0.85,0.79,5,14.36,,,Eri,B,,0
NGC1655,Other,71.799583,20.923667,,,,,,,Tau,,,0
NGC1656,G,71.472458,-5.136722,1.74,0.96,109,14.5,,,Eri,B,,0
NGC1657,G,71.53025,-2.077278,1.15,0.85,154,14.94,,,Eri,B,,0
NGC1658,G,71.005667,-41.463417,1.02,0.6,125,14.35,,,Cae,B,,0
NGC1659,G,71.624792,-4.788778,1.5,0.94,51,12.54,,,Eri,V,,0
NGC1660,G,71.047542,-41.497583,1.14,0.62,31,14.87,,,Cae,B,,0
NGC1661,G,71.781833,-2.054583,1.15,0.82,36,14.24,,,Ori,B,,0
NGC1662,OCl,72.120625,10.930389,13.8,,,6.4,,,Ori,V,,0
NGC1663,OCl,72.348083,13.151056,7.2,,,14.54,,,Ori,V,,0
NGC1664,OCl,72.772625,43.676167,11.4,,,7.6,,,Aur,V,,0
NGC1665,G,72.071125,-5.427611,1.79,1.07,56,14.06,,,Eri,B,,0
NGC1666,G,72.136833,-6.569972,1.35,1.26,160,12.7,,,Eri,V,,0
NGC1667,G,72.15475,-6.319972,1.89,1.47,3,12.15,,,Eri,V,,0
NGC1668,G,71.524708,-44.733361,1.58,1.04,97,13.77,,,Cae,B,,0
NGC1669,G,70.749583,-65.814333,0.73,0.4,101,14.89,,,Dor,B,,0
NGC1670,G,72.427583,-2.7605,1.61,0.78,68,13.95,,,Ori,B,,0
NGC1671,G,72.391792,0.252861,1.34,0.98,127,12.88,,,Ori,V,,0
NGC1672,G,71.427083,-59.247194,6.14,5.46,95,10.16,,,Dor,V,,0
NGC1673,OCl,70.665167,-69.82125,1,0.95,40,14.07,,,Men,V,,0
NGC1674,Other,73.104042,23.907667,,,,,,,Tau,,,0
NGC1675,Other,73.104042,23.907667,,,,,,,Tau,,,0
NGC1676,OCl,70.975708,-68.827583,1.1,1,40,,,,Dor,,,0
NGC1677,G,72.716958,-4.892722,1.21,0.37,140,14.99,,,Eri,B,,0
NGC1678,G,72.897667,-2.623139,1.28,0.78,76,14.28,,,Ori,B,,0
NGC1679,G,72.477667,-31.964667,3.07,2.23,151,11.62,,,Cae,V,,0
NGC1680,G,72.141708,-47.816444,1.33,0.54,102,14.46,,,Pic,B,,0
NGC1681,G,72.958583,-5.803222,1.19,0.95,80,13.4,,,Eri,V,,0
NGC1682,G,73.082458,-3.105861,0.98,0.8,120,14.44,,,Ori,B,,0
NGC1683,G,73.073333,-3.024639,0.86,0.34,163,15.98,,,Ori,B,,0
NGC1684,G,73.129792,-3.106056,2.55,1.66,95,13,,,Ori,B,,0
NGC1685,G,73.142625,-2.949333,1.23,0.63,131,15.18,,,Ori,V,,0
NGC1686,G,73.22775,-15.346472,1.85,0.35,27,14.48,,,Eri,B,,0
NGC1687,G,72.839042,-33.939028,1.35,0.53,43,14.73,,,Cae,B,,0
NGC1688,G,72.099125,-59.800333,2.47,1.67,166,11.85,,,Dor,V,,0
NGC1689,Dup,72.15475,-6.319972,,,,,,,Eri,,,0
NGC1690,G,73.58025,1.640361,1.07,0.9,85,14.94,,,Ori,B,,0
NGC1691,G,73.65975,3.267972,1.54,1.47,30,13.12,,,Ori,B,,0
NGC1692,G,73.848875,-20.571167,1.38,1.21,173,13.02,,,Eri,V,,0
NGC1693,GCl,71.911542,-69.343639,1.1,1,10,12.89,,,Dor,V,,0
NGC1694,G,73.820083,-4.652667,1.18,0.73,31,15.01,,,Eri,B,,0
NGC1695,GCl,71.935333,-69.37375,1.4,1.3,100,12.16,,,Dor,V,,0
NGC1696,OCl,72.124875,-68.242861,1.1,1.1,,13.95,,,Dor,V,,0
NGC1697,GCl,72.149208,-68.558444,2.3,2.3,,12.62,,,Dor,V,,0
NGC1698,GCl,72.271042,-69.115083,1.5,1.4,70,12.07,,,Dor,V,,0
NGC1699,G,74.248458,-4.756861,1.03,0.74,166,15,,,Eri,B,,0
NGC1700,G,74.234625,-4.865778,3.11,1.98,87,11.16,,,Eri,V,,0
NGC1701,G,73.963042,-29.883444,1.24,0.94,136,13.64,,,Cae,B,,0
NGC1702,OCl,72.365333,-69.850778,1.2,1.2,,12.5,,,Men,V,,0
NGC1703,G,73.217292,-59.74225,2.68,2.51,25,11.69,,,Dor,V,,0
NGC1704,OCl,72.481083,-69.756306,1.7,1.6,70,11.5,,,Dor,V,,0
NGC1705,G,73.55625,-53.361056,1.87,1.44,53,12.46,,,Pic,V,,0
NGC1706,G,73.12925,-62.985778,1.43,0.97,129,12.64,,,Dor,V,,0
NGC1707,Other,74.585875,8.238361,,,,,,,Ori,,,0
NGC1708,OCl,75.841167,52.832083,6,,,,,,Cam,,,0
NGC1709,G,74.683458,-0.47825,0.93,0.69,46,15.03,,,Ori,B,,0
NGC1710,G,74.321125,-15.289,1.61,1.26,19,14.5,,,Lep,B,,0
NGC1711,GCl,72.650542,-69.985444,3.5,3.3,40,11.1,,,Men,V,,0
NGC1712,*Ass,72.743458,-69.4075,4,3,20,,,,Dor,,,0
NGC1713,G,74.727542,-0.488917,1.33,1.1,40,12.71,,,Ori,V,,0
NGC1714,Cl+N,73.036875,-66.923389,1.1,1.1,,11.61,,,Dor,V,,0
NGC1715,EmN,73.043667,-66.908694,1.1,1,130,,,,Dor,,,0
NGC1716,G,74.5555,-20.363583,1.32,1.12,20,13.94,,,Lep,B,,0
NGC1717,G,74.631083,-0.574667,0.95,0.54,162,15.62,,,Ori,B,,0
NGC1718,OCl,73.105792,-67.050667,1.8,1.8,,12.25,,,Dor,V,,0
NGC1719,G,74.894292,-0.260417,1.09,0.38,101,14.44,,,Ori,B,,0
NGC1720,G,74.835958,-7.858972,1.96,1.22,85,13,,,Eri,B,,0
NGC1721,G,74.8225,-11.118722,1.58,0.83,130,13.82,,,Eri,B,,0
NGC1722,Cl+N,73.0025,-69.375,2.5,2.1,170,,,,Dor,,,0
NGC1723,G,74.857875,-10.980694,3.03,1.88,68,12.03,,,Eri,V,,0
NGC1724,OCl,75.884667,49.491778,3,,,,,,Aur,,,0
NGC1725,G,74.845375,-11.132306,1.39,1.3,15,13.82,,,Eri,B,,0
NGC1726,G,74.924583,-7.75525,2.9,1.82,1,11.65,,,Eri,V,,0
NGC1727,Cl+N,73.053208,-69.338917,2.8,2,90,,,,Dor,,,0
NGC1728,G,74.865542,-11.122944,1.24,0.8,179,13,,,Eri,B,,0
NGC1729,G,75.065375,-3.3525,1.81,1.46,9,13.2,,,Ori,B,,0
NGC1730,G,74.882625,-15.823639,2.28,0.96,100,13.22,,,Lep,B,,0
NGC1731,*Ass,73.383708,-66.925278,4.8,4.5,90,,,,Dor,,,0
NGC1732,OCl,73.294125,-68.65,1.1,1,50,12.3,,,Dor,V,,0
NGC1733,OCl,73.519792,-66.682583,1.5,1.4,20,13.31,,,Dor,V,,0
NGC1734,OCl,73.389542,-68.768778,1.2,1.1,50,13.1,,,Dor,V,,0
NGC1735,OCl,73.581917,-67.099556,1.8,1.5,140,10.76,,,Dor,V,,0
NGC1736,EmN,73.256458,-68.053111,1.9,1.4,170,15.5,,,Dor,B,,0
NGC1737,HII,73.498792,-69.174556,1.1,0.95,110,,,,Dor,,,0
NGC1738,G,75.444583,-18.157056,1.35,0.81,36,13.71,,,Lep,B,,0
NGC1739,G,75.44725,-18.166806,1.5,0.72,104,14.25,,,Lep,B,,0
NGC1740,G,75.478333,-3.296333,1.79,1.1,68,14.04,,,Ori,B,,0
NGC1741,G,75.409583,-4.257,1.21,0.62,65,15.52,,,Eri,B,,0
NGC1741B,G,75.400833,-4.261944,0.93,0.46,42,15.22,,,Eri,B,,0
NGC1742,*,75.497208,-3.294972,,,,,,,Ori,,,0
NGC1743,Neb,73.511125,-69.198611,0.95,0.85,130,11.26,,,Dor,V,,0
NGC1744,G,74.990833,-26.022222,5.28,1.99,169,11.5,,,Lep,V,,0
NGC1745,Neb,73.585917,-69.158889,1.2,1.1,90,13.4,,,Dor,V,,0
NGC1746,OCl,75.959125,23.767639,18,,,6.1,,,Tau,V,,0
NGC1747,OCl,73.79575,-67.168889,4.4,4.4,,9.37,,,Dor,V,,0
NGC1748,Neb,73.608208,-69.184111,0.9,0.8,100,12.3,,,Dor,V,,0
NGC1749,OCl,73.733583,-68.188667,1.5,1.3,50,13.56,,,Dor,V,,0
NGC1750,OCl,76.000125,23.645778,,,,,,,Tau,,,0
NGC1751,GCl,73.552417,-69.805833,1.6,1.5,60,11.73,,,Men,V,,0
NGC1752,G,75.539542,-8.240861,2.95,0.83,79,12.4,,,Eri,V,,0
NGC1753,G,75.63475,-3.344333,1.32,0.42,180,14.77,,,Ori,B,,0
NGC1754,GCl,73.578958,-70.442472,1.6,1.6,,11.57,,,Men,V,,0
NGC1755,GCl,73.811958,-68.204056,2.2,1.9,130,9.85,,,Dor,V,,0
NGC1756,GCl,73.707625,-69.237639,1.4,1.3,130,12.24,,,Dor,V,,0
NGC1757,Other,75.664,-4.722944,,,,,,,Eri,,,0
NGC1758,OCl,76.176,23.781639,,,,,,,Tau,,,0
NGC1759,G,75.204333,-38.673889,1.95,1.48,148,14.12,,,Cae,B,,0
NGC1760,HII,74.184875,-66.527333,5.1,2.1,80,,,,Dor,,,0
NGC1761,*Ass,74.157208,-66.478861,4.2,3,110,9.94,,,Dor,V,,0
NGC1762,G,75.904292,1.573333,1.75,1.12,177,12.6,,,Ori,V,,0
NGC1763,Cl+N,74.204958,-66.409083,5.2,3.6,70,9.4,,,Dor,V,,0
NGC1764,OCl,74.1155,-67.69375,1.1,1.1,,12.58,,,Dor,V,,0
NGC1765,G,74.600667,-62.028389,1.18,0.96,129,13.95,,,Dor,B,,0
NGC1766,OCl,73.99,-70.225056,1,0.9,30,12.22,,,Men,V,,0
NGC1767,OCl,74.11375,-69.400556,1.3,1.2,30,10.61,,,Dor,V,,0
NGC1768,OCl,74.250667,-68.249444,0.65,0.55,50,12.79,,,Dor,V,,0
NGC1769,EmN,74.447375,-66.469083,4.1,2.6,60,,,,Dor,,,0
NGC1770,Cl+N,74.315458,-68.418083,4.1,4.1,,,,,Dor,,,0
NGC1771,G,74.732167,-63.298222,1.95,0.59,134,13.43,,,Dor,V,,0
NGC1772,OCl,74.219958,-69.556056,1.5,1.4,30,10.97,,,Dor,V,,0
NGC1773,Neb,74.550125,-66.360111,2.7,2.1,30,,,,Dor,,,0
NGC1774,OCl,74.528667,-67.242333,1.7,1.5,60,10.76,,,Dor,V,,0
NGC1775,OCl,74.22825,-70.432,1,0.9,80,12.55,,,Men,V,,0
NGC1776,OCl,74.6655,-66.429583,1.3,1.2,40,13.01,,,Dor,V,,0
NGC1777,GCl,73.948583,-74.285361,2.4,2.4,,12.8,,,Men,V,,0
NGC1778,OCl,77.02375,37.022833,4.5,,,7.7,,,Aur,V,,0
NGC1779,G,76.325292,-9.147139,2.67,1.19,112,12.1,,,Eri,V,,0
NGC1780,G,76.586292,-19.466667,0.92,0.53,86,14.74,,,Lep,B,,0
NGC1781,G,76.979292,-18.189917,1.27,1.1,76,13.72,,,Lep,B,,0
NGC1782,OCl,74.462875,-69.392194,1.2,1.1,110,10.5,,,Dor,V,,0
NGC1783,GCl,74.786708,-65.987278,5.3,4.7,60,10.93,,,Dor,V,,0
NGC1784,G,76.362917,-11.871528,4,1.79,96,11.6,,,Lep,V,,0
NGC1785,*Ass,74.687333,-68.824861,2,1.2,130,,,,Dor,,,0
NGC1786,GCl,74.782583,-67.745222,2,2,,10.1,,,Dor,B,,0
NGC1787,OCl,75.435042,-65.823306,24,14,140,10.92,,,Dor,V,,0
NGC1788,RfN,76.72175,-3.340972,2,2,,5.8,,,Ori,B,,0
NGC1789,GCl,74.465333,-71.901972,1.8,1.8,,13.06,,,Men,V,,0
NGC1790,OCl,77.73425,52.059806,,,,,,,Aur,,,0
NGC1791,OCl,74.777,-70.16875,1.2,1,30,13.12,,,Men,V,,0
NGC1792,G,76.310208,-37.98075,5.52,2.76,136,10.16,,,Col,V,,0
NGC1793,OCl,74.909208,-69.557639,1.3,1.1,130,12.41,,,Dor,V,,0
NGC1794,Dup,76.979292,-18.189917,,,,,,,Lep,,,0
NGC1795,OCl,74.945417,-69.801167,1.4,1.3,170,12.42,,,Dor,V,,0
NGC1796,G,75.677292,-61.140056,1.93,0.96,101,12.43,,,Dor,V,,0
NGC1796A,G,76.2625,-61.484444,1.28,0.5,151,14.88,,,Dor,B,,0
NGC1796B,G,76.97875,-61.191111,1.12,0.25,25,15.77,,,Dor,B,,0
NGC1797,G,76.937,-8.019083,1.19,0.77,60,14.42,,,Eri,B,,0
NGC1798,OCl,77.913833,47.6955,5.4,,,,,,Aur,,,0
NGC1799,G,76.935917,-7.969278,1.25,0.57,105,15,,,Eri,B,,0
NGC1800,G,76.607167,-31.954222,1.55,1.16,112,12.58,,,Col,V,,0
NGC1801,GCl,75.143792,-69.61375,2.2,1.9,160,12.16,,,Dor,V,,0
NGC1802,OCl,77.553625,24.125139,4.8,,,,,,Tau,,,0
NGC1803,G,76.36075,-49.567944,0.93,0.58,61,12.86,,,Pic,V,,0
NGC1804,OCl,75.263583,-69.082583,0.95,0.85,170,11.87,,,Dor,V,,0
NGC1805,GCl,75.588833,-66.11225,1.8,1.6,80,,,,Dor,,,0
NGC1806,GCl,75.551542,-67.98575,2.5,2.5,,11.1,,,Dor,B,,0
NGC1807,OCl,77.687625,16.51275,5.4,,,7,,,Tau,V,,0
NGC1808,G,76.926417,-37.513056,5.42,1.83,135,10.21,,,Col,V,,0
NGC1809,G,75.520875,-69.568278,3.74,1.44,143,12.34,,,Dor,V,,0
NGC1810,OCl,75.846958,-66.381806,1.2,1.1,30,11.9,,,Dor,V,,0
NGC1811,G,77.178083,-29.275972,1.73,0.42,60,14.48,,,Col,B,,0
NGC1812,G,77.220458,-29.25125,1.27,0.86,7,13.7,,,Col,B,,0
NGC1813,OCl,75.667833,-70.317944,0.95,0.9,140,12.76,,,Men,V,,0
NGC1814,Cl+N,75.943583,-67.300667,1.2,1.1,10,12.76,,,Dor,V,,0
NGC1815,OCl,75.613542,-70.621056,1.2,1,60,12.41,,,Men,V,,0
NGC1816,OCl,75.961458,-67.26075,0.9,0.75,0,13.02,,,Dor,V,,0
NGC1817,OCl,78.109458,16.684083,9.3,,,7.7,,,Tau,V,,0
NGC1818,GCl,76.0615,-66.4345,3.1,2.7,130,9.7,,,Dor,B,,0
NGC1819,G,77.94225,5.200611,1.53,1.05,117,13.66,,,Ori,B,,0
NGC1820,OCl,76.007,-67.265944,7,5.4,20,11.5,,,Dor,V,,0
NGC1821,G,77.942083,-15.134639,1.26,0.86,95,13.92,,,Lep,B,,0
NGC1822,OCl,76.288333,-66.210556,1.2,1,100,13.15,,,Dor,V,,0
NGC1823,OCl,75.854,-70.3355,1,0.9,10,12.09,,,Men,V,,0
NGC1824,G,76.734167,-59.723972,2.14,0.83,164,12.57,,,Dor,V,,0
NGC1825,OCl,76.079333,-68.926417,1,0.9,40,12.04,,,Dor,V,,0
NGC1826,OCl,76.388708,-66.22975,1.2,1.1,60,13.25,,,Dor,V,,0
NGC1827,G,77.519167,-36.96025,3.24,0.65,120,13.24,,,Col,B,,0
NGC1828,OCl,76.087,-69.388167,1.2,1.1,170,12.52,,,Dor,V,,0
NGC1829,Cl+N,76.25,-68.05925,1.8,1.6,20,,,,Dor,,,0
NGC1830,OCl,76.159458,-69.340167,1.3,1.2,60,12.56,,,Dor,V,,0
NGC1831,GCl,76.569667,-64.9175,3.8,3.2,170,11.18,,,Dor,V,,0
NGC1832,G,78.013875,-15.687806,2.46,0.94,13,11.54,,,Lep,V,,0
NGC1833,Cl+N,76.102125,-70.728056,1.6,1.1,60,,,,Men,,,0
NGC1834,OCl,76.297417,-69.207472,0.95,0.85,100,11.82,,,Dor,B,,0
NGC1835,GCl,76.277417,-69.403861,2.3,2,80,10.6,,,Dor,V,,0
NGC1836,OCl,76.393417,-68.627889,1.5,1.4,50,12.22,,,Dor,V,,0
NGC1837,OCl,76.2325,-70.714,1.9,1.5,10,12.27,,,Men,V,,0
NGC1838,OCl,76.532833,-68.445194,1.3,1.2,20,12.93,,,Dor,V,,0
NGC1839,OCl,76.509792,-68.626778,1.6,1.6,,11.8,,,Dor,V,,0
NGC1840,OCl,76.329833,-71.762889,0.8,0.7,80,,,,Men,,,0
NGC1841,GCl,71.347292,-83.999056,4,4,,11.43,,,Men,V,,0
NGC1842,OCl,76.825417,-67.273167,1.5,1.5,,14.02,,,Dor,V,,0
NGC1843,G,78.525083,-10.627028,1.8,1.42,123,13.28,,,Ori,B,,0
NGC1844,OCl,76.877833,-67.323417,1.6,1.6,,12.08,,,Dor,V,,0
NGC1845,*Ass,76.437542,-70.581611,8.9,5.6,30,10.2,,,Men,V,,0
NGC1846,GCl,76.891417,-67.461472,3.8,3.8,,11.31,,,Dor,V,,0
NGC1847,OCl,76.784,-68.971444,1.8,1.6,0,12.47,,,Dor,V,,0
NGC1848,OCl,76.863167,-71.195361,2.2,2,140,9.73,,,Men,V,,0
NGC1849,OCl,77.395042,-66.315806,1.5,1.5,,12.77,,,Dor,V,,0
NGC1850,GCl,77.186375,-68.761667,3,3,,8.96,,,Dor,V,,0
NGC1851,GCl,78.528042,-40.046611,9,,,7.23,,,Col,V,,0
NGC1852,GCl,77.349125,-67.77625,1.9,1.9,,12.01,,,Dor,V,,0
NGC1853,G,78.068833,-57.399028,1.53,0.52,39,13.59,,,Dor,B,,0
NGC1854,GCl,77.332875,-68.847361,2.3,2.3,,10.39,,,Dor,V,,0
NGC1855,*Ass,77.320458,-68.845639,,,,,,,Dor,,,0
NGC1856,GCl,77.372375,-69.127583,2.7,2.4,90,10.06,,,Dor,V,,0
NGC1857,OCl,80.023167,39.343611,4.5,,,7,,,Aur,V,,0
NGC1858,Cl+N,77.466417,-68.89125,4.4,2.6,170,9.88,,,Dor,V,,0
NGC1859,OCl,77.882458,-65.249722,1.5,1.5,,12.26,,,Dor,V,,0
NGC1860,OCl,77.664625,-68.75225,1.1,1.1,,11.04,,,Dor,V,,0
NGC1861,OCl,77.59225,-70.777111,1.5,1.5,,13.16,,,Men,V,,0
NGC1862,OCl,78.143917,-66.154361,0.9,0.75,10,13.33,,,Dor,V,,0
NGC1863,OCl,77.914917,-68.726778,1.4,1.2,50,,,,Dor,,,0
NGC1864,OCl,78.169167,-67.62125,1.1,0.95,110,12.86,,,Dor,V,,0
NGC1865,OCl,78.1045,-68.771028,1.4,1.4,,12.91,,,Dor,V,,0
NGC1866,GCl,78.412917,-65.465583,5.5,5.5,,9.73,,,Dor,V,,0
NGC1867,OCl,78.426083,-66.291944,1.5,1.4,120,13.35,,,Dor,V,,0
NGC1868,GCl,78.65125,-63.9545,2.7,2.7,90,11.57,,,Dor,V,,0
NGC1869,Cl+N,78.484667,-67.379389,2,1.4,100,,,,Dor,,,0
NGC1870,GCl,78.29125,-69.116944,1.1,1,10,11.26,,,Dor,V,,0
NGC1871,Cl+N,78.465667,-67.452639,2.3,1.6,60,10.09,,,Dor,V,,0
NGC1872,GCl,78.294875,-69.311583,1.7,1.7,,11.04,,,Dor,V,,0
NGC1873,Cl+N,78.481958,-67.334361,2.8,2.2,120,10.44,,,Dor,V,,0
NGC1874,Cl+N,78.298583,-69.376222,1.4,1.1,100,12.81,,,Dor,V,,0
NGC1875,G,80.440667,6.688861,0.79,0.69,47,14.63,,,Ori,B,,0
NGC1876,Cl+N,78.327625,-69.362139,1.5,1.5,,11.71,,,Dor,V,,0
NGC1877,Neb,78.411833,-69.383778,1.1,0.6,130,12,,,Dor,B,,0
NGC1878,OCl,78.212125,-70.471694,1.1,1,50,12.94,,,Men,V,,0
NGC1879,G,79.950958,-32.14275,2.42,1.67,60,12.79,,,Col,V,,0
NGC1880,HII,78.354917,-69.379444,1.2,1,140,12.81,,,Dor,V,,0
NGC1881,OCl,78.404875,-69.299167,1.2,0.85,160,,,,Dor,,,0
NGC1882,OCl,78.888875,-66.129556,1.6,1.4,20,12.33,,,Dor,V,,0
NGC1883,OCl,81.475833,46.490139,5.7,,,12,,,Aur,V,,0
NGC1884,Other,78.991833,-66.163389,,,,,,,Dor,,,0
NGC1885,OCl,78.774417,-68.977556,1.4,1.2,130,11.97,,,Dor,V,,0
NGC1886,G,80.450625,-23.810139,3.22,0.35,61,13.6,,,Lep,B,,0
NGC1887,OCl,79.024708,-66.318556,1.5,1.5,,12.72,,,Dor,V,,0
NGC1888,G,80.643542,-11.499528,3.32,1.31,148,11.92,,,Lep,V,,0
NGC1889,G,80.647083,-11.496944,0.63,0.37,165,14.09,,,Lep,B,,0
NGC1890,OCl,78.440958,-72.077972,1.1,1,70,12.81,,,Men,V,,0
NGC1891,OCl,80.43425,-35.789306,,,,,,,Col,,,0
NGC1892,G,79.287708,-64.95975,3.37,1.02,75,12.29,,,Dor,V,,0
NGC1893,OCl,80.683917,33.412028,6,,,7.5,,,Aur,V,,0
NGC1894,OCl,78.963625,-69.468528,1.4,1.2,60,12.16,,,Dor,V,,0
NGC1895,Neb,79.214958,-67.329583,1.4,1.3,40,12.93,,,Dor,V,,0
NGC1896,OCl,81.3945,29.260222,3.9,,,,,,Aur,,,0
NGC1897,OCl,79.380333,-67.451,1.1,1,170,13.49,,,Dor,V,,0
NGC1898,OCl,79.176583,-69.656222,1.6,1.6,,11.86,,,Dor,V,,0
NGC1899,HII,79.452792,-67.900722,1.1,1,20,,,,Dor,,,0
NGC1900,OCl,79.789083,-63.023694,1.8,1.6,100,13.59,,,Dor,V,,0
NGC1901,OCl,79.563167,-68.436306,11.1,,,,,,Dor,,,0
NGC1902,OCl,79.57975,-66.627417,1.7,1.7,,11.77,,,Dor,V,,0
NGC1903,GCl,79.342917,-69.335306,1.9,1.9,,11.86,,,Dor,V,,0
NGC1904,GCl,81.044125,-24.524222,7.2,,,8.16,79,,Lep,V,,0
NGC1905,OCl,79.598792,-67.278167,0.95,0.95,,13.21,,,Dor,V,,0
NGC1906,G,81.19625,-15.943306,1.03,0.74,154,14.11,,,Lep,B,,0
NGC1907,OCl,82.018958,35.325667,5.4,,,8.2,,,Aur,V,,0
NGC1908,Other,81.474167,-2.528889,,,,,,,Ori,,,0
NGC1909,RfN,76.231,-7.265639,180,60,,,,女巫头星云,Eri,,the Witch Head Nebula,0
NGC1910,Cl+N,79.679458,-69.231917,3.6,2.8,120,9.65,,,Dor,V,,0
NGC1911,OCl,79.862,-66.68425,0.6,0.6,,,,,Dor,,,0
NGC1912,OCl,82.177042,35.854917,9.6,,,6.4,38,,Aur,V,,0
NGC1913,OCl,79.580375,-69.536472,1.3,1.1,150,11.14,,,Dor,V,,0
NGC1914,Cl+N,79.415667,-71.255861,1.5,1.2,150,12.01,,,Men,V,,0
NGC1915,*Ass,79.926,-66.821528,0.6,0.55,140,,,,Dor,,,0
NGC1916,GCl,79.651958,-69.406806,2.1,2.1,,10.38,,,Dor,V,,0
NGC1917,GCl,79.758208,-68.998972,1.7,1.7,,12.33,,,Dor,V,,0
NGC1918,SNR,79.779125,-69.662444,3.9,1.7,120,,,,Dor,,,0
NGC1919,Neb,80.079375,-66.891139,1.4,1.2,50,,,,Dor,,,0
NGC1920,HII,80.139583,-66.778722,1.2,1.1,100,12.54,,,Dor,V,,0
NGC1921,OCl,79.844792,-69.78775,1,0.9,20,12.95,,,Dor,V,,0
NGC1922,OCl,79.953833,-69.44825,1,0.9,30,11.51,,,Dor,V,,0
NGC1923,Cl+N,80.391917,-65.486722,0.95,0.85,80,11.24,,,Dor,V,,0
NGC1924,G,82.008042,-5.31075,1.6,1.15,133,12.53,,,Ori,V,,0
NGC1925,*Ass,80.433167,-65.793611,6,6,,,,,Dor,,,0
NGC1926,GCl,80.147625,-69.525278,1.4,1.2,120,11.79,,,Dor,V,,0
NGC1927,Other,82.179083,-8.377333,,,,,,,Ori,,,0
NGC1928,OCl,80.235417,-69.477944,1.3,1.3,,12.47,,,Dor,V,,0
NGC1929,OCl,80.400125,-67.912056,1.2,1.1,90,14,,,Dor,B,,0
NGC1930,G,81.486667,-46.728472,1.97,1.18,36,12.37,,,Pic,V,,0
NGC1931,Cl+N,82.855625,34.246556,4.8,,,10.1,,,Aur,V,,0
NGC1932,*,80.571833,-66.154333,,,,13.8,,,Dor,V,,0
NGC1933,OCl,80.613833,-66.152167,1.3,1.3,,13.8,,,Dor,V,,0
NGC1934,Cl+N,80.449542,-67.937167,1.9,1.3,150,10.5,,,Dor,V,,0
NGC1935,HII,80.494625,-67.957389,1.2,1.2,,,,,Dor,,,0
NGC1936,EmN,80.558167,-67.978306,1,1,,11.6,,,Dor,V,,0
NGC1937,*Ass,80.6215,-67.894667,3.2,2,70,,,,Dor,,,0
NGC1938,GCl,80.352958,-69.939389,0.9,0.8,90,13.09,,,Men,V,,0
NGC1939,GCl,80.360875,-69.94975,1.4,1.3,80,11.83,,,Men,V,,0
NGC1940,GCl,80.68225,-67.186556,1.2,1.2,,11.91,,,Dor,V,,0
NGC1941,Cl+N,80.782083,-66.378639,0.9,0.8,100,12,,,Dor,V,,0
NGC1942,OCl,81.185583,-63.942111,1.9,1.9,,13.46,,,Dor,V,,0
NGC1943,GCl,80.61975,-70.154861,1.1,1,140,11.88,,,Men,V,,0
NGC1944,GCl,80.489292,-72.494083,2.7,2.7,,11.84,,,Men,V,,0
NGC1945,EmN,81.229,-66.457472,10,6,60,,,,Dor,,,0
NGC1946,OCl,81.31825,-66.394556,1,0.9,130,12.62,,,Dor,V,,0
NGC1947,G,81.698375,-63.760028,3.48,3.18,89,10.47,,,Dor,V,,0
NGC1948,Cl+N,81.442667,-66.266806,7,5.7,30,10.61,,,Dor,V,,0
NGC1949,Neb,81.270125,-68.472528,0.95,0.9,100,12.39,,,Dor,V,,0
NGC1950,OCl,81.137458,-69.902306,1.7,1.7,,13.17,,,Men,V,,0
NGC1951,OCl,81.528417,-66.59725,1.7,1.5,20,10.58,,,Dor,V,,0
NGC1952,SNR,83.633208,22.014472,8,4,,8.4,1,蟹状星云,Tau,V,Crab Nebula,0
NGC1953,GCl,81.365875,-68.838306,1.2,1.2,,11.74,,,Dor,V,,0
NGC1954,G,83.201375,-14.062778,3.62,1.86,149,12.04,,,Lep,V,,0
NGC1955,HII,81.5415,-67.497389,4,3.6,20,8.87,,,Dor,V,,0
NGC1956,G,79.897167,-77.728667,1.75,0.95,64,14.06,,,Men,B,,0
NGC1957,G,83.23,-14.133139,0.87,0.82,65,14.84,,,Lep,B,,0
NGC1958,GCl,81.377167,-69.836778,1.5,1.5,,12.99,,,Dor,V,,0
NGC1959,OCl,81.402625,-69.926917,1.6,1.6,,12.17,,,Men,V,,0
NGC1960,OCl,84.073917,34.14075,7.2,,,6,36,,Aur,V,,0
NGC1961,G,85.519375,69.378444,4.42,3.1,85,11.54,,,Cam,V,,0
NGC1962,OCl,81.573875,-68.837639,1.4,1.4,,11.47,,,Dor,V,,0
NGC1963,OCl,83.070125,-36.398639,6.3,,,,,,Col,,,0
NGC1964,G,83.340667,-21.945778,5.16,2.33,31,10.91,,,Lep,V,,0
NGC1965,OCl,81.63025,-68.805472,1.2,1.1,,11.7,,,Dor,V,,0
NGC1966,OCl,81.691,-68.819861,1.1,1,30,11.83,,,Dor,V,,0
NGC1967,OCl,81.680458,-69.101528,0.95,0.9,100,10.81,,,Dor,V,,0
NGC1968,*Ass,81.842125,-67.463833,5,2.7,70,8.22,,,Dor,V,,0
NGC1969,OCl,81.634833,-69.841361,1.2,1.2,,12.46,,,Dor,V,,0
NGC1970,OCl,81.719458,-68.836667,1.5,1.5,,10.28,,,Dor,V,,0
NGC1971,OCl,81.6885,-69.851611,1.1,0.95,0,11.9,,,Dor,V,,0
NGC1972,OCl,81.697333,-69.838333,0.9,0.8,100,12.62,,,Dor,V,,0
NGC1973,Neb,83.769917,-4.731778,5,5,,7,,,Ori,B,,0
NGC1974,OCl,81.995917,-67.424139,1.6,1.6,,10.3,,,Dor,V,,0
NGC1975,Neb,83.8245,-4.685222,10,5,,7,,,Ori,B,,0
NGC1976,Cl+N,83.818667,-5.389667,90,60,,4,42,猎户座大星云,Ori,V,"Great Orion Nebula,Orion Nebula",0
NGC1977,Cl+N,83.815833,-4.844333,10.2,,,,,奔跑者星云,Ori,,the Running Man Nebula,0
NGC1978,GCl,82.188042,-66.235917,4,2.7,160,10.7,,,Dor,V,,0
NGC1979,G,83.504625,-23.310083,1.88,1.81,145,12.9,,,Lep,B,,0
NGC1980,Cl+N,83.858292,-5.909889,9.3,,,2.5,,,Ori,V,Lower Sword,0
NGC1981,Cl+N,83.789958,-4.425056,9,,,4.2,,,Ori,V,Upper Sword,0
NGC1982,HII,83.88075,-5.267472,20,15,,9,43,,Ori,V,Mairan's Nebula,0
NGC1983,OCl,81.934375,-68.986056,4,3,150,,,,Dor,,,0
NGC1984,OCl,81.920458,-69.134333,1.5,1.2,60,9.99,,,Dor,V,,0
NGC1985,RfN,84.449208,31.988833,0.68,0.68,,12.7,,,Aur,B,,0
NGC1986,GCl,81.908667,-69.973639,2.8,2.4,140,11.07,,,Men,V,,0
NGC1987,GCl,81.821458,-70.737361,1.7,1.7,90,12.1,,,Men,B,,0
NGC1988,*,84.360375,21.21825,,,,,,,Tau,,,0
NGC1989,G,83.597583,-30.801056,1.72,1.18,93,14.13,,,Col,B,,0
NGC1990,*,84.053417,-1.201917,,,,1.69,,,Ori,V,Alnilam,0
NGC1991,Dup,81.995917,-67.424139,,,,,,,Dor,,,0
NGC1992,G,83.632375,-30.897,1.22,0.69,51,14.69,,,Col,B,,0
NGC1993,G,83.856542,-17.815306,1.58,0.87,77,13.63,,,Lep,B,,0
NGC1994,OCl,82.090708,-69.141833,1.6,1.5,170,,,,Dor,,,0
NGC1995,**,83.263917,-48.675139,,,,,,,Pic,,,0
NGC1996,OCl,84.578667,25.823167,6,,,,,,Tau,,,0
NGC1997,OCl,82.644583,-63.199528,1.8,1.8,,13.43,,,Dor,V,,0
NGC1998,G,83.315667,-48.695611,0.95,0.47,16,15.19,,,Pic,B,,0
NGC1999,RfN,84.105625,-6.715861,2,2,,9.5,,,Ori,B,,0
NGC2000,OCl,81.871833,-71.879389,1.6,1.5,150,12.14,,,Men,V,,0
NGC2001,*Ass,82.258583,-68.769278,7.3,3.6,40,,,,Dor,,,0
NGC2002,GCl,82.58625,-66.885,1.9,1.7,20,10.84,,,Dor,V,,0
NGC2003,GCl,82.73,-66.466556,1.7,1.4,70,11.3,,,Dor,V,,0
NGC2004,GCl,82.678125,-67.286444,3,2.8,90,9.6,,,Dor,B,,0
NGC2005,GCl,82.545208,-69.752417,1.6,1.6,,11.57,,,Dor,V,,0
NGC2006,*Ass,82.8375,-66.965278,1.6,1.4,140,10.88,,,Dor,V,,0
NGC2007,G,83.746542,-50.921694,1.53,0.51,81,14.85,,,Pic,B,,0
NGC2008,G,83.765875,-50.966778,1.23,0.62,95,14,,,Pic,V,,0
NGC2009,OCl,82.7465,-69.181667,1.4,1.2,10,11.02,,,Dor,V,,0
NGC2010,OCl,82.645542,-70.819667,1.9,1.7,170,11.72,,,Men,V,,0
NGC2011,OCl,83.084208,-67.523139,1,1,,10.58,,,Dor,V,,0
NGC2012,G,80.647292,-79.851806,1.29,0.76,113,12.97,,,Men,V,,0
NGC2013,OCl,86.006958,55.793583,,,,,,,Aur,,,0
NGC2014,Neb,83.082792,-67.689833,5.1,3.5,60,8.97,,,Dor,V,,0
NGC2015,*Ass,83.027042,-69.243028,4.7,4,110,10.43,,,Dor,V,,0
NGC2016,OCl,82.91175,-69.945861,1.8,1.8,,,,,Men,,,0
NGC2017,OCl,84.817958,-17.8485,5,,,,,,Lep,,,0
NGC2018,HII,82.853708,-71.069056,2.8,1.7,170,10.89,,,Men,V,,0
NGC2019,GCl,82.986083,-70.159583,1.5,1.5,,10.86,,,Men,V,,0
NGC2020,EmN,83.302458,-67.715889,3.2,2.9,50,,,,Dor,,,0
NGC2021,OCl,83.377792,-67.452889,0.9,0.9,,12.06,,,Dor,V,,0
NGC2022,PN,85.525875,9.086528,0.32,,,11.6,,,Ori,V,,0
NGC2023,RfN,85.409958,-2.259028,10,8,,,,,Ori,,,0
NGC2024,Neb,85.427375,-1.856278,30,30,,,,火焰星云,Ori,,,0
NGC2025,OCl,83.140167,-71.7155,1.9,1.9,,10.94,,,Men,V,,0
NGC2026,OCl,85.792292,20.138889,4.2,,,,,,Tau,,,0
NGC2027,OCl,83.748792,-66.916306,4.6,2.8,100,10.97,,,Dor,V,,0
NGC2028,OCl,83.452375,-69.951806,1.1,1,60,12.88,,,Men,V,,0
NGC2029,OCl,83.919417,-66.035,1.1,0.85,60,12.29,,,Dor,V,,0
NGC2030,HII,83.748917,-67.556361,1.7,1.7,,12.29,,,Dor,V,,0
NGC2031,GCl,83.42425,-70.986778,3.3,2.8,150,10.83,,,Men,V,,0
NGC2032,HII,83.835917,-67.568444,2.8,1.4,30,,,,Dor,,,0
NGC2033,*Ass,83.627917,-69.780139,5.9,4.6,10,11.63,,,Dor,V,,0
NGC2034,*Ass,83.886542,-66.903639,4.5,3.2,,,,,Dor,,,0
NGC2035,Neb,83.88,-67.584167,1.8,1.3,20,10.99,,,Dor,V,,0
NGC2036,OCl,83.630792,-70.064361,1.6,1.6,,12.77,,,Men,V,,0
NGC2037,OCl,83.752625,-69.731583,2.9,1.3,170,10.31,,,Dor,V,,0
NGC2038,OCl,83.676125,-70.562944,1.6,1.5,120,11.92,,,Men,V,,0
NGC2039,Other,86.003792,8.691056,,,,,,,Ori,,,0
NGC2040,Neb,84.024708,-67.568556,2.1,1.7,160,11.47,,,Dor,V,,0
NGC2041,GCl,84.116875,-66.989778,2.6,2.6,,10.36,,,Dor,V,,0
NGC2042,OCl,84.039917,-68.923444,4.5,4.5,,9.58,,,Dor,V,,0
NGC2043,OCl,83.98825,-70.074417,0.65,0.55,120,,,,Men,,,0
NGC2044,*Ass,84.02575,-69.198667,5.5,4.5,100,10.59,,,Dor,V,,0
NGC2045,*,86.255417,12.888361,,,,6.46,,,Tau,V,,0
NGC2046,OCl,83.906375,-70.240694,1.1,1,110,12.64,,,Men,V,,0
NGC2047,OCl,83.970792,-70.192667,0.95,0.9,90,13.15,,,Men,V,,0
NGC2048,EmN,83.981625,-69.648528,1.4,1,100,12.17,,,Dor,V,,0
NGC2049,G,85.813792,-30.078389,2.14,0.97,167,13.68,,,Col,B,,0
NGC2050,*Ass,84.16175,-69.383528,3,2.4,70,9.25,,,Dor,V,,0
NGC2051,OCl,84.030583,-71.011389,1.5,1.5,,11.69,,,Men,V,,0
NGC2052,Neb,84.296042,-69.774194,18,12,,,,,Dor,,,0
NGC2053,OCl,84.415417,-67.412917,1.5,1.3,10,12.18,,,Dor,V,,0
NGC2054,Other,86.314083,-10.083139,,,,,,,Ori,,,0
NGC2055,*Ass,84.186375,-69.498639,1.9,1.3,120,8.39,,,Dor,V,,0
NGC2056,OCl,84.141542,-70.671889,1.5,1.5,,11.77,,,Men,V,,0
NGC2057,OCl,84.22975,-70.268944,1.3,1.2,20,12.17,,,Men,V,,0
NGC2058,OCl,84.225917,-70.16225,2.1,2.1,,11.85,,,Men,V,,0
NGC2059,OCl,84.252292,-70.129028,1.1,1,170,12.85,,,Men,V,,0
NGC2060,SNR,84.445417,-69.171667,2.2,2,160,9.59,,,Dor,V,,0
NGC2061,OCl,85.674042,-34.009528,,,,,,,Col,,,0
NGC2062,OCl,85.01125,-66.87575,1.2,1.1,20,12.67,,,Dor,V,,0
NGC2063,Other,86.679292,8.781111,,,,,,,Ori,,,0
NGC2064,RfN,86.576625,0.005944,10,10,,,,,Ori,,,0
NGC2065,OCl,84.410083,-70.236472,2.3,2.3,,11.24,,,Men,V,,0
NGC2066,OCl,84.429667,-70.166556,1,0.9,140,13.1,,,Men,V,,0
NGC2067,RfN,86.632833,0.13125,8,3,,,,,Ori,,,0
NGC2068,RfN,86.690917,0.079306,4.5,,,8,78,,Ori,V,,0
NGC2069,Neb,84.6935,-68.974389,5,2.2,30,10.1,,,Dor,V,,0
NGC2070,HII,84.6765,-69.100889,16,16,,7.25,,蜘蛛星云,Dor,V,"30 Dor Cluster,Tarantula Nebula",0
NGC2071,Cl+N,86.78025,0.29425,7,5,,8,,,Ori,B,,0
NGC2072,OCl,84.601625,-70.234056,1,0.9,110,13.21,,,Men,V,,0
NGC2073,G,86.474625,-21.999139,1.44,1.38,110,13.45,,,Lep,B,,0
NGC2074,Cl+N,84.764917,-69.498111,4,3.4,50,8.5,,,Dor,B,,0
NGC2075,Cl+N,84.588958,-70.685028,2.2,1.8,30,11.47,,,Men,V,,0
NGC2076,G,86.69775,-16.782611,2.52,1.5,44,12.93,,,Lep,V,,0
NGC2077,Neb,84.900083,-69.657111,1.3,1.3,,11.71,,,Dor,V,,0
NGC2078,EmN,84.914375,-69.743167,1.2,1.1,0,10.89,,,Dor,V,,0
NGC2079,HII,84.906667,-69.757194,1.1,0.95,160,11.81,,,Dor,V,,0
NGC2080,HII,84.940917,-69.644111,1.7,1.5,130,10.42,,,Dor,V,,0
NGC2081,Cl+N,84.997458,-69.405889,8.5,6,70,,,,Dor,,,0
NGC2082,G,85.463,-64.301139,2.06,1.86,50,12.19,,,Dor,V,,0
NGC2083,Neb,84.99675,-69.737583,2,1.8,70,10.83,,,Dor,V,,0
NGC2084,Neb,85.029167,-69.759417,1.7,1.2,40,,,,Dor,,,0
NGC2085,Neb,85.040958,-69.672806,0.95,0.95,,12.06,,,Dor,V,,0
NGC2086,Neb,85.053667,-69.667861,0.85,0.8,70,12,,,Dor,V,,0
NGC2087,G,86.066792,-55.532444,0.81,0.59,133,14.7,,,Pic,B,,0
NGC2088,OCl,85.249208,-68.465361,1.5,1.4,10,12.47,,,Dor,V,,0
NGC2089,G,86.964292,-17.602389,2.2,1.08,42,12.94,,,Lep,B,,0
NGC2090,G,86.757875,-34.250611,4.47,1.67,17,10.92,,,Col,V,,0
NGC2091,OCl,85.241833,-69.437083,1.3,1.2,80,12.07,,,Dor,V,,0
NGC2092,OCl,85.341667,-69.224222,1,0.9,90,,,,Dor,,,0
NGC2093,*Ass,85.45725,-68.921417,1.5,1.3,170,11.57,,,Dor,V,,0
NGC2094,OCl,85.536875,-68.363778,0.85,0.75,10,12.8,,,Dor,V,,0
NGC2095,OCl,85.650667,-67.318889,1.5,1.4,140,13.09,,,Dor,V,,0
NGC2096,OCl,85.574167,-68.458611,1.1,0.9,160,11.31,,,Dor,V,,0
NGC2097,GCl,86.06675,-62.785611,1.9,1.9,,13.67,,,Dor,V,,0
NGC2098,OCl,85.629292,-68.273167,2.2,2,140,10.73,,,Dor,V,,0
NGC2099,OCl,88.076458,32.553,11.4,,,5.6,37,,Aur,V,,0
NGC2100,GCl,85.537792,-69.211833,2.5,2.5,,9.6,,,Dor,B,,0
NGC2101,G,86.600708,-52.088528,1.24,0.65,94,13.27,,,Pic,V,,0
NGC2102,OCl,85.585375,-69.487083,0.85,0.85,,11.44,,,Dor,V,,0
NGC2103,HII,85.418125,-71.333139,4,3.5,40,10.82,,,Men,V,,0
NGC2104,G,86.769708,-51.552917,2.12,0.91,162,12.73,,,Pic,V,,0
NGC2105,GCl,86.079917,-66.917611,1.7,1.5,160,12.19,,,Dor,V,,0
NGC2106,G,87.694292,-21.56725,2.43,1.22,106,13.13,,,Lep,B,,0
NGC2107,OCl,85.803667,-70.639944,1.7,1.7,,11.51,,,Men,V,,0
NGC2108,GCl,85.986958,-69.182111,1.8,1.8,,12.32,,,Dor,V,,0
NGC2109,OCl,86.0955,-68.547806,1.6,1.6,,12.21,,,Dor,V,,0
NGC2110,G,88.047417,-7.456222,1.83,1.45,175,13.51,,,Ori,V,,0
NGC2111,OCl,86.137458,-70.99325,1.5,1.4,60,12.45,,,Men,V,,0
NGC2112,OCl,88.438375,0.410806,21,,,9.1,,,Ori,V,,0
NGC2113,Cl+N,86.352375,-69.774167,1.1,1.1,,,,,Dor,,,0
NGC2114,OCl,86.550458,-68.048306,1.4,1.2,30,12.48,,,Dor,V,,0
NGC2115,GPair,87.83625,-50.5875,1.33,,,,,,Pic,,,0
NGC2115A,G,87.832583,-50.582861,1.21,1.06,59,14.16,,,Pic,B,,0
NGC2115B,G,87.838375,-50.5925,0.57,0.47,43,16.06,,,Pic,B,,0
NGC2116,OCl,86.813167,-68.507944,1.2,1.1,160,12.92,,,Dor,V,,0
NGC2117,OCl,86.941333,-67.450167,2,1.8,90,11.65,,,Dor,V,,0
NGC2118,OCl,86.914875,-69.131833,1.6,1.6,,13.38,,,Dor,V,,0
NGC2119,G,89.362292,11.949194,1.26,0.99,145,15,,,Ori,B,,0
NGC2120,GCl,87.644208,-63.677611,2.2,2.2,,12.67,,,Dor,V,,0
NGC2121,GCl,87.0535,-71.479778,2.7,2.2,30,12.37,,,Men,V,,0
NGC2122,Cl+N,87.218792,-70.070083,6,5,50,10.43,,,Men,V,,0
NGC2123,GCl,87.9305,-65.321472,1.5,1.5,,12.56,,,Dor,V,,0
NGC2124,G,89.467625,-20.084639,2.84,0.81,4,13.45,,,Lep,B,,0
NGC2125,OCl,87.725958,-69.479139,1.1,1.1,,,,,Dor,,,0
NGC2126,OCl,90.637417,49.865917,5.4,,,,,,Aur,,,0
NGC2127,OCl,87.838667,-69.359056,1.5,1.5,,11.64,,,Dor,V,,0
NGC2128,G,91.142625,57.62775,1.44,1.01,63,13.66,,,Cam,B,,0
NGC2129,OCl,90.27725,23.322167,3.9,,,6.7,,,Gem,V,,0
NGC2130,GCl,88.098833,-67.334111,1.4,1.3,160,12.1,,,Dor,V,,0
NGC2131,G,89.698,-26.653,1.16,0.49,119,14.6,,,Lep,B,,0
NGC2132,OCl,88.934667,-59.927722,7.8,,,,,,Pic,,,0
NGC2133,OCl,87.869667,-71.175028,1.6,1.6,,12.04,,,Men,B,,0
NGC2134,GCl,87.990417,-71.097583,2.8,2.8,,11.05,,,Men,B,,0
NGC2135,GCl,88.397625,-67.429528,1.5,1.5,,12.05,,,Dor,V,,0
NGC2136,GCl,88.240625,-69.49275,2.8,2.5,140,10.7,,,Dor,V,,0
NGC2137,OCl,88.304792,-69.481972,1.1,1,30,12.66,,,Dor,V,,0
NGC2138,GCl,88.709083,-65.837111,1.2,1.2,,13.76,,,Dor,V,,0
NGC2139,G,90.282542,-23.672639,2.94,2.16,124,11.66,,,Lep,V,,0
NGC2140,OCl,88.567417,-68.599833,1.5,1.5,,12.44,,,Dor,V,,0
NGC2141,OCl,90.729417,10.446472,5.4,,,9.4,,,Ori,V,,0
NGC2142,*,90.460125,-10.597944,,,,4.94,,,Mon,V,,0
NGC2143,OCl,90.7565,5.831278,6.9,,,,,,Ori,,,0
NGC2144,G,85.238292,-82.119389,1.46,1.15,86,13.94,,,Men,B,,0
NGC2145,OCl,88.596083,-70.901028,1.5,1.5,,12.07,,,Men,V,,0
NGC2146,G,94.657125,78.357028,5.31,4.32,123,10.69,,,Cam,V,,0
NGC2146A,G,95.98,78.530111,2.72,1.1,32,12.89,,,Cam,V,,0
NGC2147,OCl,88.94,-68.201583,0.95,0.95,,12.94,,,Dor,V,,0
NGC2148,G,89.691042,-59.125944,1.17,0.82,157,14.6,,,Pic,B,,0
NGC2149,RfN,90.878292,-9.730583,3,2,,,,,Mon,,,0
NGC2150,G,88.943083,-69.560806,1.15,0.61,130,13.03,,,Dor,V,,0
NGC2151,OCl,89.085167,-69.017361,1.3,1.3,,,,,Dor,,,0
NGC2152,G,90.230375,-50.740917,1.12,0.77,71,14.76,,,Pic,B,,0
NGC2153,GCl,89.4655,-66.400667,1.5,1.5,,13.05,,,Dor,V,,0
NGC2154,GCl,89.406208,-67.263778,2.4,2.4,,11.79,,,Dor,V,,0
NGC2155,GCl,89.638375,-65.476472,2.4,2.4,,12.6,,,Dor,V,,0
NGC2156,GCl,89.457,-68.460806,2.1,2.1,,11.38,,,Dor,V,,0
NGC2157,GCl,89.394917,-69.197222,2.8,2.8,,10.16,,,Dor,V,,0
NGC2158,OCl,91.856708,24.096167,8.4,,,8.6,,,Gem,V,,0
NGC2159,GCl,89.516167,-68.622917,1.9,1.9,,11.38,,,Dor,V,,0
NGC2160,OCl,89.5535,-68.289583,1.4,1.4,,12.16,,,Dor,V,,0
NGC2161,GCl,88.929417,-74.353944,2.3,2.3,,12.95,,,Men,V,,0
NGC2162,GCl,90.125708,-63.721444,3,3,,12.7,,,Dor,V,,0
NGC2163,RfN,91.956417,18.657444,3,2,,,,,Ori,,,0
NGC2164,GCl,89.734417,-68.515889,2.8,2.8,,10.34,,,Dor,V,,0
NGC2165,OCl,92.767542,51.677306,,,,,,,Aur,,,0
NGC2166,OCl,89.89225,-67.942333,1.4,1.4,,12.86,,,Dor,V,,0
NGC2167,*,91.744,-6.202639,,,,6.58,,,Mon,V,,0
NGC2168,OCl,92.271083,24.338639,24,,,5.1,35,,Gem,V,,0
NGC2169,OCl,92.101458,13.964861,7.2,,,5.9,,,Ori,V,,0
NGC2170,RfN,91.882583,-6.399306,2,2,,,,,Mon,,,0
NGC2171,Other,89.7485,-70.719111,,,,,,,Men,,,0
NGC2172,OCl,90.024333,-68.636917,1.7,1.7,,11.75,,,Dor,V,,0
NGC2173,GCl,89.495333,-72.974528,2.6,2.6,,11.88,,,Men,V,,0
NGC2174,Neb,92.348417,20.659583,40,30,,,,猴头星云,Ori,,Monkey Head Nebula,0
NGC2175,Cl+N,92.414792,20.487583,5.4,,,6.8,,,Ori,V,,0
NGC2176,OCl,90.33075,-66.85325,1.1,1,20,,,,Dor,,,0
NGC2177,OCl,90.318708,-67.73325,1.5,1.4,160,12.83,,,Dor,V,,0
NGC2178,G,90.69825,-63.763694,1.27,1,73,13.65,,,Pic,B,,0
NGC2179,G,92.00925,-21.746694,1.99,1.44,165,12.35,,,Lep,V,,0
NGC2180,OCl,92.401042,4.711611,4.2,,,9,,,Ori,B,,0
NGC2181,GCl,90.681917,-65.264861,1.5,1.5,,13.64,,,Dor,V,,0
NGC2182,RfN,92.378958,-6.326444,3,2,,9,,,Mon,B,,0
NGC2183,HII,92.695542,-6.211833,12,,,15.15,,,Mon,B,,0
NGC2184,OCl,92.748625,-3.495167,6.6,,,,,,Ori,,,0
NGC2185,Neb,92.751958,-6.226861,2,2,,12.9,,,Mon,B,,0
NGC2186,OCl,93.029708,5.458583,4.2,,,8.7,,,Ori,V,,0
NGC2187,GPair,90.952083,-69.583333,3.33,,,,,,Dor,,,0
NGC2187A,G,90.934375,-69.588306,3.52,1.66,75,13.12,,,Dor,B,,0
NGC2187B,G,90.968417,-69.577444,2.67,2.18,87,13.29,,,Dor,B,,0
NGC2188,G,92.539708,-34.106194,5.42,1.33,177,11.67,,,Col,V,,0
NGC2189,Other,93.041625,1.065972,,,,,,,Ori,,,0
NGC2190,GCl,90.257458,-74.725417,2.2,2.2,,12.94,,,Men,V,,0
NGC2191,G,92.099458,-52.512306,1.77,0.86,122,12.3,,,Car,V,,0
NGC2192,OCl,93.822625,39.855222,5.4,,,10.9,,,Aur,V,,0
NGC2193,GCl,91.573,-65.098778,1.7,1.7,,13.42,,,Dor,V,,0
NGC2194,OCl,93.441292,12.806667,8.7,,,8.5,,,Ori,V,,0
NGC2195,**,93.640875,17.639389,,,,,,,Ori,,,0
NGC2196,G,93.040208,-21.805944,2.77,2.16,45,11.19,,,Lep,V,,0
NGC2197,GCl,91.530458,-67.097222,1.8,1.6,80,13.45,,,Dor,V,,0
NGC2198,Other,93.478792,0.994667,,,,,,,Ori,,,0
NGC2199,G,91.187292,-73.399833,2.21,0.88,38,13.77,,,Men,B,,0
NGC2200,G,93.32325,-43.663167,1.21,0.94,168,14.86,,,Pup,B,,0
NGC2201,G,93.381708,-43.704722,1.03,0.72,111,14.33,,,Pup,B,,0
NGC2202,OCl,94.211458,5.996167,4.8,,,,,,Ori,,,0
NGC2203,GCl,91.177292,-75.438417,3.2,3.2,,11.29,,,Men,V,,0
NGC2204,OCl,93.88425,-18.665861,6.3,,,8.6,,,CMa,V,,0
NGC2205,G,92.636375,-62.538417,1.3,0.99,77,13.72,,,Pic,B,,0
NGC2206,G,93.999333,-26.765472,2.45,1.07,136,12.23,,,CMa,V,,0
NGC2207,G,94.091792,-21.372667,4.86,2.71,116,11.06,,,CMa,V,,0
NGC2208,G,95.6445,51.909472,1.73,1,107,12.61,,,Aur,V,,0
NGC2209,GCl,92.149625,-73.838417,2.9,2.9,,13.15,,,Men,V,,0
NGC2210,GCl,92.880667,-69.121389,3.3,3.3,,10.94,,,Dor,V,,0
NGC2211,G,94.6265,-18.537278,1.39,0.73,24,13.71,,,CMa,B,,0
NGC2212,G,94.649,-18.519472,1.28,0.69,147,14.59,,,CMa,B,,0
NGC2213,OCl,92.67475,-71.528444,2.1,2.1,,12.38,,,Men,V,,0
NGC2214,OCl,93.237208,-68.260722,3.1,3.1,,10.93,,,Dor,V,,0
NGC2215,OCl,95.205208,-7.283778,8.4,,,8.45,,,Mon,V,,0
NGC2216,G,95.378083,-22.087444,1.43,1.11,20,13.69,,,CMa,B,,0
NGC2217,G,95.41575,-27.23375,4.63,4.12,113,10.57,,,CMa,V,,0
NGC2218,Other,96.172875,19.341306,,,,,,,Gem,,,0
NGC2219,OCl,95.934667,-4.677278,4.2,,,,,,Mon,,,0
NGC2220,Other,95.294833,-44.759778,4.2,,,,,,Pup,,,0
NGC2221,G,95.0655,-57.578417,2.41,0.51,179,13.87,,,Pic,B,,0
NGC2222,G,95.071083,-57.534472,1.35,0.38,148,14.22,,,Pic,B,,0
NGC2223,G,96.149625,-22.83825,2.82,2.25,9,11.87,,,CMa,V,,0
NGC2224,Other,96.869125,12.593389,,,,,,,Gem,,,0
NGC2225,OCl,96.643708,-9.63075,3.6,,,,,,Mon,,,0
NGC2226,OCl,96.656583,-9.642778,,,,,,,Mon,,,0
NGC2227,G,96.491583,-22.004833,2.27,1.21,21,12.15,,,CMa,V,,0
NGC2228,G,95.31475,-64.458833,0.99,0.84,42,14.61,,,Dor,B,,0
NGC2229,G,95.348667,-64.956667,1.24,0.52,132,14.41,,,Dor,B,,0
NGC2230,G,95.364833,-64.992778,1.32,0.65,93,14.09,,,Dor,B,,0
NGC2231,GCl,95.179042,-67.5185,2.1,2.1,,13.2,,,Dor,V,,0
NGC2232,OCl,97.004708,-4.847444,9.9,,,3.9,,,Mon,V,,0
NGC2233,G,95.416917,-65.033361,0.98,0.37,43,14.87,,,Dor,B,,0
NGC2234,OCl,97.340333,16.722861,4.2,,,,,,Gem,,,0
NGC2235,G,95.591292,-64.934417,1.41,1.15,57,14.01,,,Dor,B,,0
NGC2236,OCl,97.415417,6.830694,5.4,,,8.5,,,Mon,V,,0
NGC2237,Neb,97.727542,5.049167,80,50,,,,玫瑰星云,Mon,,Rosette A,0
NGC2238,HII,97.668208,5.013056,80,60,,6,,玫瑰星云,Mon,B,Rosette Nebula,0
NGC2239,Cl+N,97.9815,4.942944,9.3,,,4.8,,,Mon,V,,0
NGC2240,OCl,98.293958,35.250194,3.6,,,,,,Aur,,,0
NGC2241,OCl,95.714,-68.925389,1.6,1.6,,13.25,,,Dor,V,,0
NGC2242,PN,98.530167,44.777028,0.45,,,15,,,Aur,V,,0
NGC2243,OCl,97.393667,-31.281333,5.1,,,9.4,,,CMa,V,,0
NGC2244,Dup,97.9815,4.942944,,,,,,,Mon,,,0
NGC2245,RfN,98.171875,10.156639,2,2,,11,,,Mon,B,,0
NGC2246,Neb,98.140833,5.128278,10,10,90,,,,Mon,,Rosette B,0
NGC2247,RfN,98.271667,10.32225,2,2,,8.5,,,Mon,B,,0
NGC2248,Other,98.648958,26.304444,,,,,,,Gem,,,0
NGC2249,GCl,96.456542,-68.919778,2.3,2.3,,12.23,,,Dor,V,,0
NGC2250,OCl,98.457833,-5.084444,5.1,,,8.9,,,Mon,V,,0
NGC2251,OCl,98.660333,8.366389,5.7,,,7.3,,,Mon,V,,0
NGC2252,OCl,98.679042,5.36625,6.6,,,7.7,,,Mon,V,,0
NGC2253,G,100.924333,65.206278,1.43,1.05,130,12.92,,,Cam,B,,0
NGC2254,OCl,98.956917,7.673278,4.2,,,9.1,,,Mon,V,,0
NGC2255,G,98.494292,-34.812583,1.47,0.78,159,14.17,,,Col,B,,0
NGC2256,G,101.808208,74.236528,2.17,1.97,65,13.94,,,Cam,B,,0
NGC2257,GCl,97.55775,-64.325611,4,4,,12.62,,,Dor,V,,0
NGC2258,G,101.940833,74.481667,3.02,1.91,150,11.87,,,Cam,V,,0
NGC2259,OCl,99.589333,10.883611,6,,,10.8,,,Mon,V,,0
NGC2260,OCl,99.512792,-1.472833,,,,,,,Mon,,,0
NGC2261,RfN,99.789625,8.744333,2,1,,11.85,,哈勃变光星云,Mon,V,Hubble's Nebula,0
NGC2262,OCl,99.908667,1.143639,3.9,,,11.3,,,Mon,B,,0
NGC2263,G,99.620167,-24.848694,2.86,1.77,144,12.87,,,CMa,B,,0
NGC2264,Cl+N,100.242708,9.895472,11.4,,,3.9,,圣诞树星团,Mon,V,Christmas Tree Cluster,0
NGC2265,OCl,100.4235,11.904639,4.5,,,,,,Gem,,,0
NGC2266,OCl,100.830042,26.969556,4.2,,,9.5,,,Gem,V,,0
NGC2267,G,100.215417,-32.482278,1.71,1.44,110,13.25,,,CMa,B,,0
NGC2268,G,108.572667,84.382278,2.14,0.93,73,11.56,,,Cam,V,,0
NGC2269,OCl,100.821167,4.624306,4.8,,,10,,,Mon,V,,0
NGC2270,OCl,100.990667,3.4785,5.4,,,,,,Mon,,,0
NGC2271,G,100.720792,-23.476,1.77,1.29,78,13.18,,,CMa,B,,0
NGC2272,G,100.672083,-27.4595,2.19,1.54,118,11.94,,,CMa,V,,0
NGC2273,G,102.536083,60.845806,2.29,1.39,63,12.42,,,Lyn,V,,0
NGC2273A,G,100.029542,60.080667,2,1.19,119,13.19,,,Lyn,B,,0
NGC2273B,G,101.631583,60.340389,1.48,0.61,47,12.82,,,Lyn,V,,0
NGC2274,G,101.822375,33.567194,1.78,1.77,170,13.52,,,Gem,B,,0
NGC2275,G,101.824708,33.599222,2.51,0.78,3,13.62,,,Gem,B,,0
NGC2276,G,111.809833,85.754556,2.23,1.73,19,11.5,,,Cep,V,,0
NGC2277,Other,101.945958,33.451278,,,,,,,Gem,,,0
NGC2278,**,102.068417,33.394306,,,,,,,Gem,,,0
NGC2279,Other,102.103542,33.41525,,,,,,,Gem,,,0
NGC2280,G,101.204625,-27.638611,6.53,2.84,164,11.12,,,CMa,V,,0
NGC2281,OCl,102.074333,41.078861,10.8,,,5.4,,,Aur,V,,0
NGC2282,HII,101.714875,1.316,3,3,,10,,,Mon,B,,0
NGC2283,G,101.469542,-18.210333,2.76,2.01,178,12.95,,,CMa,B,,0
NGC2284,Other,102.289833,33.193806,,,,,,,Gem,,,0
NGC2285,**,102.400083,33.364667,,,,,,,Gem,,,0
NGC2286,OCl,101.917375,-3.147667,5.4,,,7.5,,,Mon,V,,0
NGC2287,OCl,101.49975,-20.754222,12,,,4.5,41,,CMa,V,,0
NGC2288,G,102.7165,33.462444,0.17,0.17,105,14.36,,,Gem,V,,0
NGC2289,G,102.723375,33.478667,1.21,0.81,110,13.18,,,Gem,V,,0
NGC2290,G,102.737167,33.437583,0.81,0.52,57,13.03,,,Gem,V,,0
NGC2291,G,102.744333,33.525083,0.93,0.89,165,13.21,,,Gem,V,,0
NGC2292,G,101.915208,-26.74625,4.34,3.78,154,11.83,,,CMa,B,,0
NGC2293,G,101.928792,-26.754361,4.41,3.44,130,11.04,,,CMa,V,,0
NGC2294,G,102.797083,33.527111,0.91,0.33,5,13.84,,,Gem,V,,0
NGC2295,G,101.847583,-26.73625,2.31,0.64,49,13.59,,,CMa,B,,0
NGC2296,G,102.162958,-16.901611,1.2,0.96,20,13,,,CMa,B,,0
NGC2297,G,101.102458,-63.717333,1.48,0.9,4,12.71,,,Pic,V,,0
NGC2298,GCl,102.246667,-36.005306,4.8,,,8.89,,,Pup,V,,0
NGC2299,OCl,102.973667,-7.082722,4.8,,,8.9,,,Mon,V,,0
NGC2300,G,113.083208,85.7095,3.05,2.34,74,11.16,,,Cep,V,,0
NGC2301,OCl,102.93875,0.459194,10.2,,,6,,,Mon,V,Great Bird Cluster,0
NGC2302,Dup,102.973667,-7.082722,,,,,,,Mon,,,0
NGC2303,G,104.072917,45.49275,1.53,1.36,71,13.96,,,Aur,B,,0
NGC2304,OCl,103.798375,17.992778,4.8,,,10,,,Gem,V,,0
NGC2305,G,102.155708,-64.273194,1.94,1.04,137,11.7,,,Vol,V,,0
NGC2306,OCl,103.623167,-7.204139,6.6,,,,,,Mon,,,0
NGC2307,G,102.211625,-64.335528,1.85,1.72,145,12.08,,,Vol,V,,0
NGC2308,G,104.656625,45.210556,1.47,0.98,171,14.47,,,Lyn,B,,0
NGC2309,OCl,104.015042,-7.174306,5.4,,,10.5,,,Mon,V,,0
NGC2310,G,103.474833,-40.862611,4.52,0.95,46,11.81,,,Pup,V,,0
NGC2311,OCl,104.448125,-4.611333,6,,,9.6,,,Mon,V,,0
NGC2312,OCl,104.69475,10.294472,3,,,,,,Mon,,,0
NGC2313,*,104.511667,-7.945028,,,,14.2,,,Mon,B,,0
NGC2314,G,107.635625,75.326667,1.32,1.03,17,12.13,,,Cam,V,,0
NGC2315,G,105.63775,50.590583,1.57,0.3,116,14.41,,,Lyn,B,,0
NGC2316,Neb,104.920208,-7.77775,4,3,,,,,Mon,,,0
NGC2317,Neb,104.923292,-7.7745,,,,,,,Mon,,,0
NGC2318,OCl,104.862583,-13.698389,4.5,,,,,,CMa,,,0
NGC2319,OCl,105.134208,3.042194,6,,,11.85,,,Mon,V,,0
NGC2320,G,106.425125,50.581056,1.48,0.83,138,11.94,,,Lyn,V,,0
NGC2321,G,106.495833,50.756028,1.28,1.04,128,14.96,,,Lyn,B,,0
NGC2322,G,106.50125,50.510306,1.11,0.41,134,14.54,,,Lyn,B,,0
NGC2323,OCl,105.668625,-8.364028,14.1,,,5.9,50,,Mon,V,,0
NGC2324,OCl,106.033167,1.044611,8.7,,,8.4,,,Mon,V,,0
NGC2325,G,105.668333,-28.697222,3.97,2.31,4,11.18,,,CMa,V,,0
NGC2326,G,107.045917,50.681944,2.05,1.69,105,14.19,,,Lyn,B,,0
NGC2326A,G,107.142542,50.631389,0.81,0.64,6,15.46,,,Lyn,B,,0
NGC2327,RfN,106.030083,-11.314111,1,1,,,,,CMa,,,0
NGC2328,G,105.650833,-42.068556,1.59,1.44,120,12.55,,,Pup,V,,0
NGC2329,G,107.283375,48.615417,1.41,1.17,175,12.51,,,Lyn,V,,0
NGC2330,G,107.368333,50.152528,0.65,0.52,55,13.05,,,Lyn,V,,0
NGC2331,OCl,106.749292,27.261583,4.8,,,8.5,,,Gem,V,,0
NGC2332,G,107.392333,50.182278,1.72,1.17,65,13.93,,,Lyn,B,,0
NGC2333,G,107.088917,35.170028,1,0.7,38,14.05,,,Gem,B,,0
NGC2334,G,107.890208,50.24825,1.2,0.87,70,14.56,,,Lyn,B,,0
NGC2335,OCl,106.706042,-10.028639,8.7,,,7.2,,,Mon,V,,0
NGC2336,G,111.766875,80.178083,5.01,2.81,175,10.68,,,Cam,V,,0
NGC2337,G,107.556583,44.457306,2.18,1.61,114,12.53,,,Lyn,V,,0
NGC2338,OCl,106.947375,-5.719722,3.3,,,,,,Mon,,,0
NGC2339,G,107.085583,18.78025,2.42,1.53,180,11.76,,,Gem,V,,0
NGC2340,G,107.795125,50.17475,3.16,1.64,71,11.73,,,Lyn,V,,0
NGC2341,G,107.300167,20.602917,0.82,0.79,60,13.21,,,Gem,V,,0
NGC2342,G,107.325333,20.635972,1.17,0.84,66,12.64,,,Gem,V,,0
NGC2343,OCl,107.028333,-10.616806,7.5,,,6.7,,,Mon,V,,0
NGC2344,G,108.119417,47.166694,2.07,1.87,145,12.08,,,Lyn,V,,0
NGC2345,OCl,107.078292,-13.19375,6.9,,,7.7,,,CMa,V,,0
NGC2346,PN,107.345875,-0.809139,0.87,,,11.6,,,Mon,V,,0
NGC2347,G,109.015375,64.708917,1.64,1.19,5,12.55,,,Cam,V,,0
NGC2348,OCl,105.7605,-67.393944,5.7,,,,,,Vol,,,0
NGC2349,OCl,107.700625,-8.59325,5.1,,,,,,Mon,,,0
NGC2350,G,108.300792,12.266083,1.38,0.7,110,14.02,,,CMi,B,,0
NGC2351,OCl,108.383458,-10.491417,3,,,,,,Mon,,,0
NGC2352,OCl,108.272667,-24.046083,4.8,,,,,,CMa,,,0
NGC2353,OCl,108.626292,-10.265861,6.6,,,7.1,,,Mon,V,,0
NGC2354,OCl,108.521958,-25.688917,4.8,,,6.5,,,CMa,V,,0
NGC2355,OCl,109.246917,13.749861,6,,,9.7,,,Gem,V,,0
NGC2356,Dup,109.246917,13.749861,,,,,,,Gem,,,0
NGC2357,G,109.420792,23.35675,3.22,0.48,120,14.46,,,Gem,B,,0
NGC2358,OCl,109.234708,-17.117083,9.6,,,,,,CMa,,,0
NGC2359,HII,109.629083,-13.227194,10,5,,,,雷神之盔星云,CMa,,,0
NGC2360,OCl,109.429667,-15.641306,9,,,7.2,,,CMa,V,Caroline's Cluster,0
NGC2361,Neb,109.599167,-13.209556,,,,,,,CMa,,,0
NGC2362,OCl,109.672792,-24.954194,7.2,,,4.1,,,CMa,V,,0
NGC2363,G,112.123292,69.192861,1.13,0.64,17,15.5,,,Cam,B,,0
NGC2364,OCl,110.193625,-7.549722,,,,,,,Mon,,,0
NGC2365,G,110.593958,22.083278,2.75,1.47,170,12.19,,,Gem,V,,0
NGC2366,G,112.22775,69.215778,4.37,1.44,31,11.17,,,Cam,V,,0
NGC2367,OCl,110.018917,-21.884083,5.4,,,7.9,,,CMa,V,,0
NGC2368,OCl,110.27625,-10.371778,4.5,,,11.8,,,Mon,V,,0
NGC2369,G,109.157208,-62.343722,3.03,0.68,175,12.26,,,Car,V,,0
NGC2369A,G,109.681417,-62.936278,2.01,1.21,37,13.69,,,Car,B,,0
NGC2369B,G,110.123458,-62.053972,1.48,1.24,3,14.35,,,Car,V,,0
NGC2370,G,111.256917,23.783222,1.2,0.7,44,14.23,,,Gem,B,,0
NGC2371,PN,111.394417,29.490639,2.2,0.96,125,11.2,,,Gem,V,,0
NGC2372,Dup,111.394417,29.490639,,,,,,,Gem,,,0
NGC2373,G,111.653958,33.823694,0.59,0.42,176,14.56,,,Gem,B,,0
NGC2374,OCl,110.983625,-13.263361,9,,,8,,,CMa,V,,0
NGC2375,G,111.7895,33.831806,1,0.8,65,14.86,,,Gem,B,,0
NGC2376,G,111.649625,23.072944,0.65,0.57,31,14.67,,,Gem,B,,0
NGC2377,G,111.23675,-9.659306,1.6,1.11,3,14.56,,,Mon,V,,0
NGC2378,**,111.850833,33.831583,,,,,,,Gem,,,0
NGC2379,G,111.859417,33.81125,0.98,0.7,121,13.62,,,Gem,V,,0
NGC2380,G,110.978125,-27.529056,2.52,2.4,150,11.12,,,CMa,V,,0
NGC2381,G,109.988792,-63.067028,1.53,1.24,107,12.65,,,Car,V,,0
NGC2382,Dup,110.978125,-27.529056,,,,,,,CMa,,,0
NGC2383,OCl,111.16625,-20.947639,4.2,,,8.4,,,CMa,V,,0
NGC2384,OCl,111.290958,-21.019861,4.8,,,7.4,,,CMa,V,,0
NGC2385,G,112.116958,33.837806,0.94,0.68,53,15.12,,,Gem,B,,0
NGC2386,Other,112.158,33.773806,,,,,,,Gem,,,0
NGC2387,G,112.241375,36.879806,0.48,0.44,145,16.5,,,Aur,V,,0
NGC2388,G,112.222667,33.819083,0.87,0.56,66,14.66,,,Gem,B,,0
NGC2389,G,112.269375,33.860972,1.56,0.89,79,12.92,,,Gem,V,,0
NGC2390,*,112.267792,33.836806,,,,,,,Gem,,,0
NGC2391,*,112.281208,33.825944,,,,,,,Gem,,,0
NGC2392,PN,112.294833,20.911833,0.86,,,9.61,,爱斯基摩星云,Gem,V,Eskimo Nebula,0
NGC2393,G,112.519292,34.027778,1.07,0.67,103,14.84,,,Gem,B,,0
NGC2394,OCl,112.152125,7.086556,,,,,,,CMi,,,0
NGC2395,OCl,111.803542,13.608194,4.62,,,8,,,Gem,V,,0
NGC2396,OCl,112.012167,-11.719667,6.6,,,7.4,,,Pup,V,,0
NGC2397,G,110.33325,-69.001472,2.51,0.76,116,11.97,,,Vol,V,,0
NGC2397A,G,110.282958,-69.115333,1.1,0.84,169,14.85,,,Vol,B,,0
NGC2397B,G,110.481542,-68.845806,1.2,0.57,99,14.99,,,Vol,B,,0
NGC2398,G,112.567333,24.487889,1.2,0.74,126,15.19,,,Gem,B,,0
NGC2399,Other,112.459042,-0.214361,,,,,,,CMi,,,0
NGC2400,Other,112.478583,-0.214722,,,,,,,CMi,,,0
NGC2401,OCl,112.351667,-13.966222,2.7,,,12.6,,,Pup,V,,0
NGC2402,GPair,112.696667,9.650556,1.5,,,,,,CMi,,,0
NGC2402 NED01,G,112.694083,9.646889,1.23,0.72,55,15.29,,,CMi,B,,0
NGC2402 NED02,G,112.699167,9.653611,0.91,0.68,16,15.4,,,CMi,B,,0
NGC2403,G,114.214167,65.602556,19.95,10.07,126,8.43,,,Cam,V,,0
NGC2404,HII,114.278042,65.610806,,,,,,,Cam,,,0
NGC2405,G,113.05825,25.906389,0.94,0.55,100,14.82,,,Gem,B,,0
NGC2406,G,112.948917,18.287917,0.69,0.61,53,15.36,,,Gem,B,,0
NGC2407,G,112.986125,18.333083,1.37,0.95,66,15.09,,,Gem,B,,0
NGC2408,OCl,115.133,71.668194,,,,,,,Cam,,,0
NGC2409,OCl,112.903,-17.190417,0.11,,,7.3,,,Pup,V,,0
NGC2410,G,113.759417,32.822111,2.17,0.65,33,16.26,,,Gem,V,,0
NGC2411,G,113.651375,18.281556,1,0.65,48,14.4,,,Gem,B,,0
NGC2412,*,113.5895,8.547778,,,,,,,CMi,,,0
NGC2413,OCl,113.31875,-13.095556,4.8,,,,,,Pup,,,0
NGC2414,OCl,113.303333,-15.453861,5.4,,,7.9,,,Pup,V,,0
NGC2415,G,114.236208,35.241972,0.83,0.83,5,12.39,,,Lyn,V,,0
NGC2416,G,113.923,11.612028,0.87,0.18,95,14.26,,,CMi,B,,0
NGC2417,G,112.550375,-62.252639,2.48,1.78,83,12.28,,,Car,V,,0
NGC2418,G,114.156292,17.883917,1.59,1.53,65,13.65,,,Gem,B,,0
NGC2419,GCl,114.533125,38.879972,4.5,,,10.05,,,Lyn,V,,0
NGC2420,OCl,114.599583,21.574083,7.5,,,8.3,,,Gem,V,,0
NGC2421,OCl,114.049208,-20.61225,5.1,,,8.3,,,Pup,V,,0
NGC2422,OCl,114.145917,-14.482611,19.8,,,4.4,47,,Pup,V,,0
NGC2423,OCl,114.278042,-13.8715,11.7,,,6.7,,,Pup,V,,0
NGC2424,G,115.163708,39.233306,3.37,0.52,82,12.63,,,Lyn,V,,0
NGC2425,OCl,114.573458,-14.877833,5.4,,,,,,Pup,,,0
NGC2426,G,115.826917,52.3185,1.1,1.1,30,14.37,,,Lyn,B,,0
NGC2427,G,114.117417,-47.635556,5.74,2.46,122,11.48,,,Pup,V,,0
NGC2428,OCl,114.840708,-16.529028,4.5,,,,,,Pup,,,0
NGC2429,GPair,115.957083,52.353056,2.3,,,,,,Lyn,,,0
NGC2429A,G,115.94825,52.357417,1.68,0.31,147,14.61,,,Lyn,B,,0
NGC2429B,G,115.965958,52.348472,0.41,0.22,55,15,,,Lyn,B,,0
NGC2430,OCl,114.921042,-16.296056,4.2,,,,,,Pup,,,0
NGC2431,G,116.305792,53.075111,0.86,0.78,115,14.49,,,Lyn,B,,0
NGC2432,OCl,115.224458,-19.069083,5.4,,,10.2,,,Pup,V,,0
NGC2433,Other,115.681792,9.25925,,,,,,,CMi,,,0
NGC2434,G,113.713167,-69.284139,2.69,2.2,140,11.34,,,Vol,V,,0
NGC2435,G,116.056583,31.651111,2.17,0.42,36,13.39,,,Gem,B,,0
NGC2436,Dup,116.305792,53.075111,,,,,,,Lyn,,,0
NGC2437,OCl,115.445083,-14.81,21,,,6.1,46,,Pup,V,,0
NGC2438,PN,115.459958,-14.735778,1.07,,,10.8,,,Pup,V,,0
NGC2439,OCl,115.189208,-31.692417,8.7,,,6.9,,,Pup,V,,0
NGC2440,PN,115.480667,-18.208472,0.27,,,9.4,,,Pup,V,,0
NGC2441,G,117.978083,73.015694,1.98,1.81,155,12.19,,,Cam,V,,0
NGC2442,G,114.099333,-69.530833,4.68,3.09,23,10.63,,,Vol,V,,0
NGC2443,Dup,114.099333,-69.530833,,,,,,,Vol,,,0
NGC2444,G,116.721,39.031861,1.07,0.66,35,13.22,,,Lyn,V,,0
NGC2445,G,116.729583,39.015167,1.86,1.12,167,13.24,,,Lyn,V,,0
NGC2446,G,117.1635,54.611917,1.75,0.91,128,13.8,,,Lyn,B,,0
NGC2447,OCl,116.121792,-23.853083,15,,,6.2,93,,Pup,V,,0
NGC2448,OCl,116.138292,-24.673167,6,,,,,,Pup,,,0
NGC2449,G,116.8345,26.930167,1.44,0.57,135,14.11,,,Gem,B,,0
NGC2450,G,116.8845,27.019139,0.97,0.3,156,15.16,,,Gem,B,,0
NGC2451,OCl,116.312542,-37.967444,37.5,,,9.5,,,Pup,V,,0
NGC2452,PN,116.859875,-27.334,0.32,,,12,,,Pup,V,,0
NGC2453,OCl,116.892208,-27.194806,3,,,8.3,,,Pup,V,,0
NGC2454,G,117.645917,16.368583,1.18,0.51,101,14.47,,,Gem,B,,0
NGC2455,OCl,117.244167,-21.297944,4.5,,,10.2,,,Pup,V,,0
NGC2456,G,118.544417,55.495306,1.15,0.79,30,14.27,,,Lyn,B,,0
NGC2457,G,118.690542,55.546556,0.5,0.26,131,15.81,,,Lyn,B,,0
NGC2458,G,118.964042,56.710611,0.46,0.33,145,16,,,Lyn,B,,0
NGC2459,OCl,118.007375,9.557417,2.7,,,,,,CMi,,,0
NGC2460,G,119.217875,60.349389,1.83,1.37,43,11.71,,,Cam,V,,0
NGC2461,*,119.109417,56.673306,,,,,,,Lyn,,,0
NGC2462,G,119.133583,56.687111,0.6,0.35,155,14.93,,,Lyn,B,,0
NGC2463,G,119.302,56.676528,0.6,0.6,145,14.78,,,Lyn,B,,0
NGC2464,Other,119.386208,56.690556,,,,,,,Lyn,,,0
NGC2465,*,119.35875,56.822472,,,,,,,Lyn,,,0
NGC2466,G,116.316875,-71.410417,1.51,1.46,45,13.14,,,Vol,V,,0
NGC2467,Cl+N,118.097625,-26.443333,4.2,,,,,,Pup,,,0
NGC2468,G,119.51025,56.359583,1.51,0.52,50,14.76,,,Lyn,B,,0
NGC2469,G,119.51425,56.680472,0.9,0.64,163,13.16,,,Lyn,B,,0
NGC2470,G,118.586542,4.459694,1.95,0.6,127,12.69,,,CMi,V,,0
NGC2471,**,119.637333,56.776167,,,,,,,Lyn,,,0
NGC2472,G,119.674583,56.701306,0.65,0.56,14,15.37,,,Lyn,B,,0
NGC2473,G,118.895125,56.735806,0.52,0.38,80,,,,Lyn,,,0
NGC2474,G,119.495625,52.857278,1.14,1.02,130,14.09,,,Lyn,B,,0
NGC2475,G,119.501833,52.861694,1.07,0.96,68,13.11,,,Lyn,V,,0
NGC2476,G,119.18825,39.927889,1.26,0.68,143,12.62,,,Lyn,V,,0
NGC2477,OCl,118.04075,-38.53325,18.6,,,5.8,,,Pup,V,,0
NGC2478,Dup,114.145917,-14.482611,,,,,,,Pup,,,0
NGC2479,OCl,118.775292,-17.707806,6.3,,,9.6,,,Pup,V,,0
NGC2480,G,119.2935,23.779806,1.32,0.51,163,15,,,Gem,B,,0
NGC2481,G,119.307292,23.767778,1.4,0.58,19,12.5,,,Gem,V,,0
NGC2482,OCl,118.793208,-24.254639,6.6,,,7.3,,,Pup,V,,0
NGC2483,OCl,118.911625,-27.886833,3.3,,,7.6,,,Pup,V,,0
NGC2484,G,119.617125,37.786611,1.69,1.04,141,13.13,,,Lyn,V,,0
NGC2485,G,119.20275,7.477944,1.57,1.46,5,13.21,,,CMi,B,,0
NGC2486,G,119.485375,25.160861,1.49,0.85,89,13.47,,,Gem,V,,0
NGC2487,G,119.58525,25.149222,1.73,1.39,55,12.6,,,Gem,V,,0
NGC2488,G,120.441583,56.553861,1.45,0.83,100,12.45,,,Lyn,V,,0
NGC2489,OCl,119.06225,-30.060833,4.2,,,7.9,,,Pup,V,,0
NGC2490,G,119.824458,27.077861,0.63,0.47,23,15.09,,,Gem,B,,0
NGC2491,G,119.614083,7.983806,0.69,0.53,78,15.9,,,CMi,B,,0
NGC2492,G,119.873792,27.026444,1.11,0.88,100,12.74,,,Gem,V,,0
NGC2493,G,120.098458,39.830417,1.87,1.85,30,12.06,,,Lyn,V,,0
NGC2494,G,119.77975,-0.637917,0.97,0.8,89,14.28,,,Mon,B,,0
NGC2495,G,120.138125,39.840028,0.55,0.32,23,15.15,,,Lyn,V,,0
NGC2496,G,119.655625,8.029806,1.86,1.48,173,14.7,,,CMi,B,,0
NGC2497,G,120.546375,56.942333,1.58,1.36,25,14.41,,,Lyn,B,,0
NGC2498,G,119.911875,24.982333,1.04,0.67,127,14.28,,,Gem,B,,0
NGC2499,G,119.715458,7.493306,0.86,0.6,175,15.03,,,CMi,B,,0
NGC2500,G,120.471708,50.737111,2.47,2.34,15,11.65,,,Lyn,V,,0
NGC2501,G,119.625167,-14.354278,1.73,1.16,120,14.5,,,Pup,B,,0
NGC2502,G,118.964667,-52.306778,2.21,1.12,118,11.96,,,Car,V,,0
NGC2503,G,120.152833,22.400056,0.95,0.79,4,14.83,,,Cnc,B,,0
NGC2504,G,119.967917,5.608111,0.62,0.37,126,14.21,,,CMi,B,,0
NGC2505,G,121.0285,53.549222,1.19,0.57,1,14.26,,,Lyn,B,,0
NGC2506,OCl,120.007417,-10.769639,10.8,,,7.6,,,Mon,V,,0
NGC2507,G,120.405042,15.70975,1.52,1.43,60,13.92,,,Cnc,B,,0
NGC2508,G,120.488417,8.551889,1.95,1.55,126,13.98,,,CMi,B,,0
NGC2509,OCl,120.19925,-19.050528,4.8,,,9.3,,,Pup,V,,0
NGC2510,G,120.5445,9.485972,0.97,0.67,114,14.54,,,CMi,B,,0
NGC2511,G,120.562542,9.394417,1.04,0.57,118,14.91,,,CMi,B,,0
NGC2512,G,120.782708,23.391833,1.35,0.78,116,13.15,,,Cnc,V,,0
NGC2513,G,120.602792,9.413556,1.91,1.43,153,11.63,,,Cnc,V,,0
NGC2514,G,120.706833,15.808278,1.2,1.13,30,13.45,,,Cnc,V,,0
NGC2515,**,120.838708,20.188,,,,,,,Cnc,,,0
NGC2516,OCl,119.529417,-60.753472,24.3,,,3.8,,,Car,V,,0
NGC2517,G,120.696125,-12.317833,1.74,1.49,44,11.92,,,Pup,V,,0
NGC2518,G,121.834375,51.131611,1.28,1.04,35,14.18,,,Lyn,B,,0
NGC2519,*,121.995125,51.128222,,,,,,,Lyn,,,0
NGC2520,OCl,121.242417,-28.146667,9.3,,,6.5,,,Pup,V,,0
NGC2521,G,122.205708,57.769611,0.96,0.54,35,13.1,,,Lyn,V,,0
NGC2522,G,121.556,17.706583,1.15,0.33,33,14.1,,,Cnc,B,,0
NGC2523,G,123.750375,73.578972,2.79,1.78,66,11.9,,,Cam,V,,0
NGC2523A,G,121.03525,74.047778,1.11,0.95,80,14.44,,,Cam,B,,0
NGC2523B,G,123.237875,73.56325,1.87,0.25,91,14.7,,,Cam,B,,0
NGC2523C,G,124.434542,73.317611,1.49,0.87,92,14.2,,,Cam,B,,0
NGC2524,G,122.039958,39.157444,1.47,1.03,124,12.7,,,Lyn,V,,0
NGC2525,G,121.4085,-11.427028,3.08,2.17,71,11.47,,,Pup,V,,0
NGC2526,G,121.744292,8.003944,0.91,0.46,137,14.58,,,Cnc,B,,0
NGC2527,Dup,121.242417,-28.146667,,,,,,,Pup,,,0
NGC2528,G,121.853458,39.194472,1.39,1.24,86,13.46,,,Lyn,B,,0
NGC2529,Other,121.954625,17.820833,,,,,,,Cnc,,,0
NGC2530,G,121.981708,17.8185,1.4,0.95,171,14.62,,,Cnc,B,,0
NGC2531,Other,122.004583,17.820611,,,,,,,Cnc,,,0
NGC2532,G,122.56325,33.956639,1.66,1.36,26,12.67,,,Lyn,V,,0
NGC2533,OCl,121.767083,-29.883861,4.98,,,7.6,,,Pup,V,,0
NGC2534,G,123.225625,55.672056,1.4,1.3,50,12.97,,,Lyn,V,,0
NGC2535,G,122.806208,25.206806,1.93,0.94,62,12.69,,,Cnc,V,,0
NGC2536,G,122.816333,25.179361,0.73,0.45,53,14.14,,,Cnc,V,,0
NGC2537,G,123.311,45.989806,2.07,1.96,165,11.71,,,Lyn,V,"Bear Claw Nebula,Bear-Paw Galaxy",0
NGC2537A,G,123.420958,45.99375,0.55,0.5,115,15.7,,,Lyn,V,,0
NGC2538,G,122.846125,3.633194,1.58,1.12,30,13.75,,,CMi,B,,0
NGC2539,OCl,122.654083,-12.820667,12.3,,,6.5,,,Pup,V,,0
NGC2540,G,123.1935,26.361778,1.24,0.65,123,14.4,,,Cnc,B,,0
NGC2541,G,123.667167,49.061722,3.02,1.6,170,11.7,,,Lyn,V,,0
NGC2542,**,122.818292,-12.927083,,,,4.72,,,Pup,V,,0
NGC2543,G,123.241333,36.254639,2.43,1.13,52,12.39,,,Lyn,V,,0
NGC2544,G,125.418083,73.988361,1.53,1.06,67,12.91,,,Cam,V,,0
NGC2545,G,123.559,21.355472,1.95,1.06,169,12.45,,,Cnc,V,,0
NGC2546,OCl,123.065125,-37.594306,16.5,,,6.3,,,Pup,V,,0
NGC2547,OCl,122.539542,-49.205667,7.8,,,4.7,,,Vel,V,,0
NGC2548,OCl,123.429917,-5.750444,28.2,,,5.8,48,,Hya,V,,0
NGC2549,G,124.743125,57.803056,3.63,0.92,179,11.14,,,Lyn,V,,0
NGC2550,G,126.141083,74.012278,0.95,0.36,105,13.05,,,Cam,B,,0
NGC2550A,G,127.166417,73.748,1.6,1.33,174,13.41,,,Cam,B,,0
NGC2551,G,126.2095,73.412028,1.57,1.09,53,12.11,,,Cam,V,,0
NGC2552,G,124.835542,50.009639,2.99,1.61,60,12.25,,,Lyn,V,,0
NGC2553,G,124.395833,20.903083,1.11,0.67,57,14.7,,,Cnc,B,,0
NGC2554,G,124.472875,23.472139,2.04,1.31,154,12.02,,,Cnc,V,,0
NGC2555,G,124.485042,0.745694,1.85,1.39,111,13.4,,,Hya,B,,0
NGC2556,G,124.753542,20.936972,0.62,0.4,126,15.45,,,Cnc,B,,0
NGC2557,G,124.794792,21.435778,1.08,0.87,50,14.32,,,Cnc,B,,0
NGC2558,G,124.803167,20.51075,1.43,0.92,159,13.02,,,Cnc,V,,0
NGC2559,G,124.275292,-27.455833,2.81,1.34,7,11.33,,,Pup,V,,0
NGC2560,G,124.966208,20.984972,1.6,0.38,92,13.28,,,Cnc,V,,0
NGC2561,G,124.904042,4.657222,1.06,0.58,142,13.94,,,Hya,B,,0
NGC2562,G,125.098583,21.131472,1.03,0.79,1,12.98,,,Cnc,V,,0
NGC2563,G,125.148708,21.067806,2.02,1.68,79,12.31,,,Cnc,V,,0
NGC2564,G,124.625042,-21.816111,1.36,0.86,60,14.69,,,Pup,B,,0
NGC2565,G,124.951333,22.031444,1.67,0.73,166,12.48,,,Cnc,V,,0
NGC2566,G,124.69025,-25.499528,3.98,2.75,56,10.81,,,Pup,V,,0
NGC2567,OCl,124.646583,-30.635611,6,,,7.4,,,Pup,V,,0
NGC2568,OCl,124.5755,-37.105389,,,,,,,Pup,,,0
NGC2569,G,125.338083,20.8675,0.72,0.55,118,15.12,,,Cnc,B,,0
NGC2570,G,125.343917,20.910556,0.7,0.37,71,14.67,,,Cnc,V,,0
NGC2571,OCl,124.734792,-29.749278,7.2,,,7,,,Pup,V,,0
NGC2572,G,125.352625,19.147778,1.22,0.52,135,14.72,,,Cnc,B,,0
NGC2573,G,25.405542,-89.334528,1.92,0.74,78,13.53,,,Oct,V,Polarissima Australis,0
NGC2573B,G,346.88675,-89.1165,1.13,0.35,122,15.33,,,Oct,B,,0
NGC2574,G,125.200667,-8.918472,2.17,1.08,172,13.22,,,Hya,B,,0
NGC2575,G,125.687333,24.296917,1.37,1.08,129,12.98,,,Cnc,V,,0
NGC2576,G,125.740417,25.738722,1.61,0.3,40,15.15,,,Cnc,B,,0
NGC2577,G,125.681042,22.553083,1.55,0.88,105,12.42,,,Cnc,V,,0
NGC2578,G,125.351125,-13.317861,2.19,1.1,83,12.59,,,Pup,V,,0
NGC2579,Cl+N,125.221083,-36.217139,3.3,,,,,,Pup,,,0
NGC2580,OCl,125.36625,-30.293472,3,,,9.7,,,Pup,V,,0
NGC2581,G,126.128917,18.597083,0.96,0.7,4,14.43,,,Cnc,B,,0
NGC2582,G,126.300292,20.33475,1.19,1.13,135,13.11,,,Cnc,V,,0
NGC2583,G,125.783042,-5.002389,0.86,0.75,18,13.44,,,Hya,V,,0
NGC2584,G,125.814375,-4.9705,0.99,0.54,179,14.99,,,Hya,B,,0
NGC2585,G,125.8595,-4.915222,1.55,0.57,119,14.49,,,Hya,B,,0
NGC2586,Other,125.880875,-4.951944,,,,,,,Hya,,,0
NGC2587,OCl,125.850333,-29.508722,6,,,9.2,,,Pup,V,,0
NGC2588,OCl,125.789875,-32.975167,3.9,,,11.8,,,Pup,V,,0
NGC2589,Other,126.122792,-8.767917,,,,,,,Hya,,,0
NGC2590,G,126.258333,-0.591389,2.08,0.51,77,13.01,,,Hya,V,,0
NGC2591,G,129.356375,78.026417,2.95,0.64,33,12.66,,,Cam,B,,0
NGC2592,G,126.783542,25.970306,1.47,1.19,47,13.55,,,Cnc,B,,0
NGC2593,G,126.699292,17.374917,0.97,0.53,171,14.83,,,Cnc,B,,0
NGC2594,G,126.8215,25.878806,0.91,0.56,20,14.93,,,Cnc,B,,0
NGC2595,G,126.925083,21.479111,1.66,1.12,175,12.39,,,Cnc,V,,0
NGC2596,G,126.8605,17.284083,1.38,0.51,64,13.48,,,Cnc,V,,0
NGC2597,**,127.489208,21.501889,,,,,,,Cnc,,,0
NGC2598,G,127.5105,21.488667,1.19,0.38,3,13.61,,,Cnc,V,,0
NGC2599,G,128.047083,22.560556,1.56,1.32,108,12.2,,,Cnc,V,,0
NGC2600,G,128.687708,52.715694,1.21,0.41,72,15.05,,,UMa,B,,0
NGC2601,G,126.37775,-68.117667,1.69,1.15,114,13.43,,,Vol,B,,0
NGC2602,G,128.767708,52.831528,0.65,0.41,26,15.45,,,UMa,B,,0
NGC2603,G,128.629958,52.840222,0.4,0.34,164,16.82,,,UMa,B,,0
NGC2604,G,128.346417,29.538806,1.48,1.37,50,14.92,,,Cnc,V,,0
NGC2604B,G,128.398583,29.499694,0.56,0.23,58,15.71,,,Cnc,B,,0
NGC2605,G,128.722125,52.804306,0.45,0.35,27,16.43,,,UMa,B,,0
NGC2606,G,128.8935,52.788917,0.87,0.45,56,14.9,,,UMa,B,,0
NGC2607,G,128.486083,26.972667,0.84,0.8,160,14.95,,,Cnc,B,,0
NGC2608,G,128.822208,28.473417,1.95,0.95,64,12.25,,,Cnc,V,,0
NGC2609,OCl,127.373542,-61.110222,3.6,,,,,,Car,,,0
NGC2610,PN,128.3475,-16.149444,0.63,,,12.7,,,Hya,V,,0
NGC2611,G,128.871542,25.0275,0.8,0.26,51,15.28,,,Cnc,B,,0
NGC2612,G,128.45875,-13.174528,2.6,0.8,117,12.91,,,Hya,B,,0
NGC2613,G,128.345167,-22.973667,7.62,1.79,113,10.38,,,Pyx,V,,0
NGC2614,G,130.699792,72.976472,2.04,1.67,132,13.89,,,UMa,B,,0
NGC2615,G,128.638958,-2.546806,1.2,0.82,44,13.38,,,Hya,B,,0
NGC2616,G,128.891958,-1.850139,1.43,0.98,147,12.57,,,Hya,V,,0
NGC2617,G,128.911625,-4.088222,1.4,1.1,127,14,,,Hya,V,,0
NGC2618,G,128.973083,0.707111,2.07,0.88,141,13.96,,,Hya,B,,0
NGC2619,G,129.386292,28.705194,1.93,1.17,38,12.72,,,Cnc,V,,0
NGC2620,G,129.367667,24.946944,2,0.5,93,14.61,,,Cnc,B,,0
NGC2621,G,129.404083,24.999806,0.73,0.47,176,15.42,,,Cnc,B,,0
NGC2622,G,129.545583,24.895278,0.94,0.6,10,14.12,,,Cnc,V,,0
NGC2623,G,129.600333,25.754639,2.39,0.7,36,13.55,,,Cnc,V,,0
NGC2624,G,129.540125,19.725667,0.77,0.47,35,14.57,,,Cnc,B,,0
NGC2625,G,129.59675,19.716667,0.53,0.44,32,15.17,,,Cnc,B,,0
NGC2626,RfN,128.870333,-40.668333,5,5,,,,,Vel,,,0
NGC2627,OCl,129.31225,-29.950417,5.4,,,8.4,,,Pyx,V,,0
NGC2628,G,130.094625,23.539667,1.04,0.93,30,14.04,,,Cnc,B,,0
NGC2629,G,131.815917,72.985639,1.97,1.42,100,12.26,,,UMa,V,,0
NGC2630,Other,131.780417,73.000306,,,,,,,UMa,,,0
NGC2631,Other,131.780417,73.000306,,,,,,,UMa,,,0
NGC2632,OCl,130.0925,19.672056,108.6,,,3.1,44,蜂巢星团,Cnc,V,"Beehive,Praesepe Cluster",0
NGC2633,G,132.019083,74.098861,2.31,1.45,175,12.08,,,Cam,V,,0
NGC2634,G,132.105792,73.967167,1.72,1.66,30,11.97,,,Cam,V,,0
NGC2634A,G,132.158917,73.939278,1.19,0.37,67,14.23,,,Cam,B,,0
NGC2635,OCl,129.608292,-34.771583,5.1,,,11.2,,,Pyx,V,,0
NGC2636,G,132.101792,73.671139,0.34,0.34,30,13.77,,,Cam,V,,0
NGC2637,G,130.306208,19.691444,0.51,0.43,48,15.57,,,Cnc,B,,0
NGC2638,G,130.607375,37.221028,1.66,0.59,70,13.72,,,Lyn,B,,0
NGC2639,G,130.908667,50.205556,1.61,1.21,140,11.76,,,UMa,V,,0
NGC2640,G,129.352583,-55.12375,4.67,4,104,11.02,,,Car,V,,0
NGC2641,G,131.989542,72.895778,1.26,1.04,178,14.93,,,UMa,B,,0
NGC2642,G,130.184875,-4.121722,1.92,1.43,145,12.65,,,Hya,V,,0
NGC2643,G,130.465583,19.702528,0.68,0.37,19,15.45,,,Cnc,B,,0
NGC2644,G,130.38275,4.980333,1.64,0.65,12,13.49,,,Hya,B,,0
NGC2645,OCl,129.763,-46.227306,6.6,,,7.32,,,Vel,V,,0
NGC2646,G,132.591875,73.463083,1.47,1.05,47,13.15,,,Cam,B,,0
NGC2647,G,130.679583,19.650611,0.72,0.57,50,15.02,,,Cnc,B,,0
NGC2648,G,130.665833,14.285611,3.15,1.08,151,11.88,,,Cnc,V,,0
NGC2649,G,131.034458,34.71725,1.47,1.38,60,13.16,,,Lyn,B,,0
NGC2650,G,132.493125,70.299444,1.38,0.99,82,14.22,,,UMa,B,,0
NGC2651,G,130.979792,11.771,0.53,0.44,124,15.64,,,Cnc,B,,0
NGC2652,Dup,145.638667,-3.699139,,,,,,,Sex,,,0
NGC2653,**,133.7315,78.393556,,,,,,,Cam,,,0
NGC2654,G,132.299458,60.221111,4.45,0.89,64,11.69,,,UMa,V,,0
NGC2655,G,133.907208,78.223083,3.93,2.06,16,10.39,,,Cam,V,,0
NGC2656,G,131.971125,53.876167,1.31,1.18,65,13.76,,,UMa,V,,0
NGC2657,G,131.315875,9.6455,1.28,1.09,116,13.93,,,Cnc,B,,0
NGC2658,OCl,130.863917,-32.656222,7.2,,,9.2,,,Pyx,V,,0
NGC2659,OCl,130.637583,-45.000528,5.1,,,8.6,,,Vel,V,,0
NGC2660,OCl,130.658292,-47.200667,3.6,,,8.8,,,Vel,V,,0
NGC2661,G,131.498083,12.619917,1.48,1.35,5,13.86,,,Cnc,B,,0
NGC2662,G,131.383458,-15.12125,1.23,1.15,10,15.05,,,Hya,B,,0
NGC2663,G,131.284375,-33.79475,3.9,2.75,111,10.59,,,Pyx,V,,0
NGC2664,OCl,131.779292,12.605778,6.6,,,,,,Cnc,,,0
NGC2665,G,131.504125,-19.302889,2,1.72,55,11.63,,,Hya,V,,0
NGC2666,OCl,132.445917,44.703667,,,,,,,Lyn,,,0
NGC2667,G,132.113542,19.0195,1.03,0.37,78,14.76,,,Cnc,B,,0
NGC2667B,G,132.125708,19.043889,0.85,0.28,43,15.49,,,Cnc,B,,0
NGC2668,G,132.344,36.710333,1.23,0.66,151,14.85,,,Lyn,B,,0
NGC2669,OCl,131.594042,-52.947528,8.4,,,6.1,,,Vel,V,,0
NGC2670,OCl,131.372833,-48.791639,4.2,,,7.8,,,Vel,V,,0
NGC2671,OCl,131.549542,-41.877167,5.1,,,11.6,,,Vel,V,,0
NGC2672,G,132.341208,19.074972,3.2,2.87,100,11.64,,,Cnc,V,,0
NGC2673,G,132.350583,19.074194,1.23,0.81,167,14.04,,,Cnc,B,,0
NGC2674,G,132.305042,-14.294222,1.04,0.49,65,15.88,,,Hya,B,,0
NGC2675,G,133.020625,53.617306,1.51,1.05,83,13.26,,,UMa,V,,0
NGC2676,G,132.898542,47.557667,1.2,1.12,175,14.46,,,UMa,B,,0
NGC2677,G,132.505542,19.009778,0.7,0.41,169,15.18,,,Cnc,B,,0
NGC2678,OCl,132.511458,11.338111,10,10,0,,,,Cnc,,,0
NGC2679,G,132.88725,30.865361,1.85,1.85,165,14.07,,,Cnc,B,,0
NGC2680,**,132.889542,30.865806,0.16,0.11,,,,,Cnc,,,0
NGC2681,G,133.386417,51.313667,3.97,3.97,70,10.86,,,UMa,V,,0
NGC2682,OCl,132.833875,11.811944,33,,,6.9,67,,Cnc,V,,0
NGC2683,G,133.172208,33.42175,9.48,2.7,44,9.69,,,Lyn,V,,0
NGC2684,G,133.725167,49.160389,1.1,0.84,49,13.01,,,UMa,V,,0
NGC2685,G,133.894625,58.734389,4.33,2.31,38,11.35,,,UMa,V,Helix Galaxy,0
NGC2686,GPair,133.749167,49.142361,1.6,,,,,,UMa,,,0
NGC2686A,G,133.745458,49.142333,0.88,0.51,71,17.12,,,UMa,V,,0
NGC2686B,G,133.752458,49.142444,0.48,0.35,63,16.66,,,UMa,B,,0
NGC2687,GPair,133.772917,49.155917,1.3,,,,,,UMa,,,0
NGC2687A,G,133.770917,49.1565,0.23,0.11,,17,,,UMa,B,,0
NGC2687B,G,133.775167,49.156111,0.69,0.39,28,15.6,,,UMa,B,,0
NGC2688,G,133.798292,49.122611,0.47,0.36,87,16.41,,,UMa,B,,0
NGC2689,G,133.855875,49.115472,0.41,0.3,99,16.82,,,UMa,B,,0
NGC2690,G,133.158458,-2.603222,1.7,0.39,20,13.94,,,Hya,B,,0
NGC2691,G,133.693083,39.538667,1.26,0.9,166,13.47,,,Lyn,V,,0
NGC2692,G,134.241708,52.065944,1.25,0.55,163,12.75,,,UMa,V,,0
NGC2693,G,134.246958,51.347444,2,1.37,158,11.86,,,UMa,V,,0
NGC2694,G,134.246917,51.331972,0.81,0.5,177,14.14,,,UMa,V,,0
NGC2695,G,133.612792,-3.067028,1.63,1.45,161,12.02,,,Hya,V,,0
NGC2696,G,132.675208,-5.009778,1.03,0.95,25,15.88,,,Hya,B,,0
NGC2697,G,133.7475,-2.987611,1.63,0.96,123,13.47,,,Hya,B,,0
NGC2698,G,133.902125,-3.183944,1.47,0.53,96,11.86,,,Hya,V,,0
NGC2699,G,133.953333,-3.127583,1.41,0.76,40,13.47,,,Hya,B,,0
NGC2700,*,133.96075,-3.116389,,,,,,,Hya,,,0
NGC2701,G,134.773917,53.771667,1.94,1.3,25,12.36,,,UMa,V,,0
NGC2702,*,133.977667,-3.065333,,,,,,,Hya,,,0
NGC2703,**,133.946375,-3.306917,,,,,,,Hya,,,0
NGC2704,G,134.198708,39.382194,1.04,1.01,120,14.32,,,Lyn,B,,0
NGC2705,*,134.000208,-3.014889,,,,,,,Hya,,,0
NGC2706,G,134.051292,-2.563444,1.67,0.57,168,13.71,,,Hya,B,,0
NGC2707,*,134.023667,-3.066417,,,,,,,Hya,,,0
NGC2708,G,134.033542,-3.360111,2.93,1.06,18,11.96,,,Hya,V,,0
NGC2709,G,134.053583,-3.243222,0.79,0.65,95,15.02,,,Hya,B,,0
NGC2710,G,134.951458,55.706389,2.02,0.97,119,13.08,,,UMa,V,,0
NGC2711,G,134.348333,17.288028,0.56,0.38,158,14.65,,,Cnc,B,,0
NGC2712,G,134.876958,44.913889,2.93,1.59,1,12.19,,,Lyn,V,,0
NGC2713,G,134.335458,2.921306,3.37,1.15,106,11.82,,,Hya,V,,0
NGC2714,G,133.37425,-59.217111,1.37,1.18,50,14,,,Car,B,,0
NGC2715,G,137.025833,78.085167,4.2,1.41,20,11.49,,,Cam,V,,0
NGC2716,G,134.3995,3.090222,1.63,1.14,45,12.19,,,Hya,V,,0
NGC2717,G,134.254667,-24.67375,2.03,1.69,12,12.29,,,Pyx,V,,0
NGC2718,G,134.710292,6.293,1.72,1.09,152,14.24,,,Hya,V,,0
NGC2719,G,135.064417,35.727639,1.17,0.3,132,14,,,Lyn,V,,0
NGC2719A,G,135.066417,35.720139,0.49,0.4,150,14.5,,,Lyn,B,,0
NGC2720,G,134.783583,11.149222,1.26,1.11,40,14.22,,,Cnc,B,,0
NGC2721,G,134.7355,-4.901944,1.85,1.33,164,13.22,,,Hya,B,,0
NGC2722,G,134.692375,-3.710111,1.83,0.95,80,13.46,,,Hya,B,,0
NGC2723,G,135.059833,3.17775,1.14,1.04,65,14.28,,,Hya,B,,0
NGC2724,G,135.257583,35.762056,1.2,0.68,175,14.74,,,Lyn,B,,0
NGC2725,G,135.263417,11.098389,0.67,0.58,14,14.29,,,Cnc,B,,0
NGC2726,G,136.236542,59.932917,1.53,0.46,87,13,,,UMa,V,,0
NGC2727,Dup,134.033542,-3.360111,,,,,,,Hya,,,0
NGC2728,G,135.420542,11.082972,0.98,0.63,55,15.24,,,Cnc,B,,0
NGC2729,G,135.36925,3.720611,1.06,0.64,1,14.14,,,Hya,B,,0
NGC2730,G,135.565958,16.838306,1.45,0.95,72,13.78,,,Cnc,B,,0
NGC2731,G,135.535042,8.301667,0.72,0.49,72,14.12,,,Cnc,B,,0
NGC2732,G,138.353042,79.187333,1.81,0.71,66,11.89,,,Cam,V,,0
NGC2733,Dup,134.692375,-3.710111,,,,,,,Hya,,,0
NGC2734,G,135.756708,16.863611,0.92,0.78,88,15.74,,,Cnc,B,,0
NGC2735,G,135.661,25.934528,1.42,0.53,96,13.76,,,Cnc,V,,0
NGC2735A,G,135.674458,25.938389,0.3,0.27,52,15.16,,,Cnc,B,,0
NGC2736,HII,135.070583,-45.948056,30,7,,,,铅笔星云,Vel,,Pencil Nebula,0
NGC2737,G,135.998833,21.906556,0.95,0.38,61,14.6,,,Cnc,B,,0
NGC2738,G,136.001875,21.967611,1.36,0.62,53,13.79,,,Cnc,B,,0
NGC2739,G,136.511792,51.744694,0.86,0.35,93,15.5,,,UMa,B,,0
NGC2740,G,136.520792,51.735306,0.73,0.61,52,15.02,,,UMa,B,,0
NGC2741,G,135.81875,18.261083,0.67,0.44,77,15.49,,,Cnc,B,,0
NGC2742,G,136.889708,60.479333,2.86,1.49,87,11.49,,,UMa,V,,0
NGC2742A,G,137.491958,62.247361,1.57,0.67,89,13.94,,,UMa,B,,0
NGC2743,G,136.22525,25.003917,1.1,0.75,99,14.19,,,Cnc,B,,0
NGC2744,GPair,136.162083,18.460278,1.2,,,,,,Cnc,,,0
NGC2744 NED01,G,136.16125,18.456111,0.27,0.17,44,,,,Cnc,,,0
NGC2744 NED02,G,136.1625,18.464444,1.66,0.81,114,13.4,,,Cnc,V,,0
NGC2745,G,136.163875,18.257361,0.6,0.5,170,15.68,,,Cnc,B,,0
NGC2746,G,136.497667,35.377389,1.57,1.31,51,14.18,,,Lyn,B,,0
NGC2747,G,136.326417,18.442194,0.56,0.35,172,15.69,,,Cnc,B,,0
NGC2748,G,138.42925,76.475333,2.6,1.11,39,11.68,,,Cam,V,,0
NGC2749,G,136.338833,18.313111,1.92,1.77,65,11.84,,,Cnc,V,,0
NGC2750,G,136.449625,25.437417,2.03,1.46,82,12.59,,,Cnc,B,,0
NGC2751,G,136.385,18.262306,0.87,0.48,134,14.97,,,Cnc,B,,0
NGC2752,G,136.429292,18.339722,1.74,0.33,61,14.74,,,Cnc,B,,0
NGC2753,G,136.784417,25.342472,0.55,0.34,17,14.72,,,Cnc,B,,0
NGC2754,G,136.296708,-19.084861,0.78,0.68,140,15.31,,,Hya,B,,0
NGC2755,G,136.992958,41.708944,1.15,0.76,127,14.26,,,Lyn,B,,0
NGC2756,G,137.253875,53.849528,1.5,1,0,13.12,,,UMa,B,,0
NGC2757,Other,136.357333,-19.047806,,,,,,,Hya,,,0
NGC2758,G,136.38,-19.042778,1.87,0.41,18,14.04,,,Hya,B,,0
NGC2759,G,137.155375,37.621611,1.27,0.9,49,13.04,,,Lyn,V,,0
NGC2760,G,141.054333,76.531278,1.21,0.27,100,14.9,,,Dra,B,,0
NGC2761,G,136.878458,18.43475,0.76,0.43,164,14.93,,,Cnc,B,,0
NGC2762,G,137.477208,50.41825,0.51,0.36,180,15.86,,,UMa,B,,0
NGC2763,G,136.704375,-15.499778,2.43,1.88,136,12.07,,,Hya,V,,0
NGC2764,G,137.072792,21.443333,1.15,0.67,18,12.9,,,Cnc,V,,0
NGC2765,G,136.902667,3.392917,2.74,0.93,105,13.18,,,Hya,B,,0
NGC2766,G,137.198083,29.864778,1.2,0.53,129,14.49,,,Cnc,B,,0
NGC2767,G,137.5495,50.401306,0.72,0.63,167,14.51,,,UMa,B,,0
NGC2768,G,137.90625,60.037222,5.64,2.24,93,9.87,,,UMa,V,,0
NGC2769,G,137.634,50.433278,1.61,0.37,145,13.89,,,UMa,B,,0
NGC2770,G,137.390458,33.123528,3.45,0.81,146,12.21,,,Lyn,V,,0
NGC2771,G,137.66525,50.379861,1.73,1.49,42,13.9,,,UMa,B,,0
NGC2772,G,136.924458,-23.621417,1.71,1.07,170,14.21,,,Pyx,B,,0
NGC2773,G,137.434125,7.173694,0.65,0.29,84,14.71,,,Cnc,B,,0
NGC2774,G,137.666333,18.696583,1.19,1.17,60,14.67,,,Cnc,B,,0
NGC2775,G,137.583833,7.037944,4.25,3.36,159,10.24,,,Cnc,V,,0
NGC2776,G,138.060458,44.954833,2.14,0.91,111,11.68,,,Lyn,V,,0
NGC2777,G,137.674292,7.206694,0.76,0.59,169,14.21,,,Cnc,B,,0
NGC2778,G,138.101542,35.027528,1.3,0.98,46,12.41,,,Lyn,V,,0
NGC2779,G,138.117875,35.05375,0.72,0.61,25,15.39,,,Lyn,B,,0
NGC2780,G,138.184875,34.925583,1.06,0.77,147,14.21,,,Lyn,B,,0
NGC2781,G,137.864667,-14.816833,2.52,1.26,78,11.57,,,Hya,V,,0
NGC2782,G,138.521292,40.113694,3.25,2.41,20,12.36,,,Lyn,V,,0
NGC2783,G,138.414417,29.992972,1.98,1.1,165,13.55,,,Cnc,B,,0
NGC2783B,G,138.388125,30.000139,1.45,0.28,76,15.12,,,Cnc,B,,0
NGC2784,G,138.08125,-24.172611,4.82,1.85,73,10.1,,,Hya,V,,0
NGC2785,G,138.814125,40.917528,1.44,0.58,120,13.38,,,Lyn,V,,0
NGC2786,G,138.398292,12.440806,0.83,0.59,77,13.86,,,Cnc,B,,0
NGC2787,G,139.8275,69.20325,3.24,1.81,114,11.25,,,UMa,V,,0
NGC2788,G,137.262667,-67.932472,1.67,0.39,116,13.27,,,Car,B,,0
NGC2788A,G,135.664333,-68.226833,2.51,0.49,55,13.99,,,Vol,B,,0
NGC2788B,G,135.89875,-67.969806,1.55,0.56,164,14.52,,,Vol,B,,0
NGC2789,G,138.748583,29.730278,1.15,0.96,36,13.06,,,Cnc,V,,0
NGC2790,G,138.761583,19.697111,0.6,0.55,65,14.71,,,Cnc,B,,0
NGC2791,G,138.758292,17.592222,0.89,0.32,160,15.77,,,Cnc,B,,0
NGC2792,PN,138.110708,-42.4275,0.22,,,11.6,,,Vel,V,,0
NGC2793,G,139.197125,34.429806,1.12,0.93,,13.39,,,Lyn,B,,0
NGC2794,G,139.007458,17.589833,1.22,0.93,57,13.15,,,Cnc,V,,0
NGC2795,G,139.016333,17.628361,1.19,1.02,166,14.01,,,Cnc,B,,0
NGC2796,G,139.174375,30.915417,1.21,0.85,77,14.54,,,Cnc,B,,0
NGC2797,G,139.090375,17.727222,0.66,0.58,28,14.45,,,Cnc,B,,0
NGC2798,G,139.344958,41.999722,2.43,0.83,154,12.39,,,Lyn,V,,0
NGC2799,G,139.379292,41.994083,1.76,0.47,122,13.71,,,Lyn,V,,0
NGC2800,G,139.64675,52.514472,1.42,0.87,17,13.92,,,UMa,B,,0
NGC2801,G,139.184125,19.935722,0.96,0.78,51,15.3,,,Cnc,B,,0
NGC2802,G,139.172625,18.963472,1.1,0.56,132,14.87,,,Cnc,B,,0
NGC2803,G,139.182792,18.954583,0.98,0.72,138,15.16,,,Cnc,B,,0
NGC2804,G,139.208375,20.1985,1.39,1.24,56,12.9,,,Cnc,V,,0
NGC2805,G,140.085042,64.102778,3.39,2.76,154,11.56,,,UMa,V,,0
NGC2806,*,139.236625,20.070611,,,,,,,Cnc,,,0
NGC2807,GPair,139.245833,20.032222,1.5,,,,,,Cnc,,,0
NGC2807A,G,139.240333,20.029056,0.56,0.36,81,15.59,,,Cnc,B,,0
NGC2807B,G,139.25275,20.0365,0.82,0.6,165,15.05,,,Cnc,B,,0
NGC2808,GCl,138.010583,-64.862833,9,,,5.69,,,Car,V,,0
NGC2809,G,139.278833,20.069694,1.24,1.08,162,13.02,,,Cnc,V,,0
NGC2810,G,140.51875,71.844028,1.69,1.69,130,12.23,,,UMa,V,,0
NGC2811,G,139.046292,-16.312722,3.05,1.03,20,11.45,,,Hya,V,,0
NGC2812,G,139.419958,19.918889,0.75,0.23,154,15.89,,,Cnc,B,,0
NGC2813,G,139.439375,19.906611,1.02,0.82,146,15.05,,,Cnc,B,,0
NGC2814,G,140.297833,64.253194,1.05,0.23,179,13.77,,,UMa,V,,0
NGC2815,G,139.082292,-23.63325,3.51,1.41,13,11.86,,,Hya,V,,0
NGC2816,Dup,140.439917,64.257944,,,,,,,UMa,,,0
NGC2817,G,139.293875,-4.752111,1.37,1.27,0,13.68,,,Hya,B,,0
NGC2818,PN,139.00625,-36.626944,0.83,,,11.6,,,Pyx,V,,0
NGC2818A,Cl+N,139.025542,-36.626917,6.9,,,12.5,,,Pyx,B,,0
NGC2819,G,139.538708,16.198111,1.44,1.08,57,14.22,,,Cnc,B,,0
NGC2820,G,140.439917,64.257944,3.75,0.35,61,12.78,,,UMa,V,,0
NGC2820A,G,140.375292,64.238722,0.47,0.16,9,15.04,,,UMa,V,,0
NGC2821,G,139.199917,-26.816278,2.1,0.44,103,13.89,,,Pyx,B,,0
NGC2822,G,138.457167,-69.644833,3.96,2.72,94,11.4,,,Car,V,,0
NGC2823,G,139.82275,34.008167,1.03,0.62,32,15.46,,,Lyn,B,,0
NGC2824,G,139.759292,26.269972,0.97,0.57,159,12.67,,,Cnc,V,,0
NGC2825,G,139.8435,33.742778,1.1,0.55,86,15.03,,,Lyn,B,,0
NGC2826,G,139.850708,33.624,1.47,0.22,141,14.43,,,Lyn,B,,0
NGC2827,G,139.829208,33.880806,1.02,0.38,5,15.44,,,Lyn,B,,0
NGC2828,G,139.895125,33.888083,0.72,0.44,44,15.61,,,Lyn,B,,0
NGC2829,GPair,139.877917,33.648333,0.6,,,,,,Lyn,,,0
NGC2829 NED01,G,139.876292,33.648472,0.48,0.38,30,16.67,,,Lyn,B,,0
NGC2829 NED02,G,139.87975,33.647778,0.4,0.3,176,16.92,,,Lyn,B,,0
NGC2830,G,139.922542,33.738139,1.24,0.24,112,14.11,,,Lyn,V,,0
NGC2831,G,139.939542,33.745,0.89,0.66,2,13.38,,,Lyn,V,,0
NGC2832,G,139.94525,33.74975,3.2,2.07,172,11.79,,,Lyn,V,,0
NGC2833,G,139.991083,33.927444,1.14,0.54,165,15.27,,,Lyn,B,,0
NGC2834,G,140.0105,33.710472,0.83,0.66,57,15.38,,,Lyn,B,,0
NGC2835,G,139.470458,-22.354667,6.43,3.72,179,10.64,,,Hya,V,,0
NGC2836,G,138.435833,-69.33475,1.66,0.59,111,12.65,,,Car,B,,0
NGC2837,**,139.597375,-16.481722,,,,,,,Hya,,,0
NGC2838,G,140.179333,39.31575,1.28,1.08,123,14.45,,,Lyn,B,,0
NGC2839,G,140.151375,33.650667,1.23,1.17,165,14.75,,,Lyn,B,,0
NGC2840,G,140.219667,35.368278,1.05,0.89,107,14.61,,,Lyn,B,,0
NGC2841,G,140.510958,50.976528,6.9,3.31,147,10.18,,,UMa,V,,0
NGC2842,G,138.901792,-63.069639,2.25,1.63,107,12.49,,,Car,V,,0
NGC2843,G,140.119917,18.926222,0.47,0.26,65,16.54,,,Cnc,B,,0
NGC2844,G,140.450042,40.15125,1.77,0.82,11,12.89,,,Lyn,V,,0
NGC2845,G,139.652958,-38.010083,1.87,1.3,69,11.97,,,Vel,V,,0
NGC2846,**,139.918625,-14.676278,,,,,,,Hya,,,0
NGC2847,HII,140.035542,-16.518306,,,,,,,Hya,,,0
NGC2848,G,140.040958,-16.526056,2.69,2.02,29,12.11,,,Hya,V,,0
NGC2849,OCl,139.845292,-40.520389,2.4,,,12.5,,,Vel,V,,0
NGC2850,G,140.237542,-4.940083,0.9,0.64,17,15,,,Hya,B,,0
NGC2851,G,140.125958,-16.495278,1.43,0.53,8,14.33,,,Hya,B,,0
NGC2852,G,140.810792,40.163806,0.94,0.89,140,14.13,,,Lyn,B,,0
NGC2853,G,140.822208,40.200056,1.67,0.96,25,14.44,,,Lyn,B,,0
NGC2854,G,141.012958,49.204139,1.28,0.56,52,13.76,,,UMa,B,,0
NGC2855,G,140.364542,-11.9095,3.45,1.85,120,11.05,,,Hya,V,,0
NGC2856,G,141.066708,49.249194,1.22,0.58,132,13.26,,,UMa,V,,0
NGC2857,G,141.157167,49.357056,1.89,1.51,90,12.32,,,UMa,V,,0
NGC2858,G,140.729208,3.156944,1.76,0.84,116,13.94,,,Hya,B,,0
NGC2859,G,141.077208,34.5135,3.19,2.78,85,10.94,,,LMi,V,,0
NGC2860,G,141.221708,41.060194,1.31,0.57,95,14.63,,,Lyn,B,,0
NGC2861,G,140.902083,2.136472,1.28,1.17,50,13.06,,,Hya,V,,0
NGC2862,G,141.229625,26.774667,2.64,0.5,115,13.68,,,Leo,B,,0
NGC2863,G,140.902333,-10.433222,1.37,1.18,170,13.4,,,Hya,B,,0
NGC2864,G,141.064125,5.941167,0.71,0.47,4,14.94,,,Hya,B,,0
NGC2865,G,140.875875,-23.161444,2.44,2.03,155,11.48,,,Hya,V,,0
NGC2866,OCl,140.521,-51.102611,2.7,,,,,,Vel,,,0
NGC2867,PN,140.354042,-58.311667,0.23,,,9.7,,,Car,V,,0
NGC2868,G,140.863417,-10.4295,1.14,0.57,70,15.24,,,Hya,B,,0
NGC2869,Dup,140.902333,-10.433222,,,,,,,Hya,,,0
NGC2870,G,141.973917,57.3755,2.44,0.66,121,13.87,,,UMa,B,,0
NGC2871,*,141.41475,11.444333,,,,,,,Leo,,,0
NGC2872,G,141.42725,11.432139,1.75,1.55,161,11.86,,,Leo,V,,0
NGC2873,G,141.452083,11.454222,0.73,0.41,118,16.11,,,Leo,B,,0
NGC2874,G,141.447208,11.424583,2.04,0.68,38,12.48,,,Leo,V,,0
NGC2875,Other,141.453375,11.431639,,,,,,,Leo,,,0
NGC2876,G,141.307375,-6.716583,1.73,0.98,91,14.17,,,Hya,B,,0
NGC2877,G,141.44575,2.229111,0.67,0.64,165,14.65,,,Hya,B,,0
NGC2878,G,141.44775,2.089611,1.04,0.37,173,15.05,,,Hya,B,,0
NGC2879,Other,141.343833,-11.6515,,,,,,,Hya,,,0
NGC2880,G,142.394,62.490556,2.33,1.4,142,11.61,,,UMa,V,,0
NGC2881,GPair,141.475833,-11.993889,1.2,,,,,,Hya,,,0
NGC2881 NED01,G,141.473958,-11.992139,0.67,0.32,51,,,,Hya,,,0
NGC2881 NED02,G,141.477875,-11.995528,1.17,0.63,167,15.93,,,Hya,B,,0
NGC2882,G,141.650583,7.954472,1.49,0.75,84,13.5,,,Leo,B,,0
NGC2883,G,141.32675,-34.10325,2.02,0.8,178,13.65,,,Pyx,B,,0
NGC2884,G,141.601875,-11.555583,2.16,0.76,173,13.61,,,Hya,B,,0
NGC2885,G,141.827125,23.020111,1.26,0.82,79,16,,,Leo,V,,0
NGC2886,Other,141.66125,-21.737806,,,,,,,Hya,,,0
NGC2887,G,140.850208,-63.812556,2.55,1.63,80,11.66,,,Car,V,,0
NGC2888,G,141.581958,-28.035083,1.96,1.49,155,12.57,,,Pyx,V,,0
NGC2889,G,141.802458,-11.643417,1.95,1.75,26,11.78,,,Hya,V,,0
NGC2890,G,141.624333,-14.528694,0.87,0.25,69,15.23,,,Hya,B,,0
NGC2891,G,141.735958,-24.783028,1.6,1.52,0,12.6,,,Pyx,V,,0
NGC2892,G,143.220542,67.617389,1.4,1.4,0,14.36,,,UMa,B,,0
NGC2893,G,142.570667,29.539972,1.02,0.82,83,13.19,,,Leo,V,,0
NGC2894,G,142.376,7.718833,1.9,0.96,29,13.3,,,Leo,B,,0
NGC2895,G,143.104375,57.482889,0.91,0.8,65,14.62,,,UMa,B,,0
NGC2896,G,142.570708,23.663056,1.2,1.2,90,14.75,,,Leo,B,,0
NGC2897,G,142.4405,2.206806,0.84,0.62,177,15.6,,,Hya,B,,0
NGC2898,G,142.443083,2.064361,1.04,0.67,124,14.83,,,Hya,B,,0
NGC2899,PN,141.762333,-56.106028,1.5,,,11.8,,,Vel,V,,0
NGC2900,G,142.563292,4.144222,0.99,0.78,86,14.55,,,Hya,B,,0
NGC2901,Other,143.142708,31.111694,,,,,,,Leo,,,0
NGC2902,G,142.720375,-14.735778,1.72,1.41,22,13.23,,,Hya,B,,0
NGC2903,G,143.042125,21.500833,11.94,5.28,22,8.91,,,Leo,V,,0
NGC2904,G,142.570833,-30.385028,1.47,1.09,89,12.46,,,Ant,V,,0
NGC2905,Dup,143.042125,21.500833,,,,,,,Leo,,,0
NGC2906,G,143.025917,8.441778,1.36,0.81,71,13.17,,,Leo,B,,0
NGC2907,G,142.903,-16.734667,2.82,2.06,112,11.63,,,Hya,V,,0
NGC2908,G,145.881042,79.70125,0.74,0.52,145,14.17,,,Dra,B,,0
NGC2909,**,144.249583,65.940556,,,,,,,UMa,,,0
NGC2910,OCl,142.620917,-52.914,4.8,,,7.2,,,Vel,V,,0
NGC2911,G,143.442125,10.152444,3.46,2.13,135,13.18,,,Leo,V,,0
NGC2912,*,143.487,10.192222,,,,,,,Leo,,,0
NGC2913,G,143.511333,9.479194,1.12,0.69,132,14.14,,,Leo,B,,0
NGC2914,G,143.511583,10.108583,0.95,0.58,12,13.12,,,Leo,V,,0
NGC2915,G,141.548042,-76.626333,1.82,0.98,132,12.61,,,Cha,V,,0
NGC2916,G,143.74,21.705278,2.4,1.59,16,12.08,,,Leo,V,,0
NGC2917,G,143.612083,-2.504167,1.34,0.37,170,14.36,,,Hya,B,,0
NGC2918,G,143.9335,31.705472,1.56,1.06,66,13.52,,,Leo,B,,0
NGC2919,G,143.698,10.283722,1.52,0.53,159,13.6,,,Leo,V,,0
NGC2920,G,143.551042,-20.859056,0.86,0.61,121,13.94,,,Hya,B,,0
NGC2921,G,143.631667,-20.920361,2.86,0.92,85,12.96,,,Hya,B,,0
NGC2922,G,144.218625,37.694889,1.07,0.45,99,13.64,,,LMi,V,,0
NGC2923,G,144.015958,16.760389,0.53,0.31,28,15.64,,,Leo,B,,0
NGC2924,G,143.795042,-16.398389,2.04,1.62,142,13.36,,,Hya,B,,0
NGC2925,OCl,143.2955,-53.395972,7.5,,,8.3,,,Vel,V,,0
NGC2926,G,144.379208,32.841417,0.83,0.74,120,14.44,,,Leo,B,,0
NGC2927,G,144.313333,23.590611,1.31,0.78,155,13.96,,,Leo,B,,0
NGC2928,G,144.292,16.977194,1.21,0.7,41,14.88,,,Leo,B,,0
NGC2929,G,144.374208,23.161667,1.1,0.38,144,14.48,,,Leo,B,,0
NGC2930,G,144.385833,23.2025,0.5,0.22,142,14.92,,,Leo,B,,0
NGC2931,G,144.406875,23.24075,0.75,0.54,68,14.84,,,Leo,B,,0
NGC2932,*Ass,143.965083,-46.9245,4.8,,,,,,Vel,,,0
NGC2933,G,144.479167,17.014722,0.97,0.31,31,15.02,,,Leo,B,,0
NGC2934,G,144.479833,17.0545,0.44,0.31,7,17.08,,,Leo,B,,0
NGC2935,G,144.186875,-21.128139,4.21,3.16,164,11.19,,,Hya,V,,0
NGC2936,G,144.433958,2.760806,0.94,0.52,78,13.08,,,Hya,V,,0
NGC2937,G,144.437625,2.747361,0.75,0.54,22,13.66,,,Hya,V,,0
NGC2938,G,144.599125,76.319556,1.24,0.85,97,14.33,,,Dra,B,,0
NGC2939,G,144.533625,9.521528,2.12,0.74,154,13.56,,,Leo,B,,0
NGC2940,G,144.521625,9.616722,0.97,0.77,91,14.77,,,Leo,B,,0
NGC2941,G,144.600875,17.044444,0.7,0.57,167,15.08,,,Leo,B,,0
NGC2942,G,144.783167,34.006333,1.67,1.32,152,12.89,,,LMi,V,,0
NGC2943,G,144.636958,17.031306,2.16,1.08,128,13.75,,,Leo,B,,0
NGC2944,GPair,144.825833,32.308333,1,,,,,,Leo,,,0
NGC2944 NED01,G,144.8255,32.310444,0.91,0.29,100,14.88,,,Leo,B,,0
NGC2944 NED02,G,144.831708,32.306,0.32,0.19,161,17.64,,,Leo,B,,0
NGC2945,G,144.421375,-22.035056,1.66,1.31,160,13.34,,,Hya,B,,0
NGC2946,G,144.756583,17.025333,1.1,0.34,15,14.79,,,Leo,B,,0
NGC2947,G,144.024125,-12.436722,1.63,1.2,28,12.76,,,Hya,V,,0
NGC2948,G,144.746625,6.955444,1.43,0.78,1,13.75,,,Leo,B,,0
NGC2949,GPair,144.984375,16.787444,0.42,0.31,15,15.5,,,Leo,B,,0
NGC2950,G,145.646458,58.851278,2.62,1.65,142,11.03,,,UMa,V,,0
NGC2951,GPair,144.918333,-0.235278,1.34,0.51,85,15.1,,,Hya,B,,0
NGC2952,G,144.404125,-10.183389,0.8,0.55,90,15.11,,,Hya,B,,0
NGC2953,Other,145.079333,14.832694,,,,,,,Leo,,,0
NGC2954,G,145.100292,14.922639,1.43,0.99,155,12.39,,,Leo,V,,0
NGC2955,G,145.31925,35.882278,1.59,0.87,160,12.89,,,LMi,V,,0
NGC2956,G,144.821042,-19.101083,0.86,0.38,58,15.3,,,Hya,B,,0
NGC2957,GPair,146.820417,72.985,1,,,,,,Dra,,,0
NGC2957 NED01,G,146.815708,72.986056,0.91,0.33,,16,,,Dra,B,,0
NGC2957A,G,146.825,72.984083,0.77,0.34,49,15.35,,,Dra,B,,0
NGC2958,G,145.173417,11.888417,0.98,0.72,10,13.96,,,Leo,B,,0
NGC2959,G,146.287375,68.594583,1.38,1.17,113,12.69,,,UMa,V,,0
NGC2960,G,145.151583,3.577,1.11,0.86,40,15,,,Hya,V,,0
NGC2961,G,146.343625,68.608278,0.86,0.32,145,14.7,,,UMa,V,,0
NGC2962,G,145.224708,5.165806,2.31,1.16,2,11.88,,,Hya,V,,0
NGC2963,G,146.960083,72.964389,1.18,0.64,158,14.24,,,Dra,B,,0
NGC2964,G,145.725958,31.847389,2.92,2.18,97,11.37,,,Leo,V,,0
NGC2965,G,145.829792,36.247806,1.3,0.92,77,14.7,,,LMi,V,,0
NGC2966,G,145.547833,4.673139,2.12,0.68,76,14.23,,,Sex,B,,0
NGC2967,G,145.513708,0.336444,2.14,2.01,135,11.61,,,Sex,V,,0
NGC2968,G,145.800042,31.928694,2.48,1.63,54,11.73,,,Leo,V,,0
NGC2969,G,145.477083,-8.603,1.32,0.6,25,13.73,,,Sex,B,,0
NGC2970,G,145.879458,31.976972,0.85,0.75,67,13.64,,,Leo,V,,0
NGC2971,G,145.942167,36.179361,1.13,0.78,131,14.83,,,LMi,B,,0
NGC2972,OCl,145.048,-50.320944,3.6,,,9.9,,,Vel,V,,0
NGC2973,Other,145.394792,-30.048389,,,,,,,Ant,,,0
NGC2974,G,145.638667,-3.699139,3.48,2.13,44,10.89,,,Sex,V,,0
NGC2975,G,145.316958,-16.674389,0.84,0.63,80,15.79,,,Hya,B,,0
NGC2976,G,146.814417,67.916389,5.77,3.01,143,10.16,,,UMa,V,,0
NGC2977,G,145.942875,74.860222,2.08,1.05,145,13.27,,,Dra,B,,0
NGC2978,G,145.82,-9.745889,1.07,0.87,112,13.97,,,Sex,B,,0
NGC2979,G,145.786042,-10.38325,2.06,1.25,21,14,,,Sex,B,,0
NGC2980,G,145.799875,-9.612389,1.79,0.86,164,12.99,,,Sex,V,,0
NGC2981,G,146.235708,31.097833,1.06,0.7,86,14.82,,,Leo,B,,0
NGC2982,OCl,145.500333,-44.027139,4.2,,,,,,Vel,,,0
NGC2983,G,145.92125,-20.477194,2.37,1.16,86,11.87,,,Hya,V,,0
NGC2984,G,145.91825,11.060861,0.85,0.83,155,14.3,,,Leo,B,,0
NGC2985,G,147.592625,72.278639,3.61,2.92,177,10.51,,,UMa,V,,0
NGC2986,G,146.066833,-21.278,4.81,3.85,42,10.64,,,Hya,V,,0
NGC2987,G,146.422792,4.941833,1.31,0.6,163,13.93,,,Sex,B,,0
NGC2988,G,146.699875,22.012139,0.91,0.33,37,15.28,,,Leo,B,,0
NGC2989,G,146.355083,-18.373917,1.69,1.16,38,13.37,,,Hya,V,,0
NGC2990,G,146.5715,5.708806,0.93,0.44,86,12.76,,,Sex,V,,0
NGC2991,G,146.708833,22.013944,0.99,0.8,124,12.64,,,Leo,V,,0
NGC2992,G,146.425208,-14.326389,2.92,0.69,17,13.1,,,Hya,V,,0
NGC2993,G,146.451375,-14.368306,1.36,1.13,94,12.64,,,Hya,V,,0
NGC2994,G,146.817125,22.0895,0.95,0.52,127,13.08,,,Leo,V,,0
NGC2995,*Ass,145.996208,-54.596944,,,,,,,Vel,,,0
NGC2996,G,146.62575,-21.571611,1.36,1.36,150,13.66,,,Hya,B,,0
NGC2997,G,146.411625,-31.191083,10.26,6.21,97,9.41,,,Ant,V,,0
NGC2998,G,147.181792,44.081444,2.44,1.23,54,12.54,,,UMa,V,,0
NGC2999,Dup,145.048,-50.320944,,,,,,,Vel,,,0
NGC3000,**,147.213667,44.130278,,,,,,,UMa,,,0
NGC3001,G,146.57775,-30.437472,3.02,2.26,5,11.57,,,Ant,V,,0
NGC3002,*,147.23925,44.057222,,,,,,,UMa,,,0
NGC3003,G,147.150208,33.4215,4.74,1.06,79,11.78,,,LMi,V,,0
NGC3004,*,147.260208,44.111028,,,,,,,UMa,,,0
NGC3005,G,147.311958,44.131306,1.14,0.3,150,14.94,,,UMa,B,,0
NGC3006,G,147.32225,44.025806,0.82,0.29,83,15.57,,,UMa,B,,0
NGC3007,G,146.940083,-6.438167,1.61,0.78,81,14.41,,,Sex,B,,0
NGC3008,G,147.39275,44.102694,0.75,0.47,136,15.23,,,UMa,B,,0
NGC3009,G,147.546375,44.295056,0.77,0.74,60,14.31,,,UMa,B,,0
NGC3010,G,147.638125,44.314389,0.98,0.58,47,16.23,,,UMa,V,,0
NGC3010A,G,147.644042,44.323417,0.39,0.2,125,14.87,,,UMa,B,,0
NGC3010C,G,147.664125,44.330972,0.68,0.51,36,15.59,,,UMa,B,,0
NGC3011,G,147.421667,32.221111,0.82,0.69,61,14.35,,,Leo,B,,0
NGC3012,G,147.467125,34.714111,1.24,1.18,145,14.7,,,LMi,B,,0
NGC3013,G,147.539,33.569333,0.81,0.56,64,15.57,,,LMi,B,,0
NGC3014,G,147.281875,-4.742944,0.93,0.49,154,14.76,,,Sex,B,,0
NGC3015,G,147.3455,1.145417,0.53,0.4,92,14.27,,,Sex,B,,0
NGC3016,G,147.461083,12.695222,1.12,0.95,71,13.7,,,Leo,B,,0
NGC3017,G,147.262667,-2.821806,1.02,0.88,87,14.41,,,Sex,B,,0
NGC3018,G,147.422708,0.62125,1.17,0.54,28,13.88,,,Sex,B,,0
NGC3019,G,147.530042,12.746139,0.76,0.49,33,15.11,,,Leo,B,,0
NGC3020,G,147.5275,12.813639,2.34,1.28,100,13.28,,,Leo,B,,0
NGC3021,G,147.738125,33.553639,1.36,0.81,110,12.42,,,LMi,V,,0
NGC3022,G,147.413542,-5.166583,1.7,1.56,0,14.46,,,Sex,B,,0
NGC3023,G,147.469125,0.618167,1.82,0.94,80,12.7,,,Sex,V,,0
NGC3024,G,147.614125,12.7655,1.71,0.5,124,13.8,,,Leo,B,,0
NGC3025,G,147.371083,-21.74225,1.59,1.05,118,13.95,,,Hya,B,,0
NGC3026,G,147.730708,28.551111,2.22,0.6,82,13.78,,,Leo,B,,0
NGC3027,G,148.919167,72.203556,3.35,1.27,128,11.76,,,UMa,V,,0
NGC3028,G,147.476,-19.184167,1.08,0.84,70,13.56,,,Hya,B,,0
NGC3029,G,147.225083,-8.050944,1.35,0.87,140,14.01,,,Sex,V,,0
NGC3030,G,147.543833,-12.226417,1.24,0.92,137,14.41,,,Hya,B,,0
NGC3031,G,148.888208,69.065306,21.63,11.25,157,6.92,81,波德星系,UMa,V,Bode's Galaxy,0
NGC3032,G,148.033958,29.236222,1.43,1.31,90,13.09,,,Leo,V,,0
NGC3033,OCl,147.146,-56.430056,4.8,,,8.8,,,Vel,V,,0
NGC3034,G,148.969708,69.679389,10.99,5.11,66,8.3,82,雪茄星系,UMa,V,Cigar Galaxy,0
NGC3035,G,147.979292,-6.822917,1.47,1.19,0,13.5,,,Sex,V,,0
NGC3036,OCl,147.316208,-62.675583,4.8,,,,,,Car,,,0
NGC3037,G,147.850083,-27.011111,1.29,1.13,57,13.72,,,Hya,B,,0
NGC3038,G,147.814375,-32.752556,2.8,1.69,126,11.69,,,Ant,V,,0
NGC3039,G,148.123625,2.154444,1.32,0.69,16,14.25,,,Sex,B,,0
NGC3040,GPair,148.267917,19.437222,1.8,,,,,,Leo,,,0
NGC3040 NED01,G,148.264417,19.442583,0.87,0.39,148,15.64,,,Leo,B,,0
NGC3040 NED02,G,148.27125,19.432167,1.51,0.91,165,14.36,,,Leo,B,,0
NGC3041,G,148.27975,16.677667,3.22,2.07,93,11.55,,,Leo,V,,0
NGC3042,G,148.33425,0.697694,1.02,0.74,110,13.97,,,Sex,B,,0
NGC3043,G,149.061875,59.307111,1.66,0.61,82,13.38,,,UMa,B,,0
NGC3044,G,148.420333,1.579639,4.2,0.7,114,11.94,,,Sex,V,,0
NGC3045,G,148.323583,-18.645111,1.43,0.64,20,13.77,,,Hya,B,,0
NGC3046,Dup,148.494333,-27.286333,,,,,,,Ant,,,0
NGC3047,GPair,148.627917,-1.289722,1.2,,,,,,Sex,,,0
NGC3047A,G,148.633583,-1.290917,0.6,0.6,30,14.54,,,Sex,B,,0
NGC3047B,G,148.622875,-1.288056,0.59,0.45,44,14.89,,,Sex,B,,0
NGC3048,GPair,148.738333,16.457778,1,,,,,,Leo,,,0
NGC3048 NED01,G,148.735208,16.456278,0.71,0.4,110,15.45,,,Leo,B,,0
NGC3048 NED02,G,148.741833,16.459583,0.41,0.28,16,16.73,,,Leo,B,,0
NGC3049,G,148.7065,9.271083,2.11,1.22,28,13.53,,,Leo,B,,0
NGC3050,Dup,145.786042,-10.38325,,,,,,,Sex,,,0
NGC3051,G,148.494333,-27.286333,2.2,1.39,169,15,,,Ant,V,,0
NGC3052,G,148.616375,-18.638889,2.15,1.42,109,12.36,,,Hya,V,,0
NGC3053,G,148.890042,16.432861,1.59,0.7,139,13.64,,,Leo,B,,0
NGC3054,G,148.619167,-25.703444,3.56,2.18,112,11.48,,,Hya,V,,0
NGC3055,G,148.82525,4.270028,1.96,1.11,63,12.06,,,Sex,V,,0
NGC3056,G,148.637,-28.298194,2.26,1.39,20,11.7,,,Ant,V,,0
NGC3057,G,151.414,80.285694,1.45,0.92,8,13.09,,,Dra,V,,0
NGC3058,GPair,148.398958,-12.481556,1.4,,,,,,Hya,,,0
NGC3058 NED01,G,148.396458,-12.479083,0.62,0.35,145,,,,Hya,,,0
NGC3058 NED02,G,148.400708,-12.482111,1.26,0.48,55,14.55,,,Hya,B,,0
NGC3059,G,147.534,-73.922194,3.8,3.56,50,11.3,,,Car,V,,0
NGC3060,G,149.08,16.831222,2.02,0.42,77,13.75,,,Leo,B,,0
NGC3061,G,149.050042,75.8665,1.58,1.23,140,13.48,,,Dra,B,,0
NGC3062,G,149.149125,1.428556,0.83,0.4,63,15.17,,,Sex,B,,0
NGC3063,**,150.424042,72.117833,,,,,,,UMa,,,0
NGC3064,G,148.922708,-6.363917,1.15,0.33,25,14.98,,,Sex,B,,0
NGC3065,G,150.480083,72.170333,1.87,1.78,160,13.12,,,UMa,V,,0
NGC3066,G,150.546125,72.125389,1.12,1.06,75,12.89,,,UMa,V,,0
NGC3067,G,149.587833,32.369889,2.06,0.66,104,12.13,,,Leo,V,,0
NGC3068,G,149.667083,28.877556,0.87,0.7,92,14.05,,,Leo,V,,0
NGC3069,G,149.48625,10.432444,0.86,0.37,166,15.02,,,Leo,B,,0
NGC3070,G,149.528958,10.359778,1.55,1.28,51,12.29,,,Leo,V,,0
NGC3071,G,149.720792,31.620306,0.66,0.46,176,15.35,,,Leo,B,,0
NGC3072,G,149.349542,-19.354972,1.82,0.62,70,13.83,,,Hya,B,,0
NGC3073,G,150.217,55.618833,1.2,1.07,130,13.43,,,UMa,V,,0
NGC3074,G,149.921708,35.392806,1.96,1.69,150,12.83,,,LMi,V,,0
NGC3075,G,149.734167,14.420472,1.5,0.64,132,14.42,,,Leo,B,,0
NGC3076,G,149.40675,-18.178694,0.87,0.84,25,14.11,,,Hya,B,,0
NGC3077,G,150.829458,68.733917,5.21,4.32,49,9.88,,,UMa,V,,0
NGC3078,G,149.602542,-26.926667,3.04,2.48,177,11.16,,,Hya,V,,0
NGC3079,G,150.490833,55.679778,8.18,1.29,166,10.71,,,UMa,V,,0
NGC3080,G,149.982667,13.043833,0.8,0.77,50,15.01,,,Leo,V,,0
NGC3081,G,149.873083,-22.826278,2.67,1.59,71,12.9,,,Hya,V,,0
NGC3082,G,149.721125,-30.357694,2.14,0.77,29,13.59,,,Ant,B,,0
NGC3083,G,149.956958,-2.877472,0.99,0.34,50,14.34,,,Sex,B,,0
NGC3084,G,149.77675,-27.128806,1.66,1.23,100,13.2,,,Ant,B,,0
NGC3085,G,149.871583,-19.492278,1.24,0.41,118,12.92,,,Hya,V,,0
NGC3086,G,150.045792,-2.976167,1.16,0.4,147,14.66,,,Sex,B,,0
NGC3087,G,149.786083,-34.225222,2.28,2.02,46,11.43,,,Ant,V,,0
NGC3088,GPair,150.287917,22.403611,2,,,,,,Leo,,,0
NGC3088A,G,150.279958,22.403167,1.35,0.83,114,14.4,,,Leo,B,,0
NGC3088B,G,150.290417,22.402306,0.93,0.26,139,15.95,,,Leo,B,,0
NGC3089,G,149.902833,-28.331361,1.95,1.13,144,13.23,,,Ant,B,,0
NGC3090,G,150.125958,-2.969,1.63,1.3,15,12.58,,,Sex,V,,0
NGC3091,G,150.059542,-19.636972,3.69,2.18,144,11,,,Hya,V,,0
NGC3092,G,150.197625,-3.012389,1.3,0.5,27,14.7,,,Sex,B,,0
NGC3093,G,150.223292,-2.972,0.77,0.36,51,15.35,,,Sex,B,,0
NGC3094,G,150.358083,15.770083,1.34,0.98,63,13.43,,,Leo,B,,0
NGC3095,G,150.024292,-31.552861,3.61,1.81,129,11.63,,,Ant,V,,0
NGC3096,G,150.137958,-19.661972,1.17,1.03,70,13.09,,,Hya,V,,0
NGC3097,Other,151.066958,60.125778,,,,,,,UMa,,,0
NGC3098,G,150.569542,24.711083,2.33,0.5,90,11.96,,,Leo,V,,0
NGC3099,G,150.652292,32.706722,1.15,0.62,147,15.22,,,LMi,B,,0
NGC3100,G,150.170167,-31.664528,3.56,2.48,148,11.37,,,Ant,V,,0
NGC3101,G,150.397625,-2.994417,1.22,0.21,150,15.37,,,Sex,B,,0
NGC3102,G,151.132333,60.107972,0.98,0.98,110,14.23,,,UMa,B,,0
NGC3103,Dup,150.170167,-31.664528,,,,,,,Ant,,,0
NGC3104,G,150.988958,40.756917,2.99,2.03,36,12.78,,,LMi,V,,0
NGC3105,OCl,150.164667,-54.787694,4.08,,,9.7,,,Vel,V,,0
NGC3106,G,151.021875,31.185472,0.89,0.25,124,12.42,,,LMi,V,,0
NGC3107,G,151.093625,13.621333,0.77,0.63,140,13.57,,,Leo,B,,0
NGC3108,G,150.620958,-31.677417,2.54,2.22,59,11.47,,,Ant,V,,0
NGC3109,G,150.778667,-26.159583,16,2.74,93,10.54,,,Hya,V,,0
NGC3110,G,151.008792,-6.474778,1.87,0.9,171,13,,,Sex,B,,0
NGC3111,G,151.531,47.262639,1.42,1.34,150,14.12,,,UMa,B,,0
NGC3112,G,150.996583,-20.781806,1.1,0.3,47,15.99,,,Hya,B,,0
NGC3113,G,151.108792,-28.444028,3.43,1.05,86,13.34,,,Ant,B,,0
NGC3114,OCl,150.623208,-60.130528,12.3,,,4.2,,,Car,V,,0
NGC3115,G,151.30825,-7.718583,7.1,3.01,43,9.09,,纺锤星系,Sex,V,Spindle Galaxy,0
NGC3116,G,151.687708,31.097722,0.7,0.64,45,15.23,,,LMi,B,,0
NGC3117,G,151.54375,2.912861,0.96,0.91,110,14.52,,,Sex,B,,0
NGC3118,G,151.798083,33.027389,2.08,0.44,39,14.31,,,LMi,B,,0
NGC3119,G,151.716125,14.373528,1.05,0.81,20,14.14,,,Leo,B,,0
NGC3120,G,151.346,-34.219944,1.68,1.17,7,12.77,,,Ant,V,,0
NGC3121,Dup,151.716125,14.373528,,,,,,,Leo,,,0
NGC3122,Dup,151.008792,-6.474778,,,,,,,Sex,,,0
NGC3123,Other,151.757708,0.067139,,,,,,,Sex,,,0
NGC3124,G,151.66625,-19.221583,2.7,2.1,174,12.15,,,Hya,V,,0
NGC3125,G,151.639042,-29.934861,1.21,0.97,110,12.87,,,Ant,V,,0
NGC3126,G,152.086083,31.862694,3.1,0.66,123,13.53,,,LMi,B,,0
NGC3127,G,151.603542,-16.126083,1.62,0.28,55,14.81,,,Hya,B,,0
NGC3128,G,151.505708,-16.122028,1.54,0.63,173,14.11,,,Hya,B,,0
NGC3129,**,152.08025,18.430639,,,,,,,Leo,,,0
NGC3130,G,152.051417,9.977,1.07,0.61,28,14.28,,,Leo,B,,0
NGC3131,G,152.151708,18.231222,2.16,0.67,58,13.88,,,Leo,B,,0
NGC3132,PN,151.757208,-40.436583,0.5,,,9.2,,,Vel,V,Eight-Burst Nebula,0
NGC3133,G,151.803375,-11.965306,0.68,0.29,27,15.73,,,Hya,B,,0
NGC3134,G,153.122042,12.37725,1.49,0.4,55,14.74,,,Leo,B,,0
NGC3135,G,152.726583,45.950361,1,0.6,88,14.33,,,UMa,B,,0
NGC3136,G,151.450667,-67.377972,4.2,2.94,27,10.67,,,Car,V,,0
NGC3136A,G,150.88575,-67.448472,1.6,0.33,88,15.53,,,Car,B,,0
NGC3136B,G,152.553875,-67.005083,1.75,1.35,23,11.79,,,Car,V,,0
NGC3137,G,152.281167,-29.064306,5.57,3.85,4,11.57,,,Ant,V,,0
NGC3138,G,152.319458,-11.95675,1.1,0.21,80,15.58,,,Hya,B,,0
NGC3139,G,152.521583,-11.77825,1.21,0.97,68,14.62,,,Hya,B,,0
NGC3140,G,152.365917,-16.628167,0.96,0.68,130,14.07,,,Hya,V,,0
NGC3141,G,152.332875,-16.653417,0.76,0.47,25,16.14,,,Hya,B,,0
NGC3142,G,152.526542,-8.47975,0.86,0.3,171,14.48,,,Sex,B,,0
NGC3143,G,152.516583,-12.581361,0.82,0.67,103,14.28,,,Hya,V,,0
NGC3144,G,153.884083,74.220278,1.12,0.74,4,14.24,,,Dra,B,,0
NGC3145,G,152.541125,-12.433778,2.87,1.37,20,12,,,Hya,V,,0
NGC3146,G,152.791125,-20.870694,1.01,0.79,131,14.03,,,Hya,B,,0
NGC3147,G,154.223542,73.40075,4.11,3.55,152,11.94,,,Dra,V,,0
NGC3148,*,153.432625,50.496528,,,,6.63,,,UMa,V,,0
NGC3149,G,150.933708,-80.421667,1.15,0.94,23,13.49,,,Cha,B,,0
NGC3150,G,153.359667,38.657667,1.04,0.77,154,15.27,,,LMi,B,,0
NGC3151,G,153.371208,38.619833,0.93,0.42,164,14.96,,,LMi,B,,0
NGC3152,G,153.392167,38.843194,0.74,0.65,54,15.32,,,LMi,B,,0
NGC3153,G,153.210417,12.666667,1.73,0.89,165,12.84,,,Leo,V,,0
NGC3154,G,153.255333,17.034167,0.83,0.39,121,14.26,,,Leo,B,,0
NGC3155,G,154.416042,74.347389,1.21,0.64,37,13.83,,,Dra,B,,0
NGC3156,G,153.171875,3.129361,1.91,1.02,50,12.3,,,Sex,V,,0
NGC3157,G,152.926792,-31.642861,1.7,0.44,39,13.91,,,Ant,B,,0
NGC3158,G,153.4605,38.764889,2.32,1.94,152,11.88,,,LMi,V,,0
NGC3159,G,153.470125,38.654472,0.96,0.76,156,13.59,,,LMi,V,,0
NGC3160,G,153.479458,38.842833,1.25,0.25,140,15.02,,,LMi,B,,0
NGC3161,G,153.496667,38.657139,0.46,0.28,6,15.26,,,LMi,B,,0
NGC3162,G,153.381625,22.737556,2.09,1.69,26,11.72,,,Leo,V,,0
NGC3163,G,153.529583,38.652556,1.14,0.97,40,13.34,,,LMi,V,,0
NGC3164,G,153.797583,56.672083,0.8,0.57,178,14.52,,,UMa,B,,0
NGC3165,G,153.380417,3.375028,1.17,0.54,175,13.87,,,Sex,V,,0
NGC3166,G,153.44,3.424722,4.5,2.84,87,10.62,,,Sex,V,,0
NGC3167,Other,153.649542,29.596333,,,,,,,LMi,,,0
NGC3168,G,154.095875,60.234944,0.91,0.79,35,14.46,,,UMa,B,,0
NGC3169,G,153.562708,3.466083,4.34,2.65,49,10.89,,,Sex,V,,0
NGC3170,**,154.060542,46.612361,,,,,,,UMa,,,0
NGC3171,G,153.903417,-20.647389,1.87,1.25,173,14.05,,,Hya,B,,0
NGC3172,G,176.808333,89.093056,1.14,1,85,15,,,UMi,B,Polarissima Borealis,0
NGC3173,G,153.645292,-27.692833,1.9,1.71,19,13.68,,,Ant,B,,0
NGC3174,Dup,153.884083,74.220278,,,,,,,Dra,,,0
NGC3175,G,153.675458,-28.872056,5.25,1.95,55,11.26,,,Ant,V,,0
NGC3176,Other,153.823083,-19.032556,,,,,,,Hya,,,0
NGC3177,G,154.14225,21.123056,1.44,1.1,140,12.37,,,Leo,V,,0
NGC3178,G,154.038208,-15.791278,1.47,0.93,71,13.68,,,Hya,B,,0
NGC3179,G,154.488375,41.114306,1.86,0.41,48,14.08,,,UMa,B,,0
NGC3180,HII,154.540292,41.445028,,,,,,,UMa,,,0
NGC3181,HII,154.547958,41.412694,2.84,0.83,123,15.79,,,UMa,B,,0
NGC3182,G,154.887583,58.205722,1.92,1.59,145,12.95,,,UMa,B,,0
NGC3183,G,155.454167,74.176861,2.22,1.38,160,12.67,,,Dra,B,,0
NGC3184,G,154.57025,41.424056,7.4,7.18,117,9.84,,,UMa,V,,0
NGC3185,G,154.410708,21.68825,2.15,1.23,131,12.2,,,Leo,V,,0
NGC3186,G,153.972458,6.96375,1.08,1.08,110,15.04,,,Leo,B,,0
NGC3187,G,154.449417,21.873333,2.24,0.74,108,13.28,,,Leo,V,,0
NGC3188,G,154.928375,57.423472,0.84,0.63,180,15,,,UMa,B,,0
NGC3188A,G,154.9095,57.418583,0.44,0.21,77,16.86,,,UMa,B,,0
NGC3189,G,154.523458,21.832306,3.64,1.22,124,11.05,,,Leo,V,,0
NGC3190,Dup,154.523458,21.832306,,,,,,,Leo,,,0
NGC3191,G,154.771375,46.454111,0.71,0.52,4,14.01,,,UMa,B,,0
NGC3192,Dup,154.771375,46.454111,,,,,,,UMa,,,0
NGC3193,G,154.60375,21.893972,2.36,2.16,20,11.02,,,Leo,V,,0
NGC3194,Dup,154.416042,74.347389,,,,,,,Dra,,,0
NGC3195,PN,152.337417,-80.858583,0.7,,,11.6,,,Cha,V,,0
NGC3196,G,154.704292,27.668944,0.46,0.26,121,16.08,,,Leo,B,,0
NGC3197,G,153.615292,77.82025,1.11,0.8,161,14.44,,,Dra,B,,0
NGC3198,G,154.978958,45.549611,6.46,1.84,30,10.38,,,UMa,V,,0
NGC3199,Neb,154.351792,-57.922222,20,15,,,,,Car,,,0
NGC3200,G,154.652292,-17.982528,4.07,1.14,168,12.1,,,Hya,V,,0
NGC3201,GCl,154.403167,-46.411222,9.6,,,8.24,,,Vel,V,,0
NGC3202,G,155.13225,43.021611,1.27,0.81,25,14.09,,,UMa,B,,0
NGC3203,G,154.890958,-26.698889,3.16,0.64,60,12.13,,,Hya,V,,0
NGC3204,G,155.046167,27.817056,1.25,0.88,106,14.63,,,Leo,B,,0
NGC3205,G,155.208208,42.972056,1.31,1.11,158,14.31,,,UMa,B,,0
NGC3206,G,155.448292,56.930417,2.3,1.17,7,13.29,,,UMa,B,,0
NGC3207,G,155.252292,42.985306,1.24,0.83,87,14.33,,,UMa,B,,0
NGC3208,G,154.922042,-25.81475,1.78,1.55,55,12.89,,,Hya,V,,0
NGC3209,G,155.160083,25.504972,1.57,1.21,80,13.85,,,Leo,B,,0
NGC3210,**,156.996667,79.832528,,,,,,,Dra,,,0
NGC3211,PN,154.460458,-62.670056,0.27,,,10.7,,,Car,V,,0
NGC3212,G,157.068583,79.823389,0.83,0.75,88,14.32,,,Dra,B,,0
NGC3213,G,155.322292,19.651778,1.05,0.83,128,14.21,,,Leo,B,,0
NGC3214,G,155.786625,57.039083,1.08,0.45,35,15.01,,,UMa,B,,0
NGC3215,G,157.169083,79.813083,0.95,0.52,40,13.95,,,Dra,B,,0
NGC3216,G,155.421792,23.923056,1.71,1.07,176,14.46,,,Leo,B,,0
NGC3217,G,155.885917,10.959722,0.53,0.4,22,15.21,,,Leo,B,,0
NGC3218,Dup,155.454167,74.176861,,,,,,,Dra,,,0
NGC3219,G,155.656,38.579167,1.08,0.63,70,14.21,,,LMi,V,,0
NGC3220,G,155.936083,57.026861,1.18,0.48,96,13.95,,,UMa,V,,0
NGC3221,G,155.58325,21.569583,1.7,0.76,166,14.05,,,Leo,B,,0
NGC3222,G,155.643792,19.887028,1.12,1.01,25,12.79,,,Leo,V,,0
NGC3223,G,155.396167,-34.266806,4.28,2.79,132,10.96,,,Ant,V,,0
NGC3224,G,155.421625,-34.696778,1.72,1.41,120,12.21,,,Ant,V,,0
NGC3225,G,156.29125,58.15,1.65,0.75,154,13.66,,,UMa,V,,0
NGC3226,G,155.862542,19.898528,3.13,2.26,13,12.95,,,Leo,V,,0
NGC3227,G,155.877417,19.865056,3.98,1.86,156,11.72,,,Leo,V,,0
NGC3228,OCl,155.342667,-51.722583,6.6,,,6,,,Vel,V,,0
NGC3229,Other,155.8515,0.064806,,,,,,,Sex,,,0
NGC3230,G,155.933167,12.567778,2.02,0.64,114,14.79,,,Leo,B,,0
NGC3231,OCl,156.741042,66.815167,,,,,,,UMa,,,0
NGC3232,G,156.100958,28.026139,0.85,0.69,57,15.5,,,LMi,B,,0
NGC3233,G,155.489417,-22.26775,1.52,0.64,141,13.54,,,Hya,B,,0
NGC3234,G,156.247125,28.023917,1.34,0.96,85,14.46,,,LMi,B,,0
NGC3235,Dup,156.247125,28.023917,,,,,,,LMi,,,0
NGC3236,G,156.702125,61.272917,0.95,0.67,52,15.12,,,UMa,B,,0
NGC3237,G,156.430417,39.646389,1.07,1.04,37,14.08,,,UMa,B,,0
NGC3238,G,156.679125,57.226333,1.11,0.91,151,13.96,,,UMa,B,,0
NGC3239,G,156.270375,17.163583,3.61,2.71,80,11.4,,,Leo,V,,0
NGC3240,G,156.127625,-21.791028,1.19,1.03,78,13.91,,,Hya,B,,0
NGC3241,G,156.070667,-32.482611,2.29,1.55,122,12.99,,,Ant,B,,0
NGC3242,PN,156.192,-18.642222,0.42,,,7.7,,木星鬼影星云,Hya,V,Jupiter's Ghost Nebula,0
NGC3243,G,156.589458,-2.622194,1.73,1.19,120,14.47,,,Sex,B,,0
NGC3244,G,156.370167,-39.827556,2.18,1.46,170,12.32,,,Ant,V,,0
NGC3245,G,156.826625,28.507444,3.61,2.3,176,10.75,,,LMi,V,,0
NGC3245A,G,156.754708,28.639333,2.32,0.3,148,15.23,,,LMi,B,,0
NGC3246,G,156.674208,3.861917,1.94,0.95,98,13.73,,,Sex,B,,0
NGC3247,HII,156.058333,-57.763333,5,5,,7.6,,,Car,V,,0
NGC3248,G,156.939333,22.847194,1.7,0.94,135,13.81,,,Leo,B,,0
NGC3249,G,156.592542,-34.963694,1.57,1.4,126,13.86,,,Ant,B,,0
NGC3250,G,156.6345,-39.943944,2.96,2.2,140,11.02,,,Ant,V,,0
NGC3250A,G,156.973875,-40.081333,1.62,0.32,88,15.66,,,Ant,B,,0
NGC3250B,G,156.936542,-40.435028,2.77,0.8,6,12.63,,,Vel,V,,0
NGC3250C,G,156.926958,-40.002583,1.91,0.7,58,14.23,,,Ant,V,,0
NGC3250D,G,156.991417,-39.814778,1.89,0.33,26,14.37,,,Ant,B,,0
NGC3250E,G,157.252917,-40.082806,1.82,1.45,133,13.26,,,Ant,B,,0
NGC3251,G,157.320167,26.09925,2.06,0.5,55,14.07,,,Leo,B,,0
NGC3252,G,158.596417,73.764972,1.87,0.66,36,14.1,,,Dra,B,,0
NGC3253,G,157.113833,12.704056,1.15,1.07,150,13.59,,,Leo,V,,0
NGC3254,G,157.333083,29.491833,2.34,1.12,50,11.66,,,LMi,V,,0
NGC3255,OCl,156.630667,-60.675194,4.8,,,11,,,Car,V,,0
NGC3256,G,156.963625,-43.90375,3.29,2.26,83,11.58,,,Vel,V,,0
NGC3256A,G,156.462667,-43.748083,1.33,0.65,85,15.06,,,Vel,B,,0
NGC3256B,G,157.254458,-44.402889,2.1,0.61,135,13.79,,,Vel,B,,0
NGC3256C,G,157.273917,-43.849278,1.91,1.3,90,13.32,,,Vel,B,,0
NGC3257,G,157.196333,-35.658083,1.08,0.87,170,13.12,,,Ant,V,,0
NGC3258,G,157.223208,-35.605528,2.94,2.34,67,11.41,,,Ant,V,,0
NGC3258A,G,157.079833,-35.454472,1.22,0.44,170,13.24,,,Ant,V,,0
NGC3258B,G,157.605417,-35.563556,1.06,0.35,47,15.54,,,Ant,B,,0
NGC3258C,G,157.850625,-35.220472,1.11,0.74,47,14.6,,,Ant,B,,0
NGC3258D,G,157.982208,-35.409806,1.98,0.84,9,13.98,,,Ant,B,,0
NGC3258E,G,158.103792,-34.998361,1.57,0.37,29,15.41,,,Ant,B,,0
NGC3259,G,158.145208,65.041083,1.72,0.9,16,12.72,,,UMa,V,,0
NGC3260,G,157.276625,-35.595194,1.41,1.22,9,12.67,,,Ant,V,,0
NGC3261,G,157.256083,-44.656833,3.65,2.84,76,11.41,,,Vel,V,,0
NGC3262,G,157.275958,-44.159667,1.17,0.91,109,13.13,,,Vel,V,,0
NGC3263,G,157.305667,-44.122917,7.83,1.84,99,12.15,,,Vel,V,,0
NGC3264,G,158.082083,56.085278,2.09,0.62,2,13.16,,,UMa,V,,0
NGC3265,G,157.778208,28.796667,0.97,0.71,73,13.54,,,LMi,V,,0
NGC3266,G,158.323375,64.749389,1.39,1.21,107,13.46,,,UMa,B,,0
NGC3267,G,157.452458,-35.322389,1.55,0.73,155,13.35,,,Ant,V,,0
NGC3268,G,157.50275,-35.325472,3.5,2.62,71,11.41,,,Ant,V,,0
NGC3269,G,157.48775,-35.224389,2.51,1.02,9,12.26,,,Ant,V,,0
NGC3270,G,157.874917,24.869444,2.34,0.62,12,13.05,,,Leo,V,,0
NGC3271,G,157.610375,-35.3595,3.01,1.67,109,11.73,,,Ant,V,,0
NGC3272,**,157.950625,28.468778,,,,,,,LMi,,,0
NGC3273,G,157.621542,-35.610639,1.91,0.88,96,12.48,,,Ant,V,,0
NGC3274,G,158.071958,27.668778,1.63,0.81,93,12.84,,,Leo,V,,0
NGC3275,G,157.715833,-36.736972,2.81,2.05,121,11.65,,,Ant,V,,0
NGC3276,G,157.788333,-39.944667,1.26,0.74,69,14.46,,,Ant,B,,0
NGC3277,G,158.231042,28.511722,2.11,1.59,29,11.65,,,LMi,V,,0
NGC3278,G,157.897458,-39.954639,1.35,1.04,60,13.09,,,Ant,B,,0
NGC3279,G,158.678333,11.197333,2.48,0.41,151,13.87,,,Leo,B,,0
NGC3280,GTrpl,158.188625,-12.63625,1.4,,,,,,Hya,,,0
NGC3280A,G,158.19325,-12.634583,0.65,0.57,29,15.95,,,Hya,B,,0
NGC3280B,G,158.182542,-12.637306,1.02,0.58,122,15.13,,,Hya,B,,0
NGC3280C,G,158.189792,-12.637222,1.23,0.54,22,16.02,,,Hya,B,,0
NGC3281,G,157.967042,-34.853694,3.1,1.27,140,11.95,,,Ant,V,,0
NGC3281A,G,157.992833,-35.1985,1.25,0.89,121,14.44,,,Ant,B,,0
NGC3281B,G,157.967333,-35.204861,1.31,0.64,65,15.14,,,Ant,B,,0
NGC3281C,G,158.248125,-34.886222,1.13,0.41,159,14.38,,,Ant,B,,0
NGC3281D,G,158.57925,-34.403417,2.06,0.39,159,14.66,,,Ant,B,,0
NGC3282,G,158.091333,-22.302278,1.77,0.65,81,14.06,,,Hya,B,,0
NGC3283,G,157.798333,-46.251278,2.86,2.07,166,11.74,,,Vel,V,,0
NGC3284,G,159.0885,58.620167,1.36,0.83,80,13.67,,,UMa,V,,0
NGC3285,G,158.399333,-27.454444,2.97,1.52,109,11.98,,,Hya,V,,0
NGC3285A,G,158.20325,-27.522444,1.21,0.87,174,13.84,,,Hya,V,,0
NGC3285B,G,158.653667,-27.652944,1.64,1.04,52,13.2,,,Hya,V,,0
NGC3286,Dup,159.0885,58.620167,,,,,,,UMa,,,0
NGC3287,G,158.697083,21.648278,1.78,0.85,18,12.83,,,Leo,B,,0
NGC3288,G,159.106958,58.556194,0.89,0.7,8,13.99,,,UMa,V,,0
NGC3289,G,158.530958,-35.323389,1.99,0.47,152,12.55,,,Ant,V,,0
NGC3290,G,158.822625,-17.276778,1.05,0.6,58,14.44,,,Hya,B,,0
NGC3291,*,159.027,37.274417,,,,,,,LMi,,,0
NGC3292,G,158.893458,-6.179611,1.11,0.85,178,14.79,,,Sex,B,,0
NGC3293,OCl,158.953208,-58.224472,5.1,,,4.7,,,Car,V,,0
NGC3294,G,159.067708,37.324694,3.08,1.6,119,11.68,,,LMi,V,,0
NGC3295,Dup,158.188625,-12.63625,,,,,,,Hya,,,0
NGC3296,G,158.189167,-12.717417,1.11,0.99,56,14.89,,,Hya,B,,0
NGC3297,G,158.299167,-12.671833,0.87,0.51,161,15.56,,,Hya,B,,0
NGC3298,G,159.301167,50.120583,1.1,0.7,157,14.8,,,UMa,B,,0
NGC3299,G,159.099167,12.707389,1.79,1.32,3,14,,,Leo,B,,0
NGC3300,G,159.160167,14.171111,1.53,0.78,174,13.32,,,Leo,B,,0
NGC3301,G,159.2335,21.882139,3.63,1.06,53,11.41,,,Leo,V,,0
NGC3302,G,158.947625,-32.3585,1.93,1.28,115,13.59,,,Ant,B,,0
NGC3303,GPair,159.249167,18.136667,1.2,,,,,,Leo,,,0
NGC3303 NED01,G,159.247667,18.137694,0.59,0.35,97,15.61,,,Leo,B,,0
NGC3303 NED02,G,159.250042,18.135889,1.1,0.74,157,14.5,,,Leo,V,,0
NGC3304,G,159.407958,37.455639,1.55,0.53,160,14.34,,,LMi,B,,0
NGC3305,G,159.048958,-27.162194,1.17,1.11,130,12.74,,,Hya,V,,0
NGC3306,G,159.292583,12.652472,1.04,0.45,136,13.84,,,Leo,B,,0
NGC3307,G,159.071542,-27.52975,0.95,0.32,28,14.4,,,Hya,V,,0
NGC3308,G,159.093333,-27.438139,1.21,0.72,34,12.3,,,Hya,V,,0
NGC3309,G,159.14875,-27.518444,1.82,1.57,94,11.74,,,Hya,V,,0
NGC3310,G,159.691083,53.503389,1.8,1.73,10,11.61,,,UMa,V,,0
NGC3311,G,159.178417,-27.528333,2.63,2.33,57,11.32,,,Hya,V,,0
NGC3312,G,159.2605,-27.565056,3.31,1.07,172,12.89,,,Hya,V,,0
NGC3313,G,159.356042,-25.319444,2.96,2.02,110,11.73,,,Hya,V,,0
NGC3314,GPair,159.305,-27.684444,1.2,,,,,,Hya,,,0
NGC3314A,G,159.303542,-27.683944,1.17,0.64,145,13.11,,,Hya,V,,0
NGC3314B,G,159.305208,-27.684972,0.64,0.46,46,13.51,,,Hya,B,,0
NGC3315,G,159.330125,-27.192306,1.2,1.04,119,13.05,,,Hya,V,,0
NGC3316,G,159.4055,-27.594306,0.96,0.78,8,12.59,,,Hya,V,,0
NGC3317,Other,159.429625,-27.519611,,,,,,,Hya,,,0
NGC3318,G,159.314625,-41.627556,2.52,1.36,82,11.5,,,Vel,V,,0
NGC3318A,G,158.88375,-41.740944,1.29,0.58,4,15.84,,,Vel,B,,0
NGC3318B,G,159.391,-41.465389,1.54,1.12,113,13.91,,,Vel,B,,0
NGC3319,G,159.789417,41.686667,3.63,1.77,38,11.37,,,UMa,V,,0
NGC3320,G,159.902208,47.397917,1.95,0.87,24,12.96,,,UMa,B,,0
NGC3321,G,159.710667,-11.648861,2.3,1.11,29,13.67,,,Sex,B,,0
NGC3322,Dup,159.710667,-11.648861,,,,,,,Sex,,,0
NGC3323,G,159.912667,25.32275,0.95,0.52,171,14.34,,,LMi,B,,0
NGC3324,Cl+N,159.317542,-58.619556,4.8,,,6.7,,,Car,V,,0
NGC3325,G,159.835208,-0.20025,1.26,1.07,64,13,,,Sex,V,,0
NGC3326,G,159.88275,5.107611,0.97,0.87,154,14.22,,,Sex,B,,0
NGC3327,G,159.991417,24.09125,1.26,0.86,81,14.03,,,LMi,B,,0
NGC3328,*,159.976042,9.300111,,,,,,,Leo,,,0
NGC3329,G,161.164042,76.809444,1.91,1.14,139,12.82,,,Dra,B,,0
NGC3330,OCl,159.689292,-54.130722,5.1,,,7.4,,,Vel,V,,0
NGC3331,G,160.03725,-23.820361,1.19,0.95,9,13.97,,,Hya,B,,0
NGC3332,G,160.118208,9.182556,1.37,1.14,145,13.59,,,Leo,B,,0
NGC3333,G,159.957625,-36.036167,1.44,0.41,159,13.12,,,Ant,V,,0
NGC3334,G,160.38,37.312861,1.21,1.13,150,12.84,,,LMi,V,,0
NGC3335,G,159.891917,-23.922694,1.1,0.91,117,14.07,,,Hya,B,,0
NGC3336,G,160.070917,-27.777083,1.97,1.74,117,12.31,,,Hya,V,,0
NGC3337,G,160.448292,4.988389,1.16,0.57,51,15.07,,,Sex,B,,0
NGC3338,G,160.531417,13.747,1.23,0.71,98,10.88,,,Leo,V,,0
NGC3339,*,160.541917,-0.36925,,,,15.4,,,Sex,B,,0
NGC3340,G,160.574958,-0.376861,1.29,0.94,166,13.24,,,Sex,V,,0
NGC3341,G,160.631125,5.043806,1.07,0.31,23,14.84,,,Sex,B,,0
NGC3342,Dup,160.118208,9.182556,,,,,,,Leo,,,0
NGC3343,G,161.543542,73.353139,1.34,0.93,55,14.63,,,Dra,B,,0
NGC3344,G,160.879792,24.922222,6.7,6.37,150,9.98,,,LMi,V,,0
NGC3345,**,160.883417,11.985278,,,,,,,Leo,,,0
NGC3346,G,160.912125,14.871861,2.64,2.2,119,12.57,,,Leo,B,,0
NGC3347,G,160.693958,-36.352667,4.05,1.14,177,11.51,,,Ant,V,,0
NGC3347A,G,160.085875,-36.411111,2.21,0.84,179,13.46,,,Ant,B,,0
NGC3347B,G,160.49925,-36.935333,2.99,0.57,91,13.72,,,Ant,B,,0
NGC3347C,G,160.223708,-36.287917,1.35,0.94,25,14.86,,,Ant,B,,0
NGC3348,G,161.791667,72.839667,2.13,2.13,65,10.92,,,UMa,V,,0
NGC3349,G,160.960667,6.762972,0.7,0.64,70,15.09,,,Leo,B,,0
NGC3350,G,161.095708,30.724861,0.65,0.6,80,15.29,,,LMi,B,,0
NGC3351,G,160.990417,11.703806,7.23,4.45,11,9.77,95,,Leo,V,,0
NGC3352,G,161.062208,22.371194,1.43,0.95,179,12.56,,,Leo,V,,0
NGC3353,G,161.343375,55.960389,1.36,0.98,76,12.7,,,UMa,V,,0
NGC3354,G,160.76225,-36.362389,1.02,0.82,169,13.23,,,Ant,V,,0
NGC3355,G,160.358292,-23.38425,1.25,0.93,51,13.73,,,Hya,V,,0
NGC3356,G,161.050958,6.758778,1.69,0.82,98,13.28,,,Leo,V,,0
NGC3357,G,161.086417,14.084472,1.03,0.83,88,14.1,,,Leo,B,,0
NGC3358,G,160.887583,-36.410694,3.62,1.82,140,11.61,,,Ant,V,,0
NGC3359,G,161.653583,63.224222,4.07,2.83,167,10.55,,,UMa,V,,0
NGC3360,G,161.067417,-11.242556,1.03,0.81,54,13.73,,,Sex,V,,0
NGC3361,G,161.121542,-11.207917,2.23,0.77,155,12.84,,,Sex,V,,0
NGC3362,G,161.2155,6.596722,1.32,1.08,82,15,,,Leo,V,,0
NGC3363,G,161.289417,22.0785,0.86,0.63,179,14.47,,,Leo,B,,0
NGC3364,G,162.12425,72.425028,1.39,1.22,68,13.47,,,UMa,B,,0
NGC3365,G,161.552458,1.813278,4.04,0.69,160,12.57,,,Sex,V,,0
NGC3366,G,158.7845,-43.691806,2.72,1.31,36,11.71,,,Vel,V,,0
NGC3367,G,161.645625,13.750861,2.88,2.83,70,11.73,,,Leo,V,,0
NGC3368,G,161.690583,11.819944,8.26,5.51,5,9.21,96,,Leo,V,,0
NGC3369,G,161.686042,-25.244444,0.72,0.54,118,13.58,,,Hya,V,,0
NGC3370,G,161.766875,17.273611,2.44,1.42,147,12.16,,,Leo,V,,0
NGC3371,Dup,162.070375,12.629278,,,,,,,Leo,,,0
NGC3372,HII,161.285542,-59.866694,120,120,,3,,船底座星云,Car,B,"Carina Nebula,eta Car Nebula",0
NGC3373,Dup,162.116292,12.533194,,,,,,,Leo,,,0
NGC3374,G,162.004375,43.186556,1.22,0.88,161,14.51,,,UMa,B,,0
NGC3375,G,161.753292,-9.941306,1.49,1.26,130,12.61,,,Sex,V,,0
NGC3376,G,161.860708,6.048139,1.13,0.53,166,14.16,,,Sex,B,,0
NGC3377,G,161.926375,13.985917,3.87,1.87,36,10.27,,,Leo,V,,0
NGC3377A,G,161.842917,14.069444,1.43,1.37,0,13.71,,,Leo,V,,0
NGC3378,G,161.680292,-40.016028,1.5,1.35,93,13.46,,,Ant,B,,0
NGC3379,G,161.956625,12.581611,4.89,4.25,71,9.27,105,,Leo,V,,0
NGC3380,G,162.05075,28.601778,1.56,1.4,21,13.45,,,LMi,B,,0
NGC3381,G,162.103417,34.711417,2.02,1.82,76,12.89,,,LMi,B,,0
NGC3382,**,162.104292,36.725444,,,,,,,LMi,,,0
NGC3383,G,161.83,-24.438167,1.45,1.11,5,13.55,,,Hya,B,,0
NGC3384,G,162.070375,12.629278,5.24,2.37,53,9.96,,,Leo,V,,0
NGC3385,G,162.048458,4.92775,1.61,0.88,98,13.57,,,Sex,B,,0
NGC3386,G,162.049625,4.998583,1.06,1,95,14.57,,,Sex,B,,0
NGC3387,Other,162.06975,4.966611,,,,,,,Sex,,,0
NGC3388,Dup,162.856375,8.567139,,,,,,,Leo,,,0
NGC3389,G,162.116292,12.533194,2.68,1.18,104,12.04,,,Leo,V,,0
NGC3390,G,162.018167,-31.533361,3.11,0.69,179,12.23,,,Hya,V,,0
NGC3391,G,162.234833,14.219833,0.87,0.56,31,13.3,,,Leo,B,,0
NGC3392,G,162.7625,65.781556,0.9,0.67,117,16.11,,,UMa,V,,0
NGC3393,G,162.09775,-25.162056,1.95,1.7,13,13.09,,,Hya,V,,0
NGC3394,G,162.666,65.727222,1.77,1.36,43,13.15,,,UMa,B,,0
NGC3395,G,162.458792,32.982861,1.6,0.89,40,12.06,,,LMi,V,,0
NGC3396,G,162.479458,32.990833,3.1,1.27,97,12.5,,,LMi,V,,0
NGC3397,Dup,161.164042,76.809444,,,,,,,Dra,,,0
NGC3398,G,162.880958,55.390972,0.86,0.32,76,14.42,,,UMa,B,,0
NGC3399,G,162.365,16.218556,1.52,1.38,30,14.48,,,Leo,B,,0
NGC3400,G,162.689458,28.469083,1.53,0.91,97,14.07,,,LMi,B,,0
NGC3401,Other,162.582792,5.8115,,,,,,,Sex,,,0
NGC3402,G,162.610292,-12.844611,1.85,1.78,170,11.89,,,Hya,V,,0
NGC3403,G,163.478583,73.690361,2.78,1.04,73,13.02,,,Dra,B,,0
NGC3404,G,162.574917,-12.108722,2.06,0.6,81,14.06,,,Hya,B,,0
NGC3405,GPair,162.4325,16.240278,1.2,,,,,,Leo,,,0
NGC3405 NED01,G,162.430458,16.238833,1.29,0.98,74,14.71,,,Leo,B,,0
NGC3405 NED02,G,162.434833,16.242194,0.66,0.5,95,15.56,,,Leo,B,,0
NGC3406,GPair,162.934167,51.023889,1.2,,,,,,UMa,,,0
NGC3406 NED01,G,162.931792,51.022167,1.45,1,84,13.84,,,UMa,B,,0
NGC3406 NED02,G,162.935333,51.025083,1.12,0.55,11,14.79,,,UMa,B,,0
NGC3407,G,163.074125,61.379639,1.35,0.67,17,14.63,,,UMa,B,,0
NGC3408,G,163.048667,58.438139,0.85,0.72,150,14.23,,,UMa,B,,0
NGC3409,G,162.584792,-17.043639,1.39,0.32,9,15.81,,,Hya,B,,0
NGC3410,G,162.973792,51.0065,0.87,0.59,40,14.89,,,UMa,B,,0
NGC3411,Dup,162.610292,-12.844611,,,,,,,Hya,,,0
NGC3412,G,162.722,13.412139,3.96,2.17,155,10.53,,,Leo,V,,0
NGC3413,G,162.836417,32.766389,2.02,0.85,177,13.12,,,LMi,B,,0
NGC3414,G,162.817542,27.975111,2.67,1.37,9,11.09,,,LMi,V,,0
NGC3415,G,162.9275,43.712611,1.35,0.78,10,12.61,,,UMa,V,,0
NGC3416,G,162.951292,43.764139,0.59,0.25,31,15.51,,,UMa,B,,0
NGC3417,G,162.757167,8.4735,0.81,0.52,87,15.21,,,Leo,B,,0
NGC3418,G,162.849792,28.112028,1.1,0.94,77,14.28,,,LMi,B,,0
NGC3419,G,162.823917,13.946,0.75,0.63,117,13.84,,,Leo,B,,0
NGC3419A,G,162.833083,14.023444,1.67,0.34,136,14.85,,,Leo,B,,0
NGC3420,G,162.54025,-17.242528,1.16,1.13,120,15.01,,,Hya,B,,0
NGC3421,G,162.740125,-12.448528,1.58,1.24,65,14.58,,,Hya,B,,0
NGC3422,G,162.82225,-12.402389,1.33,0.44,54,14.71,,,Crt,B,,0
NGC3423,G,162.809708,5.840028,3.56,3.03,4,11.17,,,Sex,V,,0
NGC3424,G,162.943042,32.90075,2.49,0.78,111,13.13,,,LMi,B,,0
NGC3425,G,162.856375,8.567139,1.16,1.01,65,14.44,,,Leo,B,,0
NGC3426,G,162.923958,18.480833,1.71,1.39,104,13.78,,,Leo,B,,0
NGC3427,G,162.859708,8.298694,1.3,0.83,77,13.95,,,Leo,B,,0
NGC3428,G,162.872958,9.2795,1.4,0.6,167,14.03,,,Leo,B,,0
NGC3429,Dup,162.872958,9.2795,,,,,,,Leo,,,0
NGC3430,G,163.0475,32.950444,3.99,2.22,32,11.81,,,LMi,V,,0
NGC3431,G,162.812667,-17.008028,1.5,0.4,133,14.53,,,Crt,B,,0
NGC3432,G,163.129708,36.618778,7.41,2.08,33,11.27,,,LMi,V,,0
NGC3433,G,163.016125,10.148306,2.51,2.4,170,13.3,,,Leo,B,,0
NGC3434,G,162.991792,3.792056,1.45,1.09,178,13.47,,,Leo,B,,0
NGC3435,G,163.701375,61.289861,1.75,1.17,33,14.05,,,UMa,B,,0
NGC3436,G,163.114542,8.094028,0.86,0.6,79,14.92,,,Leo,B,,0
NGC3437,G,163.148958,22.934139,2.35,0.82,119,12.19,,,Leo,V,,0
NGC3438,G,163.10825,10.54725,0.89,0.83,65,14.25,,,Leo,B,,0
NGC3439,G,163.107167,8.557583,0.44,0.35,135,15.24,,,Leo,B,,0
NGC3440,G,163.45625,57.11875,2.03,0.47,51,14.06,,,UMa,B,,0
NGC3441,G,163.129667,7.224889,0.79,0.43,6,14.02,,,Leo,B,,0
NGC3442,G,163.283792,33.910361,0.54,0.36,18,13.41,,,LMi,V,,0
NGC3443,G,163.2505,17.573639,1.77,0.89,146,14.58,,,Leo,B,,0
NGC3444,G,163.247417,10.210583,1.36,0.16,19,15.52,,,Leo,B,,0
NGC3445,G,163.647875,56.990694,1.41,1.28,130,12.66,,,UMa,V,,0
NGC3446,OCl,163.028875,-45.13925,7.5,,,,,,Vel,,,0
NGC3447,GPair,163.111667,16.778889,3.6,,,,,,Leo,,,0
NGC3447A,G,163.349917,16.772444,3.38,1.95,14,14.47,,,Leo,B,,0
NGC3447B,G,163.373542,16.786,1.49,0.79,107,15.35,,,Leo,B,,0
NGC3448,G,163.663333,54.304861,2.97,0.88,65,11.98,,,UMa,V,,0
NGC3449,G,163.223583,-32.927611,3.66,0.96,145,12.98,,,Ant,B,,0
NGC3450,G,162.015083,-20.849194,2.61,2.29,110,11.83,,,Hya,V,,0
NGC3451,G,163.587042,27.23975,1.66,0.78,50,13.5,,,LMi,B,,0
NGC3452,G,163.558667,-11.405056,1.25,0.31,65,14.8,,,Crt,B,,0
NGC3453,G,163.41875,-21.79275,1.09,0.56,13,13.91,,,Hya,B,,0
NGC3454,G,163.623042,17.344028,2.41,0.53,116,13.71,,,Leo,B,,0
NGC3455,G,163.629542,17.28475,2.27,1.42,70,12.73,,,Leo,V,,0
NGC3456,G,163.513792,-16.027722,1.75,1.26,105,13.33,,,Crt,B,,0
NGC3457,G,163.702625,17.62125,0.97,0.93,175,12.98,,,Leo,B,,0
NGC3458,G,164.006167,57.116972,1.38,0.73,7,13.05,,,UMa,B,,0
NGC3459,G,163.6845,-17.042,1.45,0.55,149,14.5,,,Crt,B,,0
NGC3460,Dup,163.702625,17.62125,,,,,,,Leo,,,0
NGC3461,G,163.730375,17.708139,0.51,0.43,66,15.99,,,Leo,B,,0
NGC3462,G,163.83775,7.69675,1.76,1.16,62,13.36,,,Leo,B,,0
NGC3463,G,163.805667,-26.14075,1.51,0.7,77,13.82,,,Hya,B,,0
NGC3464,G,163.666708,-21.066639,2.37,1.55,111,12.63,,,Hya,V,,0
NGC3465,G,164.880292,75.191278,0.95,0.8,65,14.55,,,Dra,B,,0
NGC3466,G,164.0645,9.754444,1,0.56,53,14.55,,,Leo,B,,0
NGC3467,G,164.183667,9.758917,0.92,0.81,20,13.43,,,Leo,V,,0
NGC3468,G,164.379875,40.946139,1.5,0.73,9,14.02,,,UMa,B,,0
NGC3469,G,164.240375,-14.300806,1.56,1.05,142,14.28,,,Crt,B,,0
NGC3470,G,164.687083,59.510694,1.36,1.16,161,14.19,,,UMa,B,,0
NGC3471,G,164.787542,61.530694,1.79,0.92,12,12.78,,,UMa,V,,0
NGC3472,Other,164.342667,-19.637694,,,,,,,Crt,,,0
NGC3473,G,164.521542,17.124417,1.05,0.84,36,14.64,,,Leo,B,,0
NGC3474,G,164.5365,17.095694,1.06,0.82,160,15.02,,,Leo,B,,0
NGC3475,G,164.605083,24.226333,1.13,0.7,60,14.54,,,Leo,B,,0
NGC3476,G,164.531667,9.276139,1.01,0.9,146,14.86,,,Leo,B,,0
NGC3477,G,164.552417,9.217806,1.41,0.31,72,15.57,,,Leo,B,,0
NGC3478,G,164.864,46.122389,2.05,0.85,127,12.87,,,UMa,V,,0
NGC3479,G,164.731167,-14.961389,1.53,1.07,3,13.91,,,Crt,B,,0
NGC3480,Dup,164.531667,9.276139,,,,,,,Leo,,,0
NGC3481,G,164.859042,-7.543639,0.81,0.56,125,13.81,,,Crt,B,,0
NGC3482,G,164.642792,-46.583889,1.85,1.36,16,12.62,,,Vel,V,,0
NGC3483,G,164.75075,-28.476972,1.79,1.35,98,13.24,,,Hya,B,,0
NGC3484,Other,164.350208,-19.63325,,,,,,,Crt,,,0
NGC3485,G,165.009917,14.841583,2.17,2.05,50,12.24,,,Leo,V,,0
NGC3486,G,165.099458,28.975139,5.82,4.12,80,10.57,,,LMi,V,,0
NGC3487,G,165.193958,17.587611,0.89,0.38,152,14.6,,,Leo,B,,0
NGC3488,G,165.348375,57.677667,1.51,0.72,172,13.68,,,UMa,B,,0
NGC3489,G,165.077375,13.901222,3.44,2.03,70,10.23,,,Leo,V,,0
NGC3490,G,164.976708,9.361889,0.89,0.72,26,15.25,,,Leo,B,,0
NGC3491,G,165.1475,12.161556,0.92,0.9,140,13.23,,,Leo,V,,0
NGC3492,GPair,165.2375,10.505,1,,,,,,Leo,,,0
NGC3492 NED01,G,165.236458,10.504222,0.98,0.76,27,15.34,,,Leo,B,,0
NGC3492 NED02,G,165.23925,10.505472,1.17,0.76,100,13.14,,,Leo,V,,0
NGC3493,G,165.365958,27.719583,0.98,0.34,85,15.08,,,LMi,B,,0
NGC3494,**,165.295458,3.774306,,,,,,,Leo,,,0
NGC3495,G,165.317625,3.627944,4.66,1,20,12.43,,,Leo,B,,0
NGC3496,OCl,164.890875,-60.336861,6,,,8.2,,,Car,V,,0
NGC3497,G,166.825292,-19.471556,2.58,1.56,57,13.01,,,Crt,B,,0
NGC3498,Other,165.425792,14.350722,,,,,,,Leo,,,0
NGC3499,G,165.795958,56.221722,0.83,0.71,20,14.2,,,UMa,B,,0
NGC3500,G,165.464458,75.201361,0.87,0.42,48,14.76,,,Dra,B,,0
NGC3501,G,165.696958,17.989333,4.31,0.65,27,13.6,,,Leo,B,,0
NGC3502,Dup,164.731167,-14.961389,,,,,,,Crt,,,0
NGC3503,RfN,165.321833,-59.84575,3,3,,,,,Car,,,0
NGC3504,G,165.796708,27.9725,2.48,2.24,150,12.18,,,LMi,V,,0
NGC3505,Dup,165.748625,-16.289444,,,,,,,Crt,,,0
NGC3506,G,165.804042,11.076667,1.16,1.04,175,13.16,,,Leo,B,,0
NGC3507,G,165.855667,18.135444,2.92,2.51,95,12.07,,,Leo,B,,0
NGC3508,G,165.748625,-16.289444,1,0.8,23,13.38,,,Crt,B,,0
NGC3509,G,166.098125,4.828611,1.93,0.51,37,14.11,,,Leo,B,,0
NGC3510,G,165.930708,28.887167,1.55,0.71,163,13.49,,,LMi,B,,0
NGC3511,G,165.849042,-23.086778,6.04,2,76,11.02,,,Crt,V,,0
NGC3512,G,166.01225,28.036806,1.59,1.36,141,12.29,,,LMi,V,,0
NGC3513,G,165.942,-23.2455,2.81,1.28,113,11.66,,,Crt,V,,0
NGC3514,G,165.999583,-18.780583,1.22,0.99,100,13.79,,,Crt,B,,0
NGC3515,G,166.155167,28.227972,0.98,0.69,51,14.7,,,LMi,B,,0
NGC3516,G,166.697875,72.568583,1.91,1.62,55,12.09,,,UMa,V,,0
NGC3517,G,166.403375,56.524917,0.95,0.81,91,13.8,,,UMa,B,,0
NGC3518,Dup,151.008792,-6.474778,,,,,,,Sex,,,0
NGC3519,OCl,166.011542,-61.36825,4.8,,,7.7,,,Car,V,,0
NGC3520,G,166.788375,-18.023694,0.95,0.75,51,14.87,,,Crt,B,,0
NGC3521,G,166.452417,-0.035861,8.32,4.47,162,9.11,,,Leo,V,,0
NGC3522,G,166.668583,20.085556,1.17,0.62,115,14.07,,,Leo,B,,0
NGC3523,G,165.776333,75.11575,1.14,0.97,160,13.74,,,Dra,B,,0
NGC3524,G,166.63375,11.385417,1.47,0.43,14,13.33,,,Leo,B,,0
NGC3525,Dup,166.825292,-19.471556,,,,,,,Crt,,,0
NGC3526,G,166.735958,7.173917,2.38,0.56,55,13.58,,,Leo,B,,0
NGC3527,G,166.825792,28.527778,1.18,1,171,14.92,,,UMa,B,,0
NGC3528,Dup,166.825292,-19.471556,,,,,,,Crt,,,0
NGC3529,G,166.829667,-19.555639,1.11,0.92,104,14.07,,,Crt,B,,0
NGC3530,G,167.16825,57.230194,0.81,0.27,99,14.32,,,UMa,B,,0
NGC3531,Dup,166.735958,7.173917,,,,,,,Leo,,,0
NGC3532,OCl,166.44925,-58.7705,12,,,3,,,Car,V,Wishing Well Cluster,0
NGC3533,G,166.781458,-37.172639,2.88,0.73,70,13.77,,,Cen,B,,0
NGC3534,G,167.231917,26.6105,1.44,0.45,88,14.04,,,Leo,V,,0
NGC3534B,G,167.238208,26.596139,0.92,0.38,169,14.86,,,Leo,V,,0
NGC3535,G,167.141333,4.831889,1.16,0.51,178,14.18,,,Leo,B,,0
NGC3536,G,167.213333,28.475694,0.84,0.68,161,15.14,,,UMa,B,,0
NGC3537,GPair,167.11125,-10.257778,1.4,,,,,,Crt,,,0
NGC3537 NED01,G,167.110458,-10.256028,1.35,1.2,30,14.18,,,Crt,B,,0
NGC3537 NED02,G,167.112208,-10.258833,1.38,1.23,170,,,,Crt,,,0
NGC3538,**,167.893083,75.569722,,,,,,,Dra,,,0
NGC3539,G,167.286833,28.672528,1.26,0.41,5,15.22,,,UMa,B,,0
NGC3540,G,167.317,36.021083,1.32,1.19,63,14.49,,,UMa,B,,0
NGC3541,G,167.134208,-10.491833,1.3,1.18,90,15.39,,,Crt,B,,0
NGC3542,G,167.481125,36.9465,0.81,0.35,45,14.89,,,UMa,B,,0
NGC3543,G,167.735208,61.347028,1.21,0.25,9,14.14,,,UMa,V,,0
NGC3544,G,167.876958,-18.2895,3.06,0.97,94,13.06,,,Crt,B,,0
NGC3545,GPair,167.552917,36.965556,1.3,,,,,,UMa,,,0
NGC3545A,G,167.551042,36.964778,1.16,1.16,69,14.97,,,UMa,B,,0
NGC3545B,G,167.555208,36.966556,0.44,0.44,60,15.17,,,UMa,B,,0
NGC3546,G,167.444958,-13.380861,1.91,0.9,101,14.46,,,Crt,B,,0
NGC3547,G,167.483083,10.720833,1.74,0.77,6,12.88,,,Leo,V,,0
NGC3548,Dup,167.317,36.021083,,,,,,,UMa,,,0
NGC3549,G,167.736958,53.387778,2.64,0.86,39,12.14,,,UMa,V,,0
NGC3550,GPair,167.66125,28.768333,1.2,,,,,,UMa,,,0
NGC3550 NED01,G,167.660833,28.767778,0.87,0.83,20,14.44,,,UMa,B,,0
NGC3550 NED02,G,167.66,28.767611,1.07,1.02,50,13.22,,,UMa,V,,0
NGC3551,G,167.435167,21.758917,1.38,0.95,38,14.7,,,Leo,B,,0
NGC3552,G,167.678542,28.693167,0.82,0.77,55,15.04,,,UMa,B,,0
NGC3553,G,167.668667,28.68475,0.54,0.27,2,16.03,,,UMa,B,,0
NGC3554,G,167.69925,28.660278,0.74,0.61,57,15.21,,,UMa,B,,0
NGC3555,G,167.459708,21.810194,0.6,0.29,32,15.64,,,Leo,B,,0
NGC3556,G,167.879042,55.674111,3.98,1.66,79,10.05,108,,UMa,V,,0
NGC3557,G,167.490167,-37.539167,4.36,3.43,32,10.42,,,Cen,V,,0
NGC3557B,G,167.383875,-37.349639,1.83,0.52,110,12.55,,,Cen,V,,0
NGC3558,G,167.732792,28.543806,0.99,0.91,115,14.55,,,UMa,B,,0
NGC3559,G,167.688375,12.016139,1.5,0.91,51,13.78,,,Leo,B,,0
NGC3560,Dup,167.688375,12.016139,,,,,,,Leo,,,0
NGC3561,G,167.805,28.696472,1.71,1.71,175,14.7,,,UMa,V,the Guitar,0
NGC3562,G,168.2445,72.879306,1.69,1.26,165,12.2,,,Dra,V,,0
NGC3563,GPair,167.852083,26.9625,1.4,,,,,,Leo,,,0
NGC3563A,G,167.848875,26.961861,0.58,0.5,41,15.6,,,Leo,B,,0
NGC3563B,G,167.855,26.963583,1.13,0.82,15,14.75,,,Leo,B,,0
NGC3564,G,167.651583,-37.547583,1.95,1.09,16,12.16,,,Cen,V,,0
NGC3565,G,166.948542,-20.021556,0.68,0.52,126,15.43,,,Crt,B,,0
NGC3566,Dup,166.948542,-20.021556,,,,,,,Crt,,,0
NGC3567,G,167.827833,5.836306,1.22,0.46,115,14.4,,,Leo,B,,0
NGC3568,G,167.702375,-37.447861,2.7,1.18,6,12.41,,,Cen,V,,0
NGC3569,G,168.033708,35.452139,1.15,1.07,50,14.43,,,UMa,B,,0
NGC3570,G,168.013958,27.589778,1.06,0.99,100,14.94,,,Leo,B,,0
NGC3571,Dup,167.876958,-18.2895,,,,,,,Crt,,,0
NGC3572,OCl,167.58,-60.248361,4.08,,,6.6,,,Car,V,,0
NGC3573,G,167.827375,-36.875528,2.55,1.08,4,12.33,,,Cen,V,,0
NGC3574,G,168.050542,27.624833,0.73,0.59,31,15.68,,,Leo,B,,0
NGC3575,Dup,153.381625,22.737556,,,,,,,Leo,,,0
NGC3576,HII,167.881958,-61.363,3,3,,,,,Car,,,0
NGC3577,G,168.437083,48.272722,1.16,1.01,61,14.73,,,UMa,B,,0
NGC3578,Other,168.219958,-15.95725,,,,,,,Crt,,,0
NGC3579,Neb,167.998333,-61.243222,20,15,,,,,Car,,,0
NGC3580,G,168.316375,3.657333,0.85,0.29,175,14.68,,,Leo,B,,0
NGC3581,HII,168.008167,-61.301861,,,,,,,Car,,,0
NGC3582,Neb,168.049875,-61.273556,,,,,,,Car,,,0
NGC3583,G,168.545375,48.318528,2.24,1.26,127,12.17,,,UMa,B,,0
NGC3584,Neb,168.082458,-61.228611,,,,,,,Car,,,0
NGC3585,G,168.321208,-26.754833,6.61,3.27,104,9.69,,,Hya,V,,0
NGC3586,Neb,168.12475,-61.35225,,,,,,,Car,,,0
NGC3587,PN,168.698792,55.019028,3.58,,,9.9,97,猫头鹰星云,UMa,V,Owl Nebula,0
NGC3588,GPair,168.51125,20.388611,0.55,0.55,10,15.3,,,Leo,B,,0
NGC3589,G,168.805542,60.699917,1.49,0.76,50,14.48,,,UMa,B,,0
NGC3590,OCl,168.245708,-60.789028,5.1,,,8.2,,,Car,V,,0
NGC3591,G,168.513792,-14.087333,1.22,0.77,151,14.49,,,Crt,B,,0
NGC3592,G,168.614042,17.26,2.13,0.57,118,14.55,,,Leo,B,,0
NGC3593,G,168.654167,12.817667,4.69,1.85,91,10.91,,,Leo,V,,0
NGC3594,G,169.058292,55.704333,1.25,1.06,8,14.96,,,UMa,B,,0
NGC3595,G,168.856458,47.447028,1.51,0.63,176,12.92,,,UMa,B,,0
NGC3596,G,168.775875,14.787028,3.55,3.37,65,11.49,,,Leo,V,,0
NGC3597,G,168.674875,-23.727694,1.49,1.06,84,13.09,,,Crt,V,,0
NGC3598,G,168.798625,17.262694,1.61,1.26,38,13.47,,,Leo,B,,0
NGC3599,G,168.862333,18.110389,2.4,2.18,105,12.01,,,Leo,V,,0
NGC3600,G,168.966708,41.591028,1.87,0.59,4,12.98,,,UMa,B,,0
NGC3601,G,168.88875,5.115417,0.51,0.43,17,14.25,,,Leo,B,,0
NGC3602,G,168.951333,17.416111,1.04,0.43,48,15.63,,,Leo,B,,0
NGC3603,Cl+N,168.777458,-61.261222,3.3,,,,,,Car,,,0
NGC3604,G,169.375708,4.555583,1.4,0.75,11,12.22,,,Leo,V,,0
NGC3605,G,169.194125,18.017167,1.25,0.71,19,12.3,,,Leo,V,,0
NGC3606,G,169.065125,-33.827444,1.59,1.49,10,13.39,,,Hya,B,,0
NGC3607,G,169.227667,18.05175,4.59,4.03,120,10,,,Leo,V,,0
NGC3608,G,169.245625,18.148694,3.18,2.67,78,10.63,,,Leo,V,,0
NGC3609,G,169.460917,26.625806,1.17,0.97,49,13.97,,,Leo,B,,0
NGC3610,G,169.605292,58.786278,2.39,2.37,135,10.77,,,UMa,V,,0
NGC3611,Dup,169.375708,4.555583,,,,,,,Leo,,,0
NGC3612,G,169.561333,26.620556,0.93,0.64,169,14.93,,,Leo,B,,0
NGC3613,G,169.650458,58,3.55,1.78,100,10.81,,,UMa,V,,0
NGC3614,G,169.588833,45.748222,2.5,1.74,88,12.15,,,UMa,V,,0
NGC3614A,G,169.549458,45.716889,0.69,0.62,34,16,,,UMa,B,,0
NGC3615,G,169.527708,23.397333,1.51,0.91,40,13.89,,,Leo,B,,0
NGC3616,*,169.536958,14.765222,,,,,,,Leo,,,0
NGC3617,G,169.461917,-26.134417,1.79,1.22,137,12.75,,,Hya,V,,0
NGC3618,G,169.635583,23.469083,0.89,0.77,3,14.28,,,Leo,B,,0
NGC3619,G,169.839833,57.757833,3.89,3.08,25,12.53,,,UMa,B,,0
NGC3620,G,169.0195,-76.216306,3.16,0.84,80,13.88,,,Cha,V,,0
NGC3621,G,169.568792,-32.814056,9.79,4.03,161,9.55,,,Hya,V,,0
NGC3622,G,170.051542,67.241556,1.25,0.51,9,13.13,,,UMa,V,,0
NGC3623,G,169.733,13.092361,7.64,1.97,173,9.32,65,,Leo,V,,0
NGC3624,G,169.712417,7.521389,0.91,0.51,166,14.8,,,Leo,B,,0
NGC3625,G,170.130583,57.781417,1.91,0.5,151,13.92,,,UMa,B,,0
NGC3626,G,170.015875,18.356833,2.94,1.94,157,10.98,,,Leo,V,,0
NGC3627,G,170.062333,12.991528,10.28,4.61,168,8.92,66,,Leo,V,,0
NGC3628,G,170.070708,13.589694,11.04,3.44,104,9.45,,,Leo,V,,0
NGC3629,G,170.132542,26.963361,1.77,1.14,35,12.94,,,Leo,B,,0
NGC3630,G,170.07075,2.964389,1.92,0.88,38,12.8,,,Leo,B,,0
NGC3631,G,170.261958,53.169556,3.72,3.08,118,10.42,,,UMa,V,,0
NGC3632,Dup,170.015875,18.356833,,,,,,,Leo,,,0
NGC3633,G,170.10925,3.585611,1.19,0.44,71,14.29,,,Leo,B,,0
NGC3634,G,170.126292,-9.01375,0.35,0.21,,15.5,,,Crt,B,,0
NGC3635,G,170.130792,-9.013611,1.35,1.35,55,14.64,,,Crt,B,,0
NGC3636,G,170.104333,-10.281778,2.51,1.29,91,12.4,,,Crt,V,,0
NGC3637,G,170.164875,-10.257361,2.45,2.14,20,12.63,,,Crt,V,,0
NGC3638,G,170.041792,-8.105694,1.6,0.38,140,14.18,,,Crt,B,,0
NGC3639,G,170.398667,18.458583,1.1,0.85,27,14.05,,,Leo,B,,0
NGC3640,G,170.278542,3.234833,4.33,3.81,98,10.41,,,Leo,V,,0
NGC3641,G,170.286708,3.194583,0.99,0.82,178,13.21,,,Leo,V,,0
NGC3642,G,170.574542,59.074528,4.27,3.65,120,12.19,,,UMa,V,,0
NGC3643,G,170.354125,3.013917,0.95,0.74,107,14.66,,,Leo,B,,0
NGC3644,G,170.386958,2.810444,1.43,0.61,65,15.02,,,Leo,B,,0
NGC3645,Dup,170.07075,2.964389,,,,,,,Leo,,,0
NGC3646,G,170.4295,20.169556,3.09,1.48,45,11.2,,,Leo,V,,0
NGC3647,G,170.41075,2.891722,0.39,0.38,75,15.67,,,Leo,B,,0
NGC3648,G,170.631292,39.876889,1.19,0.73,73,12.64,,,UMa,V,,0
NGC3649,G,170.561417,20.208528,0.76,0.54,141,14.67,,,Leo,B,,0
NGC3650,G,170.647458,20.703917,1.91,0.32,54,14.48,,,Leo,B,,0
NGC3651,GPair,170.609583,24.297222,1,,,,,,Leo,,,0
NGC3651 NED01,G,170.609667,24.299083,1.35,1.1,137,14.16,,,Leo,B,,0
NGC3651 NED02,G,170.609917,24.295444,0.78,0.36,99,15.22,,,Leo,B,,0
NGC3652,G,170.662625,37.765111,2.48,0.77,153,12.66,,,UMa,V,,0
NGC3653,G,170.625292,24.279278,1.21,0.65,79,14.58,,,Leo,B,,0
NGC3654,G,171.04475,69.413083,1.46,0.84,45,13.32,,,UMa,B,,0
NGC3655,G,170.727583,16.590028,1.45,1,32,11.67,,,Leo,V,,0
NGC3656,G,170.911042,53.842111,1.46,0.97,168,12.75,,,UMa,V,,0
NGC3657,G,170.981583,52.921,0.99,0.88,169,13.24,,,UMa,B,,0
NGC3658,G,170.99275,38.562333,1.72,1.59,30,12.16,,,UMa,V,,0
NGC3659,G,170.93975,17.818667,1.96,1.04,59,12.82,,,Leo,B,,0
NGC3660,G,170.8845,-8.658556,2.56,2.17,105,12.66,,,Crt,V,,0
NGC3661,G,170.910125,-13.831111,1.77,0.75,139,14.34,,,Crt,B,,0
NGC3662,G,170.943583,-1.104861,1.32,0.76,19,13.77,,,Leo,B,,0
NGC3663,G,170.999625,-12.296444,1.98,1.43,85,13.16,,,Crt,B,,0
NGC3664,G,171.101042,3.325,1.45,0.94,34,12.7,,,Leo,V,,0
NGC3664A,G,171.104583,3.2225,0.63,0.51,1,15.77,,,Leo,B,,0
NGC3665,G,171.181958,38.762861,4.06,3,29,10.83,,,UMa,V,,0
NGC3666,G,171.108625,11.342222,3.44,0.99,97,12.69,,,Leo,B,,0
NGC3667,G,171.070917,-13.857306,2.1,1.2,82,14,,,Crt,B,,0
NGC3667A,G,171.089542,-13.855806,0.92,0.68,41,14.8,,,Crt,B,,0
NGC3668,G,171.376833,63.446333,1.82,1.11,133,13.11,,,UMa,B,,0
NGC3669,G,171.3615,57.72125,1.79,0.45,154,13.34,,,UMa,B,,0
NGC3670,G,171.206917,23.945222,1.06,0.66,36,14.35,,,Leo,B,,0
NGC3671,G,171.468958,60.479583,0.82,0.67,1,15.61,,,UMa,B,,0
NGC3672,G,171.260292,-9.795389,2.9,1.69,7,11.34,,,Crt,V,,0
NGC3673,G,171.303542,-26.736722,3.48,2.32,74,11.57,,,Hya,V,,0
NGC3674,G,171.610875,57.048389,1.59,0.47,32,13.01,,,UMa,B,,0
NGC3675,G,171.53575,43.585917,5.9,3.27,178,10.09,,,UMa,V,,0
NGC3676,G,171.40625,-11.139667,1.01,0.76,151,14.68,,,Crt,B,,0
NGC3677,G,171.574,46.974111,1.49,1.29,130,13.82,,,UMa,B,,0
NGC3678,G,171.565667,27.867139,0.71,0.68,50,14.14,,,Leo,B,,0
NGC3679,G,170.45025,-5.757694,1.21,0.95,90,14.85,,,Leo,B,,0
NGC3680,OCl,171.4045,-43.250111,5.7,,,7.6,,,Cen,V,,0
NGC3681,G,171.624167,16.863194,1.74,1.68,10,11.92,,,Leo,V,,0
NGC3682,G,171.921667,66.589833,2.23,1.41,93,12.49,,,Dra,V,,0
NGC3683,G,171.882708,56.877056,1.74,0.71,124,12.97,,,UMa,B,,0
NGC3683A,G,172.299,57.132333,2.03,1.48,68,12.72,,,UMa,B,,0
NGC3684,G,171.796667,17.030167,2.29,1.5,126,11.81,,,Leo,V,,0
NGC3685,G,172.067583,4.327278,0.75,0.38,147,15.46,,,Leo,B,,0
NGC3686,G,171.933208,17.224194,2.88,2.18,21,11.43,,,Leo,V,,0
NGC3687,G,172.002542,29.511056,1.4,0.49,173,12.58,,,UMa,V,,0
NGC3688,G,171.935208,-9.165611,1.11,0.93,168,15.38,,,Crt,B,,0
NGC3689,G,172.045958,25.661167,1.48,0.97,94,12.31,,,Leo,V,,0
NGC3690,GPair,172.134583,58.561944,2.1,,,,,,UMa,,,0
NGC3690A,G,172.12925,58.561306,0.21,0.15,164,12.86,,,UMa,V,,0
NGC3690B,G,172.140125,58.562944,2.4,1.86,41,11.68,,,UMa,B,,0
NGC3691,G,172.039208,16.920472,1.49,1.04,20,12.63,,,Leo,B,,0
NGC3692,G,172.100042,9.407639,3.22,0.75,93,12.94,,,Leo,B,,0
NGC3693,G,172.048208,-13.194861,2.33,0.75,86,14.02,,,Crt,B,,0
NGC3694,G,172.225542,35.414,1,0.78,116,13.56,,,UMa,B,,0
NGC3695,G,172.321208,35.575722,0.97,0.67,165,14.85,,,UMa,B,,0
NGC3696,G,172.182875,-11.282833,0.9,0.73,102,14.97,,,Crt,B,,0
NGC3697,G,172.209917,20.795028,2.07,0.61,93,13.06,,,Leo,V,,0
NGC3698,Dup,172.321208,35.575722,,,,,,,UMa,,,0
NGC3699,PN,171.988125,-59.958056,0.75,,,11.3,,,Cen,V,,0
NGC3700,G,172.410875,35.514639,0.98,0.71,146,14.87,,,UMa,B,,0
NGC3701,G,172.3705,24.093444,1.6,0.77,143,13.02,,,Leo,V,,0
NGC3702,G,172.556167,-8.862917,1.29,0.95,158,14.67,,,Crt,B,,0
NGC3703,G,172.289,-8.446444,0.6,0.42,110,15.68,,,Crt,B,,0
NGC3704,G,172.519375,-11.546333,1.55,1.44,30,13.88,,,Crt,B,,0
NGC3705,G,172.531083,9.276639,4.31,1.74,121,10.97,,,Leo,V,,0
NGC3705A,G,172.623833,9.387944,0.89,0.28,128,15.72,,,Leo,B,,0
NGC3705B,G,172.432083,9.205806,0.59,0.27,69,16.59,,,Leo,B,,0
NGC3706,G,172.435125,-36.391306,3.1,2.1,78,11.3,,,Cen,V,,0
NGC3707,G,172.548167,-11.5435,0.67,0.53,77,15.83,,,Crt,B,,0
NGC3708,Other,172.663667,-3.222583,,,,,,,Leo,,,0
NGC3709,Other,172.663625,-3.255917,,,,,,,Leo,,,0
NGC3710,G,172.778917,22.768056,1.22,0.45,99,13.09,,,Leo,V,,0
NGC3711,G,172.356333,-11.079083,0.95,0.46,155,14.69,,,Crt,B,,0
NGC3712,G,172.788125,28.567944,1.97,0.7,159,15.63,,,UMa,B,,0
NGC3713,G,172.925083,28.153583,1.21,0.8,123,14.18,,,Leo,B,,0
NGC3714,G,172.973375,28.358472,1.23,0.85,65,14.33,,,UMa,B,,0
NGC3715,G,172.88475,-14.231361,1.23,0.81,133,13.45,,,Crt,B,,0
NGC3716,G,172.921375,3.488,0.92,0.78,152,14.24,,,Leo,B,,0
NGC3717,G,172.883292,-30.30775,6.52,2.04,32,11.23,,,Hya,V,,0
NGC3718,G,173.145208,53.067917,4.7,2.34,9,10.7,,,UMa,V,,0
NGC3719,G,173.056083,0.819278,1.67,1.11,24,13.11,,,Leo,V,,0
NGC3720,G,173.09,0.804,1.07,0.99,125,13.02,,,Leo,V,,0
NGC3721,G,173.532583,-9.467139,0.91,0.53,130,15.47,,,Crt,B,,0
NGC3722,G,173.597125,-9.680056,1.11,0.81,58,15.44,,,Crt,B,,0
NGC3723,G,173.127292,-9.969528,1.3,1.1,75,14.36,,,Crt,B,,0
NGC3724,G,173.6195,-9.660194,1.46,0.35,63,15.02,,,Crt,B,,0
NGC3725,G,173.418875,61.888,1.54,1.27,144,13.18,,,UMa,V,,0
NGC3726,G,173.338,47.029194,5.27,3.54,14,10.49,,,UMa,V,,0
NGC3727,G,173.420542,-13.878889,0.92,0.63,87,15.14,,,Crt,B,,0
NGC3728,G,173.31575,24.446889,1.56,0.85,22,14.53,,,Leo,B,,0
NGC3729,G,173.4555,53.125556,2.89,2.09,14,11.56,,,UMa,V,,0
NGC3730,G,173.570333,-9.576111,1.42,1.06,13,14.69,,,Crt,B,,0
NGC3731,G,173.548667,12.512306,0.97,0.85,45,14.37,,,Leo,B,,0
NGC3732,G,173.558083,-9.845667,1.28,1.1,89,12.36,,,Crt,V,,0
NGC3733,G,173.756667,54.8505,3.4,1.07,167,12.43,,,UMa,V,,0
NGC3734,G,173.6695,-14.081833,1.11,0.97,59,14.85,,,Crt,B,,0
NGC3735,G,173.98875,70.535583,3.54,0.8,130,12.5,,,Dra,V,,0
NGC3736,G,173.923875,73.451833,1.15,0.55,151,15.82,,,Dra,B,,0
NGC3737,G,173.901583,54.948556,1.1,0.95,89,13.87,,,UMa,B,,0
NGC3738,G,173.953292,54.523889,2.26,1.63,156,11.45,,,UMa,V,,0
NGC3739,G,173.906667,25.088639,1.22,0.35,18,15.16,,,Leo,B,,0
NGC3740,G,174.051167,59.9765,1.26,0.69,109,14.82,,,UMa,B,,0
NGC3741,G,174.02575,45.283639,0.94,0.81,2,14.03,,,UMa,V,,0
NGC3742,G,173.885458,-37.956389,2.6,1.83,113,12.06,,,Cen,V,,0
NGC3743,G,173.989,21.722611,0.56,0.48,3,15.65,,,Leo,B,,0
NGC3744,G,173.991125,23.011556,0.73,0.32,13,15.5,,,Leo,B,,0
NGC3745,G,174.435125,22.021278,0.58,0.33,102,16.17,,,Leo,B,,0
NGC3746,G,174.43175,22.009833,1.13,0.53,115,14.98,,,Leo,B,,0
NGC3747,G,173.129417,74.378389,0.48,0.23,110,16.33,,,Dra,B,,0
NGC3748,G,174.454417,22.026139,0.85,0.31,138,15.77,,,Leo,B,,0
NGC3749,G,173.971708,-37.997361,2.82,0.48,109,12.76,,,Cen,V,,0
NGC3750,G,174.465167,21.97425,1.05,0.73,154,14.91,,,Leo,B,,0
NGC3751,G,174.474417,21.936472,0.91,0.53,9,15,,,Leo,B,,0
NGC3752,G,173.134208,74.627528,1.62,0.68,152,13.81,,,Dra,V,,0
NGC3753,G,174.474583,21.981389,1.6,0.46,109,14.54,,,Leo,B,,0
NGC3754,G,174.478833,21.9855,0.55,0.45,1,15.02,,,Leo,B,,0
NGC3755,G,174.139042,36.410333,2.9,1.16,124,12.79,,,UMa,V,,0
NGC3756,G,174.200083,54.293556,1.91,0.97,179,11.52,,,UMa,V,,0
NGC3757,G,174.261917,58.415528,1.14,0.89,125,13.44,,,UMa,B,,0
NGC3758,G,174.12125,21.596111,0.7,0.57,54,14.08,,,Leo,V,,0
NGC3759,G,174.225375,54.823306,1.03,0.95,10,13.29,,,UMa,V,,0
NGC3759A,G,174.241792,55.162056,1.08,0.97,35,14.36,,,UMa,B,,0
NGC3760,Dup,159.2335,21.882139,,,,,,,Leo,,,0
NGC3761,G,174.183833,22.992028,1.09,0.83,63,15.01,,,Leo,B,,0
NGC3762,G,174.349292,61.759361,1.83,0.42,166,13.25,,,UMa,B,,0
NGC3763,G,174.125792,-9.846694,1.07,0.95,159,13.16,,,Crt,V,,0
NGC3764,GPair,174.225417,17.889444,0.8,,,,,,Leo,,,0
NGC3764 NED01,G,174.227583,17.888611,0.69,0.56,132,14.88,,,Leo,B,,0
NGC3764 NED02,G,174.223583,17.890444,0.24,0.19,25,18.15,,,Leo,B,,0
NGC3765,G,174.267417,24.09625,0.85,0.57,61,14.89,,,Leo,B,,0
NGC3766,OCl,174.059958,-61.605167,6.9,,,5.3,,,Cen,V,Pearl Cluster,0
NGC3767,G,174.314833,16.877167,0.98,0.7,88,13.44,,,Leo,V,,0
NGC3768,G,174.310333,17.839889,1.36,0.84,154,13.66,,,Leo,B,,0
NGC3769,G,174.433792,47.893083,2.82,0.89,150,12.52,,,UMa,B,,0
NGC3769A,G,174.464,47.881333,0.92,0.37,107,14.74,,,UMa,B,,0
NGC3770,G,174.49475,59.616917,0.95,0.63,119,13.58,,,UMa,B,,0
NGC3771,G,174.775,-9.348194,1.47,0.86,10,12.59,,,Crt,V,,0
NGC3772,G,174.452,22.691278,1.31,0.69,14,14.26,,,Leo,B,,0
NGC3773,G,174.553667,12.112056,1.23,0.97,161,13.31,,,Leo,B,,0
NGC3774,G,174.626083,-8.976139,1.11,0.67,79,14.74,,,Crt,B,,0
NGC3775,G,174.61125,-10.638778,1.28,0.5,30,14.7,,,Crt,B,,0
NGC3776,G,174.574917,-3.354389,0.48,0.38,155,16.08,,,Vir,B,,0
NGC3777,G,174.028542,-12.569083,1.18,0.63,35,14.42,,,Crt,B,,0
NGC3778,G,174.589208,-50.715361,1.21,0.99,40,14.16,,,Cen,B,,0
NGC3779,G,174.712708,-10.58375,1.62,0.82,92,14.39,,,Crt,B,,0
NGC3780,G,174.843167,56.270667,2.64,2.17,74,12.13,,,UMa,B,,0
NGC3781,G,174.765667,26.36175,0.68,0.55,25,14.73,,,Leo,B,,0
NGC3782,G,174.8365,46.513833,1.23,0.64,178,13.09,,,UMa,B,,0
NGC3783,G,174.757333,-37.738667,2.15,1.94,163,12.67,,,Cen,V,,0
NGC3784,G,174.874167,26.309139,0.93,0.5,137,15.11,,,Leo,B,,0
NGC3785,G,174.887042,26.302278,1.11,0.44,27,15.06,,,Leo,B,,0
NGC3786,G,174.927292,31.909278,1.96,1,72,13.74,,,UMa,V,,0
NGC3787,G,174.908125,20.454694,0.75,0.7,25,14.57,,,Leo,B,,0
NGC3788,G,174.936042,31.931194,2,0.58,179,12.5,,,UMa,V,,0
NGC3789,G,174.53775,-9.607139,1.8,0.52,178,14.26,,,Crt,B,,0
NGC3790,G,174.946917,17.71225,1.03,0.36,154,14.41,,,Leo,B,,0
NGC3791,G,174.92375,-9.36725,1.34,0.92,165,14.36,,,Crt,B,,0
NGC3792,**,174.910542,5.0995,,,,,,,Vir,,,0
NGC3793,*,175.008292,31.877722,,,,14.4,,,UMa,B,,0
NGC3794,G,175.222583,56.202028,2.03,1.12,118,13.01,,,UMa,V,,0
NGC3795,G,175.027792,58.613083,2.1,0.55,54,13.99,,,UMa,B,,0
NGC3795A,G,174.838792,58.268694,2.03,1.48,71,14.26,,,UMa,B,,0
NGC3796,G,175.129667,60.298917,1.46,0.88,126,12.86,,,UMa,V,,0
NGC3797,*,175.055458,31.906556,,,,14.9,,,UMa,V,,0
NGC3798,G,175.058083,24.697056,2.15,1.01,60,13.1,,,Leo,V,,0
NGC3799,G,175.039083,15.327306,0.67,0.38,105,14.47,,,Leo,B,,0
NGC3800,G,175.056292,15.342361,1.67,0.58,53,13.01,,,Leo,B,,0
NGC3801,G,175.070583,17.728056,2.31,1.29,120,12.26,,,Leo,V,,0
NGC3802,G,175.07825,17.765333,1.04,0.24,85,13.55,,,Leo,V,,0
NGC3803,G,175.071875,17.80125,0.62,0.5,19,16.4,,,Leo,B,,0
NGC3804,Dup,175.222583,56.202028,,,,,,,UMa,,,0
NGC3805,G,175.173667,20.342944,1.53,1.25,62,13.7,,,Leo,B,,0
NGC3806,G,175.194292,17.796278,1.14,0.94,170,13.62,,,Leo,V,,0
NGC3807,*,175.477833,17.818917,,,,,,,Leo,,,0
NGC3808,GPair,175.185,22.437778,2.2,,,,,,Leo,,,0
NGC3808A,G,175.184333,22.429361,0.94,0.73,135,13.63,,,Leo,V,,0
NGC3808B,G,175.186,22.446944,0.75,0.33,46,12.02,,,Leo,V,,0
NGC3809,G,175.316917,59.885778,1.22,1.12,125,13.53,,,UMa,B,,0
NGC3810,G,175.244833,11.471139,3.35,2.29,28,10.75,,,Leo,V,,0
NGC3811,G,175.319292,47.690806,2.03,1.51,172,12.33,,,UMa,V,,0
NGC3812,G,175.282125,24.821694,1.71,0.52,25,13.81,,,Leo,B,,0
NGC3813,G,175.32775,36.546806,2.12,1.22,85,11.7,,,UMa,V,,0
NGC3814,G,175.365333,24.805417,0.79,0.42,172,15.54,,,Leo,B,,0
NGC3815,G,175.413708,24.8005,1.44,0.77,70,14.08,,,Leo,B,,0
NGC3816,G,175.450167,20.103639,1.7,0.9,68,12.52,,,Leo,V,,0
NGC3817,G,175.470625,10.304389,1.1,0.85,122,13.3,,,Vir,V,,0
NGC3818,G,175.489,-6.155667,2.44,1.55,96,11.75,,,Vir,V,,0
NGC3819,G,175.524417,10.351139,0.9,0.63,145,14.79,,,Leo,B,,0
NGC3820,G,175.520458,10.38425,0.69,0.52,25,15.42,,,Leo,B,,0
NGC3821,G,175.537958,20.315667,1.36,1.01,175,12.85,,,Leo,V,,0
NGC3822,G,175.546292,10.277778,1.36,0.76,176,13.7,,,Vir,V,,0
NGC3823,G,175.562917,-13.866944,1.93,1.18,86,13.84,,,Crt,B,,0
NGC3824,G,175.686917,52.779583,1.23,0.69,115,14.47,,,UMa,B,,0
NGC3825,G,175.598875,10.264139,1.35,0.89,147,12.98,,,Vir,V,,0
NGC3826,G,175.636875,26.488889,1.06,0.79,68,14.24,,,Leo,B,,0
NGC3827,G,175.651125,18.845444,1.01,0.73,74,13.3,,,Leo,V,,0
NGC3828,G,175.743417,16.487611,0.77,0.55,51,15.37,,,Leo,B,,0
NGC3829,G,175.863667,52.711139,1.04,0.55,97,14.96,,,UMa,B,,0
NGC3830,Dup,175.636875,26.488889,,,,,,,Leo,,,0
NGC3831,G,175.8275,-12.878361,2.28,0.63,23,13.87,,,Crt,B,,0
NGC3832,G,175.881,22.725444,1.87,1.51,7,12.94,,,Leo,V,,0
NGC3833,G,175.87075,10.161861,1.34,0.67,29,14.56,,,Vir,B,,0
NGC3834,G,175.907208,19.090472,0.86,0.6,133,14.87,,,Leo,B,,0
NGC3835,G,176.020417,60.119778,1.91,0.64,62,13.07,,,UMa,V,,0
NGC3835A,G,176.845417,60.300444,1.1,1.08,170,13.94,,,UMa,B,,0
NGC3836,GPair,175.874167,-16.795556,1.5,,,,,,Crt,,,0
NGC3836 NED01,G,175.872958,-16.79425,0.43,0.18,111,,,,Crt,,,0
NGC3836 NED02,G,175.874333,-16.796472,1.2,0.93,138,13.7,,,Crt,B,,0
NGC3837,G,175.985125,19.894583,0.93,0.84,6,13.24,,,Leo,V,,0
NGC3838,G,176.057333,57.948222,1.43,0.59,141,12.32,,,UMa,V,,0
NGC3839,G,175.976375,10.784694,1.04,0.51,85,13.73,,,Leo,B,,0
NGC3840,G,175.995667,20.077028,0.79,0.68,67,13.94,,,Leo,V,,0
NGC3841,G,176.008958,19.971889,0.99,0.65,119,13.55,,,Leo,V,,0
NGC3842,G,176.008958,19.949806,2.14,1.49,177,11.84,,,Leo,V,,0
NGC3843,G,175.977625,7.925694,0.99,0.37,43,14.08,,,Vir,B,,0
NGC3844,G,176.003292,20.029333,1.16,0.3,28,13.87,,,Leo,V,,0
NGC3845,G,176.022792,19.996111,0.95,0.47,125,14.03,,,Leo,V,,0
NGC3846,G,176.121167,55.65225,0.97,0.63,134,13.63,,,UMa,B,,0
NGC3846A,G,176.06175,55.034972,1.94,1.55,47,14.1,,,UMa,B,,0
NGC3847,G,176.058208,33.514528,1.52,1.36,130,14.36,,,UMa,B,,0
NGC3848,Dup,175.546292,10.277778,,,,,,,Vir,,,0
NGC3849,G,176.396875,3.231833,0.67,0.4,29,14.83,,,Vir,B,,0
NGC3850,G,176.398167,55.886889,1.71,0.69,124,14.46,,,UMa,B,,0
NGC3851,G,176.085083,19.980861,0.63,0.48,83,15.19,,,Leo,B,,0
NGC3852,Dup,175.598875,10.264139,,,,,,,Vir,,,0
NGC3853,G,176.118042,16.558111,1.43,0.82,140,12.43,,,Leo,V,,0
NGC3854,G,176.216875,-9.233278,1.87,1.64,57,12.99,,,Crt,B,,0
NGC3855,G,176.107417,33.355083,1.22,0.95,73,14.85,,,UMa,B,,0
NGC3856,Dup,176.058208,33.514528,,,,,,,UMa,,,0
NGC3857,G,176.208958,19.532861,0.9,0.55,48,14.08,,,Leo,V,,0
NGC3858,G,176.298667,-9.313972,1.41,0.77,71,14.25,,,Crt,B,,0
NGC3859,G,176.217667,19.454194,1.05,0.33,58,14.14,,,Leo,V,,0
NGC3860,G,176.204833,19.795028,1.32,0.72,40,13.45,,,Leo,V,,0
NGC3861,G,176.266167,19.973694,2.04,1.01,61,12.75,,,Leo,V,,0
NGC3862,G,176.270875,19.606306,1.09,1.09,155,13.34,,,Leo,V,,0
NGC3863,G,176.273,8.4695,2.51,0.52,74,13.87,,,Vir,B,,0
NGC3864,G,176.315333,19.392111,0.77,0.58,82,15.58,,,Leo,B,,0
NGC3865,Dup,176.216875,-9.233278,,,,,,,Crt,,,0
NGC3866,Dup,176.298667,-9.313972,,,,,,,Crt,,,0
NGC3867,G,176.373417,19.400167,1.44,0.82,176,13.2,,,Leo,V,,0
NGC3868,G,176.37475,19.444694,0.84,0.44,80,14.78,,,Leo,B,,0
NGC3869,G,176.439833,10.824611,1.67,0.46,136,13.46,,,Leo,B,,0
NGC3870,G,176.485833,50.19975,1.03,0.75,24,13.03,,,UMa,V,,0
NGC3871,G,176.54225,33.10875,0.94,0.2,104,15.25,,,UMa,B,,0
NGC3872,G,176.454417,13.766694,2.39,1.77,4,11.71,,,Leo,V,,0
NGC3873,G,176.442083,19.773944,1.14,1.06,0,12.85,,,Leo,V,,0
NGC3874,**,176.407292,8.573917,,,,,,,Vir,,,0
NGC3875,G,176.456042,19.767417,1.59,0.36,86,14.5,,,Leo,B,,0
NGC3876,G,176.361125,9.160722,1.12,0.64,105,13.78,,,Vir,B,,0
NGC3877,G,176.532083,47.494333,5.36,1.23,36,11,,,UMa,V,,0
NGC3878,G,176.574083,33.204472,0.6,0.6,145,14.04,,,UMa,B,,0
NGC3879,G,176.705917,69.383694,2.04,0.5,131,13.39,,,Dra,B,,0
NGC3880,G,176.592625,33.161778,0.94,0.9,115,14.69,,,UMa,B,,0
NGC3881,G,176.643375,33.106417,1.2,1.04,15,14.95,,,UMa,B,,0
NGC3882,G,176.527292,-56.388139,3.32,1.82,107,11.81,,,Cen,V,,0
NGC3883,G,176.696583,20.675417,1.77,1.56,159,13.07,,,Leo,V,,0
NGC3884,G,176.55075,20.391639,1.91,1.41,10,12.59,,,Leo,V,,0
NGC3885,G,176.693708,-27.922167,2.74,1.11,120,11.87,,,Hya,V,,0
NGC3886,G,176.773333,19.837194,1.35,0.71,125,14.12,,,Leo,B,,0
NGC3887,G,176.769042,-16.854611,3.27,2.57,10,10.93,,,Crt,V,,0
NGC3888,G,176.893208,55.967222,1.61,1.31,119,12.1,,,UMa,V,,0
NGC3889,G,176.950542,56.018333,0.73,0.41,123,15.55,,,UMa,B,,0
NGC3890,G,177.332708,74.302194,0.87,0.78,50,14.06,,,Dra,B,,0
NGC3891,G,177.014,30.359333,1.72,1.29,71,12.76,,,UMa,V,,0
NGC3892,G,177.004125,-10.962056,3.08,2.7,98,11.24,,,Crt,V,,0
NGC3893,G,177.159125,48.710833,2.69,1.43,158,10.63,,,UMa,V,,0
NGC3894,G,177.209833,59.415667,2.66,1.83,18,11.62,,,UMa,V,,0
NGC3895,G,177.266792,59.432667,1.19,0.81,124,13.03,,,UMa,V,,0
NGC3896,G,177.234958,48.674667,1.39,0.86,129,12.63,,,UMa,V,,0
NGC3897,G,177.24775,35.016056,1.53,1.16,107,13.03,,,UMa,V,,0
NGC3898,G,177.314042,56.084361,3.47,2.11,107,10.72,,,UMa,V,,0
NGC3899,G,177.518542,26.47925,1.51,0.67,4,13.16,,,Leo,B,,0
NGC3900,G,177.289417,27.022028,2.55,1.25,2,11.44,,,Leo,V,,0
NGC3901,G,175.707167,77.372694,1.37,0.67,166,14.52,,,Cam,B,,0
NGC3902,G,177.328167,26.121611,1.27,0.82,89,13.99,,,Leo,B,,0
NGC3903,G,177.26475,-37.517111,1.28,1.11,133,13.53,,,Cen,B,,0
NGC3904,G,177.305083,-29.27675,3.47,2.51,11,10.79,,,Hya,V,,0
NGC3905,G,177.270458,-9.729833,1.89,1.29,63,12.84,,,Crt,V,,0
NGC3906,G,177.41875,48.425972,1.35,0.84,80,13.52,,,UMa,B,,0
NGC3907,G,177.375583,-1.086528,1.06,0.67,40,13.64,,,Vir,V,,0
NGC3907B,G,177.348083,-1.083778,1.49,0.41,71,13.94,,,Vir,V,,0
NGC3908,G,177.4695,12.185917,0.65,0.52,79,16.27,,,Leo,B,,0
NGC3909,OCl,177.533917,-48.238139,6.6,,,,,,Cen,,,0
NGC3910,G,177.497125,21.333639,1.43,0.94,144,14.32,,,Leo,B,,0
NGC3911,G,177.342042,24.938472,0.87,0.71,112,15.31,,,Leo,B,,0
NGC3912,Dup,177.518542,26.47925,,,,,,,Leo,,,0
NGC3913,G,177.66225,55.353861,1.64,1.38,146,12.51,,,UMa,V,,0
NGC3914,G,177.636042,6.567583,0.84,0.39,37,13.87,,,Vir,B,,0
NGC3915,G,177.352208,-5.118444,1.9,0.43,96,14.62,,,Vir,B,,0
NGC3916,G,177.712708,55.143639,1.21,0.31,47,14.62,,,UMa,B,,0
NGC3917,G,177.689292,51.824667,4.61,1.03,76,11.81,,,UMa,V,,0
NGC3918,PN,177.574792,-57.182333,0.32,,,8.1,,,Cen,V,Blue Planetary,0
NGC3919,G,177.673042,20.015194,0.95,0.87,150,14.39,,,Leo,B,,0
NGC3920,G,177.524708,24.92,1.05,0.89,131,14.11,,,Leo,B,,0
NGC3921,G,177.778625,55.07875,2.02,1.2,30,12.49,,,UMa,V,,0
NGC3922,G,177.805958,50.156889,1.91,0.65,39,13.6,,,UMa,B,,0
NGC3923,G,177.757042,-28.806028,6.89,4.55,48,9.6,,,Hya,V,,0
NGC3924,Dup,177.805958,50.156889,,,,,,,UMa,,,0
NGC3925,G,177.837375,21.889139,1.23,0.82,15,15.05,,,Leo,B,,0
NGC3926,GPair,177.864167,22.026944,1.2,,,,,,Leo,,,0
NGC3926A,G,177.860667,22.027972,0.62,0.51,86,15.67,,,Leo,B,,0
NGC3926B,G,177.867625,22.025972,0.83,0.38,135,15.18,,,Leo,B,,0
NGC3927,Dup,172.925083,28.153583,,,,,,,Leo,,,0
NGC3928,G,177.948417,48.683139,1.36,1.25,0,12.48,,,UMa,V,Miniature Spiral,0
NGC3929,G,177.927208,21.002722,0.58,0.44,85,14.66,,,Leo,B,,0
NGC3930,G,177.941708,38.015111,2.66,1.98,38,13.51,,,UMa,B,,0
NGC3931,G,177.806042,52.000861,1.13,0.88,157,14.42,,,UMa,B,,0
NGC3932,*,178.045167,48.620389,,,,,,,UMa,,,0
NGC3933,G,178.008542,16.809694,1.01,0.5,83,13.55,,,Leo,V,,0
NGC3934,G,178.052333,16.851444,0.92,0.67,73,14.85,,,Leo,B,,0
NGC3935,G,178.100292,32.403806,1.03,0.6,112,13.93,,,UMa,B,,0
NGC3936,G,178.085792,-26.905889,4.55,0.78,64,12.29,,,Hya,V,,0
NGC3937,G,178.177583,20.631306,1.75,1.54,20,12.48,,,Leo,V,,0
NGC3938,G,178.206042,44.120722,3.55,3.44,28,10.36,,,UMa,V,,0
NGC3939,Dup,177.332708,74.302194,,,,,,,Dra,,,0
NGC3940,G,178.193542,20.989278,1.22,1.04,99,12.85,,,Leo,V,,0
NGC3941,G,178.230667,36.986333,3.51,2.33,10,10.37,,,UMa,V,,0
NGC3942,G,177.875583,-11.424722,1.34,0.69,124,13.78,,,Crt,B,,0
NGC3943,G,178.235708,20.479111,0.97,0.91,130,14.46,,,Leo,B,,0
NGC3944,G,178.271167,26.206944,1.07,0.76,30,14.13,,,Leo,B,,0
NGC3945,G,178.307208,60.675556,5.55,3.29,15,10.75,,,UMa,V,,0
NGC3946,G,178.335958,21.021528,0.66,0.54,83,14.45,,,Leo,V,,0
NGC3947,G,178.334667,20.751722,1.37,0.8,106,13.2,,,Leo,V,,0
NGC3948,*,178.402708,20.950778,,,,,,,Leo,,,0
NGC3949,G,178.423833,47.858694,2.26,1.32,116,10.89,,,UMa,V,,0
NGC3950,G,178.422542,47.884583,0.4,0.34,52,16.18,,,UMa,B,,0
NGC3951,G,178.421875,23.382222,1.02,0.51,175,13.63,,,Leo,V,,0
NGC3952,G,178.419292,-3.996528,1.63,0.41,84,13.02,,,Vir,V,,0
NGC3953,G,178.453833,52.326778,6.14,3.13,14,10.1,,,UMa,V,,0
NGC3954,G,178.423667,20.8825,0.91,0.75,19,14.34,,,Leo,B,,0
NGC3955,G,178.488125,-23.164167,4.15,1.21,166,11.84,,,Crt,V,,0
NGC3956,G,178.502875,-20.567333,3.46,1,64,12.46,,,Crt,V,,0
NGC3957,G,178.506292,-19.568889,3.24,0.61,176,12.94,,,Crt,B,,0
NGC3958,G,178.640333,58.367028,1.26,0.51,30,13.02,,,UMa,V,,0
NGC3959,G,178.656875,-7.7565,0.88,0.59,153,13.97,,,Crt,B,,0
NGC3960,OCl,177.638375,-55.669833,6,,,8.3,,,Cen,V,,0
NGC3961,G,178.740167,69.330111,1.3,1.28,165,14.63,,,Dra,B,,0
NGC3962,G,178.667083,-13.975028,4.17,3,10,10.65,,,Crt,V,,0
NGC3963,G,178.744625,58.493639,2.52,2.22,96,12.01,,,UMa,V,,0
NGC3964,G,178.722833,28.262417,0.89,0.67,78,14.9,,,Leo,B,,0
NGC3965,G,178.596292,-10.866861,0.6,0.39,123,16.29,,,Crt,B,,0
NGC3966,G,179.184125,32.021778,2.48,0.52,109,13.82,,,UMa,B,,0
NGC3967,G,178.793333,-7.843778,1.28,1.01,108,14.42,,,Crt,B,,0
NGC3968,G,178.869583,11.968361,1.91,1.31,17,13.22,,,Leo,B,,0
NGC3969,G,178.7885,-18.927417,1.32,1.16,64,14,,,Crt,B,,0
NGC3970,G,178.866958,-12.061278,1.19,0.52,101,14.45,,,Crt,B,,0
NGC3971,G,178.901625,29.995917,1.05,0.91,76,13.13,,,UMa,V,,0
NGC3972,G,178.937875,55.32075,3.67,0.99,117,12.32,,,UMa,V,,0
NGC3973,G,178.904167,11.997389,0.69,0.42,166,15.53,,,Leo,B,,0
NGC3974,G,178.91725,-12.027444,1.18,0.96,170,14.27,,,Crt,B,,0
NGC3975,G,178.973708,60.529417,0.76,0.42,94,15.53,,,UMa,B,,0
NGC3976,G,178.988708,6.749444,3.13,0.9,57,12.45,,,Vir,B,,0
NGC3977,G,179.03,55.390778,1.53,1.19,177,14.47,,,UMa,B,,0
NGC3978,G,179.043,60.522528,1.58,1.46,25,12.74,,,UMa,V,,0
NGC3979,G,179.004375,-2.720861,1.23,0.65,99,13.96,,,Vir,B,,0
NGC3980,Dup,179.03,55.390778,,,,,,,UMa,,,0
NGC3981,G,179.031042,-19.896167,3.32,2.11,15,11.65,,,Crt,V,,0
NGC3982,G,179.117208,55.12525,2.13,1.87,25,11.7,,,UMa,V,,0
NGC3983,G,179.098667,23.867944,1.17,0.27,113,14.62,,,Leo,B,,0
NGC3984,Dup,178.901625,29.995917,,,,,,,UMa,,,0
NGC3985,G,179.175458,48.333944,1.06,0.7,67,13.12,,,UMa,B,,0
NGC3986,Dup,179.184125,32.021778,,,,,,,UMa,,,0
NGC3987,G,179.337167,25.195389,2.72,0.68,59,12.93,,,Leo,V,,0
NGC3988,G,179.350917,27.877528,0.76,0.59,50,14.61,,,Leo,B,,0
NGC3989,G,179.361208,25.233083,0.76,0.38,123,15.71,,,Leo,B,,0
NGC3990,G,179.398167,55.458667,1.38,0.81,42,12.58,,,UMa,V,,0
NGC3991,GPair,179.3795,32.337778,1.8,,,,,,UMa,,,0
NGC3991 NED01,G,179.376583,32.333833,1.17,0.29,31,13.12,,,UMa,V,,0
NGC3991 NED02,G,179.382208,32.341722,0.83,0.5,15,14.93,,,UMa,B,,0
NGC3992,G,179.399917,53.374528,8.07,5.64,78,9.88,109,,UMa,V,,0
NGC3993,G,179.407583,25.240611,1.68,0.51,140,14.65,,,Leo,B,,0
NGC3994,G,179.403625,32.277611,0.85,0.46,10,12.8,,,UMa,V,,0
NGC3995,G,179.43375,32.294056,2.59,0.95,38,12.41,,,UMa,V,,0
NGC3996,G,179.441917,14.297417,0.83,0.64,51,14.32,,,Leo,B,,0
NGC3997,G,179.450958,25.270639,1.1,0.56,126,13.46,,,Leo,V,,0
NGC3998,G,179.483875,55.453583,2.78,2.26,139,11.33,,,UMa,V,,0
NGC3999,G,179.485375,25.068278,0.63,0.4,86,15.84,,,Leo,B,,0
NGC4000,G,179.487583,25.144472,1.04,0.37,1,15.23,,,Leo,B,,0
NGC4001,G,179.52825,47.334861,0.59,0.4,149,15.87,,,UMa,B,,0
NGC4002,G,179.497083,23.202056,1.34,0.61,111,14.58,,,Leo,B,,0
NGC4003,G,179.496,23.124889,1.04,0.61,160,14.59,,,Leo,B,,0
NGC4004,G,179.521792,27.878861,1.17,0.51,8,13.61,,,Leo,V,,0
NGC4004B,G,179.464083,27.868667,0.76,0.47,75,15.04,,,Leo,B,,0
NGC4005,G,179.542375,25.12225,1.12,0.74,92,13.14,,,Leo,V,,0
NGC4006,G,179.524083,-2.120083,1.52,0.96,13,14.18,,,Vir,B,,0
NGC4007,Dup,179.542375,25.12225,,,,,,,Leo,,,0
NGC4008,G,179.571,28.1925,2.07,1.11,166,12.02,,,Leo,V,,0
NGC4009,*,179.562708,25.18975,,,,,,,Leo,,,0
NGC4010,G,179.657875,47.2615,3.07,0.65,66,13.17,,,UMa,B,,0
NGC4011,G,179.605958,25.097639,0.77,0.37,35,15.78,,,Leo,B,,0
NGC4012,G,179.614708,10.0215,1.73,0.52,151,14.43,,,Vir,B,,0
NGC4013,G,179.63075,43.946583,4.89,1.23,58,11.31,,,UMa,V,,0
NGC4014,G,179.649208,16.177306,1.63,0.99,119,13.41,,,Com,B,,0
NGC4015,GPair,179.67875,25.040278,1.4,,,,,,Com,,,0
NGC4015 NED01,G,179.6775,25.036611,1.62,1.26,156,14.08,,,Com,B,,0
NGC4015 NED02,G,179.680083,25.043833,0.78,0.16,35,14.15,,,Com,B,,0
NGC4016,G,179.620917,27.528778,0.76,0.47,155,13.82,,,Com,B,,0
NGC4017,G,179.690292,27.452444,1.57,1.08,69,13.04,,,Com,B,,0
NGC4018,G,179.669583,25.316417,1.39,0.41,162,13.81,,,Com,V,,0
NGC4019,G,180.293417,14.104306,1.48,0.3,145,14.09,,,Com,B,,0
NGC4020,G,179.736125,30.411889,1.87,0.82,19,13.1,,,UMa,B,,0
NGC4021,G,179.760792,25.083222,0.93,0.84,81,15.38,,,Com,B,,0
NGC4022,G,179.754208,25.222806,1,0.96,105,14.32,,,Com,B,,0
NGC4023,G,179.772792,24.988972,0.92,0.75,30,14.56,,,Com,B,,0
NGC4024,G,179.630208,-18.346833,1.75,1.51,64,11.8,,,Crv,V,,0
NGC4025,G,179.792458,37.793417,1.42,0.92,34,13.63,,,UMa,V,,0
NGC4026,G,179.854958,50.961694,4.41,0.87,178,10.78,,,UMa,V,,0
NGC4027,G,179.875708,-19.265222,3.54,2.8,163,11.17,,,Crv,V,,0
NGC4027A,G,179.872458,-19.332,1.11,0.57,165,14.51,,,Crv,V,,0
NGC4028,Dup,179.649208,16.177306,,,,,,,Com,,,0
NGC4029,G,180.013208,8.181722,1.25,0.6,156,14.44,,,Vir,B,,0
NGC4030,G,180.098458,-1.100083,3.78,2.65,19,10.51,,,Vir,V,,0
NGC4031,G,180.130625,31.947583,0.67,0.47,48,14.84,,,UMa,B,,0
NGC4032,G,180.13675,20.073944,1.35,1.06,179,12.47,,,Com,V,,0
NGC4033,G,180.14475,-17.842611,2.59,1.3,44,11.79,,,Crv,V,,0
NGC4034,G,180.373583,69.323917,1.45,0.87,11,14.42,,,Dra,B,,0
NGC4035,G,180.12225,-15.948083,1.23,1.11,22,14.5,,,Crv,B,,0
NGC4036,G,180.361458,61.895778,4.85,2.08,83,10.84,,,UMa,V,,0
NGC4037,G,180.348625,13.401028,2.38,2.22,30,12.88,,,Com,B,,0
NGC4038,G,180.470875,-18.867611,5.42,3.78,80,10.2,,触须星系,Crv,V,Antennae Galaxies,0
NGC4039,G,180.472958,-18.886194,5.36,2.73,50,11.04,,触须星系,Crv,B,Antennae Galaxies,0
NGC4040,G,180.522667,17.823222,1.2,0.61,140,14.98,,,Com,B,,0
NGC4041,G,180.550833,62.137222,2.57,2.39,70,11.08,,,UMa,V,,0
NGC4042,G,180.694917,20.16325,0.41,0.32,124,16.36,,,Com,B,,0
NGC4043,G,180.595667,4.329806,0.95,0.63,136,14.03,,,Vir,B,,0
NGC4044,G,180.622958,-0.212417,1.12,1.03,5,14.58,,,Vir,B,,0
NGC4045,G,180.676,1.976806,2.55,1.58,86,11.81,,,Vir,V,,0
NGC4045A,G,180.677875,1.952222,0.92,0.42,146,14.29,,,Vir,V,,0
NGC4046,Dup,180.676,1.976806,,,,,,,Vir,,,0
NGC4047,G,180.711167,48.636194,1.53,1.17,100,12.76,,,UMa,B,,0
NGC4048,G,180.709125,18.015583,0.67,0.52,92,14.44,,,Com,B,,0
NGC4049,G,180.727917,18.7525,1.16,0.72,51,14.1,,,Com,B,,0
NGC4050,G,180.724792,-16.373611,3.43,2.14,89,11.79,,,Crv,V,,0
NGC4051,G,180.790042,44.531333,4.89,4.26,146,11.37,,,UMa,V,,0
NGC4052,OCl,180.521625,-63.223472,5.1,,,8.8,,,Cru,V,,0
NGC4053,G,180.798208,19.728833,1.06,0.62,107,14.45,,,Com,B,,0
NGC4054,GTrpl,180.804583,57.894444,1,,,,,,UMa,,,0
NGC4054 NED01,G,180.801917,57.893444,0.65,0.43,91,15.45,,,UMa,B,,0
NGC4054 NED02,G,180.805917,57.898056,0.43,0.19,167,17.39,,,UMa,B,,0
NGC4054 NED03,G,180.807625,57.890556,0.62,0.44,121,15.87,,,UMa,B,,0
NGC4055,G,181.006167,20.232333,0.92,0.79,1,13.78,,,Com,B,,0
NGC4056,G,180.990708,20.3125,0.63,0.53,133,16.47,,,Com,B,,0
NGC4057,G,181.025708,20.235083,1.29,0.99,120,12.57,,,Com,V,,0
NGC4058,G,180.954417,3.548222,1.39,0.69,167,13.89,,,Vir,B,,0
NGC4059,Dup,181.047083,20.409833,,,,,,,Com,,,0
NGC4060,G,181.004167,20.337417,0.55,0.35,88,15.49,,,Com,B,,0
NGC4061,Dup,181.006167,20.232333,,,,,,,Com,,,0
NGC4062,G,181.015958,31.895806,4.14,1.61,101,11.15,,,UMa,V,,0
NGC4063,G,181.024958,1.846972,0.92,0.4,8,14.86,,,Vir,B,,0
NGC4064,G,181.0465,18.443417,3.22,1.31,151,11.33,,,Com,V,,0
NGC4065,Dup,181.025708,20.235083,,,,,,,Com,,,0
NGC4066,G,181.03925,20.347944,1.16,1.09,170,14.17,,,Com,B,,0
NGC4067,G,181.048083,10.854389,1.13,0.82,38,13.42,,,Vir,B,,0
NGC4068,G,181.00325,52.588278,1.92,1.16,29,12.71,,,UMa,V,,0
NGC4069,G,181.025167,20.323778,0.49,0.35,25,16.3,,,Com,B,,0
NGC4070,G,181.047083,20.409833,1.24,0.99,46,14.06,,,Com,B,,0
NGC4071,PN,181.065708,-67.310111,1.05,,,13,,,Mus,V,,0
NGC4072,G,181.057667,20.209722,0.44,0.22,29,15.54,,,Com,B,,0
NGC4073,G,181.112792,1.895972,2.09,1.7,99,11.51,,,Vir,V,,0
NGC4074,G,181.123667,20.316222,0.55,0.31,110,14.44,,,Com,V,,0
NGC4075,G,181.157625,2.072528,1.21,0.66,110,14.52,,,Vir,B,,0
NGC4076,G,181.1355,20.204944,0.87,0.79,78,13.45,,,Com,V,,0
NGC4077,G,181.158542,1.787722,1.26,0.86,19,14.13,,,Vir,B,,0
NGC4078,G,181.1985,10.595583,1.17,0.58,17,13.77,,,Vir,B,,0
NGC4079,G,181.207708,-2.382389,1.73,1.18,135,13.81,,,Vir,B,,0
NGC4080,G,181.215958,26.992528,1.23,0.58,121,13.88,,,Com,B,,0
NGC4081,G,181.141292,64.43675,1.43,0.63,130,13.06,,,UMa,V,,0
NGC4082,G,181.297708,10.670611,0.78,0.35,70,14.94,,,Vir,B,,0
NGC4083,G,181.308542,10.613222,0.88,0.46,35,15.12,,,Vir,B,,0
NGC4084,G,181.313583,21.214444,1.08,1.07,120,14.64,,,Com,B,,0
NGC4085,G,181.344625,50.352944,2.22,0.57,78,12.37,,,UMa,V,,0
NGC4086,G,181.372375,20.24675,1.17,0.87,85,14.95,,,Com,B,,0
NGC4087,G,181.397208,-26.522639,2,1.69,40,13.15,,,Hya,B,,0
NGC4088,G,181.392458,50.539028,7.01,2.65,44,10.6,,,UMa,V,,0
NGC4089,G,181.405958,20.555722,0.86,0.84,75,14.64,,,Com,B,,0
NGC4090,G,181.366333,20.30875,1.12,0.5,38,14.78,,,Com,B,,0
NGC4091,G,181.417042,20.555722,0.94,0.24,42,15,,,Com,B,,0
NGC4092,G,181.458792,20.477,1.01,0.99,40,13.57,,,Com,V,,0
NGC4093,G,181.464458,20.521972,0.75,0.61,50,15.15,,,Com,B,,0
NGC4094,G,181.474833,-14.526417,4.4,1.51,62,12.01,,,Crv,V,,0
NGC4095,G,181.475917,20.572528,1.36,1.07,149,14.35,,,Com,B,,0
NGC4096,G,181.504708,47.478444,5.65,1.43,20,10.57,,,UMa,V,,0
NGC4097,G,181.510458,36.863667,1.22,0.92,94,14.4,,,UMa,B,,0
NGC4098,GPair,181.51625,20.606111,1.2,,,,,,Com,,,0
NGC4098 NED01,G,181.514917,20.608083,1.32,0.85,156,14.38,,,Com,B,,0
NGC4098 NED02,G,181.517583,20.603917,1.23,0.79,161,15.06,,,Com,B,,0
NGC4099,Dup,181.51625,20.606111,,,,,,,Com,,,0
NGC4100,G,181.535208,49.582694,4.56,1.3,167,11.09,,,UMa,V,,0
NGC4101,G,181.544042,25.557,1.18,0.74,59,14.54,,,Com,B,,0
NGC4102,G,181.595792,52.711083,2.94,1.67,37,11.87,,,UMa,V,,0
NGC4103,OCl,181.664875,-61.250083,7.8,,,7.4,,,Cru,V,,0
NGC4104,G,181.662375,28.174194,2.5,1.09,34,12.14,,,Com,V,,0
NGC4105,G,181.669875,-29.760222,4.33,3.41,136,10.62,,,Hya,V,,0
NGC4106,G,181.686667,-29.768306,4.14,3.33,94,11.3,,,Hya,V,,0
NGC4107,Dup,181.1985,10.595583,,,,,,,Vir,,,0
NGC4108,G,181.685708,67.163083,1.63,1.33,105,13.05,,,Dra,B,,0
NGC4108A,G,181.456917,67.252083,1.28,0.56,12,14.58,,,Dra,B,,0
NGC4108B,G,181.798417,67.235167,1.33,1.02,122,14.5,,,Dra,B,,0
NGC4109,G,181.713,42.995639,0.7,0.53,146,14.97,,,CVn,B,,0
NGC4110,G,181.764375,18.531722,1.31,0.65,128,14.5,,,Com,B,,0
NGC4111,G,181.763042,43.065722,1.78,0.64,152,10.81,,,CVn,V,,0
NGC4112,G,181.789458,-40.208167,1.7,0.99,5,12.71,,,Cen,V,,0
NGC4113,G,181.785333,32.995889,0.81,0.47,62,14.84,,,Com,B,,0
NGC4114,G,181.801208,-14.185472,2.16,1.07,135,14.06,,,Crv,B,,0
NGC4115,*,181.789792,14.406556,,,,,,,Com,,,0
NGC4116,G,181.904792,2.6905,2.57,1.49,152,12.02,,,Vir,V,,0
NGC4117,G,181.942125,43.126361,1.58,0.63,20,14.3,,,CVn,V,,0
NGC4118,G,181.970292,43.111056,0.69,0.38,148,15.75,,,CVn,B,,0
NGC4119,G,182.040083,10.378889,1.58,1.1,120,11.5,,,Vir,V,,0
NGC4120,G,182.12925,69.544833,1.57,0.38,167,14.01,,,Dra,B,,0
NGC4121,G,181.985958,65.113944,0.52,0.46,65,12.99,,,Dra,V,,0
NGC4122,Dup,181.785333,32.995889,,,,,,,Com,,,0
NGC4123,G,182.046292,2.878278,3.18,2.32,125,11.39,,,Vir,V,,0
NGC4124,Dup,182.040083,10.378889,,,,,,,Vir,,,0
NGC4125,G,182.025083,65.174139,5.87,4.58,95,9.71,,,Dra,V,,0
NGC4126,G,182.156,16.142778,0.81,0.61,4,14.48,,,Com,B,,0
NGC4127,G,182.109833,76.804028,1.51,0.82,134,13.42,,,Cam,B,,0
NGC4128,G,182.134708,68.767611,2.21,0.67,62,11.96,,,Dra,V,,0
NGC4129,G,182.22175,-9.0365,2.58,0.71,94,12.48,,,Vir,V,,0
NGC4130,Dup,182.22175,-9.0365,,,,,,,Vir,,,0
NGC4131,G,182.197042,29.304778,1.36,0.59,69,13.27,,,Com,V,,0
NGC4132,G,182.255833,29.250111,1.14,0.41,21,13.99,,,Com,V,,0
NGC4133,G,182.208167,74.904306,1.66,1.09,132,13.01,,,Dra,B,,0
NGC4134,G,182.291708,29.176917,1.85,0.79,149,13.1,,,Com,V,,0
NGC4135,G,182.286708,44.003194,0.76,0.54,96,14.02,,,CVn,V,,0
NGC4136,G,182.323708,29.927611,2.34,2.18,30,11.9,,,Com,B,,0
NGC4137,G,182.322958,44.090167,0.79,0.52,175,14.34,,,CVn,V,,0
NGC4138,G,182.374083,43.685306,2.92,1.64,150,11.8,,,CVn,V,,0
NGC4139,G,181.141792,1.801611,1.2,0.48,159,14.72,,,Vir,B,,0
NGC4140,Dup,181.158542,1.787722,,,,,,,Vir,,,0
NGC4141,G,182.447167,58.849194,1.18,0.75,70,14.6,,,UMa,B,,0
NGC4142,G,182.375792,53.104944,1.76,0.91,174,13.91,,,UMa,B,,0
NGC4143,G,182.40025,42.534167,2.73,1.68,144,12.08,,,CVn,V,,0
NGC4144,G,182.494167,46.457167,5.24,1,103,11.61,,,UMa,V,,0
NGC4145,G,182.506333,39.883861,4.62,2.11,100,11.22,,,CVn,V,,0
NGC4146,G,182.576083,26.43075,1.29,1.17,75,13.86,,,Com,B,,0
NGC4147,GCl,182.525708,18.542139,2.4,,,10.74,,,Com,V,,0
NGC4148,G,182.533208,35.877611,1.63,1.07,163,14.39,,,CVn,B,,0
NGC4149,G,182.636833,58.304139,1.37,0.27,86,13.92,,,UMa,B,,0
NGC4150,G,182.640208,30.401528,1.99,1.33,148,11.69,,,Com,V,,0
NGC4151,G,182.63575,39.405722,2.88,2.21,50,11.48,,,CVn,V,,0
NGC4152,G,182.65625,16.032917,1.36,0.89,138,12.5,,,Com,V,,0
NGC4153,Dup,182.525708,18.542139,,,,,,,Com,,,0
NGC4154,Dup,182.636833,58.304139,,,,,,,UMa,,,0
NGC4155,G,182.690375,19.040833,1.24,1.05,76,14.43,,,Com,B,,0
NGC4156,G,182.706708,39.472722,1.11,0.95,71,13.53,,,CVn,V,,0
NGC4157,G,182.768208,50.484667,6.22,1.14,65,11.29,,,UMa,V,,0
NGC4158,G,182.792375,20.175667,1.45,1.14,77,13.28,,,Com,B,,0
NGC4159,G,182.723417,76.125861,1.36,0.55,34,14.22,,,Dra,B,,0
NGC4160,**,183.00725,43.735583,,,,,,,CVn,,,0
NGC4161,G,182.889417,57.7375,1.06,0.68,51,13.74,,,UMa,B,,0
NGC4162,G,182.968625,24.123667,2.28,1.37,173,11.7,,,Com,V,,0
NGC4163,G,183.038167,36.169194,1.67,1.12,8,13.15,,,CVn,V,,0
NGC4164,G,183.02275,13.205639,0.71,0.46,114,15.36,,,Vir,B,,0
NGC4165,G,183.049167,13.246528,1.24,0.67,161,13.63,,,Vir,V,,0
NGC4166,G,183.039833,17.757028,1.05,0.52,34,14.16,,,Com,B,,0
NGC4167,Dup,183.038167,36.169194,,,,,,,CVn,,,0
NGC4168,G,183.071958,13.205194,2.92,2.28,121,11.45,,,Vir,V,,0
NGC4169,G,183.07825,29.179417,1.64,0.81,151,12.2,,,Com,V,,0
NGC4170,*,183.055167,29.166806,,,,,,,Com,,,0
NGC4171,*,183.159958,29.2245,,,,,,,Com,,,0
NGC4172,G,183.062042,56.177556,1.23,1.16,0,14.26,,,UMa,B,,0
NGC4173,G,183.089417,29.207056,2.34,0.52,134,13.34,,,Com,V,,0
NGC4174,G,183.112042,29.149222,0.91,0.41,50,13.64,,,Com,V,,0
NGC4175,G,183.129375,29.168444,1.61,0.33,130,13.45,,,Com,V,,0
NGC4176,G,183.153458,-9.160472,0.7,0.46,76,15.44,,,Vir,B,,0
NGC4177,G,183.171917,-14.014556,1.82,1.27,61,13.29,,,Crv,B,,0
NGC4178,G,183.193542,10.865972,4.66,1.24,32,11.43,,,Vir,V,,0
NGC4179,G,183.217125,1.299694,4.48,1.22,146,10.93,,,Vir,V,,0
NGC4180,G,183.262708,7.038944,1.45,0.49,21,13.22,,,Vir,B,,0
NGC4181,G,183.204125,52.903306,1.12,0.77,8,14.83,,,UMa,B,,0
NGC4182,Dup,183.262708,7.038944,,,,,,,Vir,,,0
NGC4183,G,183.320333,43.698583,4.29,0.63,166,12.29,,,CVn,V,,0
NGC4184,OCl,183.385792,-62.721417,6,,,,,,Cru,,,0
NGC4185,G,183.3425,28.510972,1.85,1.26,165,13.41,,,Com,B,,0
NGC4186,G,183.527208,14.725806,1.02,0.79,57,14.52,,,Com,B,,0
NGC4187,G,183.372,50.7415,1.64,1.05,147,14.26,,,CVn,B,,0
NGC4188,G,183.530667,-12.586,0.67,0.55,110,14.31,,,Crv,B,,0
NGC4189,G,183.446958,13.424806,2.2,1.79,87,11.84,,,Com,V,,0
NGC4190,G,183.436542,36.634028,1.53,1.41,30,13.13,,,CVn,V,,0
NGC4191,G,183.46,7.200889,1.52,1.23,3,13.56,,,Vir,B,,0
NGC4192,G,183.451208,14.900333,11.04,2.66,152,10.84,98,,Com,V,,0
NGC4193,G,183.473292,13.172861,2.23,0.99,90,12.29,,,Vir,V,,0
NGC4194,G,183.539458,54.526833,1.64,1.14,170,12.77,,,UMa,V,Medusa Galaxy Merger,0
NGC4195,G,183.575333,59.615444,1.51,1.32,173,15.29,,,UMa,B,,0
NGC4196,G,183.623958,28.423444,1.14,0.81,59,13.62,,,Com,B,,0
NGC4197,G,183.660625,5.805722,2.84,0.73,36,13.36,,,Vir,B,,0
NGC4198,G,183.591875,56.011444,0.8,0.43,137,14.44,,,UMa,B,,0
NGC4199,GPair,183.709167,59.9075,1.1,,,,,,UMa,,,0
NGC4199A,G,183.702625,59.906194,1.02,0.69,49,15.3,,,UMa,B,,0
NGC4199B,G,183.715417,59.908389,0.85,0.41,83,16.43,,,UMa,B,,0
NGC4200,G,183.684292,12.18075,1.43,0.86,97,12.96,,,Vir,V,,0
NGC4201,G,183.674417,-11.582861,1,0.73,81,14.47,,,Vir,B,,0
NGC4202,G,184.535625,-1.064111,1.03,0.56,129,14.53,,,Vir,B,,0
NGC4203,G,183.771083,33.197333,3.42,1.43,10,11.55,,,Com,V,,0
NGC4204,G,183.810167,20.658583,4.06,4.06,120,12.89,,,Com,B,,0
NGC4205,G,183.731417,63.782778,1.67,0.66,31,13.71,,,Dra,B,,0
NGC4206,G,183.820042,13.023972,4.69,0.88,0,12.17,,,Vir,V,,0
NGC4207,G,183.877083,9.584889,1.5,0.77,122,13.4,,,Vir,B,,0
NGC4208,G,183.914,13.9015,2.8,1.69,74,11.1,,,Com,V,,0
NGC4209,*,183.857583,28.468417,,,,13.6,,,Com,B,,0
NGC4210,G,183.815958,65.985333,1.94,1.39,96,13.38,,,Dra,B,,0
NGC4211,G,183.899375,28.177639,1.03,0.6,123,14.3,,,Com,B,,0
NGC4211A,G,183.9055,28.169639,0.44,0.29,157,15.85,,,Com,B,,0
NGC4212,Dup,183.914,13.9015,,,,,,,Com,,,0
NGC4213,G,183.9065,23.981889,1.57,1.1,67,12.57,,,Com,V,,0
NGC4214,G,183.913208,36.326889,6.79,5.28,128,9.77,,,CVn,V,,0
NGC4215,G,183.97725,6.401139,1.69,0.57,174,11.96,,,Vir,V,,0
NGC4216,G,183.976833,13.149389,7.82,1.84,20,9.93,,,Vir,V,,0
NGC4217,G,183.962083,47.091778,5.43,1.61,50,11.23,,,CVn,V,,0
NGC4218,G,183.943375,48.130833,0.96,0.62,135,13.45,,,CVn,B,,0
NGC4219,G,184.113833,-43.32425,3.75,1.23,31,11.83,,,Cen,V,,0
NGC4219A,G,184.499542,-43.540028,1.29,0.56,31,14.73,,,Cen,B,,0
NGC4220,G,184.048792,47.88325,3.3,0.99,140,11.33,,,CVn,V,,0
NGC4221,G,183.999417,66.230806,1.85,1.21,24,13.32,,,Dra,B,,0
NGC4222,G,184.093833,13.307056,2.83,0.42,56,13.8,,,Com,B,,0
NGC4223,G,184.357542,6.690083,2.02,1.25,131,11.95,,,Vir,V,,0
NGC4224,G,184.140792,7.462083,2.9,1.17,55,11.77,,,Vir,V,,0
NGC4225,G,184.159875,-12.327667,0.84,0.61,66,14.97,,,Crv,B,,0
NGC4226,G,184.1095,47.025194,1.12,0.53,123,14.34,,,CVn,B,,0
NGC4227,G,184.140417,33.522056,1.49,0.82,71,13.72,,,CVn,B,,0
NGC4228,Dup,183.913208,36.326889,,,,,,,CVn,,,0
NGC4229,G,184.161625,33.560889,1.24,0.79,9,14.22,,,CVn,B,,0
NGC4230,OCl,184.289042,-55.286139,5.4,,,9.4,,,Cen,V,,0
NGC4231,G,184.203625,47.457389,0.78,0.63,3,14.65,,,CVn,B,,0
NGC4232,G,184.204292,47.438806,1.23,0.54,152,14.52,,,CVn,B,,0
NGC4233,G,184.282,7.624389,2.34,0.98,177,11.94,,,Vir,V,,0
NGC4234,G,184.288167,3.683056,1.15,1.11,25,12.88,,,Vir,V,,0
NGC4235,G,184.291167,7.191583,4.41,0.89,49,11.97,,,Vir,V,,0
NGC4236,G,184.1755,69.462583,23.5,6.85,161,9.77,,,Dra,V,,0
NGC4237,G,184.297583,15.323972,1.82,1.18,106,11.83,,,Com,V,,0
NGC4238,G,184.2325,63.409917,1.73,0.53,35,14.13,,,Dra,B,,0
NGC4239,G,184.312208,16.531389,1.36,0.79,117,12.77,,,Com,V,,0
NGC4240,G,184.3515,-9.951639,1.47,1.28,90,14.27,,,Vir,B,,0
NGC4241,G,184.499583,6.654194,1.46,1.03,164,13.05,,,Vir,V,,0
NGC4242,G,184.37575,45.619306,3.8,2.67,23,11.03,,,CVn,V,,0
NGC4243,Dup,184.3515,-9.951639,,,,,,,Vir,,,0
NGC4244,G,184.373583,37.807111,16.22,7.24,45,10.18,,,CVn,V,,0
NGC4245,G,184.403208,29.608,2.55,1.62,145,11.42,,,Com,V,,0
NGC4246,G,184.492167,7.185917,2.14,1.09,84,12.72,,,Vir,V,,0
NGC4247,G,184.492,7.273944,0.99,0.84,43,14.79,,,Vir,B,,0
NGC4248,G,184.457708,47.409194,2.01,0.9,108,12.58,,,CVn,V,,0
NGC4249,G,184.497458,5.598583,0.86,0.84,100,14.48,,,Vir,B,,0
NGC4250,G,184.359458,70.802583,1.87,0.94,166,12.9,,,Dra,B,,0
NGC4251,G,184.534375,28.175389,2.34,1.23,100,10.77,,,Com,V,,0
NGC4252,G,184.628708,5.559472,1.19,0.41,49,14.65,,,Vir,B,,0
NGC4253,G,184.610458,29.812861,0.89,0.64,73,13.23,,,Com,V,,0
NGC4254,G,184.706667,14.4165,5.04,4.74,23,9.84,99,,Com,V,"Coma Pinwheel,Virgo Cluster Pinwheel",0
NGC4255,G,184.733958,4.786139,1.35,0.62,113,13.4,,,Vir,B,,0
NGC4256,G,184.679542,65.89825,3.87,0.76,41,12.68,,,Dra,B,,0
NGC4257,G,184.776958,5.725972,0.47,0.18,66,14.57,,,Vir,B,,0
NGC4258,G,184.739583,47.303972,16.98,7.24,150,9.29,106,,CVn,V,,0
NGC4259,G,184.842542,5.376389,1.04,0.45,143,13.57,,,Vir,V,,0
NGC4260,G,184.842667,6.098667,2.51,1.15,58,11.55,,,Vir,V,,0
NGC4261,G,184.84675,5.825222,4.25,3.35,160,11.11,,,Vir,V,,0
NGC4262,G,184.877375,14.877667,1.74,1.52,145,11.46,,,Com,V,,0
NGC4263,G,184.925833,-12.225556,1.16,0.55,116,13.64,,,Crv,B,,0
NGC4264,G,184.899,5.84675,0.86,0.67,110,12.79,,,Vir,V,,0
NGC4265,Dup,184.925833,-12.225556,,,,,,,Crv,,,0
NGC4266,G,184.92625,5.538278,2,0.5,74,13.42,,,Vir,B,,0
NGC4267,G,184.9385,12.798278,2.55,1.76,143,10.89,,,Vir,V,,0
NGC4268,G,184.94675,5.283778,1.51,0.64,47,12.71,,,Vir,V,,0
NGC4269,G,184.954958,6.014972,1.22,0.93,130,13.41,,,Vir,B,,0
NGC4270,G,184.956125,5.463444,1.88,0.78,110,12.18,,,Vir,V,,0
NGC4271,G,184.885833,56.736583,1.77,1.36,59,13.59,,,UMa,B,,0
NGC4272,G,184.9485,30.339083,1.02,0.83,117,14.04,,,Com,B,,0
NGC4273,G,184.983667,5.343333,2.19,1.95,11,11.8,,,Vir,V,,0
NGC4274,G,184.960792,29.614472,3.63,1.7,102,10.42,,,Com,V,,0
NGC4275,G,184.969083,27.621,0.87,0.81,120,13.37,,,Com,B,,0
NGC4276,G,185.031167,7.691861,1.34,1.18,80,13.56,,,Vir,B,,0
NGC4277,G,185.0155,5.341361,0.76,0.32,132,13.5,,,Vir,V,,0
NGC4278,G,185.028417,29.28075,2.89,2.83,35,10.21,,,Com,V,,0
NGC4279,G,185.104167,-11.666611,1.17,0.72,26,15.13,,,Vir,B,,0
NGC4280,Other,185.132917,-11.652444,,,,,,,Vir,,,0
NGC4281,G,185.089667,5.386389,2.85,1.43,86,11.31,,,Vir,V,,0
NGC4282,G,185.101292,5.572833,0.88,0.56,100,14.55,,,Vir,B,,0
NGC4283,G,185.086875,29.310944,1.23,1.13,140,12.32,,,Com,V,,0
NGC4284,G,185.052583,58.092889,1.9,0.86,101,14.49,,,UMa,B,,0
NGC4285,G,185.165833,-11.641917,0.93,0.46,43,15,,,Vir,B,,0
NGC4286,G,185.175375,29.345889,1.08,0.38,144,14.51,,,Com,B,,0
NGC4287,G,185.202083,5.639889,1.22,0.39,71,14.99,,,Vir,B,,0
NGC4288,G,185.158792,46.291667,1.7,1.35,138,12.91,,,CVn,V,,0
NGC4288A,G,185.169042,46.255444,0.72,0.64,155,15.7,,,CVn,B,,0
NGC4289,G,185.259375,3.722139,4.26,0.46,1,14.32,,,Vir,B,,0
NGC4290,G,185.198042,58.0925,2.19,1.47,70,12.76,,,UMa,B,,0
NGC4291,G,185.075833,75.370833,1.93,1.62,108,11.42,,,Dra,V,,0
NGC4292,G,185.318583,4.595694,1.6,1.11,10,12.21,,,Vir,V,,0
NGC4293,G,185.303708,18.382389,6.24,3.72,72,10.17,,,Com,V,,0
NGC4294,G,185.324292,11.510444,2.69,1.02,148,12.05,,,Vir,V,,0
NGC4295,G,185.29075,28.165111,0.51,0.44,152,14.87,,,Com,B,,0
NGC4296,G,185.368292,6.653556,1.44,0.79,16,13.68,,,Vir,V,,0
NGC4297,G,185.364208,6.671028,0.64,0.31,171,12.92,,,Vir,V,,0
NGC4298,G,185.3865,14.606167,2.54,1.4,137,11.35,,,Com,V,,0
NGC4299,G,185.418958,11.499917,1.48,1.38,0,12.47,,,Vir,V,,0
NGC4300,G,185.422792,5.384806,1.79,0.72,40,13.36,,,Vir,B,,0
NGC4301,G,185.613375,4.566278,1.14,1.09,15,13.12,,,Vir,V,,0
NGC4302,G,185.427,14.598306,6,1.13,178,11.54,,,Com,V,,0
NGC4303,G,185.47875,4.473639,6.89,6.56,20,10.25,61,,Vir,V,,0
NGC4303A,Dup,185.613375,4.566278,,,,,,,Vir,,,0
NGC4304,G,185.553,-33.4845,2.48,2.43,105,11.77,,,Hya,V,,0
NGC4305,G,185.515,12.740917,2.3,1.19,30,12.61,,,Vir,V,,0
NGC4306,G,185.517125,12.787472,1.49,1.06,142,13.58,,,Vir,B,,0
NGC4307,G,185.523667,9.043639,3.44,0.81,24,12.71,,,Vir,B,,0
NGC4307A,G,185.5305,8.990556,0.76,0.69,90,14.98,,,Vir,B,,0
NGC4308,G,185.486875,30.074361,0.94,0.69,21,13.25,,,Com,V,,0
NGC4309,G,185.551583,7.144306,1.93,0.92,86,13.56,,,Vir,B,,0
NGC4310,G,185.609583,29.209028,1.93,0.76,148,13.44,,,Com,B,,0
NGC4311,**,185.611875,29.145944,,,,,,,Com,,,0
NGC4312,G,185.630667,15.537917,5.02,1.15,170,11.7,,,Com,V,,0
NGC4313,G,185.660583,11.800944,3.8,0.99,141,12.42,,,Vir,B,,0
NGC4314,G,185.632583,29.895889,3.7,3.56,150,10.57,,,Com,V,,0
NGC4315,*,185.688083,9.305389,,,,,,,Vir,,,0
NGC4316,G,185.676,9.332472,2.47,0.58,112,13.54,,,Vir,B,,0
NGC4317,Other,185.674917,31.037861,,,,,,,Com,,,0
NGC4318,G,185.680375,8.198278,0.73,0.5,65,14.2,,,Vir,V,,0
NGC4319,G,185.432792,75.322583,2.45,0.97,154,12.88,,,Dra,B,,0
NGC4320,G,185.7405,10.548333,0.94,0.66,149,14.91,,,Vir,B,,0
NGC4321,G,185.728458,15.821806,6.1,5.62,108,9.47,100,,Com,V,,0
NGC4322,*,185.674542,15.903278,,,,13.4,,,Com,B,,0
NGC4323,G,185.757208,15.905583,1.23,0.71,133,13.76,,,Com,V,,0
NGC4324,G,185.77575,5.250333,2.96,1.21,55,11.5,,,Vir,V,,0
NGC4325,G,185.777833,10.621194,1.23,0.77,180,13.3,,,Vir,V,,0
NGC4326,G,185.798458,6.072139,1.13,1.07,110,14.23,,,Vir,B,,0
NGC4327,*,185.781292,15.7365,,,,16.1,,,Com,B,,0
NGC4328,G,185.833458,15.820389,1.6,1.23,99,14.19,,,Com,B,,0
NGC4329,G,185.836292,-12.558611,1.08,0.59,49,14.65,,,Crv,B,,0
NGC4330,G,185.821875,11.367972,2.29,0.6,60,13.12,,,Vir,B,,0
NGC4331,G,185.649833,76.172472,1.58,0.37,2,14.71,,,Dra,B,,0
NGC4332,G,185.694833,65.843778,1.97,1.43,137,13.22,,,Dra,B,,0
NGC4333,G,185.842792,6.040722,0.8,0.75,90,14.33,,,Vir,B,,0
NGC4334,G,185.8495,7.473194,2,0.91,135,14.09,,,Vir,B,,0
NGC4335,G,185.757833,58.444556,1.85,1.37,149,13.64,,,UMa,B,,0
NGC4336,G,185.874292,19.426917,1.54,0.81,162,13.23,,,Com,B,,0
NGC4337,OCl,186.013792,-58.123778,6.6,,,8.9,,,Cru,V,,0
NGC4338,Dup,185.609583,29.209028,,,,,,,Com,,,0
NGC4339,G,185.895625,6.08175,2.32,2.2,50,11.41,,,Vir,V,,0
NGC4340,G,185.897042,16.722361,2.82,1.79,87,11.15,,,Com,V,,0
NGC4341,G,185.973167,7.107111,1.67,0.51,95,13.26,,,Vir,V,,0
NGC4342,G,185.9125,7.054,1.25,0.64,165,12.51,,,Vir,V,,0
NGC4343,G,185.91125,6.954083,1.92,1.92,130,12.29,,,Vir,V,,0
NGC4344,G,185.906125,17.540861,1.34,1.3,56,13.31,,,Com,B,,0
NGC4345,Dup,185.432792,75.322583,,,,,,,Dra,,,0
NGC4346,G,185.866417,46.993833,3.13,1.13,99,12.14,,,CVn,B,,0
NGC4347,*,185.9685,-3.240417,,,,,,,Vir,,,0
NGC4348,G,185.974958,-3.442917,2.67,0.5,31,12.28,,,Vir,V,,0
NGC4349,OCl,186.025167,-61.870444,6.3,,,7.4,,,Cru,V,,0
NGC4350,G,185.991125,16.693417,2.8,1.33,28,10.87,,,Com,V,,0
NGC4351,G,186.00625,12.204778,1.58,1.28,72,12.55,,,Vir,V,,0
NGC4352,G,186.020917,11.218056,1.64,0.77,102,12.52,,,Vir,V,,0
NGC4353,G,186.001083,7.785194,1.05,0.81,67,13.41,,,Vir,V,,0
NGC4354,Dup,186.00625,12.204778,,,,,,,Vir,,,0
NGC4355,G,186.727583,-0.877611,1.41,0.68,64,13.37,,,Vir,V,,0
NGC4356,G,186.060542,8.535861,2.01,0.73,40,13.41,,,Vir,B,,0
NGC4357,G,185.995083,48.779472,3.48,1.27,77,12.68,,,CVn,V,,0
NGC4358,G,186.008417,58.385222,1.15,0.92,167,14.18,,,UMa,B,,0
NGC4359,G,186.046542,31.521944,1.38,0.83,108,13.65,,,Com,B,,0
NGC4360,G,186.090417,9.292778,1.4,1.2,148,13.32,,,Vir,B,,0
NGC4360B,G,186.061333,9.266861,0.5,0.41,151,14.9,,,Vir,B,,0
NGC4361,PN,186.128167,-18.784833,1.05,,,10.9,,,Crv,V,,0
NGC4362,G,186.046917,58.360667,1.28,0.49,41,14.96,,,UMa,B,,0
NGC4363,G,185.868333,74.952222,0.79,0.63,10,14.54,,,Dra,B,,0
NGC4364,Dup,186.046917,58.360667,,,,,,,UMa,,,0
NGC4365,G,186.117833,7.317667,5.12,3.66,40,9.43,,,Vir,V,,0
NGC4366,G,186.195875,7.353028,0.85,0.31,41,14.9,,,Vir,B,,0
NGC4367,**,186.146417,12.182306,,,,,,,Vir,,,0
NGC4368,Dup,185.777833,10.621194,,,,,,,Vir,,,0
NGC4369,G,186.150833,39.383,1.98,1.89,175,11.69,,,CVn,V,,0
NGC4370,G,186.22875,7.444889,1.62,1.06,79,13.84,,,Vir,V,,0
NGC4371,G,186.230958,11.704222,3.88,1.81,96,10.83,,,Vir,V,,0
NGC4372,GCl,186.439083,-72.659083,12,,,9.85,,,Mus,V,,0
NGC4373,G,186.32425,-39.759722,3.98,2.11,54,10.92,,,Cen,V,,0
NGC4373A,G,186.407208,-39.319667,2.8,1.04,152,12.2,,,Cen,V,,0
NGC4373B,G,186.682417,-39.134222,1.03,0.8,95,15.06,,,Cen,B,,0
NGC4374,G,186.265583,12.886972,7.41,6.44,133,9.79,84,,Vir,V,,0
NGC4375,G,186.251958,28.558611,1.16,0.85,14,13.83,,,Com,B,,0
NGC4376,G,186.32525,5.741194,1.32,0.79,152,13.81,,,Vir,B,,0
NGC4377,G,186.301417,14.762167,1.6,1.24,179,11.8,,,Com,V,,0
NGC4378,G,186.325417,4.925139,2.09,1.93,155,11.29,,,Vir,V,,0
NGC4379,G,186.311417,15.607472,1.87,1.52,103,11.63,,,Com,V,,0
NGC4380,G,186.342375,10.016806,3.35,1.78,158,11.29,,,Vir,V,,0
NGC4381,Dup,185.995083,48.779472,,,,,,,CVn,,,0
NGC4382,G,186.350458,18.1915,6.95,5.35,12,9.05,85,,Com,V,,0
NGC4383,G,186.356333,16.470139,1.67,0.9,31,12.18,,,Com,V,,0
NGC4384,G,186.299917,54.506222,1.27,0.99,85,13.06,,,UMa,V,,0
NGC4385,G,186.428333,0.572611,2.15,1.16,91,12.96,,,Vir,V,,0
NGC4386,G,186.118125,75.528917,2.52,1.44,135,11.69,,,Dra,V,,0
NGC4387,G,186.423667,12.810528,1.58,0.94,138,12.13,,,Vir,V,,0
NGC4388,G,186.444792,12.662083,5.38,1.29,91,11.02,,,Vir,V,,0
NGC4389,G,186.39625,45.684667,2.51,1.67,98,12.55,,,CVn,B,,0
NGC4390,G,186.461125,10.459056,1.52,1.13,99,13.34,,,Vir,B,,0
NGC4391,G,186.328292,64.933472,1.25,1.24,125,13.73,,,Dra,B,,0
NGC4392,G,186.329,45.847472,1.58,1.16,75,14.29,,,CVn,B,,0
NGC4393,G,186.463458,27.561556,2.92,2.7,15,13.72,,,Com,B,,0
NGC4394,G,186.481375,18.214056,3.48,3.35,145,11.03,,,Com,V,,0
NGC4395,G,186.453583,33.546917,4.17,1.39,128,10.29,,,CVn,V,,0
NGC4396,G,186.495083,15.671472,2.97,1.04,124,12.64,,,Com,V,,0
NGC4397,Other,186.492333,18.301028,,,,,,,Com,,,0
NGC4398,*,186.530958,10.686083,,,,,,,Vir,,,0
NGC4399,Other,186.429208,33.516083,,,,,,,CVn,,,0
NGC4400,Other,186.482958,33.514833,,,,,,,CVn,,,0
NGC4401,Other,186.489875,33.528361,,,,,,,CVn,,,0
NGC4402,G,186.531875,13.113333,3.52,1,89,11.78,,,Vir,V,,0
NGC4403,G,186.553292,-7.684944,1.58,0.61,17,13.49,,,Vir,B,,0
NGC4404,G,186.567542,-7.680833,1.56,1,139,14.25,,,Vir,B,,0
NGC4405,G,186.529792,16.181,1.52,1.02,21,12.94,,,Com,B,,0
NGC4406,G,186.548917,12.946222,11.53,8.43,128,8.86,86,,Vir,V,,0
NGC4407,G,186.634375,12.610972,2.08,1.46,53,12.25,,,Vir,V,,0
NGC4408,G,186.571833,27.871167,0.62,0.52,36,15.15,,,Com,B,,0
NGC4409,G,186.74375,2.494361,1.82,0.89,9,12.77,,,Vir,B,,0
NGC4410,GPair,186.62025,9.019667,1.2,,,,,,Vir,,,0
NGC4410A,G,186.617875,9.019861,0.62,0.45,135,16.08,,,Vir,V,,0
NGC4410B,G,186.62325,9.019222,0.58,0.53,105,14.17,,,Vir,B,,0
NGC4410C,G,186.647917,9.035472,0.85,0.56,93,14.78,,,Vir,B,,0
NGC4411,G,186.625417,8.872222,1.63,0.98,19,12.82,,,Vir,V,,0
NGC4411B,G,186.696792,8.884611,1.92,1.72,90,12.41,,,Vir,V,,0
NGC4412,G,186.650333,3.964694,1.5,1.35,109,13.16,,,Vir,V,,0
NGC4413,Dup,186.634375,12.610972,,,,,,,Vir,,,0
NGC4414,G,186.612917,31.223528,1.95,1.12,162,10.2,,,Com,V,,0
NGC4415,G,186.668708,8.435694,1.28,1.13,6,13.59,,,Vir,B,,0
NGC4416,G,186.694667,7.919,1.57,1.37,112,11.57,,,Vir,V,,0
NGC4417,G,186.710875,9.58425,3.09,1.09,49,11.22,,,Vir,V,,0
NGC4418,Dup,186.727583,-0.877611,,,,,,,Vir,,,0
NGC4419,G,186.735167,15.047389,3.89,1.3,133,11.06,,,Com,V,,0
NGC4420,Dup,186.74375,2.494361,,,,,,,Vir,,,0
NGC4421,G,186.760583,15.461472,2.59,1.97,9,11.42,,,Com,V,,0
NGC4422,G,186.800458,-5.831,1.48,1.43,80,14.59,,,Vir,B,,0
NGC4423,G,186.787375,5.880167,2.05,0.41,20,13.88,,,Vir,B,,0
NGC4424,G,186.798375,9.420667,3.04,1.57,95,11.68,,,Vir,V,,0
NGC4425,G,186.805542,12.734722,3.08,1.26,26,11.95,,,Vir,V,,0
NGC4426,**,186.793875,27.838194,,,,,,,Com,,,0
NGC4427,Dup,186.793875,27.838194,,,,,,,Com,,,0
NGC4428,G,186.867917,-8.167889,1.62,0.67,93,13.15,,,Vir,B,,0
NGC4429,G,186.860458,11.107722,5.3,2.42,98,10.08,,,Vir,V,,0
NGC4430,G,186.860042,6.262778,2.02,1.5,75,12.65,,,Vir,B,,0
NGC4431,G,186.864083,12.290278,1.53,0.88,179,12.97,,,Vir,V,,0
NGC4432,G,186.887375,6.23325,0.64,0.49,4,14.93,,,Vir,B,,0
NGC4433,G,186.910792,-8.278417,2,0.67,3,12.66,,,Vir,V,,0
NGC4434,G,186.902833,8.154333,1.42,1.36,75,12.12,,,Vir,V,,0
NGC4435,G,186.918708,13.078944,3.03,2.14,12,10.96,,,Vir,V,Eyes,0
NGC4436,G,186.921833,12.315889,1.66,0.79,114,13.19,,,Vir,V,,0
NGC4437,Dup,188.189958,0.115028,,,,,,,Vir,,,0
NGC4438,G,186.939958,13.008833,9.16,4.02,27,10.92,,,Vir,V,Eyes,0
NGC4439,OCl,187.109792,-60.103222,4.5,,,8.4,,,Cru,V,,0
NGC4440,G,186.973208,12.293278,1.77,1.44,120,11.81,,,Vir,V,,0
NGC4441,G,186.834792,64.8015,4.13,2.96,171,12.67,,,Dra,V,,0
NGC4442,G,187.016167,9.803722,4.32,1.61,87,10.6,,,Vir,V,,0
NGC4443,Dup,187.262542,13.18375,,,,,,,Vir,,,0
NGC4444,G,187.151708,-43.26175,2.27,1.85,68,13.06,,,Cen,B,,0
NGC4445,G,187.066375,9.436194,2.54,0.5,105,12.76,,,Vir,V,,0
NGC4446,G,187.028292,13.91175,0.98,0.59,89,14.58,,,Com,B,,0
NGC4447,G,187.052208,13.899222,0.75,0.62,117,14.8,,,Com,B,,0
NGC4448,G,187.064292,28.620306,1.58,1.04,92,11.11,,,Com,V,,0
NGC4449,G,187.04625,44.093639,4.66,2.71,51,9.64,,,CVn,V,,0
NGC4450,G,187.123458,17.084944,5.46,3.78,173,10.87,,,Com,V,,0
NGC4451,G,187.168958,9.258806,1.35,0.86,166,12.51,,,Vir,V,,0
NGC4452,G,187.180458,11.755028,3.36,0.6,32,11.9,,,Vir,V,,0
NGC4453,GPair,187.196667,6.5075,1.2,,,,,,Vir,,,0
NGC4453 NED01,G,187.195042,6.512,0.63,0.3,157,15.71,,,Vir,B,,0
NGC4453 NED02,G,187.198667,6.503556,0.34,0.22,42,17.82,,,Vir,B,,0
NGC4454,G,187.211458,-1.939194,2.17,1.99,25,11.93,,,Vir,V,,0
NGC4455,G,187.183792,22.820444,1.61,0.56,16,13.12,,,Com,B,,0
NGC4456,G,186.968333,-30.097889,1.29,0.69,154,14.12,,,Hya,B,,0
NGC4457,G,187.245875,3.570583,2.79,2.37,79,10.57,,,Vir,V,,0
NGC4458,G,187.239875,13.241889,1.59,1.48,175,12.12,,,Vir,V,,0
NGC4459,G,187.250042,13.978361,4.17,3.16,109,10.25,,,Com,V,,0
NGC4460,G,187.189833,44.864222,3.93,1.05,40,12.4,,,CVn,B,,0
NGC4461,G,187.262542,13.18375,3.61,1.23,8,11.02,,,Vir,V,,0
NGC4462,G,187.338417,-23.166361,3.6,1.33,124,11.85,,,Crv,V,,0
NGC4463,OCl,187.480083,-64.789667,4.8,,,7.2,,,Mus,V,,0
NGC4464,G,187.338708,8.156611,1.01,0.76,11,12.6,,,Vir,V,,0
NGC4465,G,187.348083,8.026,0.26,0.21,108,15.22,,,Vir,B,,0
NGC4466,G,187.377375,7.696417,0.93,0.57,101,14.34,,,Vir,B,,0
NGC4467,G,187.376042,7.992861,0.59,0.49,55,14.15,,,Vir,V,,0
NGC4468,G,187.37875,14.049083,1.54,1,72,12.96,,,Com,V,,0
NGC4469,G,187.366792,8.749917,2.86,1.05,87,11.04,,,Vir,V,,0
NGC4470,G,187.407417,7.824194,1.28,0.86,1,13.06,,,Vir,B,,0
NGC4471,G,187.404375,7.93275,0.44,0.43,150,15.24,,,Vir,V,,0
NGC4472,G,187.444833,8.000472,10.21,8.38,156,8.28,49,,Vir,V,,0
NGC4473,G,187.453625,13.429361,4.27,2.51,100,10.09,,,Com,V,,0
NGC4474,G,187.473125,14.068583,2.33,1.57,79,11.56,,,Com,V,,0
NGC4475,G,187.44825,27.243333,1.1,0.61,9,13.85,,,Com,V,,0
NGC4476,G,187.496167,12.348667,1.7,1.15,27,12.2,,,Vir,V,,0
NGC4477,G,187.509167,13.636611,3.7,3.22,26,10.31,,,Com,V,,0
NGC4478,G,187.572583,12.328556,1.75,1.43,144,11.44,,,Vir,V,,0
NGC4479,G,187.576542,13.577639,1.43,1.25,14,12.52,,,Com,V,,0
NGC4480,G,187.611583,4.246583,1.89,0.97,173,12.4,,,Vir,V,,0
NGC4481,G,187.452792,64.033,1.23,0.52,146,14.76,,,Dra,B,,0
NGC4482,G,187.543042,10.779472,1.51,0.85,137,13.01,,,Vir,V,,0
NGC4483,G,187.669375,9.015667,1.65,0.85,70,12.18,,,Vir,V,,0
NGC4484,G,187.2195,-11.652056,1.26,1.1,72,14.21,,,Vir,B,,0
NGC4485,G,187.629708,41.701167,2.01,1.34,2,12.18,,,CVn,V,,0
NGC4486,G,187.705917,12.391111,7.11,6.67,153,9,87,,Vir,V,Virgo Galaxy,0
NGC4486A,G,187.740458,12.270361,0.92,0.81,25,12.53,,,Vir,V,,0
NGC4486B,G,187.633208,12.490167,0.38,0.37,20,13.38,,,Vir,V,,0
NGC4487,G,187.768583,-8.053917,3.46,1.9,74,11.45,,,Vir,V,,0
NGC4488,G,187.714042,8.36,2.75,0.76,167,12.02,,,Vir,V,,0
NGC4489,G,187.717708,16.758861,1.72,1.56,125,12.68,,,Com,V,,0
NGC4490,G,187.651,41.643889,6.71,1.65,133,9.72,,,CVn,V,,0
NGC4491,G,187.737958,11.483528,1.64,0.86,147,12.43,,,Vir,V,,0
NGC4492,G,187.748792,8.077861,2.11,1.86,65,11.99,,,Vir,V,,0
NGC4493,G,187.784875,0.613694,1.52,0.74,139,14.72,,,Vir,B,,0
NGC4494,G,187.850417,25.77525,4.35,4.13,173,9.8,,,Com,V,,0
NGC4495,G,187.845333,29.136472,1.34,0.57,132,13.46,,,Com,V,,0
NGC4496,GPair,187.916667,3.932778,3.5,,,,,,Vir,,,0
NGC4496A,G,187.913375,3.939472,3.37,2.78,68,11.59,,,Vir,V,,0
NGC4496B,G,187.920333,3.926333,1.05,0.91,112,14.52,,,Vir,B,,0
NGC4497,G,187.885542,11.624722,2,1.03,62,12.46,,,Vir,V,,0
NGC4498,G,187.914833,16.852778,2.88,1.53,131,12.76,,,Com,B,,0
NGC4499,G,188.020583,-39.982472,2.01,1.29,102,13.14,,,Cen,V,,0
NGC4500,G,187.842333,57.964639,1.53,1.06,135,12.52,,,UMa,V,,0
NGC4501,G,187.9965,14.420389,8.65,4.38,138,10.33,88,,Com,V,,0
NGC4502,G,188.013958,16.687722,1.04,0.54,43,14.56,,,Com,B,,0
NGC4503,G,188.025958,11.176417,3.48,1.58,12,10.97,,,Vir,V,,0
NGC4504,G,188.072708,-7.563444,3.18,1.97,163,11.61,,,Vir,V,,0
NGC4505,Dup,187.913375,3.939472,,,,,,,Vir,,,0
NGC4506,G,188.043875,13.419611,1.63,1.11,107,13.56,,,Com,B,,0
NGC4507,G,188.902625,-39.90925,1.39,1.19,50,13.13,,,Cen,V,,0
NGC4508,**,188.072583,5.819972,,,,,,,Vir,,,0
NGC4509,G,188.278292,32.091556,0.67,0.37,161,14.08,,,CVn,B,,0
NGC4510,G,187.946708,64.233806,1.46,0.84,151,14.07,,,Dra,B,,0
NGC4511,G,188.033792,56.471167,0.92,0.57,7,14.52,,,UMa,B,,0
NGC4512,G,188.198542,63.939194,2.57,0.5,166,12.97,,,Dra,B,,0
NGC4513,G,188.006333,66.332583,2.06,1.35,16,13.99,,,Dra,B,,0
NGC4514,G,188.179042,29.712389,1,0.8,62,13.98,,,Com,V,,0
NGC4515,G,188.270708,16.265528,1.35,1.06,6,12.65,,,Com,V,,0
NGC4516,G,188.281417,14.574944,1.75,0.97,175,13.53,,,Com,B,,0
NGC4517,G,188.189958,0.115028,9.02,1.42,84,10.48,,,Vir,V,,0
NGC4517A,G,188.117292,0.389667,2.05,0.98,30,12.24,,,Vir,V,,0
NGC4518,G,188.299,7.851639,1.18,0.58,179,14.53,,,Vir,B,,0
NGC4519,G,188.376042,8.65475,2.33,1.77,147,12,,,Vir,V,,0
NGC4519A,G,188.352958,8.69075,0.58,0.3,45,15.71,,,Vir,B,,0
NGC4520,G,188.457917,-7.375556,0.79,0.46,98,14.65,,,Vir,B,,0
NGC4521,Dup,188.198542,63.939194,,,,,,,Dra,,,0
NGC4522,G,188.415458,9.175028,3.51,0.91,34,12.93,,,Vir,B,,0
NGC4523,G,188.45,15.168306,1.24,1.15,0,13.61,,,Com,V,,0
NGC4524,G,188.476625,-12.027611,1.25,0.7,80,14.23,,,Crv,B,,0
NGC4525,G,188.463083,30.277472,2,1.03,53,12.98,,,Com,B,,0
NGC4526,G,188.512875,7.699528,6.95,2.47,138,9.59,,,Vir,V,,0
NGC4527,G,188.535083,2.653667,6.3,1.72,69,10.5,,,Vir,V,,0
NGC4528,G,188.525292,11.32125,1.6,0.86,5,11.97,,,Vir,V,,0
NGC4529,G,188.215208,20.1835,1.11,0.25,98,15.09,,,Com,B,,0
NGC4530,*,188.448792,41.353472,,,,,,,CVn,,,0
NGC4531,G,188.566208,13.075333,3.03,1.97,155,12.36,,,Vir,B,,0
NGC4532,G,188.580542,6.467694,2.49,0.88,161,11.92,,,Vir,V,,0
NGC4533,G,188.59175,2.325361,1.82,0.43,165,14.25,,,Vir,B,,0
NGC4534,G,188.522583,35.518333,2.78,1.64,120,13.15,,,CVn,B,,0
NGC4535,G,188.584625,8.19775,8.15,7.48,27,9.89,,,Vir,V,,0
NGC4536,G,188.612708,2.188139,7.08,2.55,121,10.48,,,Vir,V,,0
NGC4537,G,188.703792,50.805167,1.34,0.76,21,15.2,,,CVn,B,,0
NGC4538,G,188.670417,3.323667,0.71,0.4,80,14.55,,,Vir,B,,0
NGC4539,G,188.64475,18.202694,2.74,1.08,94,12.05,,,Com,V,,0
NGC4540,G,188.711958,15.551722,2.19,1.83,43,12.31,,,Com,B,,0
NGC4541,G,188.794417,-0.221139,1.63,0.64,91,13.94,,,Vir,B,,0
NGC4542,Dup,188.703792,50.805167,,,,,,,CVn,,,0
NGC4543,G,188.834333,6.115083,1.02,0.63,178,14.27,,,Vir,B,,0
NGC4544,G,188.902375,3.034528,1.93,0.6,163,13.84,,,Vir,B,,0
NGC4545,G,188.642292,63.525056,2.43,1.37,9,13.14,,,Dra,B,,0
NGC4546,G,188.872958,-3.793194,3.16,1.76,90,10.57,,,Vir,V,,0
NGC4547,G,188.716,58.916778,1.19,0.92,38,15.01,,,UMa,B,,0
NGC4548,G,188.860208,14.496333,5.55,4.52,150,10.96,91,,Com,V,,0
NGC4549,G,188.838625,58.949667,0.6,0.27,100,15.95,,,UMa,B,,0
NGC4550,G,188.877417,12.220833,3.16,0.71,179,12.03,,,Vir,V,,0
NGC4551,G,188.908125,12.263972,1.71,1.26,67,11.98,,,Vir,V,,0
NGC4552,G,188.915875,12.556333,8.13,8,150,10.08,89,,Vir,V,,0
NGC4553,G,189.031667,-39.438667,2.59,1.34,175,12.2,,,Cen,V,,0
NGC4554,**,188.998,11.265361,,,,,,,Vir,,,0
NGC4555,G,188.921583,26.523111,1.4,1.04,121,13.4,,,Com,B,,0
NGC4556,G,188.941083,26.908889,1.31,0.87,81,14.24,,,Com,B,,0
NGC4557,Other,188.95725,27.053778,,,,,,,Com,,,0
NGC4558,G,188.969375,26.992139,0.73,0.31,95,14.93,,,Com,B,,0
NGC4559,G,188.990208,27.96,10.57,4.82,148,9.92,,,Com,V,,0
NGC4559A,G,189.222667,27.862028,0.4,0.21,133,14.49,,,Com,V,,0
NGC4559B,G,189.224708,27.749111,0.62,0.25,3,15.33,,,Com,B,,0
NGC4559C,HII,188.967167,27.932083,,,,,,,Com,,,0
NGC4560,Dup,188.512875,7.699528,,,,,,,Vir,,,0
NGC4561,G,189.034167,19.322917,1.32,1.12,61,12.61,,,Com,V,,0
NGC4562,G,188.895,25.85,1.93,0.64,49,14.37,,,Com,B,,0
NGC4563,G,189.053667,26.941444,0.56,0.4,106,15.55,,,Com,B,,0
NGC4564,G,189.112417,11.439278,3.13,1.68,48,11.26,,,Vir,V,,0
NGC4565,G,189.086583,25.987667,16.75,2.89,135,10.86,,针状星系,Com,V,Needle Galaxy,0
NGC4565A,Dup,188.895,25.85,,,,,,,Com,,,0
NGC4565B,G,188.923708,26.222194,0.8,0.45,139,15.11,,,Com,B,,0
NGC4565C,G,188.922583,26.285833,0.96,0.14,141,16.43,,,Com,B,,0
NGC4566,G,189.000458,54.220972,1.08,0.75,72,13.23,,,UMa,V,,0
NGC4567,G,189.136292,11.258,2.74,2.15,89,11.32,,,Vir,V,"Butterfly Galaxies,Siamese Twins",0
NGC4568,G,189.14275,11.238889,4.31,1.87,29,10.8,,,Vir,V,"Butterfly Galaxies,Siamese Twins",0
NGC4569,G,189.207458,13.162944,9.12,3.82,22,9.54,90,,Vir,V,,0
NGC4570,G,189.2225,7.246639,3.88,0.94,160,11.11,,,Vir,V,,0
NGC4571,G,189.234917,14.217361,3.56,3.31,35,11.29,,,Com,V,,0
NGC4572,G,188.93875,74.245556,1.47,0.42,168,14.82,,,Dra,B,,0
NGC4573,G,189.432458,-43.621139,2.49,1.89,125,12.92,,,Cen,V,,0
NGC4574,G,189.431292,-35.517639,1.83,1.14,112,12.99,,,Cen,V,,0
NGC4575,G,189.463,-40.537361,2.06,1.24,109,12.6,,,Cen,V,,0
NGC4576,G,189.389833,4.367694,1.22,0.66,152,13.49,,,Vir,V,,0
NGC4577,G,189.801833,6.012306,1.42,0.78,39,13.84,,,Vir,B,,0
NGC4578,G,189.377333,9.555083,2.5,1.75,34,11.4,,,Vir,V,,0
NGC4579,G,189.431333,11.818194,5.01,3.84,90,10.3,58,,Vir,V,,0
NGC4580,G,189.451625,5.368528,1.87,1.28,156,12.57,,,Vir,B,,0
NGC4581,G,189.521542,1.47775,1.62,1.06,172,12.38,,,Vir,V,,0
NGC4582,*,189.5425,0.18275,,,,14.28,,,Vir,B,,0
NGC4583,G,189.518917,33.458833,1.51,1.51,95,14.47,,,CVn,V,,0
NGC4584,G,189.574458,13.109889,1.61,1.11,8,13.76,,,Vir,B,,0
NGC4585,G,189.555333,28.937028,0.79,0.47,105,14.22,,,Com,V,,0
NGC4586,G,189.618333,4.319083,3.43,1.12,116,11.58,,,Vir,V,,0
NGC4587,G,189.647583,2.657333,1.32,0.75,47,13.79,,,Vir,B,,0
NGC4588,G,189.689292,6.768167,1.19,0.46,60,14.96,,,Vir,B,,0
NGC4589,G,189.354125,74.191917,2.93,2.31,84,10.74,,,Dra,V,,0
NGC4590,GCl,189.866708,-26.743028,6.6,,,7.96,68,,Hya,V,,0
NGC4591,Dup,189.801833,6.012306,,,,,,,Vir,,,0
NGC4592,G,189.828083,-0.532,4.1,1.17,94,11.88,,,Vir,V,,0
NGC4593,G,189.914292,-5.34425,2.4,2.04,38,11.43,,,Vir,V,,0
NGC4594,G,189.997625,-11.623056,8.45,4.91,90,8.59,104,草帽星系,Vir,V,Sombrero Galaxy,0
NGC4595,G,189.966292,15.297806,1.52,0.97,110,12.94,,,Com,B,,0
NGC4596,G,189.983125,10.176139,3.93,3.3,120,10.46,,,Vir,V,,0
NGC4597,G,190.053875,-5.799278,3.55,1.42,70,12.87,,,Vir,B,,0
NGC4598,G,190.049708,8.38375,1.5,1.15,131,13.54,,,Vir,B,,0
NGC4599,G,190.112875,1.196917,1.71,0.72,145,13.49,,,Vir,B,,0
NGC4600,G,190.095667,3.11775,1.42,1.01,59,13.27,,,Vir,B,,0
NGC4601,G,190.19475,-40.893056,1.82,0.5,18,13.91,,,Cen,V,,0
NGC4602,G,190.153542,-5.133,1.29,0.79,88,11.75,,,Vir,V,,0
NGC4603,G,190.230042,-40.976389,2.6,1.84,18,11.67,,,Cen,V,,0
NGC4603A,G,189.903833,-40.740028,1.84,0.63,90,14.27,,,Cen,B,,0
NGC4603B,G,190.123917,-41.069833,1.3,0.26,38,15.43,,,Cen,B,,0
NGC4603C,G,190.179625,-40.763361,1.83,0.44,159,14.24,,,Cen,B,,0
NGC4603D,G,190.53375,-40.820861,1.62,0.97,75,13.2,,,Cen,V,,0
NGC4604,G,190.18775,-5.302889,1.06,0.44,104,14.4,,,Vir,B,,0
NGC4605,G,189.997417,61.609194,5.87,2.29,122,10.26,,,UMa,V,,0
NGC4606,G,190.23975,11.912222,2.47,1.36,14,11.9,,,Vir,V,,0
NGC4607,G,190.301667,11.886639,2.86,0.58,2,12.79,,,Vir,V,,0
NGC4608,G,190.305375,10.155667,2.88,2.49,25,11.08,,,Vir,V,,0
NGC4609,OCl,190.570125,-62.99575,5.4,,,6.9,,,Cru,V,Coalsack Cluster,0
NGC4610,Dup,187.407417,7.824194,,,,,,,Vir,,,0
NGC4611,G,190.356042,13.729528,1.24,0.38,125,14.96,,,Com,B,,0
NGC4612,G,190.386458,7.314889,2.57,1.77,138,12.1,,,Vir,B,,0
NGC4613,G,190.370625,26.088611,0.52,0.49,15,15.43,,,Com,B,,0
NGC4614,G,190.381125,26.042667,1,0.86,152,14.32,,,Com,B,,0
NGC4615,G,190.4055,26.072833,1.54,0.46,120,13.89,,,Com,B,,0
NGC4616,G,190.568542,-40.642056,1.31,1.06,50,13.32,,,Cen,V,,0
NGC4617,G,190.274458,50.393417,2.81,0.52,180,14.1,,,CVn,B,,0
NGC4618,G,190.386875,41.150778,3.56,2.29,32,10.78,,,CVn,V,,0
NGC4619,G,190.435625,35.062778,1.37,1.33,0,13.5,,,CVn,V,,0
NGC4620,G,190.497333,12.942778,1.6,1.45,52,13.38,,,Vir,B,,0
NGC4621,G,190.509333,11.647028,4.55,3.21,165,9.56,59,,Vir,V,,0
NGC4622,G,190.65675,-40.744222,1.81,1.56,9,13.01,,,Cen,V,,0
NGC4622A,G,190.954625,-40.714611,0.7,0.58,119,14.68,,,Cen,B,,0
NGC4622B,G,190.960875,-40.717472,1.15,0.77,68,15.27,,,Cen,B,,0
NGC4623,G,190.544542,7.676944,2.23,0.74,175,13.14,,,Vir,B,,0
NGC4624,Dup,191.274958,3.055778,,,,,,,Vir,,,0
NGC4625,G,190.469667,41.273972,1.41,1.06,27,12.46,,,CVn,V,,0
NGC4626,G,190.605458,-7.044278,1.63,0.49,39,13.71,,,Vir,B,,0
NGC4627,G,190.498667,32.573556,2.36,1.66,21,12.48,,,CVn,V,,0
NGC4628,G,190.60525,-6.971,1.64,0.57,46,14.5,,,Vir,V,,0
NGC4629,G,190.636125,-1.350667,1.03,0.71,90,13.9,,,Vir,B,,0
NGC4630,G,190.629708,3.96025,1.66,1.21,10,13.04,,,Vir,B,,0
NGC4631,G,190.533375,32.5415,14.45,2.2,86,9.24,,鲸鱼星系,CVn,V,Whale Galaxy,0
NGC4632,G,190.633458,-0.082611,2.56,0.98,59,11.86,,,Vir,V,,0
NGC4633,G,190.65575,14.357194,1.77,0.75,33,13.12,,,Com,V,,0
NGC4634,G,190.670667,14.295833,2.47,0.6,156,12.33,,,Com,V,,0
NGC4635,G,190.6635,19.945306,1.94,1.4,178,13,,,Com,V,,0
NGC4636,G,190.707625,2.687778,6.35,4.7,150,9.99,,,Vir,V,,0
NGC4637,G,190.725417,11.438278,1.29,0.71,91,14.89,,,Vir,B,,0
NGC4638,G,190.697583,11.4425,2.31,1.5,123,11.12,,,Vir,V,,0
NGC4639,G,190.718292,13.257389,2.87,1.88,138,11.6,,,Vir,V,,0
NGC4640,G,190.740708,12.286972,1.61,0.89,53,14.17,,,Vir,B,,0
NGC4641,G,190.781917,12.051194,1.28,1.05,172,13.72,,,Vir,B,,0
NGC4642,G,190.824083,-0.64425,1.55,0.53,27,13.81,,,Vir,B,,0
NGC4643,G,190.833917,1.978278,2.24,1.75,132,10.65,,,Vir,V,,0
NGC4644,G,190.67775,55.1455,1.51,0.63,51,13.84,,,UMa,V,,0
NGC4645,G,191.041625,-41.749944,1.97,0.89,46,11.83,,,Cen,V,,0
NGC4645A,G,190.773208,-41.358917,3.03,0.97,30,12.39,,,Cen,V,,0
NGC4645B,G,190.879917,-41.362528,2.16,0.89,158,12.99,,,Cen,V,,0
NGC4646,G,190.717167,54.856,0.63,0.28,17,13.31,,,UMa,V,,0
NGC4647,G,190.884625,11.581861,2.75,2.36,139,11.6,,,Vir,V,,0
NGC4648,G,190.434958,74.420944,1.41,1.16,73,12.03,,,Dra,V,,0
NGC4649,G,190.916583,11.552694,6.78,5.45,105,8.79,60,,Vir,V,,0
NGC4650,G,191.081625,-40.731806,3.05,2.04,111,11.8,,,Cen,V,,0
NGC4650A,G,191.204417,-40.714306,1.46,0.33,172,13.58,,,Cen,V,,0
NGC4651,G,190.927625,16.393389,3.87,2.58,77,10.82,,,Com,V,Umbrella Galaxy,0
NGC4652,G,190.832292,58.964889,1.1,0.38,40,15.34,,,UMa,B,,0
NGC4653,G,190.962125,-0.561222,2.31,2.08,17,12.36,,,Vir,V,,0
NGC4654,G,190.98575,13.126667,4.72,2.49,123,10.49,,,Vir,V,,0
NGC4655,G,190.902042,41.018528,0.86,0.79,10,14.77,,,CVn,B,,0
NGC4656,GPair,190.990542,32.168139,8,,,,,,CVn,,,0
NGC4656 NED01,G,190.990292,32.17025,6.46,0.66,36,10.47,,,CVn,V,,0
NGC4656 NED02,Dup,191.029583,32.20875,,,,,,,CVn,,,0
NGC4657,G,191.029583,32.20875,1.86,0.63,71,14.5,,,CVn,B,,0
NGC4658,G,191.157458,-10.083111,1.38,0.86,3,12.43,,,Vir,V,,0
NGC4659,G,191.122458,13.498556,1.75,1.24,176,12.96,,,Com,B,,0
NGC4660,G,191.13325,11.190528,2.09,1.57,100,11.27,,,Vir,V,,0
NGC4661,G,191.312292,-40.82425,1.17,0.41,116,14.65,,,Cen,B,,0
NGC4662,G,191.109167,37.121222,1.83,1.48,60,12.78,,,CVn,V,,0
NGC4663,G,191.196042,-10.197833,1.07,0.85,170,14.01,,,Vir,B,,0
NGC4664,G,191.274958,3.055778,4.52,4.52,5,10.5,,,Vir,V,,0
NGC4665,Dup,191.274958,3.055778,,,,,,,Vir,,,0
NGC4666,G,191.285792,-0.461889,4.97,1.97,40,10.75,,,Vir,V,,0
NGC4667,Dup,190.697583,11.4425,,,,,,,Vir,,,0
NGC4668,G,191.383292,-0.535722,1.59,0.92,3,13.1,,,Vir,V,,0
NGC4669,G,191.19475,54.875667,1.53,0.38,2,13.18,,,UMa,V,,0
NGC4670,G,191.321125,27.125417,0.97,0.83,90,12.76,,,Com,V,,0
NGC4671,G,191.448458,-7.069694,1.69,1.26,138,13.52,,,Vir,B,,0
NGC4672,G,191.565625,-41.705972,2.06,0.5,59,14.25,,,Cen,V,,0
NGC4673,G,191.394458,27.060833,1.07,0.84,171,14.78,,,Com,B,,0
NGC4674,G,191.514458,-8.655444,1.79,0.7,105,13.96,,,Vir,B,,0
NGC4675,G,191.382875,54.737611,1.34,0.43,92,14.84,,,UMa,B,,0
NGC4676,GPair,191.544583,30.727222,3,,,,,双鼠星系,Com,,Mice Galaxy,0
NGC4676A,G,191.542125,30.731917,2.16,1.26,179,14.53,,,Com,B,,0
NGC4676B,G,191.546833,30.72275,0.98,0.66,169,14.33,,,Com,B,,0
NGC4677,G,191.738042,-41.582528,1.49,0.84,166,12.81,,,Cen,V,,0
NGC4678,G,192.424375,-4.579722,0.97,0.51,85,14.26,,,Vir,B,,0
NGC4679,G,191.876042,-39.570861,2.43,0.88,5,13.52,,,Cen,V,,0
NGC4680,G,191.727958,-11.637056,1.36,0.76,40,13.23,,,Vir,B,,0
NGC4681,G,191.870042,-43.334806,1.4,1.17,171,13.44,,,Cen,B,,0
NGC4682,G,191.814542,-10.063444,2.58,1.19,86,13.12,,,Vir,B,,0
NGC4683,G,191.926542,-41.528278,1.44,1.33,130,12.84,,,Cen,V,,0
NGC4684,G,191.823,-2.727417,2.97,0.96,18,11.55,,,Vir,V,,0
NGC4685,G,191.797667,19.464361,1.59,0.87,155,13.63,,,Com,B,,0
NGC4686,G,191.666167,54.534278,1.92,0.67,2,12.59,,,UMa,V,,0
NGC4687,G,191.849042,35.352056,0.96,0.9,95,13.01,,,CVn,V,,0
NGC4688,G,191.943833,4.336056,3.72,3.42,35,12.92,,,Vir,B,,0
NGC4689,G,191.939833,13.762806,3.82,2.86,163,10.93,,,Com,V,,0
NGC4690,G,191.981333,-1.656056,1.6,1.14,150,13.57,,,Vir,B,,0
NGC4691,G,192.056792,-3.332722,3.03,2.46,28,10.99,,,Vir,V,,0
NGC4692,G,191.9805,27.222361,1,0.94,85,12.65,,,Com,V,,0
NGC4693,G,191.788208,71.176139,1,0.56,34,13.95,,,Dra,B,,0
NGC4694,G,192.062833,10.983611,2,1.11,135,12.52,,,Vir,V,,0
NGC4695,G,191.883792,54.374833,1.12,0.65,79,13.38,,,UMa,V,,0
NGC4696,G,192.205208,-41.310833,3.85,2.56,88,10.3,,,Cen,V,,0
NGC4696A,G,191.73175,-41.49675,1.74,0.57,174,14.56,,,Cen,B,,0
NGC4696B,G,191.84075,-41.2375,1.33,0.81,40,12.71,,,Cen,V,,0
NGC4696C,G,192.011083,-40.818556,2.3,0.37,140,14.65,,,Cen,B,,0
NGC4696D,G,192.09025,-41.714028,1.38,0.54,129,13.98,,,Cen,B,,0
NGC4696E,G,192.108833,-40.9365,1.41,0.71,178,14.55,,,Cen,B,,0
NGC4697,G,192.1495,-5.80075,7.14,4.16,83,9.37,,,Vir,V,,0
NGC4698,G,192.095458,8.487389,3.81,1.55,170,10.65,,,Vir,V,,0
NGC4699,G,192.259292,-8.664861,3.99,3.02,35,9.53,,,Vir,V,,0
NGC4700,G,192.283958,-11.409861,2.72,0.47,51,12.21,,,Vir,V,,0
NGC4701,G,192.298292,3.388722,1.74,1.28,39,12.37,,,Vir,V,,0
NGC4702,G,192.256208,27.179139,0.58,0.33,176,16.04,,,Com,B,,0
NGC4703,G,192.329042,-9.108417,1.7,0.41,155,13.58,,,Vir,B,,0
NGC4704,G,192.193458,41.92125,1.01,0.95,40,13.69,,,CVn,V,,0
NGC4705,G,192.354042,-5.195861,3.65,1.09,106,12.6,,,Vir,V,,0
NGC4706,G,192.475625,-41.279556,1.47,0.75,26,12.88,,,Cen,V,,0
NGC4707,G,192.095292,51.164694,2.19,2,25,12.97,,,CVn,V,,0
NGC4708,G,192.422833,-11.093028,1.25,0.91,30,13.92,,,Vir,B,,0
NGC4709,G,192.516167,-41.381972,3.09,1.51,107,11.1,,,Cen,V,,0
NGC4710,G,192.411792,15.165444,4.39,1.13,26,10.71,,,Com,V,,0
NGC4711,G,192.191125,35.332694,1.21,0.68,41,14.27,,,CVn,B,,0
NGC4712,G,192.392583,25.469944,1.56,0.75,162,13.01,,,Com,V,,0
NGC4713,G,192.491125,5.311417,1.66,1.52,50,11.73,,,Vir,V,,0
NGC4714,G,192.580208,-13.324333,2,1.11,152,14.24,,,Crv,B,,0
NGC4715,G,192.491167,27.822417,1.34,0.99,18,15.12,,,Com,B,,0
NGC4716,G,192.637958,-9.451111,1.13,0.85,94,13.66,,,Vir,B,,0
NGC4717,G,192.643292,-9.463028,1.61,0.68,2,14.08,,,Vir,B,,0
NGC4718,G,192.636,-5.281917,2.02,0.7,97,14.3,,,Vir,B,,0
NGC4719,G,192.536333,33.159139,1.42,1.25,159,14.04,,,CVn,B,,0
NGC4720,G,192.67825,-4.155833,1.23,0.73,107,14.18,,,Vir,B,,0
NGC4721,G,192.583,27.324,0.84,0.24,113,15.08,,,Com,B,,0
NGC4722,G,192.884958,-13.330028,1.98,0.69,32,13.68,,,Crv,B,,0
NGC4723,G,192.762125,-13.236611,1.02,0.55,43,15.38,,,Crv,B,,0
NGC4724,G,192.724333,-14.331861,0.95,0.54,95,13.7,,,Crv,B,,0
NGC4725,G,192.61075,25.500806,9.71,7.1,36,9.38,,,Com,V,,0
NGC4726,G,192.691917,-14.268556,1.1,0.24,76,15.47,,,Crv,B,,0
NGC4727,G,192.7385,-14.332944,2.7,1.54,127,12.22,,,Crv,V,,0
NGC4728,G,192.617,27.434917,0.78,0.6,107,15.32,,,Com,B,,0
NGC4729,G,192.942833,-41.132278,1.97,0.9,145,12.48,,,Cen,V,,0
NGC4730,G,193.001958,-41.147306,1.28,1.05,28,14.03,,,Cen,B,,0
NGC4731,G,192.754542,-6.393056,6.32,2.14,97,11.42,,,Vir,V,,0
NGC4732,G,192.529583,52.850111,1.21,0.56,8,14.92,,,UMa,B,,0
NGC4733,G,192.77825,10.912083,1.97,1.82,70,11.76,,,Vir,V,,0
NGC4734,G,192.803708,4.859056,0.97,0.8,60,14.26,,,Vir,B,,0
NGC4735,G,192.757208,28.927972,0.66,0.51,117,14.57,,,Com,V,,0
NGC4736,G,192.721083,41.120444,7.74,6.68,105,8.24,94,,CVn,V,,0
NGC4737,G,192.720583,34.156861,1.36,0.97,49,14.85,,,CVn,B,,0
NGC4738,G,192.787083,28.788056,1.82,0.26,33,13.44,,,Com,V,,0
NGC4739,G,192.9045,-8.410222,1.5,1.37,115,14.18,,,Vir,B,,0
NGC4740,Dup,192.7385,-14.332944,,,,,,,Crv,,,0
NGC4741,G,192.748,47.671556,1.17,0.76,171,14.38,,,CVn,B,,0
NGC4742,G,192.950167,-10.454722,2.14,1.39,76,11.2,,,Vir,V,,0
NGC4743,G,193.066583,-41.390667,1.73,0.66,176,13.31,,,Cen,V,,0
NGC4744,G,193.081667,-41.060028,2.45,0.95,126,12.59,,,Cen,V,,0
NGC4745,G,192.859,27.421278,0.61,0.56,25,15.16,,,Com,V,,0
NGC4746,G,192.980667,12.082972,2.03,0.42,120,13.33,,,Vir,B,,0
NGC4747,G,192.941458,25.777083,2.09,1,33,12.38,,,Com,V,,0
NGC4748,G,193.051917,-13.414722,1.27,0.82,66,14.03,,,Crv,V,,0
NGC4749,G,192.799875,71.636722,1.59,0.53,156,14.11,,,Dra,B,,0
NGC4750,G,192.530292,72.874639,2.4,2.06,142,12.1,,,Dra,V,,0
NGC4751,G,193.211625,-42.659917,1.66,0.63,175,13,,,Cen,B,,0
NGC4752,G,192.871125,13.781806,0.95,0.45,153,15.27,,,Com,B,,0
NGC4753,G,193.092125,-1.199694,6.49,3.06,86,9.66,,,Vir,V,,0
NGC4754,G,193.072917,11.313889,4.16,1.95,22,10.48,,,Vir,V,,0
NGC4755,OCl,193.4045,-60.356306,7.8,,,,,珠宝盒星团,Cru,,"Herschel's Jewel Box,kappa Crucis Cluster",0
NGC4756,G,193.219292,-15.413278,2.28,1.56,47,12.22,,,Crv,V,,0
NGC4757,G,193.208708,-10.310222,0.8,0.26,58,14.54,,,Vir,B,,0
NGC4758,G,193.183542,15.848528,2.75,0.77,159,13.41,,,Com,B,,0
NGC4759,GPair,193.271667,-9.202222,1.6,,,,,,Vir,,,0
NGC4759 NED01,Dup,193.268583,-9.199917,,,,,,,Vir,,,0
NGC4759 NED02,Dup,193.274208,-9.203833,,,,,,,Vir,,,0
NGC4760,G,193.280125,-10.494194,2.57,2.01,9,11.58,,,Vir,V,,0
NGC4761,G,193.290875,-9.197806,1.55,0.65,168,14.85,,,Vir,B,,0
NGC4762,G,193.233542,11.230806,8.26,3.52,32,10.17,,,Vir,V,,0
NGC4763,G,193.363417,-17.005528,1.86,1.16,105,12.49,,,Crv,V,,0
NGC4764,G,193.277625,-9.257639,0.46,0.37,78,15.99,,,Vir,B,,0
NGC4765,G,193.310042,4.463111,1.16,0.85,80,12.98,,,Vir,V,,0
NGC4766,G,193.284042,-10.378194,0.98,0.23,129,15.35,,,Vir,B,,0
NGC4767,G,193.470625,-39.714306,2.82,1.39,141,11.51,,,Cen,V,,0
NGC4767A,G,193.256167,-39.83525,0.59,0.27,110,16.4,,,Cen,B,,0
NGC4767B,G,193.687625,-39.852278,1.47,1.17,96,13.93,,,Cen,B,,0
NGC4768,*,193.321875,-9.531444,,,,,,,Vir,,,0
NGC4769,**,193.325333,-9.536,,,,,,,Vir,,,0
NGC4770,G,193.383958,-9.5415,1.73,1.11,88,13.78,,,Vir,B,,0
NGC4771,G,193.338417,1.269083,3.1,0.98,133,12.73,,,Vir,B,,0
NGC4772,G,193.3715,2.168389,4.12,2,155,11.34,,,Vir,V,,0
NGC4773,G,193.400042,-8.63875,0.85,0.52,77,13.67,,,Vir,B,,0
NGC4774,GPair,193.275833,36.822778,1.2,,,,,,CVn,,,0
NGC4774 NED01,G,193.275083,36.826333,0.4,0.27,143,17.16,,,CVn,B,,0
NGC4774 NED02,G,193.277458,36.819056,0.6,0.35,125,14.34,,,CVn,V,,0
NGC4775,G,193.440417,-6.622167,2.22,1.96,59,11.56,,,Vir,V,,0
NGC4776,G,193.268583,-9.199917,1.96,1.08,65,14.03,,,Vir,B,,0
NGC4777,G,193.493917,-8.775722,1.84,0.79,8,14.02,,,Vir,B,,0
NGC4778,G,193.274208,-9.203833,2.69,2.09,120,13.49,,,Vir,B,,0
NGC4779,G,193.461833,9.710056,1.86,1.31,54,13.07,,,Vir,B,,0
NGC4780,G,193.521792,-8.621111,1.96,0.5,173,13.51,,,Vir,B,,0
NGC4780A,G,193.512667,-8.653806,0.74,0.25,26,15.96,,,Vir,B,,0
NGC4781,G,193.598958,-10.537194,3.66,1.48,120,11.39,,,Vir,V,,0
NGC4782,G,193.648833,-12.568639,1.48,0.87,171,12.75,,,Crv,V,,0
NGC4783,G,193.652458,-12.557833,1.41,0.69,134,12.8,,,Crv,V,,0
NGC4784,G,193.65425,-10.613056,1.67,0.41,103,14.35,,,Vir,B,,0
NGC4785,G,193.363875,-48.749194,2.04,0.97,80,12.09,,,Cen,V,,0
NGC4786,G,193.635083,-6.859417,1.98,1.51,171,11.71,,,Vir,V,,0
NGC4787,G,193.523,27.068639,1.02,0.32,1,15.36,,,Com,B,,0
NGC4788,G,193.566792,27.303694,0.91,0.32,141,15.2,,,Com,B,,0
NGC4789,G,193.57925,27.068028,1.66,1.12,174,12.06,,,Com,V,,0
NGC4789A,G,193.521875,27.149639,1.9,1.24,37,13.92,,,Com,V,,0
NGC4790,G,193.716417,-10.247833,1.69,0.93,87,12.41,,,Vir,B,,0
NGC4791,G,193.683125,8.053111,1.06,0.7,66,14.94,,,Vir,B,,0
NGC4792,G,193.765333,-12.497167,0.85,0.42,143,15,,,Crv,V,,0
NGC4793,G,193.66925,28.938667,1.82,0.94,54,11.64,,,Com,V,,0
NGC4794,G,193.79375,-12.608472,1.12,0.51,151,13,,,Crv,V,,0
NGC4795,G,193.761917,8.0655,2.16,1.42,119,12.76,,,Vir,B,,0
NGC4796,G,193.769542,8.066222,1.8,1.73,110,15.35,,,Vir,B,,0
NGC4797,G,193.729875,27.412694,1.15,0.85,34,13.16,,,Com,V,,0
NGC4798,Dup,193.729875,27.412694,,,,,,,Com,,,0
NGC4799,G,193.814708,2.896639,1.44,0.62,91,13.8,,,Vir,B,,0
NGC4800,G,193.6575,46.531167,1.65,1.16,21,12.32,,,CVn,B,,0
NGC4801,G,193.657375,53.09,1.35,0.67,138,15.15,,,UMa,B,,0
NGC4802,G,193.956833,-12.055306,2.64,2.3,18,11.34,,,Crv,V,,0
NGC4803,G,193.890333,8.240417,0.76,0.42,15,14.95,,,Vir,B,,0
NGC4804,Dup,193.956833,-12.055306,,,,,,,Crv,,,0
NGC4805,*,193.850958,27.981306,,,,,,,Com,,,0
NGC4806,G,194.051667,-29.502944,1.35,1.15,52,13.45,,,Hya,B,,0
NGC4807,G,193.87125,27.521417,0.88,0.65,22,13.49,,,Com,V,,0
NGC4808,G,193.953958,4.304111,2.36,0.93,127,11.79,,,Vir,V,,0
NGC4809,G,193.71275,2.654083,1.58,0.64,65,13.78,,,Vir,V,,0
NGC4810,G,193.713333,2.640278,0.86,0.43,167,14.71,,,Vir,B,,0
NGC4811,G,194.218167,-41.797194,1.32,0.89,40,14.49,,,Cen,B,,0
NGC4812,G,194.219583,-41.813333,1.5,0.63,34,14.23,,,Cen,B,,0
NGC4813,G,194.1505,-6.817833,1.59,0.86,26,14.15,,,Vir,B,,0
NGC4814,G,193.841417,58.344111,2.75,2,128,12.03,,,UMa,V,,0
NGC4815,OCl,194.493208,-64.96175,3.9,,,8.6,,,Mus,V,,0
NGC4816,G,194.050625,27.745472,1.38,0.63,90,12.68,,,Com,V,,0
NGC4817,G,194.12425,27.94,0.69,0.6,120,15.77,,,Com,B,,0
NGC4818,G,194.20375,-8.525306,4.27,1.28,178,11.34,,,Vir,V,,0
NGC4819,G,194.116083,26.987333,1,0.78,150,13.19,,,Com,V,,0
NGC4820,G,194.252333,-13.719333,1.19,0.42,106,14.86,,,Vir,B,,0
NGC4821,G,194.121375,26.957,0.59,0.34,8,15.02,,,Com,B,,0
NGC4822,G,194.265583,-10.761833,1.38,0.97,93,14.36,,,Vir,B,,0
NGC4823,G,194.356833,-13.698694,0.81,0.22,178,15.97,,,Vir,B,,0
NGC4824,*,194.151542,27.432639,,,,,,,Com,,,0
NGC4825,G,194.301,-13.664833,2.69,1.64,139,11.56,,,Vir,V,,0
NGC4826,G,194.181833,21.682972,10.52,5.33,114,8.52,64,黑眼星系,Com,V,"Black Eye Galaxy,Evil Eye Galaxy",0
NGC4827,G,194.181375,27.178639,1.22,0.97,34,12.9,,,Com,V,,0
NGC4828,G,194.178583,28.020444,0.75,0.7,155,13.68,,,Com,V,,0
NGC4829,G,194.352,-13.7375,0.58,0.37,106,16.16,,,Vir,B,,0
NGC4830,G,194.366292,-19.691278,2.31,1.49,164,12.09,,,Vir,V,,0
NGC4831,G,194.402875,-27.292139,1.57,0.87,177,13.47,,,Hya,B,,0
NGC4832,G,194.448042,-39.761694,2.14,1.48,35,12.27,,,Cen,V,,0
NGC4833,GCl,194.895583,-70.874583,8.4,,,7.79,,,Mus,V,,0
NGC4834,G,194.105333,52.295861,1.08,0.46,109,15.09,,,CVn,B,,0
NGC4835,G,194.532667,-46.264222,3.3,0.68,150,11.81,,,Cen,V,,0
NGC4835A,G,194.304708,-46.374694,2.95,0.38,178,14.09,,,Cen,B,,0
NGC4836,G,194.392875,-12.744111,1.48,1.08,8,14.93,,,Vir,B,,0
NGC4837,GPair,194.204583,48.298611,1.3,,,,,,CVn,,,0
NGC4837 NED01,G,194.20125,48.296889,1.32,0.54,64,14.55,,,CVn,B,,0
NGC4837 NED02,G,194.207917,48.300111,0.33,0.28,,14.4,,,CVn,B,,0
NGC4838,G,194.484,-13.060083,1.79,1.41,9,14,,,Vir,B,,0
NGC4839,G,194.3515,27.497806,2.7,1.24,65,12.11,,,Com,V,,0
NGC4840,G,194.386833,27.610333,0.73,0.7,125,13.68,,,Com,V,,0
NGC4841,GPair,194.387083,28.479444,2,,,,,,Com,,,0
NGC4841A,G,194.383125,28.476944,1.45,1.38,60,13.76,,,Com,B,,0
NGC4841B,G,194.391208,28.48225,1,0.79,169,13.69,,,Com,B,,0
NGC4842,GPair,194.399583,27.489167,1,,,,,,Com,,,0
NGC4842A,G,194.399333,27.49325,0.58,0.57,70,15.22,,,Com,B,,0
NGC4842B,G,194.400583,27.484806,0.42,0.29,49,16.11,,,Com,B,,0
NGC4843,G,194.503417,-3.621139,1.98,0.44,91,14.2,,,Vir,B,,0
NGC4844,*,194.534417,-13.079917,,,,14.14,,,Vir,V,,0
NGC4845,G,194.504958,1.575833,5.5,1.2,82,10.97,,,Vir,V,,0
NGC4846,G,194.448708,36.370722,1.21,0.5,62,14.54,,,CVn,B,,0
NGC4847,G,194.620625,-13.140917,0.83,0.63,155,15.33,,,Vir,B,,0
NGC4848,G,194.5235,28.24275,1.27,0.42,157,13.68,,,Com,V,,0
NGC4849,G,194.552833,26.396889,1.4,0.99,176,14.27,,,Com,B,,0
NGC4850,G,194.591,27.967722,0.66,0.64,130,14.23,,,Com,V,,0
NGC4851,G,194.590458,28.14875,0.4,0.33,94,14.94,,,Com,V,,0
NGC4852,OCl,195.018292,-59.609444,5.4,,,8.9,,,Cen,V,,0
NGC4853,G,194.646625,27.596333,0.68,0.57,76,13.66,,,Com,V,,0
NGC4854,G,194.6975,27.67475,0.95,0.67,44,13.95,,,Com,V,,0
NGC4855,G,194.826875,-13.231028,1.68,1.24,170,14.32,,,Vir,B,,0
NGC4856,G,194.838625,-15.042167,4.25,1.57,38,10.62,,,Vir,V,,0
NGC4857,G,194.326417,70.203444,1.15,0.66,118,14.64,,,Dra,B,,0
NGC4858,G,194.7585,28.11575,0.51,0.42,28,15.22,,,Com,V,,0
NGC4859,G,194.757625,26.815667,1.51,0.65,93,13.59,,,Com,V,,0
NGC4860,G,194.76625,28.123694,1.07,0.94,121,13.43,,,Com,V,,0
NGC4861,G,194.75975,34.859444,3.81,1.45,18,12.32,,,CVn,V,,0
NGC4862,G,194.878417,-14.132333,1.09,0.89,147,15.31,,,Vir,B,,0
NGC4863,G,194.926917,-14.029639,1.9,0.4,23,14.9,,,Vir,B,,0
NGC4864,G,194.804625,27.977,0.77,0.47,90,13.5,,,Com,V,,0
NGC4865,G,194.832792,28.084306,0.88,0.42,113,13.44,,,Com,V,,0
NGC4866,G,194.863083,14.171056,5.77,0.98,88,11.08,,,Vir,V,,0
NGC4867,G,194.813542,27.970722,0.65,0.5,13,14.41,,,Com,V,,0
NGC4868,G,194.787083,37.310333,1.43,1.3,155,12.95,,,CVn,B,,0
NGC4869,G,194.847333,27.911583,0.77,0.73,0,13.36,,,Com,V,,0
NGC4870,G,194.824042,37.048361,0.91,0.31,2,15.54,,,CVn,B,,0
NGC4871,G,194.874833,27.956444,0.77,0.57,160,14.22,,,Com,V,,0
NGC4872,G,194.891833,27.946944,0.67,0.41,124,13.59,,,Com,V,,0
NGC4873,G,194.886625,27.983611,0.81,0.52,103,14.16,,,Com,V,,0
NGC4874,G,194.898792,27.959278,2.29,1.98,49,11.83,,,Com,V,,0
NGC4875,G,194.907958,27.907333,0.48,0.36,117,14.65,,,Com,V,,0
NGC4876,G,194.935042,27.912472,0.56,0.42,26,14.38,,,Com,V,,0
NGC4877,G,195.10975,-15.283444,2.36,0.94,8,13.08,,,Vir,B,,0
NGC4878,G,195.084042,-6.103833,1.53,1.43,70,13.96,,,Vir,B,,0
NGC4879,*,195.106708,-6.111222,,,,,,,Vir,,,0
NGC4880,G,195.044042,12.483306,2.63,1.97,164,12.66,,,Vir,B,,0
NGC4881,G,194.99,28.247389,0.98,0.91,15,13.48,,,Com,V,,0
NGC4882,Dup,195.0185,27.987583,,,,,,,Com,,,0
NGC4883,G,194.983375,28.034722,0.77,0.61,83,14.31,,,Com,V,,0
NGC4884,Dup,195.033875,27.977,,,,,,,Com,,,0
NGC4885,G,195.141125,-6.853083,0.85,0.66,100,14.92,,,Vir,B,,0
NGC4886,G,195.0185,27.987583,0.8,0.7,112,13.84,,,Com,V,,0
NGC4887,G,195.163583,-14.66625,1.14,0.59,155,14.14,,,Vir,B,,0
NGC4888,G,195.151083,-6.075194,1.55,0.79,107,14.32,,,Vir,B,,0
NGC4889,G,195.033875,27.977,2.59,1.68,80,11.45,,,Com,V,,0
NGC4890,G,195.163,-4.604333,0.96,0.79,93,13.84,,,Vir,B,,0
NGC4891,*,195.195792,-13.425944,,,,,,,Vir,,,0
NGC4892,G,195.014708,26.898111,1.4,0.26,12,14.53,,,Com,B,,0
NGC4893,G,194.998375,37.193389,1.1,0.7,3,15.47,,,CVn,B,,0
NGC4893A,G,194.999333,37.188139,0.56,0.39,177,15.95,,,CVn,B,,0
NGC4894,G,195.068833,27.967528,0.6,0.28,36,15.18,,,Com,V,,0
NGC4895,G,195.074708,28.202306,1.66,0.56,152,13.2,,,Com,V,,0
NGC4895A,G,195.038,28.170389,0.59,0.32,99,14.94,,,Com,V,,0
NGC4896,G,195.12825,28.346222,0.85,0.48,5,13.9,,,Com,V,,0
NGC4897,G,195.220625,-13.449806,2.65,2.12,153,12.54,,,Vir,V,,0
NGC4898,GPair,195.075,27.957222,0.8,,,,,,Com,,,0
NGC4898A,G,195.073625,27.955389,0.68,0.31,96,14.59,,,Com,V,,0
NGC4898B,G,195.075375,27.956556,0.61,0.47,155,14.33,,,Com,V,,0
NGC4899,G,195.235958,-13.944222,2.02,1.17,15,12.33,,,Vir,V,,0
NGC4900,G,195.162958,2.501444,2.13,2.02,150,11.36,,,Vir,V,,0
NGC4901,G,194.985042,47.205556,1.15,1.1,155,15.22,,,CVn,B,,0
NGC4902,G,195.248875,-14.513639,2.63,2.37,78,11.26,,,Vir,V,,0
NGC4903,G,195.344875,-30.934972,1.72,1.41,90,12.5,,,Cen,V,,0
NGC4904,G,195.244417,-0.027611,1.99,1.24,7,11.96,,,Vir,V,,0
NGC4905,G,195.377833,-30.868278,1.55,0.5,174,14.29,,,Cen,B,,0
NGC4906,G,195.165708,27.923889,0.7,0.64,0,14.1,,,Com,V,,0
NGC4907,G,195.203333,28.158333,1,0.9,32,13.66,,,Com,V,,0
NGC4908,G,195.226917,28.007639,1.19,0.77,97,13.23,,,Com,V,,0
NGC4909,G,195.507708,-42.771417,1.96,1.8,30,12.76,,,Cen,V,,0
NGC4910,Dup,194.504958,1.575833,,,,,,,Vir,,,0
NGC4911,G,195.233667,27.790833,1.16,0.96,130,12.88,,,Com,V,,0
NGC4912,G,195.39,29.130611,1.06,0.53,135,13.84,,,Com,V,,0
NGC4913,G,195.430708,29.044667,1.45,0.4,88,13.84,,,Com,V,,0
NGC4914,G,195.178958,37.315278,2.69,1.31,154,11.6,,,CVn,V,,0
NGC4915,G,195.367583,-4.546528,1.64,1.55,65,12,,,Vir,V,,0
NGC4916,G,195.5175,29.253444,0.98,0.23,156,13.95,,,Com,V,,0
NGC4917,G,195.231542,47.222111,1.33,0.81,152,14.87,,,CVn,B,,0
NGC4918,G,195.460917,-4.500556,0.89,0.33,77,15.07,,,Vir,B,,0
NGC4919,G,195.323292,27.809083,1.11,0.58,142,14.04,,,Com,V,,0
NGC4920,G,195.517292,-11.378417,1.08,0.83,170,14.15,,,Vir,B,,0
NGC4921,G,195.358958,27.885944,1.96,1.8,135,12.62,,,Com,V,,0
NGC4922,GPair,195.35375,29.311111,1.1,,,,,,Com,,,0
NGC4922 NED01,G,195.352167,29.308361,1.23,1.17,137,14,,,Com,V,,0
NGC4922 NED02,G,195.35525,29.313778,0.58,0.34,123,14.02,,,Com,V,,0
NGC4923,G,195.3825,27.847528,0.72,0.67,60,13.74,,,Com,V,,0
NGC4924,G,195.553542,-14.969833,1.77,1.35,58,13.87,,,Vir,B,,0
NGC4925,G,195.530792,-7.710778,1.18,0.87,119,14.34,,,Vir,B,,0
NGC4926,G,195.473875,27.624444,1.23,1.04,64,12.99,,,Com,V,,0
NGC4926A,G,195.532833,27.648306,0.63,0.44,87,15.39,,,Com,B,,0
NGC4927,G,195.49,28.005889,1.01,0.64,12,14.75,,,Com,B,,0
NGC4928,G,195.752375,-8.084972,1.05,0.8,73,12.92,,,Vir,B,,0
NGC4929,G,195.685,28.045361,0.82,0.68,48,14.88,,,Com,B,,0
NGC4930,G,196.021958,-41.411583,3.54,2.84,44,11.43,,,Cen,V,,0
NGC4931,G,195.753667,28.032472,1.65,0.62,77,13.43,,,Com,V,,0
NGC4932,G,195.657125,50.438417,1.44,1.08,1,14.55,,,CVn,B,,0
NGC4933,GTrpl,195.99125,-11.497778,3.5,,,,,,Vir,,,0
NGC4933A,G,195.978042,-11.505056,0.74,0.74,40,13.96,,,Vir,B,,0
NGC4933B,G,195.986417,-11.498056,4.37,1.88,46,11.74,,,Vir,V,,0
NGC4933C,G,196.004542,-11.490556,0.65,0.52,146,15.89,,,Vir,B,,0
NGC4934,G,195.817667,28.030417,1,0.16,103,14.33,,,Com,V,,0
NGC4935,G,195.838458,14.3775,1.09,0.92,84,13.97,,,Com,B,,0
NGC4936,G,196.070375,-30.52625,2.85,2.43,6,10.71,,,Cen,V,,0
NGC4937,*Ass,196.214875,-47.219361,,,,,,,Cen,,,0
NGC4938,G,195.739958,51.318528,0.87,0.78,44,15.1,,,CVn,B,,0
NGC4939,G,196.059958,-10.339611,5.71,2.3,6,11.91,,,Vir,V,,0
NGC4940,G,196.251042,-47.236917,1.13,1,28,13.18,,,Cen,V,,0
NGC4941,G,196.05475,-5.551611,3.29,2.7,23,11.27,,,Vir,V,,0
NGC4942,G,196.079625,-7.649444,1.68,1.22,25,13.79,,,Vir,B,,0
NGC4943,G,195.93725,28.084222,0.79,0.54,105,15.46,,,Com,B,,0
NGC4944,G,195.958125,28.185722,1.39,0.43,88,12.87,,,Com,V,,0
NGC4945,G,196.3645,-49.468222,23.33,4.03,44,11.86,,,Cen,V,,0
NGC4945A,G,196.640542,-49.690639,2.63,1.62,57,13.31,,,Cen,B,,0
NGC4946,G,196.372417,-43.591139,2,1.67,135,12.35,,,Cen,V,,0
NGC4947,G,196.334167,-35.337417,2.65,1.34,11,12.2,,,Cen,V,,0
NGC4947A,G,196.086792,-35.227778,1.28,0.51,23,15.01,,,Cen,B,,0
NGC4948,G,196.233167,-7.947694,2.3,0.82,140,13.44,,,Vir,B,,0
NGC4948A,G,196.274125,-8.161333,1.44,1.04,180,13.5,,,Vir,V,,0
NGC4949,G,196.074667,29.029528,0.72,0.38,102,14.97,,,Com,V,,0
NGC4950,G,196.402208,-43.500528,0.92,0.79,99,14.95,,,Cen,B,,0
NGC4951,G,196.282083,-6.493833,3.14,1.16,90,11.84,,,Vir,V,,0
NGC4952,G,196.24325,29.12225,1.6,0.97,22,13.01,,,Com,V,,0
NGC4953,G,196.543625,-37.58575,1.84,0.99,51,14.18,,,Cen,B,,0
NGC4954,G,195.582792,75.404167,0.99,0.65,68,14.15,,,Dra,B,,0
NGC4955,G,196.520083,-29.754278,2.34,1.72,15,12.15,,,Hya,V,,0
NGC4956,G,196.253917,35.178028,1.56,1.52,60,12.38,,,CVn,V,,0
NGC4957,G,196.301625,27.56975,1.22,0.93,97,12.99,,,Com,V,,0
NGC4958,G,196.453667,-8.020278,4.79,1.2,7,10.59,,,Vir,V,,0
NGC4959,G,196.420958,33.178917,0.74,0.64,178,15.29,,,CVn,B,,0
NGC4960,Dup,196.448208,27.734139,,,,,,,Com,,,0
NGC4961,G,196.448208,27.734139,1.11,0.88,106,13.51,,,Com,V,,0
NGC4962,Dup,196.24325,29.12225,,,,,,,Com,,,0
NGC4963,G,196.466458,41.721917,0.86,0.81,55,14.12,,,CVn,B,,0
NGC4964,G,196.353583,56.322778,1.1,0.69,134,14.04,,,UMa,B,,0
NGC4965,G,196.789083,-28.228194,2.49,2.05,142,12.41,,,Hya,V,,0
NGC4966,G,196.572125,29.062861,1.03,0.49,142,13.32,,,Com,V,,0
NGC4967,G,196.401792,53.564278,1.15,0.87,117,14.95,,,UMa,B,,0
NGC4968,G,196.774917,-23.677028,2.28,1.04,57,14.79,,,Hya,V,,0
NGC4969,GPair,196.7625,13.636944,0.8,,,,,,Vir,,,0
NGC4969 NED01,G,196.761417,13.637361,0.78,0.74,77,15,,,Vir,B,,0
NGC4969 NED02,G,196.764458,13.637111,0.68,0.66,82,15.64,,,Vir,B,,0
NGC4970,G,196.890583,-24.008556,1.79,1.14,138,13.33,,,Hya,B,,0
NGC4971,G,196.729,28.548028,0.78,0.68,101,14.98,,,Com,B,,0
NGC4972,Dup,195.582792,75.404167,,,,,,,Dra,,,0
NGC4973,G,196.383958,53.685139,0.96,0.82,94,14.63,,,UMa,B,,0
NGC4974,G,196.482875,53.659278,1.57,1.11,123,13.3,,,UMa,V,,0
NGC4975,G,196.959167,-5.017472,0.97,0.61,29,15.02,,,Vir,B,,0
NGC4976,G,197.156375,-49.506417,5.83,3.27,161,10.08,,,Cen,V,,0
NGC4977,G,196.518458,55.656083,1.05,1.02,45,14.49,,,UMa,B,,0
NGC4978,G,196.960542,18.4155,1.51,0.63,142,14.3,,,Com,B,,0
NGC4979,G,196.928417,24.810583,0.86,0.74,102,15.07,,,Com,B,,0
NGC4980,G,197.292,-28.641778,1.77,0.78,165,13.55,,,Hya,B,,0
NGC4981,G,197.203083,-6.777528,2.7,1.97,155,11.41,,,Vir,V,,0
NGC4982,Other,197.19225,-10.588667,,,,,,,Vir,,,0
NGC4983,G,197.113708,28.3205,1.04,0.57,122,13.95,,,Com,V,,0
NGC4984,G,197.238458,-15.516306,3.37,2.5,45,11.01,,,Vir,V,,0
NGC4985,G,197.050417,41.676333,1.15,0.82,126,14.82,,,CVn,B,,0
NGC4986,G,197.101917,35.206444,1.55,0.93,82,14.11,,,CVn,B,,0
NGC4987,G,196.996083,51.929306,1.24,0.71,33,14.42,,,CVn,B,,0
NGC4988,G,197.476583,-43.105722,1.86,0.64,26,13.87,,,Cen,B,,0
NGC4989,G,197.316875,-5.396417,1.41,0.55,175,14.31,,,Vir,B,,0
NGC4990,G,197.322042,-5.272806,0.9,0.81,48,13.82,,,Vir,V,Cocoon Galaxy,0
NGC4991,G,197.312958,2.347667,0.59,0.48,101,15.4,,,Vir,B,,0
NGC4992,G,197.273333,11.634167,1.06,0.6,11,14.46,,,Vir,B,,0
NGC4993,G,197.44875,-23.383889,1.55,1.35,173,13.45,,,Hya,B,,0
NGC4994,Dup,197.44875,-23.383889,,,,,,,Hya,,,0
NGC4995,G,197.419375,-7.833417,2.43,1.49,99,11.11,,,Vir,V,,0
NGC4996,G,197.382875,0.857028,1.81,1.36,16,14.29,,,Vir,B,,0
NGC4997,G,197.465417,-16.515472,1.61,0.89,85,14,,,Vir,B,,0
NGC4998,G,197.042333,50.66375,1.02,0.87,19,14.92,,,CVn,B,,0
NGC4999,G,197.388042,1.673056,2.5,2.11,98,13.06,,,Vir,B,,0
NGC5000,G,197.447875,28.906944,1.28,1.02,63,13.28,,,Com,V,,0
NGC5001,G,197.387958,53.494278,1.15,0.42,157,14.56,,,UMa,B,,0
NGC5002,G,197.658375,36.633917,1.39,0.71,179,14.65,,,CVn,B,,0
NGC5003,G,197.157958,43.737528,1.03,0.77,148,15.03,,,CVn,B,,0
NGC5004,G,197.756458,29.636694,1.33,0.96,167,13.15,,,Com,V,,0
NGC5004A,G,197.757083,29.578278,1.25,0.55,173,14.44,,,Com,V,,0
NGC5004B,G,197.698542,29.709889,0.81,0.48,175,14.67,,,Com,V,,0
NGC5005,G,197.734292,37.059194,4.82,1.52,70,10.71,,,CVn,V,,0
NGC5006,G,197.940708,-19.26175,2.07,1.66,2,13.4,,,Vir,B,,0
NGC5007,G,197.309958,62.175028,0.93,0.57,136,14.15,,,UMa,B,,0
NGC5008,G,212.7385,25.497222,1.07,0.83,165,14.41,,,Boo,B,,0
NGC5009,G,197.695958,50.092861,1.08,0.62,67,15.31,,,CVn,B,,0
NGC5010,G,198.109792,-15.797861,1,0.75,115,14.4,,,Vir,B,,0
NGC5011,G,198.216083,-43.096222,2.92,2.43,154,11.38,,,Cen,V,,0
NGC5011A,G,198.0405,-43.307861,1.58,0.81,92,14.36,,,Cen,B,,0
NGC5012,G,197.904333,22.9155,2.64,1.44,10,12.4,,,Com,B,,0
NGC5013,G,198.030625,3.199056,0.74,0.51,148,14.95,,,Vir,B,,0
NGC5014,G,197.880083,36.282139,2.11,0.73,100,12.83,,,CVn,V,,0
NGC5015,G,198.095375,-4.336472,2,0.79,62,13.24,,,Vir,B,,0
NGC5016,G,198.027833,24.095,1.57,1.14,56,12.56,,,Com,V,,0
NGC5017,G,198.227083,-16.765833,1.5,1.29,29,12.57,,,Vir,V,,0
NGC5018,G,198.254292,-19.518194,3.49,2.17,99,10.85,,,Vir,V,,0
NGC5019,G,198.176625,4.729667,0.85,0.72,101,14.46,,,Vir,B,,0
NGC5020,G,198.166125,12.59975,2.69,2.42,85,13,,,Vir,B,,0
NGC5021,G,198.026125,46.196139,1.49,0.6,78,14.19,,,CVn,B,,0
NGC5022,G,198.378292,-19.546639,2.46,0.49,19,13.81,,,Vir,B,,0
NGC5023,G,198.0525,44.041222,6.22,0.78,28,12.29,,,CVn,V,,0
NGC5024,GCl,198.230125,18.169111,9,,,7.79,53,,Com,V,,0
NGC5025,G,198.186458,31.809389,2.07,0.51,59,14.5,,,CVn,B,,0
NGC5026,G,198.556833,-42.961278,3.52,1.79,50,11.81,,,Cen,V,,0
NGC5027,G,198.337458,6.061278,1.1,1.01,0,14.96,,,Vir,B,,0
NGC5028,G,198.441083,-13.042472,2.12,1.38,118,14.18,,,Vir,B,,0
NGC5029,G,198.156625,47.063278,1.52,0.93,147,14.2,,,CVn,B,,0
NGC5030,G,198.475625,-16.490944,1.78,1.16,173,14.03,,,Vir,B,,0
NGC5031,G,198.513417,-16.123111,1.89,0.3,110,14.21,,,Vir,B,,0
NGC5032,G,198.362292,27.802389,1.95,1.08,18,12.82,,,Com,V,,0
NGC5033,G,198.364458,36.593944,9.84,4.58,172,10.68,,,CVn,V,,0
NGC5034,G,198.079208,70.649361,0.89,0.65,20,14.06,,,UMi,B,,0
NGC5035,G,198.705125,-16.492694,1.56,0.99,171,12.84,,,Vir,V,,0
NGC5036,G,198.6785,-4.178583,0.69,0.57,73,15.26,,,Vir,B,,0
NGC5037,G,198.747375,-16.590306,2.02,0.47,44,12.14,,,Vir,V,,0
NGC5038,G,198.758875,-15.951806,1.79,0.38,94,14.2,,,Vir,B,,0
NGC5039,G,198.716333,-4.158167,0.55,0.19,133,17.46,,,Vir,B,,0
NGC5040,G,198.386,51.258361,1.03,0.48,70,14.75,,,CVn,B,,0
NGC5041,G,198.63525,30.705778,1.26,0.97,143,13.38,,,Com,V,,0
NGC5042,G,198.87925,-23.984056,4.15,2.2,19,11.78,,,Hya,V,,0
NGC5043,OCl,199.061083,-60.0455,5.52,,,,,,Cen,,,0
NGC5044,G,198.849875,-16.385528,3.66,3.17,41,10.78,,,Vir,V,,0
NGC5045,*Ass,199.195833,-63.416667,20,11,,,,,Cen,,,0
NGC5046,G,198.938,-16.326833,1.02,0.85,42,14.08,,,Vir,B,,0
NGC5047,G,198.952167,-16.518889,2.86,0.29,84,13.6,,,Vir,B,,0
NGC5048,G,199.034917,-28.410528,1.57,0.92,43,13.96,,,Hya,B,,0
NGC5049,G,198.997083,-16.397167,2.01,0.4,115,13.05,,,Vir,V,,0
NGC5050,G,198.923875,2.878972,1.4,0.44,32,14.31,,,Vir,B,,0
NGC5051,G,199.08375,-28.285694,1.65,0.71,48,14,,,Hya,B,,0
NGC5052,G,198.895375,29.676083,1.37,1.02,150,13.57,,,Com,V,,0
NGC5053,GCl,199.112458,17.69775,4.8,,,9.96,,,Com,V,,0
NGC5054,G,199.243708,-16.634861,5.04,2.9,171,10.79,,,Vir,V,,0
NGC5055,G,198.955542,42.029278,11.83,7.16,103,8.61,63,向日葵星系,CVn,V,Sunflower Galaxy,0
NGC5056,G,199.051333,30.950333,1.62,0.82,1,13.13,,,Com,V,,0
NGC5057,G,199.115708,31.0315,1.31,0.99,0,14.44,,,Com,B,,0
NGC5058,G,199.217958,12.548222,0.76,0.56,13,14.25,,,Vir,B,,0
NGC5059,G,199.243583,7.8445,1.12,0.41,6,15.44,,,Vir,B,,0
NGC5060,G,199.317583,6.037444,1.17,0.95,61,14.09,,,Vir,B,,0
NGC5061,G,199.521125,-26.837222,3.75,3.05,109,10.31,,,Hya,V,,0
NGC5062,G,199.598417,-35.458667,2.69,1.18,132,12.24,,,Cen,V,,0
NGC5063,G,199.607125,-35.352472,2.02,1.63,146,13.26,,,Cen,B,,0
NGC5064,G,199.749708,-47.908667,2.7,1.4,36,12.04,,,Cen,V,,0
NGC5065,G,199.377542,31.092694,1.22,0.73,87,14.24,,,Com,B,,0
NGC5066,G,199.618542,-10.233889,0.8,0.56,0,14.16,,,Vir,B,,0
NGC5067,**,199.615667,-10.145278,,,,,,,Vir,,,0
NGC5068,G,199.728375,-21.039111,7.48,6.7,138,10.06,,,Vir,V,,0
NGC5069,Dup,199.618542,-10.233889,,,,,,,Vir,,,0
NGC5070,G,199.802333,-12.539889,1.17,0.98,90,14.46,,,Vir,B,,0
NGC5071,G,199.654958,7.935528,0.77,0.57,142,15.49,,,Vir,B,,0
NGC5072,Dup,199.802333,-12.539889,,,,,,,Vir,,,0
NGC5073,G,199.836042,-14.844528,3.78,0.56,149,13.5,,,Vir,B,,0
NGC5074,G,199.607375,31.469083,0.82,0.41,145,14.03,,,CVn,V,,0
NGC5075,G,199.776042,7.831028,1.02,0.76,57,15.08,,,Vir,B,,0
NGC5076,G,199.876667,-12.740861,1.35,0.97,31,13.84,,,Vir,B,,0
NGC5077,G,199.881958,-12.656972,2.65,2.07,4,11.65,,,Vir,V,,0
NGC5078,G,199.95825,-27.410389,2.56,0.62,147,10.64,,,Hya,V,,0
NGC5079,G,199.908542,-12.699028,1.38,0.89,31,12.55,,,Vir,B,,0
NGC5080,G,199.830083,8.429139,1.31,1.17,93,14.32,,,Vir,B,,0
NGC5081,G,199.784333,28.506917,1.9,0.73,101,13.13,,,Com,V,,0
NGC5082,G,200.166792,-43.699944,1.73,1.04,33,13.79,,,Cen,B,,0
NGC5083,G,199.762917,39.589333,1.09,0.83,136,15.14,,,CVn,B,,0
NGC5084,G,200.0705,-21.827583,9.93,2.46,80,10.49,,,Vir,V,,0
NGC5085,G,200.073958,-24.440139,4.06,3.26,42,12.6,,,Hya,V,,0
NGC5086,**,200.247542,-43.733528,,,,,,,Cen,,,0
NGC5087,G,200.104,-20.611,2.99,2.52,6,11.13,,,Vir,V,,0
NGC5088,G,200.084375,-12.571778,1.86,0.51,180,13.15,,,Vir,B,,0
NGC5089,G,199.914,30.256556,0.95,0.65,122,14.33,,,Com,B,,0
NGC5090,G,200.303417,-43.704556,3.51,2.76,106,11.28,,,Cen,V,,0
NGC5090A,G,199.837958,-43.649389,1.91,0.73,142,14.43,,,Cen,B,,0
NGC5090B,G,200.073,-43.864667,2.39,0.85,128,14.15,,,Cen,B,,0
NGC5091,G,200.323833,-43.719667,2.15,1.33,122,13.35,,,Cen,V,,0
NGC5092,G,199.964708,22.999889,1.01,0.96,50,14.39,,,Com,B,,0
NGC5093,G,199.907542,40.386111,1.14,0.53,139,14.54,,,CVn,B,,0
NGC5094,G,200.195208,-14.080667,1.52,1.13,99,14.41,,,Vir,B,,0
NGC5095,G,200.153625,-2.289333,1.29,0.41,122,14.53,,,Vir,B,,0
NGC5096,GTrpl,200.03625,33.089444,0.7,,,,,,CVn,,,0
NGC5096 NED01,G,200.036208,33.087944,0.87,0.71,7,15.26,,,CVn,B,,0
NGC5096 NED02,G,200.038167,33.09075,0.66,0.49,79,16.35,,,CVn,B,,0
NGC5096 NED03,G,200.033708,33.089583,0.65,0.48,60,16.59,,,CVn,B,,0
NGC5097,G,200.248708,-12.47125,0.54,0.39,38,14.86,,,Vir,B,,0
NGC5098,GPair,200.0675,33.144167,1.6,,,,,,CVn,,,0
NGC5098 NED01,G,200.073958,33.14475,0.79,0.65,61,15.12,,,CVn,B,,0
NGC5098 NED02,G,200.061375,33.143417,1.1,0.98,61,14.7,,,CVn,B,,0
NGC5099,G,200.331542,-13.042361,0.69,0.59,50,15.34,,,Vir,B,,0
NGC5100,GPair,200.244167,8.981944,1.4,,,,,,Vir,,,0
NGC5100 NED01,G,200.239917,8.985472,0.66,0.42,146,17.05,,,Vir,B,,0
NGC5100 NED02,Dup,200.248292,8.978306,,,,,,,Vir,,,0
NGC5101,G,200.442667,-27.430528,5.9,5.52,123,10.46,,,Hya,V,,0
NGC5102,G,200.490042,-36.63025,9.71,3.71,49,9.88,,,Cen,V,,0
NGC5103,G,200.125333,43.083972,1.59,0.98,142,13.43,,,CVn,B,,0
NGC5104,G,200.346208,0.342389,1.2,0.46,170,14.28,,,Vir,B,,0
NGC5105,G,200.454542,-13.206778,1.93,1.37,140,11.81,,,Vir,V,,0
NGC5106,G,200.248292,8.978306,0.94,0.67,22,14.89,,,Vir,B,,0
NGC5107,G,200.352833,38.537611,1.71,0.51,128,13.75,,,CVn,B,,0
NGC5108,G,200.8285,-32.342111,1.32,0.37,2,15.02,,,Cen,B,,0
NGC5109,G,200.218125,57.64475,1.6,0.43,155,13.51,,,UMa,B,,0
NGC5110,G,200.7355,-12.964806,2.63,2.1,108,13.61,,,Vir,B,,0
NGC5111,Dup,200.7355,-12.964806,,,,,,,Vir,,,0
NGC5112,G,200.485,38.734694,2.99,1.83,127,12.17,,,CVn,V,,0
NGC5113,Dup,200.218125,57.64475,,,,,,,UMa,,,0
NGC5114,G,201.007208,-32.343944,1.81,1.12,78,13.65,,,Cen,B,,0
NGC5115,G,200.751583,13.950667,1.14,0.63,97,14.73,,,Vir,B,,0
NGC5116,G,200.731708,26.980722,1.95,0.67,39,13.41,,,Com,B,,0
NGC5117,G,200.735333,28.316444,1.54,0.76,154,14.4,,,CVn,B,,0
NGC5118,G,200.864375,6.392556,0.95,0.82,91,14.38,,,Vir,B,,0
NGC5119,G,201.001333,-12.276444,1.49,0.41,22,14.29,,,Vir,B,,0
NGC5120,OCl,201.414208,-63.458333,,,,10.8,,,Cen,V,,0
NGC5121,G,201.190042,-37.682194,2.16,1.67,30,11.62,,,Cen,V,,0
NGC5121A,G,201.386667,-37.378806,1.21,0.38,106,15.7,,,Cen,B,,0
NGC5122,G,201.06225,-10.654278,1.15,1,126,13.94,,,Vir,B,,0
NGC5123,G,200.793833,43.08625,1.18,1.05,154,13.51,,,CVn,B,,0
NGC5124,G,201.210125,-30.307528,2.48,0.8,12,12.08,,,Cen,V,,0
NGC5125,G,201.002958,9.710194,1.77,1.37,169,13.53,,,Vir,B,,0
NGC5126,G,201.223333,-30.333611,1.86,0.64,57,14.2,,,Cen,B,,0
NGC5127,G,200.937583,31.56575,2.18,1.58,72,13.62,,,CVn,B,,0
NGC5128,G,201.365083,-43.019111,25.88,19.77,33,7.22,,半人马座A,Cen,V,Centaurus A,0
NGC5129,G,201.041708,13.976528,1.65,1.29,7,12.11,,,Vir,V,,0
NGC5130,G,201.113167,-10.210222,1.11,0.82,45,14.25,,,Vir,B,,0
NGC5131,G,200.98725,30.988056,0.45,0.39,77,14.22,,,CVn,B,,0
NGC5132,G,201.120417,14.092583,1.31,0.88,63,14.23,,,Vir,B,,0
NGC5133,G,201.220458,-4.082,1.1,0.65,25,14.54,,,Vir,B,,0
NGC5134,G,201.327292,-21.134167,2.7,1.53,159,11.77,,,Vir,V,,0
NGC5135,G,201.433583,-29.833667,2.4,2.2,125,12.59,,,Hya,V,,0
NGC5136,G,201.214208,13.737861,1.31,1.17,89,14.46,,,Vir,B,,0
NGC5137,G,201.21875,14.077194,0.77,0.55,120,15.55,,,Vir,B,,0
NGC5138,OCl,201.813375,-59.040944,4.2,,,5.33,,,Cen,V,,0
NGC5139,GCl,201.691208,-47.476861,27,,,5.33,,半人马座ω星团,Cen,V,Omega Centauri,0
NGC5140,G,201.590542,-33.868472,2.36,1.98,47,12.97,,,Cen,V,,0
NGC5141,G,201.214333,36.378528,1.59,1.1,78,12.8,,,CVn,V,,0
NGC5142,G,201.254625,36.3995,1.18,1.04,14,13.25,,,CVn,V,,0
NGC5143,G,201.255333,36.437167,0.53,0.34,101,15.91,,,CVn,B,,0
NGC5144,GPair,200.72375,70.512222,1.1,,,,,,UMi,,,0
NGC5144 NED01,G,200.722875,70.510111,0.89,0.4,55,15.67,,,UMi,B,,0
NGC5144 NED02,G,200.725333,70.514722,1,0.81,151,13.15,,,UMi,V,,0
NGC5145,G,201.308,43.267278,1.97,1.45,84,13.48,,,CVn,B,,0
NGC5146,G,201.656208,-12.323972,2.16,1.39,33,14.09,,,Vir,B,,0
NGC5147,G,201.582208,2.100861,1.47,1.36,160,12.13,,,Vir,V,,0
NGC5148,G,201.661583,2.313722,0.66,0.6,0,15.37,,,Vir,B,,0
NGC5149,G,201.538125,35.934417,1.62,0.95,153,13.73,,,CVn,B,,0
NGC5150,G,201.90225,-29.56225,1.4,1.03,117,12.6,,,Hya,V,,0
NGC5151,G,201.670167,16.873806,0.91,0.82,175,14.62,,,Com,B,,0
NGC5152,G,201.963,-29.618611,2.03,1.04,110,13.57,,,Hya,B,,0
NGC5153,G,201.976375,-29.618028,2.44,1.89,17,11.92,,,Hya,V,,0
NGC5154,G,201.618917,36.010278,1.35,1.26,60,14.73,,,CVn,B,,0
NGC5155,*Ass,202.146208,-63.508694,6.3,,,,,,Cen,,,0
NGC5156,G,202.183708,-48.916806,2.54,2.08,115,11.86,,,Cen,V,,0
NGC5157,G,201.820208,32.030722,1.32,1.11,116,14.13,,,CVn,B,,0
NGC5158,G,201.945708,17.778833,0.98,0.93,30,13.78,,,Com,B,,0
NGC5159,G,202.067375,2.982667,1.24,0.35,162,15.09,,,Vir,B,,0
NGC5160,**,202.09,5.995889,,,,,,,Vir,,,0
NGC5161,G,202.307958,-33.173833,5.36,1.62,77,11.52,,,Cen,V,,0
NGC5162,G,202.358042,11.007889,2.96,1.6,162,13.63,,,Vir,B,,0
NGC5163,G,201.726083,52.753528,1.13,0.72,10,14.79,,,UMa,B,,0
NGC5164,G,201.799583,55.487167,0.99,0.9,35,14.5,,,UMa,B,,0
NGC5165,G,202.16325,11.387056,1.64,0.91,2,14.55,,,Vir,B,,0
NGC5166,G,202.062667,32.032389,2.13,0.37,67,14.31,,,CVn,B,,0
NGC5167,G,202.167625,12.711194,1,0.96,15,14.63,,,Vir,B,,0
NGC5168,OCl,202.771875,-60.939222,4.2,,,9.1,,,Cen,V,,0
NGC5169,G,202.041875,46.672139,1.51,0.6,104,14.56,,,CVn,B,,0
NGC5170,G,202.453292,-17.966417,7.96,1.41,123,11.23,,,Vir,V,,0
NGC5171,G,202.339833,11.735111,1.07,0.78,5,12.8,,,Vir,V,,0
NGC5172,G,202.330458,17.051917,2.38,1.34,101,11.96,,,Com,V,,0
NGC5173,G,202.105292,46.591639,1.1,1.04,130,13.38,,,CVn,B,,0
NGC5174,Dup,202.358042,11.007889,,,,,,,Vir,,,0
NGC5175,*,202.359458,10.995139,,,,,,,Vir,,,0
NGC5176,G,202.354,11.781472,0.38,0.38,130,15.43,,,Vir,B,,0
NGC5177,G,202.351083,11.797028,0.86,0.23,134,15.33,,,Vir,B,,0
NGC5178,G,202.372125,11.624778,1.03,0.66,94,14.82,,,Vir,B,,0
NGC5179,G,202.378667,11.745833,1.1,0.73,40,14.74,,,Vir,B,,0
NGC5180,G,202.362333,16.825833,1.25,0.89,34,13,,,Com,V,,0
NGC5181,G,202.425,13.304111,1.04,0.9,30,14.54,,,Vir,B,,0
NGC5182,G,202.671292,-28.150306,2.06,1.6,12,12.56,,,Hya,V,,0
NGC5183,G,202.525625,-1.720583,1.72,0.6,118,13.66,,,Vir,B,,0
NGC5184,G,202.547875,-1.663139,1.57,0.94,128,13.51,,,Vir,B,,0
NGC5185,G,202.509375,13.416056,2,0.74,58,14.47,,,Vir,B,,0
NGC5186,G,202.51625,12.175194,0.73,0.49,160,15.65,,,Vir,B,,0
NGC5187,G,202.450792,31.130139,0.81,0.54,45,14.55,,,CVn,B,,0
NGC5188,G,202.867833,-34.794417,3.41,2.41,98,12.04,,,Cen,V,,0
NGC5189,PN,203.387125,-65.974056,2.33,,,10.3,,,Mus,B,,0
NGC5190,G,202.660625,18.134611,0.97,0.76,155,13.14,,,Com,V,,0
NGC5191,G,202.697333,11.20075,1.03,0.67,89,14.76,,,Vir,B,,0
NGC5192,G,202.715333,-1.778694,0.61,0.3,12,15.27,,,Vir,B,,0
NGC5193,G,202.973042,-33.234222,2.07,1.89,65,11.73,,,Cen,V,,0
NGC5193A,G,202.9545,-33.239472,1.49,0.53,48,14.14,,,Cen,B,,0
NGC5194,G,202.469625,47.195167,13.71,11.67,163,8.36,51,涡状星系,CVn,V,Whirlpool Galaxy,0
NGC5195,G,202.498292,47.266139,5.5,4.36,79,9.58,,,CVn,V,,0
NGC5196,G,202.831917,-1.615056,0.87,0.8,165,15.19,,,Vir,B,,0
NGC5197,G,202.854708,-1.693056,0.86,0.19,148,15.81,,,Vir,B,,0
NGC5198,G,202.5475,46.670778,2.03,1.68,15,11.78,,,CVn,V,,0
NGC5199,G,202.678167,34.830667,1.27,0.91,130,14.8,,,CVn,B,,0
NGC5200,**,202.926917,-0.030167,,,,,,,Vir,,,0
NGC5201,G,202.317542,53.081972,1.58,0.99,127,14.19,,,UMa,B,,0
NGC5202,G,203.002125,-1.698778,0.67,0.29,178,15.52,,,Vir,B,,0
NGC5203,G,203.055833,-8.786222,1.66,1.05,90,14.24,,,Vir,B,,0
NGC5204,G,202.402125,58.418722,4.5,2.82,5,11.32,,,UMa,V,,0
NGC5205,G,202.514917,62.511583,1.58,0.94,168,12.77,,,UMa,V,,0
NGC5206,G,203.43325,-48.151167,4.26,2.81,28,10.49,,,Cen,V,,0
NGC5207,G,203.058292,13.892389,1.75,0.88,142,14.37,,,Vir,B,,0
NGC5208,G,203.116375,7.316444,1.69,0.6,161,14.21,,,Vir,B,,0
NGC5209,G,203.17725,7.32725,1.25,0.88,111,14.65,,,Vir,B,,0
NGC5210,G,203.205208,7.170083,1.51,1.25,12,14.15,,,Vir,B,,0
NGC5211,G,203.27225,-1.035806,2,1.55,30,13.1,,,Vir,V,,0
NGC5212,G,203.233542,7.28775,0.51,0.47,90,15.95,,,Vir,B,,0
NGC5213,GPair,203.664167,4.133333,0.93,0.71,133,14.9,,,Vir,B,,0
NGC5214,G,203.202917,41.871833,1.04,0.83,131,13.67,,,CVn,V,,0
NGC5215,GPair,203.784167,-33.483889,2.2,,,,,,Cen,,,0
NGC5215A,G,203.77775,-33.481,1.57,0.35,135,14.14,,,Cen,B,,0
NGC5215B,G,203.791083,-33.482972,1.24,0.88,85,13.95,,,Cen,B,,0
NGC5216,G,203.028708,62.700694,1.69,1.1,54,16.14,,,UMa,V,,0
NGC5217,G,203.524708,17.856861,1.56,0.53,16,13.87,,,Com,B,,0
NGC5218,G,203.04325,62.76775,1.84,1.21,93,12.32,,,UMa,V,,0
NGC5219,Dup,204.67375,-45.855972,,,,,,,Cen,,,0
NGC5220,G,203.986125,-33.453806,2.62,1.21,95,13.54,,,Cen,B,,0
NGC5221,G,203.732917,13.8325,1.56,0.77,109,14.44,,,Vir,B,,0
NGC5222,GPair,203.73625,13.743333,1.2,,,,,,Vir,,,0
NGC5222 NED01,G,203.733125,13.742167,1.51,1,12,13.95,,,Vir,B,,0
NGC5222 NED02,G,203.739958,13.744278,0.93,0.59,33,15.56,,,Vir,B,,0
NGC5223,G,203.605083,34.690444,2.14,1.42,170,14.29,,,CVn,B,,0
NGC5224,G,203.786917,6.481111,0.87,0.76,139,15.01,,,Vir,B,,0
NGC5225,G,203.334,51.490333,0.73,0.73,60,14.37,,,CVn,B,,0
NGC5226,G,203.765083,13.922167,0.5,0.26,17,16.4,,,Vir,B,,0
NGC5227,G,203.852333,1.410583,1.51,1.29,161,13.21,,,Vir,V,,0
NGC5228,G,203.646083,34.777806,1.15,0.98,20,14.3,,,CVn,B,,0
NGC5229,G,203.511792,47.915444,2.28,0.63,169,13.85,,,CVn,V,,0
NGC5230,G,203.882833,13.676167,1.55,1.48,0,13.19,,,Vir,B,,0
NGC5231,G,203.951042,2.998917,1.15,0.76,133,16.15,,,Vir,V,,0
NGC5232,G,204.034417,-8.497722,1.72,1.34,65,13.44,,,Vir,B,,0
NGC5233,G,203.805583,34.677444,1.46,0.76,80,14.53,,,CVn,B,,0
NGC5234,G,204.37475,-49.836917,1.51,0.87,46,13.98,,,Cen,B,,0
NGC5235,G,204.005875,6.585361,1.31,0.57,115,15.06,,,Vir,B,,0
NGC5236,G,204.253958,-29.865417,13.61,13.21,45,7.21,83,南风车星系,Hya,V,Southern Pinwheel Galaxy,0
NGC5237,G,204.412708,-42.846972,2.34,1.57,111,12.49,,,Cen,V,,0
NGC5238,G,203.677125,51.613667,1.75,1.44,162,13.4,,,CVn,V,,0
NGC5239,G,204.109167,7.369583,1.8,1.75,150,14.47,,,Boo,B,,0
NGC5240,G,203.98,35.58825,1.83,1.26,57,13.88,,,CVn,B,,0
NGC5241,G,204.166125,-8.401889,1.05,0.46,50,13.81,,,Vir,B,,0
NGC5242,Other,204.280792,2.770583,,,,,,,Vir,,,0
NGC5243,G,204.062292,38.343917,1.01,0.45,126,14.05,,,CVn,B,,0
NGC5244,G,204.67375,-45.855972,2.22,1.49,18,13.3,,,Cen,V,,0
NGC5245,G,204.346792,3.897417,0.56,0.21,90,15.17,,,Vir,B,,0
NGC5246,G,204.372375,4.104444,0.85,0.65,85,14.67,,,Vir,B,,0
NGC5247,G,204.512667,-17.884028,5.32,4.26,170,10.41,,,Vir,V,,0
NGC5248,G,204.383417,8.885167,4.07,2.38,120,9.97,,,Boo,V,,0
NGC5249,G,204.40625,15.972222,1.49,0.93,176,13.97,,,Boo,V,,0
NGC5250,G,204.030542,51.235806,0.93,0.85,110,13.88,,,UMa,B,,0
NGC5251,G,204.353458,27.419222,0.9,0.76,54,14.63,,,Boo,B,,0
NGC5252,G,204.5665,4.542583,1.29,0.75,11,14.21,,,Vir,V,,0
NGC5253,G,204.983167,-31.640111,5.01,2.12,43,10.28,,,Cen,V,,0
NGC5254,G,204.907958,-11.493861,3.35,1.44,127,12.16,,,Vir,V,,0
NGC5255,G,204.3255,57.108944,1.41,0.4,26,15.09,,,UMa,B,,0
NGC5256,GPair,204.572917,48.276944,0.95,0.83,,13.42,,,UMa,V,,0
NGC5256 NED01,G,204.572125,48.275556,0.22,0.19,117,13.42,,,UMa,V,,0
NGC5256 NED02,G,204.574125,48.278056,1.48,1.29,9,14.02,,,UMa,B,,0
NGC5257,G,204.970458,0.84,1.48,0.77,85,13.04,,,Vir,V,,0
NGC5258,G,204.990375,0.830944,1.48,1.24,178,13.04,,,Vir,V,,0
NGC5259,GPair,204.849583,30.991389,1,,,,,,CVn,,,0
NGC5259 NED01,G,204.846375,30.992361,0.83,0.55,101,16.43,,,CVn,B,,0
NGC5259 NED02,G,204.852792,30.990806,0.87,0.69,132,15.17,,,CVn,B,,0
NGC5260,G,205.082917,-23.858083,1.64,1.6,160,13.57,,,Hya,B,,0
NGC5261,G,205.067042,5.076306,0.86,0.45,131,15.16,,,Vir,B,,0
NGC5262,G,203.91075,75.039417,1.22,0.69,177,13.65,,,UMi,V,,0
NGC5263,G,204.981833,28.400583,1.14,0.39,26,14.11,,,CVn,B,,0
NGC5264,G,205.402833,-29.913083,2.97,2.2,64,11.98,,,Hya,V,,0
NGC5265,G,205.037958,36.861083,0.95,0.85,140,14.69,,,CVn,B,,0
NGC5266,G,205.758792,-48.169417,2.92,2.09,98,10.77,,,Cen,V,,0
NGC5266A,G,205.154583,-48.341972,1.91,1.69,30,13.82,,,Cen,V,,0
NGC5267,G,205.1665,38.794083,1.53,0.55,53,14.13,,,CVn,B,,0
NGC5268,*,205.552458,-13.859556,,,,11.33,,,Vir,V,,0
NGC5269,OCl,206.184167,-62.9125,4.8,,,,,,Cen,,,0
NGC5270,G,205.545333,4.262583,1,0.76,20,14.7,,,Vir,B,,0
NGC5271,G,205.426708,30.125444,0.84,0.67,80,15.11,,,CVn,B,,0
NGC5272,GCl,205.546792,28.375444,16.2,,,6.39,3,,CVn,V,,0
NGC5273,G,205.53475,35.654222,2.31,1.52,6,12.16,,,CVn,V,,0
NGC5274,G,205.597125,29.847833,0.6,0.54,111,15.37,,,CVn,B,,0
NGC5275,G,205.598167,29.824889,0.88,0.67,79,14.2,,,CVn,V,,0
NGC5276,G,205.591667,35.624139,0.86,0.6,156,14.72,,,CVn,B,,0
NGC5277,G,205.659917,29.954417,0.58,0.45,119,15.48,,,CVn,B,,0
NGC5278,G,205.415083,55.670639,0.76,0.6,73,13.58,,,UMa,B,,0
NGC5279,G,205.432292,55.673806,0.61,0.35,24,13.6,,,UMa,B,,0
NGC5280,G,205.731417,29.868611,0.84,0.81,100,13.63,,,CVn,V,,0
NGC5281,OCl,206.646458,-62.916528,6.9,,,5.9,,,Cen,V,,0
NGC5282,G,205.853667,30.069528,0.66,0.62,80,14.95,,,CVn,B,,0
NGC5283,G,205.274,67.672306,1.19,1.03,132,14.05,,,Dra,V,,0
NGC5284,*Ass,206.847083,-59.149389,8.4,,,,,,Cen,,,0
NGC5285,G,206.107458,2.109917,0.77,0.64,61,15.47,,,Vir,B,,0
NGC5286,GCl,206.61075,-51.373472,6.6,,,8.31,,,Cen,V,,0
NGC5287,G,206.218917,29.770917,0.68,0.45,116,15.42,,,CVn,B,,0
NGC5288,OCl,207.18725,-64.685389,3.6,,,11.8,,,Cir,V,,0
NGC5289,G,206.286292,41.503389,2.33,0.7,100,12.97,,,CVn,V,,0
NGC5290,G,206.329917,41.712583,3.24,0.9,95,16.5,,,CVn,V,,0
NGC5291,G,206.852,-30.407,1.77,1.24,173,14,,,Cen,V,,0
NGC5292,G,206.916958,-30.939528,2.29,1.33,51,11.92,,,Cen,V,,0
NGC5293,G,206.7195,16.272861,1.58,1.07,122,13.1,,,Boo,V,,0
NGC5294,G,206.325542,55.290833,1.26,0.65,125,15.12,,,UMa,B,,0
NGC5295,G,204.664125,79.458889,0.63,0.62,70,14.59,,,Cam,B,,0
NGC5296,G,206.57775,43.851361,0.95,0.55,11,13.81,,,CVn,V,,0
NGC5297,G,206.598625,43.872333,3.72,0.91,147,11.76,,,CVn,V,,0
NGC5298,G,207.152042,-30.428528,1.86,0.87,69,13.09,,,Cen,V,,0
NGC5299,OCl,207.609417,-59.947722,4.2,,,,,,Cen,,,0
NGC5300,G,207.066833,3.950861,2.83,1.84,147,13.17,,,Vir,B,,0
NGC5301,G,206.602792,46.107056,3.96,0.84,150,12.63,,,CVn,V,,0
NGC5302,G,207.207,-30.511111,1.05,0.59,162,12.43,,,Cen,V,,0
NGC5303,G,206.937458,38.304639,0.86,0.44,90,12.86,,,CVn,B,,0
NGC5304,G,207.506167,-30.578472,1.91,1.39,140,13.56,,,Cen,V,,0
NGC5305,G,206.98225,37.826333,1.46,1.02,26,14.45,,,CVn,B,,0
NGC5306,G,207.2975,-7.224389,1.94,1.24,33,13.1,,,Vir,B,,0
NGC5307,PN,207.76375,-51.205778,0.21,,,11.2,,,Cen,V,,0
NGC5308,G,206.751792,60.973167,4.33,0.57,60,11.32,,,UMa,V,,0
NGC5309,G,207.544833,-15.618417,0.63,0.56,125,15.71,,,Vir,B,,0
NGC5310,*,207.448917,0.069194,,,,14.07,,,Vir,B,,0
NGC5311,G,207.233667,39.985111,2.01,1.66,102,13.3,,,CVn,V,,0
NGC5312,G,207.460708,33.62175,1.09,0.57,39,14.62,,,CVn,B,,0
NGC5313,G,207.43475,39.984778,1.81,1.05,42,12.09,,,CVn,V,,0
NGC5314,G,206.5475,70.339556,0.95,0.49,86,14.52,,,UMi,B,,0
NGC5315,PN,208.487042,-66.514167,0.1,,,9.8,,,Cir,V,,0
NGC5316,OCl,208.488417,-61.869111,9.9,,,6,,,Cen,V,,0
NGC5317,Dup,209.05,5.014472,,,,,,,Vir,,,0
NGC5318,G,207.650042,33.704889,1.51,1.12,165,13.5,,,CVn,V,,0
NGC5319,G,207.669417,33.761556,0.65,0.27,68,16.64,,,CVn,B,,0
NGC5320,G,207.584917,41.366222,1.82,0.92,17,12.4,,,CVn,V,,0
NGC5321,G,207.682042,33.632611,0.89,0.63,49,15.02,,,CVn,B,,0
NGC5322,G,207.313625,60.190528,5.62,3.49,95,10.14,,,UMa,V,,0
NGC5323,G,206.402167,76.828333,1.05,0.44,164,14.24,,,UMi,B,,0
NGC5324,G,208.024542,-6.058306,2.22,1.09,15,12.18,,,Vir,V,,0
NGC5325,G,207.725875,38.274778,0.86,0.62,108,14.92,,,CVn,B,,0
NGC5326,G,207.71125,39.574861,2.18,1.03,136,11.87,,,CVn,V,,0
NGC5327,G,208.017375,-2.206611,1.61,0.95,93,13.82,,,Vir,B,,0
NGC5328,G,208.222125,-28.489389,3.07,1.71,78,11.71,,,Hya,V,,0
NGC5329,G,208.042042,2.325111,1.48,0.71,170,12.46,,,Vir,V,,0
NGC5330,G,208.246625,-28.470667,1.14,0.93,165,13.57,,,Hya,V,,0
NGC5331,GPair,208.067917,2.103028,1.1,,,,,,Vir,,,0
NGC5331 NED01,G,208.067292,2.100917,1.07,0.58,132,16.59,,,Vir,B,,0
NGC5331 NED02,G,208.068417,2.108639,0.56,0.29,50,14.93,,,Vir,B,,0
NGC5332,G,208.033,16.96975,1.06,0.77,55,12.95,,,Boo,V,,0
NGC5333,G,208.600917,-48.512528,2.18,1.09,51,11.89,,,Cen,V,,0
NGC5334,G,208.226917,-1.114639,3.38,2.44,17,11.73,,,Vir,V,,0
NGC5335,G,208.235667,2.814278,1.45,1.32,155,14.24,,,Vir,B,,0
NGC5336,G,208.040833,43.242917,1.22,0.92,101,13.64,,,CVn,B,,0
NGC5337,G,208.095958,39.68725,1.66,0.8,22,13.37,,,CVn,B,,0
NGC5338,G,208.360625,5.207778,1.94,0.85,98,14.11,,,Vir,B,,0
NGC5339,G,208.501125,-7.930667,1.82,1.5,85,12.24,,,Vir,V,,0
NGC5340,G,207.249625,72.653833,0.84,0.64,85,15,,,UMi,B,,0
NGC5341,G,208.133167,37.817417,1.07,0.58,159,14.11,,,CVn,B,,0
NGC5342,G,207.857708,59.863944,0.92,0.3,154,14.28,,,UMa,B,,0
NGC5343,G,208.548792,-7.588139,1.23,0.93,78,14.22,,,Vir,B,,0
NGC5344,GPair,207.491792,73.952889,0.54,0.47,100,15.4,,,UMi,B,,0
NGC5345,G,208.559375,-1.436472,1.5,0.91,157,13.79,,,Vir,B,,0
NGC5346,G,208.257875,39.580778,1.56,0.64,160,14.71,,,CVn,B,,0
NGC5347,G,208.324292,33.490833,1.62,1.19,122,12.68,,,CVn,V,,0
NGC5348,G,208.546958,5.227444,3.88,0.73,175,14.34,,,Vir,B,,0
NGC5349,G,208.304708,37.883139,1.6,0.48,81,14.96,,,CVn,B,,0
NGC5350,G,208.340125,40.363944,2.69,1.66,35,11.47,,,CVn,V,,0
NGC5351,G,208.365458,37.914972,2.43,1.31,101,12.15,,,CVn,V,,0
NGC5352,G,208.410125,36.134056,1.42,1.24,92,14.08,,,CVn,B,,0
NGC5353,G,208.361208,40.283028,2.37,1.18,152,11.02,,,CVn,V,,0
NGC5354,G,208.36125,40.30275,3.03,1.15,174,11.38,,,CVn,V,,0
NGC5355,G,208.439833,40.338667,1.15,0.72,30,13.18,,,CVn,V,,0
NGC5356,G,208.743583,5.333722,2.83,0.67,16,13.79,,,Vir,B,,0
NGC5357,G,208.998125,-30.341444,2.18,1.87,24,12.01,,,Cen,V,,0
NGC5358,G,208.501708,40.277306,1.12,0.38,138,14.58,,,CVn,B,,0
NGC5359,OCl,210.039875,-70.392306,5.4,,,,,,Cir,,,0
NGC5360,G,208.911458,4.985056,1.1,0.62,63,14.93,,,Vir,B,,0
NGC5361,G,208.646792,38.449417,0.76,0.42,64,14.77,,,CVn,B,,0
NGC5362,G,208.722083,41.313528,1.89,0.78,87,12.76,,,CVn,V,,0
NGC5363,G,209.030042,5.254778,4.17,2.75,133,10.21,,,Vir,V,,0
NGC5364,G,209.05,5.014472,3.8,1.66,45,10.52,,,Vir,V,,0
NGC5365,G,209.461,-43.931306,3.88,2.14,174,11.32,,,Cen,V,,0
NGC5365A,G,209.164708,-44.00925,2.84,0.68,94,13.52,,,Cen,V,,0
NGC5365B,G,209.664875,-43.963722,1.79,0.42,51,14.15,,,Cen,B,,0
NGC5366,G,209.103583,-0.247556,0.8,0.57,43,14.46,,,Vir,B,,0
NGC5367,RfN,209.432792,-39.978417,2,2,,,,,Cen,,,0
NGC5368,G,208.6215,54.330667,0.99,0.75,19,13.86,,,UMa,B,,0
NGC5369,G,209.15675,-5.469889,1.08,0.87,110,14.38,,,Vir,B,,0
NGC5370,G,208.539042,60.678056,1.37,1.29,65,14.11,,,UMa,B,,0
NGC5371,G,208.916417,40.46175,3.98,2.45,7,11.69,,,CVn,V,,0
NGC5372,G,208.691625,58.666861,0.69,0.37,137,13.37,,,UMa,V,,0
NGC5373,G,209.281083,5.251889,0.6,0.52,45,15.35,,,Vir,B,,0
NGC5374,G,209.373458,6.097,1.62,1.32,45,13.68,,,Vir,B,,0
NGC5375,G,209.233333,29.164361,2.34,1.73,179,12.08,,,CVn,V,,0
NGC5376,G,208.816958,59.506611,1.48,0.92,66,12.33,,,UMa,V,,0
NGC5377,G,209.069458,47.235694,3.64,1.42,34,11.27,,,CVn,V,,0
NGC5378,G,209.212583,37.79725,2.03,1.57,73,13.63,,,CVn,B,,0
NGC5379,G,208.893,59.742806,2.06,0.72,60,13.42,,,UMa,V,,0
NGC5380,G,209.236208,37.610389,2,0.99,95,12.29,,,CVn,V,,0
NGC5381,OCl,210.174833,-59.586806,6.3,,,,,,Cen,,,0
NGC5382,G,209.562042,6.258694,1.45,1.08,24,12.6,,,Vir,V,,0
NGC5383,G,209.270708,41.84625,2.48,1.88,98,11.57,,,CVn,V,,0
NGC5384,G,209.553583,6.518194,1.8,0.74,56,13.07,,,Vir,V,,0
NGC5385,OCl,208.133,76.162778,,,,,,,UMi,,,0
NGC5386,G,209.593083,6.339111,0.98,0.45,47,13.65,,,Vir,B,,0
NGC5387,G,209.603292,6.071278,1.17,0.37,24,14.79,,,Vir,B,,0
NGC5388,Other,209.741542,-14.150889,,,,,,,Vir,,,0
NGC5389,G,209.026375,59.742056,3.27,0.71,4,11.98,,,UMa,V,,0
NGC5390,Dup,208.916417,40.46175,,,,,,,CVn,,,0
NGC5391,G,209.42825,46.469583,0.51,0.3,38,16.42,,,CVn,B,,0
NGC5392,G,209.853208,-3.209194,0.95,0.74,145,14.43,,,Vir,B,,0
NGC5393,G,210.1335,-28.874583,0.95,0.62,5,14.03,,,Hya,B,,0
NGC5394,G,209.640208,37.453472,2.63,1.07,60,12.94,,,CVn,V,,0
NGC5395,G,209.65825,37.424472,2.49,1.16,171,11.66,,,CVn,V,,0
NGC5396,Dup,209.233333,29.164361,,,,,,,CVn,,,0
NGC5397,G,210.293583,-33.945833,1.62,1.01,65,12.85,,,Cen,V,,0
NGC5398,G,210.339833,-33.063778,2.76,1.65,174,12.39,,,Cen,V,,0
NGC5399,G,209.880917,34.773583,1.14,0.32,87,14.54,,,CVn,B,,0
NGC5400,G,210.155,-2.857806,1.4,1.25,104,14.3,,,Vir,B,,0
NGC5401,G,209.930958,36.238111,1.46,0.31,81,14.46,,,CVn,B,,0
NGC5402,G,209.568958,59.814556,1.13,0.28,166,14.54,,,UMa,B,,0
NGC5403,G,209.962167,38.182528,2.75,0.89,143,14.65,,,CVn,B,,0
NGC5404,**,210.281167,0.085889,,,,,,,Vir,,,0
NGC5405,G,210.289458,7.702278,0.83,0.76,145,14.52,,,Boo,B,,0
NGC5406,G,210.083833,38.915417,1.69,1.22,115,12.33,,,CVn,V,,0
NGC5407,G,210.20875,39.156222,1.37,0.89,97,14.29,,,CVn,B,,0
NGC5408,G,210.837125,-41.377694,2.84,1.53,66,11.64,,,Cen,V,,0
NGC5409,G,210.442,9.490278,1.56,1,51,13.33,,,Boo,V,,0
NGC5410,G,210.227542,40.988611,1.15,0.65,63,14.14,,,CVn,B,,0
NGC5411,G,210.496917,8.937694,1.51,0.79,138,13.31,,,Boo,V,,0
NGC5412,G,209.306375,73.616722,1.17,0.95,22,14.78,,,UMi,B,,0
NGC5413,G,209.473042,64.910972,1.29,1,27,14.34,,,Dra,B,,0
NGC5414,G,210.514667,9.929306,0.97,0.66,165,13.85,,,Boo,B,,0
NGC5415,G,209.237167,70.754389,0.87,0.63,126,15,,,UMi,B,,0
NGC5416,G,210.547167,9.440111,1.29,0.73,105,13.29,,,Boo,V,,0
NGC5417,G,210.554333,8.037111,1.67,0.84,118,13.63,,,Boo,B,,0
NGC5418,G,210.573292,7.684167,0.95,0.41,45,14.39,,,Boo,B,,0
NGC5419,G,210.911375,-33.97825,3.98,2.95,78,10.77,,,Cen,V,,0
NGC5420,G,210.999583,-14.616861,1.9,0.7,135,14.08,,,Vir,B,,0
NGC5421,GPair,210.4245,33.823778,1.3,,,14.3,,,CVn,V,,0
NGC5421 NED01,G,210.422458,33.826833,1.17,0.68,156,14.39,,,CVn,B,,0
NGC5421 NED02,G,210.425458,33.8215,1,0.55,168,15.11,,,CVn,B,,0
NGC5422,G,210.175167,55.164472,2.81,0.59,153,11.8,,,UMa,V,,0
NGC5423,G,210.702583,9.341389,1.53,0.9,75,12.86,,,Boo,V,,0
NGC5424,G,210.732083,9.420667,1.46,1.18,108,13.14,,,Boo,V,,0
NGC5425,G,210.198625,48.443861,1.58,0.44,127,14.23,,,UMa,B,,0
NGC5426,G,210.853542,-6.069111,3.06,1.21,1,12.16,,,Vir,V,,0
NGC5427,G,210.858542,-6.030806,3.61,3.27,178,12.39,,,Vir,V,,0
NGC5428,**,210.866792,-5.984472,,,,,,,Vir,,,0
NGC5429,**,210.889,-6.038278,,,,,,,Vir,,,0
NGC5430,G,210.190583,59.328278,2.18,1.46,177,12.78,,,UMa,B,,0
NGC5431,G,210.779792,9.363056,0.9,0.38,83,15.6,,,Boo,B,,0
NGC5432,Other,210.919375,-5.975444,,,,,,,Vir,,,0
NGC5433,G,210.650333,32.510444,1.52,0.36,4,13.99,,,CVn,B,,0
NGC5434,G,210.846417,9.448083,1.48,1.39,35,13.28,,,Boo,V,,0
NGC5435,**,211.000208,-5.931667,,,,,,,Vir,,,0
NGC5436,G,210.92125,9.5735,1.24,0.53,124,13.83,,,Boo,V,,0
NGC5437,G,210.94725,9.523694,1.07,0.54,1,14.91,,,Boo,B,,0
NGC5438,G,210.95,9.610583,1.18,1.11,70,14.42,,,Boo,B,,0
NGC5439,G,210.490292,46.311917,1.27,0.4,10,14.51,,,CVn,B,,0
NGC5440,G,210.754333,34.757861,2.84,1.45,48,13.27,,,CVn,B,,0
NGC5441,G,210.8,34.684611,0.44,0.38,111,14.9,,,CVn,B,,0
NGC5442,G,211.180083,-9.713667,1.19,0.56,162,13.94,,,Vir,B,,0
NGC5443,G,210.549167,55.814028,1.68,0.57,31,13.11,,,UMa,B,,0
NGC5444,G,210.850542,35.132111,2.48,1.94,87,11.86,,,CVn,V,,0
NGC5445,G,210.88125,35.025306,1.56,0.56,26,13.91,,,CVn,B,,0
NGC5446,Dup,210.95,9.610583,,,,,,,Boo,,,0
NGC5447,HII,210.618333,54.276917,,,,,,,UMa,,,0
NGC5448,G,210.708458,49.172694,3.77,1.95,109,11.88,,,UMa,V,,0
NGC5449,Other,210.613625,54.330222,,,,,,,UMa,,,0
NGC5450,HII,210.624125,54.271028,,,,,,,UMa,,,0
NGC5451,HII,210.654375,54.362528,0.52,0.31,58,16.7,,,UMa,B,,0
NGC5452,G,208.60375,78.220556,1.25,0.8,110,14.13,,,UMi,B,,0
NGC5453,HII,210.734958,54.307972,,,,,,,UMa,,,0
NGC5454,G,211.190458,14.382056,1.34,0.79,113,14.22,,,Boo,B,,0
NGC5455,HII,210.754875,54.241472,0.63,0.49,178,15.22,,,UMa,B,,0
NGC5456,G,211.245375,11.871639,1.36,1.1,174,13.99,,,Boo,B,,0
NGC5457,G,210.80225,54.348944,23.99,23.07,28,7.9,101,,UMa,V,,0
NGC5458,HII,210.801958,54.298333,,,,,,,UMa,,,0
NGC5459,G,211.250792,13.131889,1.27,1.11,7,14.39,,,Boo,B,,0
NGC5460,OCl,211.865875,-48.342528,13.2,,,5.6,,,Cen,V,,0
NGC5461,HII,210.922542,54.318028,1.62,0.98,49,14.38,,,UMa,B,,0
NGC5462,HII,210.970833,54.365583,0.13,0.11,80,18.17,,,UMa,B,,0
NGC5463,G,211.543917,9.353444,1.25,0.45,48,14.01,,,Boo,B,,0
NGC5464,G,211.768333,-30.017111,1.38,0.73,82,12.97,,,Hya,V,,0
NGC5465,*,211.613667,-5.506278,,,,14.47,,,Vir,V,,0
NGC5466,GCl,211.364,28.5345,6.6,,,9.7,,,Boo,V,,0
NGC5467,*,211.622917,-5.481472,,,,15.12,,,Vir,V,,0
NGC5468,G,211.645375,-5.453111,2.28,2.13,155,12.05,,,Vir,V,,0
NGC5469,G,213.124583,8.647944,0.92,0.78,135,14.98,,,Boo,B,,0
NGC5470,G,211.632958,6.029694,2.6,0.42,62,14.24,,,Vir,B,,0
NGC5471,HII,211.120917,54.396917,0.82,0.61,,14.54,,,UMa,B,,0
NGC5472,G,211.72925,-5.460472,1.46,0.29,29,14.68,,,Vir,B,,0
NGC5473,G,211.180125,54.892639,1.99,1.54,156,11.47,,,UMa,V,,0
NGC5474,G,211.256708,53.662222,2.39,1.57,100,11.01,,,UMa,V,,0
NGC5475,G,211.301708,55.741861,1.94,0.58,166,13.27,,,UMa,B,,0
NGC5476,G,212.035375,-6.092056,1.41,1.31,130,13.34,,,Vir,B,,0
NGC5477,G,211.38875,54.461139,1.11,0.78,87,13.78,,,UMa,V,,0
NGC5478,G,212.035458,-1.702306,0.97,0.66,22,13.64,,,Vir,V,,0
NGC5479,G,211.489042,65.69075,0.93,0.76,20,15.02,,,UMi,B,,0
NGC5480,G,211.589917,50.725111,1.67,1.28,177,12.18,,,UMa,V,,0
NGC5481,G,211.671958,50.723333,1.76,1.22,113,13.24,,,Boo,B,,0
NGC5482,G,212.127917,8.931917,1.17,0.81,88,14,,,Boo,B,,0
NGC5483,G,212.604292,-43.324611,3.42,3.08,16,11.13,,,Cen,V,,0
NGC5484,G,211.700917,55.029917,0.47,0.46,5,15.74,,,UMa,B,,0
NGC5485,G,211.797292,55.001694,2.51,1.75,170,11.5,,,UMa,V,,0
NGC5486,G,211.854,55.103083,1.36,0.82,69,14.01,,,UMa,B,,0
NGC5487,G,212.432917,8.069139,1.05,0.52,67,14.61,,,Boo,B,,0
NGC5488,G,212.012958,-33.314917,2.63,0.73,26,13.31,,,Cen,B,,0
NGC5489,G,213.003,-46.088722,2.29,1.28,126,13.16,,,Cen,B,,0
NGC5490,G,212.488708,17.545556,1.66,1.29,2,12.05,,,Boo,V,,0
NGC5490C,G,212.528792,17.61575,0.75,0.61,34,15.22,,,Boo,B,,0
NGC5491,G,212.738958,6.364861,1.32,0.75,78,13.82,,,Vir,B,,0
NGC5492,G,212.646667,19.612333,1.58,0.38,151,13.71,,,Boo,B,,0
NGC5493,G,212.872417,-5.043611,2.17,1.92,125,11.42,,,Vir,V,,0
NGC5494,G,213.10075,-30.644083,2.33,2.18,50,12.63,,,Cen,V,,0
NGC5495,G,213.097292,-27.108028,1.52,1.26,44,13.5,,,Hya,V,,0
NGC5496,G,212.90775,-1.159111,2.69,0.58,176,13.45,,,Vir,B,,0
NGC5497,G,212.631833,38.893556,0.6,0.49,62,15.11,,,Boo,B,,0
NGC5498,G,212.768875,25.697972,1.23,0.84,118,14.73,,,Boo,B,,0
NGC5499,G,212.698542,35.9135,1.12,0.74,143,14.27,,,Boo,B,,0
NGC5500,G,212.563458,48.546111,0.92,0.76,136,14.37,,,Boo,B,,0
NGC5501,G,213.084083,1.272528,0.89,0.65,65,15,,,Vir,B,,0
NGC5502,G,212.391458,60.409583,0.63,0.34,81,16.23,,,UMa,B,,0
NGC5503,Dup,212.391458,60.409583,,,,,,,UMa,,,0
NGC5504,G,213.065875,15.841917,1.18,1.03,114,14.04,,,Boo,B,,0
NGC5504B,G,213.053,15.868889,0.56,0.38,112,15.23,,,Boo,B,,0
NGC5504C,G,213.065792,15.879333,0.81,0.32,78,15.65,,,Boo,B,,0
NGC5505,G,213.132125,13.304722,0.89,0.71,127,13.13,,,Boo,B,,0
NGC5506,G,213.312042,-3.207583,2.88,0.76,89,12.56,,,Vir,V,,0
NGC5507,G,213.332792,-3.148889,1.6,0.79,80,12.44,,,Vir,V,,0
NGC5508,G,213.121,24.6355,0.98,0.65,135,15.03,,,Boo,B,,0
NGC5509,G,213.164917,20.387,1.19,0.74,92,14.97,,,Boo,B,,0
NGC5510,G,213.405083,-17.983806,0.95,0.65,32,14.26,,,Vir,B,,0
NGC5511,G,213.272583,8.631889,0.68,0.24,166,15.62,,,Boo,B,,0
NGC5512,G,213.171375,30.855056,0.67,0.56,74,15.3,,,Boo,B,,0
NGC5513,G,213.285958,20.416278,2.02,1.09,114,13.78,,,Boo,B,,0
NGC5514,GPair,213.411583,7.659528,1.3,,,,,,Boo,,,0
NGC5514 NED01,G,213.410167,7.660528,1.15,0.65,97,14.37,,,Boo,B,,0
NGC5514 NED02,G,213.414083,7.658,0.85,0.74,111,15.89,,,Boo,B,,0
NGC5515,G,213.159042,39.310278,1.22,0.64,107,13.7,,,Boo,V,,0
NGC5516,G,213.977875,-48.114861,2.39,1.56,162,11.99,,,Cen,V,,0
NGC5517,G,213.2135,35.710889,1.01,0.71,123,14.73,,,Boo,B,,0
NGC5518,G,213.448667,20.848306,1.28,1.09,121,14.51,,,Boo,B,,0
NGC5519,G,213.586958,7.515917,1.77,1.08,76,14.51,,,Boo,B,,0
NGC5520,G,213.094958,50.348417,1.61,0.8,66,12.75,,,Boo,V,,0
NGC5521,G,213.848833,4.408528,0.61,0.49,40,14.62,,,Vir,B,,0
NGC5522,G,213.709875,15.146889,1.87,0.42,50,14,,,Boo,B,,0
NGC5523,G,213.718,25.317611,2.04,0.89,92,13.13,,,Boo,B,,0
NGC5524,*,213.502667,36.417361,,,,,,,Boo,,,0
NGC5525,G,213.913458,14.282611,1.21,0.66,21,12.84,,,Boo,V,,0
NGC5526,G,213.474,57.771333,1.1,0.3,135,14.24,,,UMa,B,,0
NGC5527,G,213.613458,36.4045,0.94,0.69,153,14.94,,,Boo,B,,0
NGC5528,G,214.083,8.293472,0.99,0.55,17,14.66,,,Boo,B,,0
NGC5529,G,213.891958,36.226583,5.79,0.68,114,11.91,,,Boo,V,,0
NGC5530,G,214.613125,-43.388583,4.86,2.18,127,11.19,,,Lup,V,,0
NGC5531,GPair,214.180417,10.884778,1.07,0.6,170,14.7,,,Boo,B,,0
NGC5532,G,214.220625,10.807389,2.34,1.94,144,11.94,,,Boo,V,,0
NGC5533,G,214.03225,35.343833,2.86,1.58,28,11.81,,,Boo,V,,0
NGC5534,G,214.41775,-7.417417,1.36,1.23,65,12.49,,,Vir,V,,0
NGC5535,G,214.380292,8.208389,0.66,0.42,15,15.74,,,Boo,B,,0
NGC5536,G,214.099417,39.502194,0.83,0.64,11,14.41,,,Boo,B,,0
NGC5537,G,214.404542,7.055,0.94,0.4,32,15.05,,,Vir,B,,0
NGC5538,G,214.427042,7.476667,0.89,0.31,62,15.5,,,Boo,B,,0
NGC5539,G,214.407375,8.179611,1.15,0.75,35,15.05,,,Boo,B,,0
NGC5540,G,213.726792,60.011111,1.1,0.88,17,14.7,,,UMa,B,,0
NGC5541,G,214.1325,39.589056,0.92,0.59,31,13.58,,,Boo,B,,0
NGC5542,G,214.471667,7.558778,0.6,0.35,164,14.84,,,Boo,B,,0
NGC5543,G,214.516958,7.654861,0.79,0.42,140,15.18,,,Boo,B,,0
NGC5544,G,214.2605,36.571583,1.03,0.96,57,13.89,,,Boo,B,,0
NGC5545,G,214.2715,36.575111,0.97,0.33,59,13.2,,,Boo,B,,0
NGC5546,G,214.538458,7.564556,1.57,1.29,22,12.29,,,Boo,V,,0
NGC5547,G,212.438333,78.601056,0.74,0.3,61,14.83,,,UMi,B,,0
NGC5548,G,214.498042,25.136778,1.33,1.05,118,13.37,,,Boo,V,,0
NGC5549,G,214.661708,7.377333,1.53,0.75,119,13.95,,,Vir,B,,0
NGC5550,G,214.616542,12.883083,1.1,0.81,98,14.09,,,Boo,B,,0
NGC5551,G,214.7285,5.451472,0.81,0.59,116,14.88,,,Vir,B,,0
NGC5552,G,214.766042,7.031694,0.91,0.39,172,15.12,,,Vir,B,,0
NGC5553,G,214.623875,26.287833,1.15,0.25,87,14.59,,,Boo,B,,0
NGC5554,G,214.8125,7.021139,0.65,0.45,38,15.12,,,Vir,B,,0
NGC5555,G,214.700333,-19.138917,0.61,0.37,113,15.14,,,Vir,B,,0
NGC5556,G,215.142042,-29.241778,3.45,2.75,145,11.82,,,Hya,V,,0
NGC5557,G,214.607167,36.493556,2.28,1.12,97,11.02,,,Boo,V,,0
NGC5558,Dup,214.766042,7.031694,,,,,,,Vir,,,0
NGC5559,G,214.80325,24.798722,1.31,0.38,65,14.81,,,Boo,B,,0
NGC5560,G,215.018708,3.992472,3.45,0.85,109,12.35,,,Vir,V,,0
NGC5561,G,214.345125,58.7505,0.65,0.52,161,15.45,,,UMa,B,,0
NGC5562,G,215.046042,10.262833,0.8,0.74,10,14.37,,,Boo,B,,0
NGC5563,G,215.054542,7.055417,0.95,0.45,77,15.13,,,Vir,B,,0
NGC5564,Dup,214.8125,7.021139,,,,,,,Vir,,,0
NGC5565,*,214.827083,6.994944,,,,,,,Vir,,,0
NGC5566,G,215.082875,3.93375,5.36,2.08,35,10.51,,,Vir,V,,0
NGC5567,G,214.8235,35.137944,1.06,0.92,53,14.48,,,Boo,B,,0
NGC5568,G,214.838833,35.092167,0.74,0.57,117,15.43,,,Boo,B,,0
NGC5569,G,215.133708,3.983222,1.11,0.87,56,14.89,,,Vir,B,,0
NGC5570,Dup,213.586958,7.515917,,,,,,,Boo,,,0
NGC5571,Other,214.883458,35.150944,,,,,,,Boo,,,0
NGC5572,G,214.897083,36.140667,0.89,0.72,178,15.04,,,Boo,B,,0
NGC5573,G,215.172958,6.907306,1.24,0.37,106,15.01,,,Vir,B,,0
NGC5574,G,215.233208,3.238,1.32,0.83,61,12.45,,,Vir,V,,0
NGC5575,G,215.247542,6.202667,0.91,0.75,95,14.35,,,Vir,B,,0
NGC5576,G,215.265333,3.271,2.83,1.87,91,10.9,,,Vir,V,,0
NGC5577,G,215.304625,3.435778,2.86,0.73,61,13.47,,,Vir,B,,0
NGC5578,Dup,215.247542,6.202667,,,,,,,Vir,,,0
NGC5579,G,215.110333,35.188806,1.49,1.12,177,14.54,,,Boo,B,,0
NGC5580,G,215.410042,35.204861,1.54,1.38,137,13.55,,,Boo,B,,0
NGC5581,G,215.317958,23.480028,0.6,0.48,0,14.67,,,Boo,B,,0
NGC5582,G,215.179667,39.693583,2.2,1.4,24,11.62,,,Boo,V,,0
NGC5583,G,215.41875,13.232389,0.84,0.64,81,14.2,,,Boo,B,,0
NGC5584,G,215.599042,-0.387667,3.13,2.34,154,12.77,,,Vir,B,,0
NGC5585,G,214.950833,56.729056,4.27,2.62,33,11.02,,,UMa,V,,0
NGC5586,Other,215.531917,13.184278,,,,,,,Boo,,,0
NGC5587,G,215.544625,13.918056,2.13,0.67,162,13.79,,,Boo,B,,0
NGC5588,G,215.354625,35.270639,0.95,0.8,58,14.2,,,Boo,B,,0
NGC5589,Dup,215.354625,35.270639,,,,,,,Boo,,,0
NGC5590,Dup,215.410042,35.204861,,,,,,,Boo,,,0
NGC5591,GPair,215.641667,13.716667,1.4,,,,,,Boo,,,0
NGC5591 NED01,G,215.638708,13.717194,0.85,0.48,79,13.88,,,Boo,V,,0
NGC5591 NED02,G,215.644833,13.717361,1.02,0.25,64,15.85,,,Boo,B,,0
NGC5592,G,215.979375,-28.688056,1.63,0.75,88,12.73,,,Hya,V,,0
NGC5593,OCl,216.41325,-54.798694,4.5,,,,,,Lup,,,0
NGC5594,G,215.792958,26.265806,1.47,0.7,152,14.8,,,Boo,B,,0
NGC5595,G,216.055167,-16.723,2.12,1.01,54,12.02,,,Lib,V,,0
NGC5596,G,215.61975,37.122194,1.04,0.72,95,13.5,,,Boo,V,,0
NGC5597,G,216.114333,-16.76275,2,1.55,65,12.89,,,Lib,V,,0
NGC5598,G,215.617833,40.319806,1.55,0.99,51,14.1,,,Boo,B,,0
NGC5599,G,215.960875,6.576111,1.34,0.51,158,14.56,,,Vir,B,,0
NGC5600,G,215.956333,14.638778,1.6,1.57,135,12.39,,,Boo,V,,0
NGC5601,G,215.722,40.309583,0.83,0.33,4,15.47,,,Boo,B,,0
NGC5602,G,215.578458,50.501389,1.31,0.68,167,12.53,,,Boo,V,,0
NGC5603,G,215.756375,40.377417,1.11,1.04,90,13.01,,,Boo,V,,0
NGC5604,G,216.178333,-3.212167,1.8,0.92,6,12.87,,,Vir,V,,0
NGC5605,G,216.281542,-13.163,1.5,1.23,66,12.5,,,Lib,V,,0
NGC5606,OCl,216.947,-59.63225,3.6,,,7.7,,,Cen,V,,0
NGC5607,G,214.86125,71.588222,0.87,0.73,71,13.5,,,UMi,V,,0
NGC5608,G,215.824542,41.775889,1.66,0.74,98,13.36,,,Boo,V,,0
NGC5609,G,215.95125,34.842778,0.48,0.39,116,16.18,,,Boo,B,,0
NGC5610,G,216.095583,24.614139,1.73,0.6,105,14.29,,,Boo,B,,0
NGC5611,G,216.019917,33.047389,1.36,0.59,65,13.46,,,Boo,B,,0
NGC5612,G,218.505208,-78.3875,1.94,1.15,64,12.08,,,Aps,V,,0
NGC5613,G,216.024833,34.892111,0.56,0.37,30,15.6,,,Boo,B,,0
NGC5614,G,216.031625,34.858861,2.43,2,150,11.71,,,Boo,V,,0
NGC5615,G,216.027083,34.865,0.16,0.16,162,15.29,,,Boo,B,,0
NGC5616,G,216.08625,36.461417,2.13,0.41,158,14.55,,,Boo,B,,0
NGC5617,OCl,217.433625,-60.710833,5.1,,,6.3,,,Cen,V,,0
NGC5618,G,216.799208,-2.262417,1.45,0.78,4,13.4,,,Vir,V,,0
NGC5619,G,216.825958,4.802833,2.29,0.93,12,13.89,,,Vir,B,,0
NGC5619B,G,216.884875,4.821611,1.05,0.44,121,14.76,,,Vir,B,,0
NGC5620,Dup,214.86125,71.588222,,,,,,,UMi,,,0
NGC5621,Other,216.957542,8.24025,,,,,,,Boo,,,0
NGC5622,G,216.550792,48.564,1.34,0.76,86,13.44,,,Boo,V,,0
NGC5623,G,216.786167,33.252556,1.65,1.08,17,12.53,,,Boo,V,,0
NGC5624,G,216.646708,51.585361,1.02,0.68,7,13.69,,,Boo,V,,0
NGC5625,GPair,216.75625,39.956944,1.2,,,,,,Boo,,,0
NGC5625 NED01,G,216.7525,39.956222,0.48,0.28,144,16.74,,,Boo,B,,0
NGC5625 NED02,G,216.759708,39.957278,1,0.78,67,14.84,,,Boo,B,,0
NGC5626,G,217.454542,-29.748472,1.37,1.05,102,14.02,,,Hya,B,,0
NGC5627,G,217.142833,11.37825,1.28,0.78,121,14.55,,,Boo,B,,0
NGC5628,G,217.107458,17.924361,0.97,0.63,173,14.45,,,Boo,B,,0
NGC5629,G,217.068208,25.848778,1.71,1.58,110,12.19,,,Boo,V,,0
NGC5630,G,216.902542,41.25775,1.48,0.52,96,13.61,,,Boo,B,,0
NGC5631,G,216.63875,56.582639,1.95,1.95,140,11.56,,,UMa,V,,0
NGC5632,Dup,219.47225,-0.398889,,,,,,,Vir,,,0
NGC5633,G,216.86825,46.146528,1.09,0.72,11,12.46,,,Boo,V,,0
NGC5634,GCl,217.405333,-5.976417,4.5,,,10.05,,,Vir,V,,0
NGC5635,G,217.132333,27.408944,2.62,1,64,13.9,,,Boo,V,,0
NGC5636,G,217.412583,3.266306,1.36,0.89,56,13.85,,,Vir,B,,0
NGC5637,G,217.248333,23.1915,0.84,0.44,7,14.5,,,Boo,B,,0
NGC5638,G,217.41825,3.233306,1.94,1.71,154,11.21,,,Vir,V,,0
NGC5639,G,217.193958,30.412944,1.26,0.81,108,14.53,,,Boo,B,,0
NGC5640,G,215.170042,80.123111,0.78,0.47,22,15.5,,,Cam,B,,0
NGC5641,G,217.31925,28.821889,2.07,1.03,160,13.29,,,Boo,B,,0
NGC5642,G,217.306208,30.026444,1.77,1.13,126,14.2,,,Boo,B,,0
NGC5643,G,218.16975,-44.174417,5.27,4.6,88,11.49,,,Lup,V,,0
NGC5644,G,217.606583,11.928,1.24,1.14,150,13.93,,,Boo,B,,0
NGC5645,G,217.663958,7.275083,2.02,1.09,85,12.41,,,Vir,V,,0
NGC5646,G,217.391708,35.461944,1.19,0.45,79,15.03,,,Boo,B,,0
NGC5647,G,217.650417,11.876694,1.02,0.24,180,15.41,,,Boo,B,,0
NGC5648,G,217.635833,14.023056,0.77,0.63,175,14.29,,,Boo,B,,0
NGC5649,Dup,217.635833,14.023056,,,,,,,Boo,,,0
NGC5650,G,217.7545,5.978417,1.05,0.24,114,13.8,,,Vir,B,,0
NGC5651,Dup,220.047958,-0.288972,,,,,,,Vir,,,0
NGC5652,Dup,217.7545,5.978417,,,,,,,Vir,,,0
NGC5653,G,217.543417,31.2155,1.6,1.33,120,12.22,,,Boo,V,,0
NGC5654,G,217.505542,36.360917,1.25,0.73,133,14.12,,,Boo,B,,0
NGC5655,G,217.712208,13.96875,0.73,0.47,152,14.06,,,Boo,B,,0
NGC5656,G,217.606292,35.321028,1.26,0.89,57,12.43,,,Boo,V,,0
NGC5657,G,217.681667,29.180833,1.75,0.71,168,14.34,,,Boo,B,,0
NGC5658,Dup,220.234833,-0.318222,,,,,,,Vir,,,0
NGC5659,G,217.775583,25.355111,1.79,0.51,45,14.75,,,Boo,B,,0
NGC5660,G,217.457542,49.622667,2.64,2.43,30,11.91,,,Boo,V,,0
NGC5661,G,217.989125,6.250417,1.14,0.61,22,14.24,,,Vir,B,,0
NGC5662,OCl,218.906583,-56.618083,8.1,,,5.5,,,Cen,V,,0
NGC5663,G,218.484583,-16.581056,0.92,0.87,60,15.1,,,Lib,B,,0
NGC5664,G,218.43175,-14.619694,0.85,0.39,27,14.52,,,Lib,V,,0
NGC5665,G,218.10725,8.078639,1.88,1.17,150,12.61,,,Boo,B,,0
NGC5665A,Other,218.113917,8.078722,,,,,,,Boo,,,0
NGC5666,G,218.288375,10.510806,0.97,0.75,150,13.52,,,Boo,B,,0
NGC5667,G,217.595458,59.469778,1.62,0.82,170,12.95,,,Dra,V,,0
NGC5668,G,218.351417,4.450444,1.91,1.61,107,11.71,,,Vir,V,,0
NGC5669,G,218.181208,9.890444,2.57,1.46,54,12.97,,,Boo,B,,0
NGC5670,G,218.900125,-45.966972,2.59,1.18,67,11.96,,,Lup,V,,0
NGC5671,G,216.925,69.694167,1.41,1.02,62,14.32,,,UMi,B,,0
NGC5672,G,218.15975,31.670167,0.91,0.75,49,13.52,,,Boo,V,,0
NGC5673,G,217.878792,49.958722,2.33,0.45,134,12.17,,,Boo,V,,0
NGC5674,G,218.467667,5.458222,1.15,0.3,6,13.7,,,Vir,V,,0
NGC5675,G,218.165958,36.302194,2.27,0.72,135,14,,,Boo,V,,0
NGC5676,G,218.195208,49.457889,3.59,1.61,46,11.22,,,Boo,V,,0
NGC5677,G,218.553083,25.468028,0.94,0.7,136,14.7,,,Boo,B,,0
NGC5678,G,218.023375,57.921444,2.96,1.55,2,11.43,,,Dra,V,,0
NGC5679,GTrpl,218.78625,5.356389,1.6,,,,,,Vir,,,0
NGC5679A,G,218.776625,5.356833,0.78,0.47,133,14.2,,,Vir,B,,0
NGC5679B,G,218.7865,5.358944,1.08,0.62,124,14.33,,,Vir,B,,0
NGC5679C,G,218.795792,5.354278,0.27,0.18,11,17.43,,,Vir,B,,0
NGC5680,G,218.935542,-0.013361,0.96,0.67,21,15.32,,,Vir,B,,0
NGC5681,G,218.928625,8.300611,0.86,0.61,2,14.3,,,Boo,B,,0
NGC5682,G,218.687417,48.67025,0.65,0.24,136,14.34,,,Boo,V,,0
NGC5683,G,218.718542,48.661917,0.57,0.49,95,15.04,,,Boo,V,,0
NGC5684,G,218.959,36.543222,1.41,1.12,101,12.72,,,Boo,V,,0
NGC5685,G,219.064042,29.908389,1.05,0.94,20,14.72,,,Boo,B,,0
NGC5686,G,219.010792,36.503194,0.77,0.73,80,14.92,,,Boo,B,,0
NGC5687,G,218.718333,54.475861,2.41,1.37,103,11.74,,,Boo,V,,0
NGC5688,G,219.896458,-45.019,4.13,1.91,86,11.81,,,Lup,V,,0
NGC5689,G,218.873708,48.741639,3.66,0.91,86,11.8,,,Boo,V,,0
NGC5690,G,219.421125,2.290833,3.2,0.99,145,12.48,,,Vir,B,,0
NGC5691,G,219.47225,-0.398889,1.86,1.4,101,12.38,,,Vir,V,,0
NGC5692,G,219.575458,3.410333,0.95,0.6,36,13.41,,,Vir,B,,0
NGC5693,G,219.046625,48.585028,1.57,1.07,50,14.26,,,Boo,B,,0
NGC5694,GCl,219.902125,-26.538333,3.3,,,10.89,,,Hya,V,,0
NGC5695,G,219.342167,36.567806,0.99,0.49,139,12.93,,,Boo,V,,0
NGC5696,G,219.237833,41.828111,1.21,0.84,42,13.95,,,Boo,B,,0
NGC5697,G,219.133583,41.685889,1,0.64,26,14.66,,,Boo,B,,0
NGC5698,G,219.31125,38.454278,1.73,0.74,61,14.01,,,Boo,B,,0
NGC5699,G,219.6765,30.465917,0.61,0.56,40,15.66,,,Boo,B,,0
NGC5700,G,219.2565,48.544833,0.99,0.55,37,15.09,,,Boo,B,,0
NGC5701,G,219.796167,5.363472,2,1.6,4,11.2,,,Vir,V,,0
NGC5702,G,219.7295,20.506722,1.19,0.91,137,14.31,,,Boo,B,,0
NGC5703,G,219.708417,30.442528,1.51,0.44,103,14.38,,,Boo,B,,0
NGC5704,G,219.567833,40.45675,1.56,0.57,177,13.81,,,Boo,B,,0
NGC5705,G,219.957042,-0.718472,1.35,0.6,77,14.03,,,Vir,B,,0
NGC5706,Dup,219.6765,30.465917,,,,,,,Boo,,,0
NGC5707,G,219.378208,51.561861,2.38,0.6,33,13.21,,,Boo,B,,0
NGC5708,Dup,219.567833,40.45675,,,,,,,Boo,,,0
NGC5709,Dup,219.708417,30.442528,,,,,,,Boo,,,0
NGC5710,G,219.817458,20.043694,1.42,1.03,174,12.99,,,Boo,V,,0
NGC5711,G,219.844,19.990889,1.03,0.46,71,15.14,,,Boo,B,,0
NGC5712,G,217.423833,78.86425,0.72,0.68,110,15.22,,,UMi,B,,0
NGC5713,G,220.047958,-0.288972,2.47,1.7,11,11.32,,,Vir,V,,0
NGC5714,G,219.548,46.63825,2.84,0.5,82,14.1,,,Boo,B,,0
NGC5715,OCl,220.873708,-57.577028,3.6,,,9.8,,,Cir,V,,0
NGC5716,G,220.273,-17.476972,1.57,1.19,89,13.53,,,Lib,B,,0
NGC5717,G,219.657042,46.663139,1.02,0.63,33,15.23,,,Boo,B,,0
NGC5718,G,220.1785,3.465417,1.54,1.09,96,14.27,,,Vir,B,,0
NGC5719,G,220.234833,-0.318222,3.08,1.29,99,13.37,,,Vir,B,,0
NGC5720,G,219.638708,50.815222,1.9,1.23,132,14.45,,,Boo,B,,0
NGC5721,G,219.720667,46.674444,0.35,0.28,147,14.4,,,Boo,B,,0
NGC5722,G,219.726708,46.665611,0.72,0.63,114,15.38,,,Boo,B,,0
NGC5723,G,219.741333,46.689611,0.64,0.23,180,16.55,,,Boo,B,,0
NGC5724,*,219.758875,46.692028,,,,18,,,Boo,B,,0
NGC5725,G,220.243,2.186556,0.95,0.57,31,14.45,,,Vir,B,,0
NGC5726,G,220.733542,-18.444889,1.2,0.93,151,13.97,,,Lib,B,,0
NGC5727,G,220.108833,33.989111,0.78,0.31,141,13.65,,,Boo,V,,0
NGC5728,G,220.599583,-17.253083,3.2,1.87,15,11.51,,,Lib,V,,0
NGC5729,G,220.528667,-9.009444,2.47,0.62,175,12.98,,,Lib,B,,0
NGC5730,G,219.967333,42.742361,2.01,0.38,89,14.45,,,Boo,B,,0
NGC5731,G,220.038375,42.779556,1.5,0.37,115,14.1,,,Boo,B,,0
NGC5732,G,220.162292,38.637806,1.23,0.65,42,14.34,,,Boo,B,,0
NGC5733,G,220.691375,-0.351083,0.99,0.34,29,14.68,,,Vir,B,,0
NGC5734,G,221.287708,-20.870472,1.4,0.92,45,13.77,,,Lib,B,,0
NGC5735,G,220.6385,28.726444,2,1.47,51,13.36,,,Boo,V,,0
NGC5736,G,220.878375,11.202694,0.96,0.62,97,14.69,,,Boo,B,,0
NGC5737,G,220.79925,18.879944,1.14,0.78,177,14.58,,,Boo,B,,0
NGC5738,G,220.984875,1.604167,0.94,0.48,71,14.64,,,Vir,B,,0
NGC5739,G,220.620458,41.842333,1.75,1.26,44,13.27,,,Boo,B,,0
NGC5740,G,221.101875,1.679778,2.7,1.34,165,11.9,,,Vir,V,,0
NGC5741,G,221.4655,-11.914278,1.05,0.99,145,14.58,,,Lib,B,,0
NGC5742,G,221.403667,-11.809639,1.17,0.87,72,13.86,,,Lib,B,,0
NGC5743,G,221.295792,-20.9135,1.29,0.47,92,13.89,,,Lib,B,,0
NGC5744,G,221.661042,-18.513278,1.05,0.69,97,14.28,,,Lib,B,,0
NGC5745,GTrpl,221.259,-13.946222,1.62,0.81,79,14,,,Lib,B,,0
NGC5746,G,221.233,1.955,7.24,1.08,172,10.55,,,Vir,V,,0
NGC5747,GPair,221.086667,12.129722,1.3,,,,,,Boo,,,0
NGC5747 NED01,G,221.086667,12.128333,0.43,0.2,161,14.4,,,Boo,B,,0
NGC5747 NED02,G,221.086667,12.132,1,0.78,174,14.36,,,Boo,B,,0
NGC5748,G,221.271292,21.916222,0.96,0.63,150,15.28,,,Boo,B,,0
NGC5749,OCl,222.22475,-54.497694,7.2,,,8.8,,,Lup,V,,0
NGC5750,G,221.546333,-0.222944,2.65,1.37,70,11.69,,,Vir,V,,0
NGC5751,G,220.954917,53.400667,1.3,0.68,53,13.8,,,Boo,B,,0
NGC5752,G,221.309,38.728861,0.77,0.24,122,15.16,,,Boo,B,,0
NGC5753,G,221.328667,38.805889,0.54,0.43,156,15.96,,,Boo,B,,0
NGC5754,G,221.331875,38.731222,1.28,1.1,96,13.99,,,Boo,B,,0
NGC5755,G,221.352167,38.779889,0.46,0.31,103,14.89,,,Boo,B,,0
NGC5756,G,221.890542,-14.853583,2.95,1.13,52,12.28,,,Lib,V,,0
NGC5757,G,221.94325,-19.078556,2.09,1.39,178,13.6,,,Lib,V,,0
NGC5758,G,221.758667,13.668389,1.11,0.81,84,13.65,,,Boo,V,,0
NGC5759,GPair,221.810875,13.457944,1.1,0.51,138,14.9,,,Boo,B,,0
NGC5760,G,221.926083,18.502028,1.57,0.65,95,14.19,,,Boo,B,,0
NGC5761,G,222.285333,-20.376028,1.79,1.41,85,12.49,,,Lib,V,,0
NGC5762,G,222.177375,12.457222,1.34,0.97,141,14.17,,,Boo,B,,0
NGC5763,G,222.244667,12.490139,0.64,0.55,90,15.44,,,Boo,B,,0
NGC5764,OCl,223.384333,-52.670528,4.2,,,12.6,,,Lup,V,,0
NGC5765,GPair,222.7125,5.116944,1.2,,,,,,Vir,,,0
NGC5765A,G,222.71125,5.119444,0.8,0.35,96,14.6,,,Vir,V,,0
NGC5765B,G,222.714625,5.114472,0.81,0.56,144,14.52,,,Vir,B,,0
NGC5766,G,223.289833,-21.394111,0.96,0.63,145,14.21,,,Lib,B,,0
NGC5767,G,222.393458,47.376167,0.95,0.68,160,14.81,,,Boo,B,,0
NGC5768,G,223.033125,-2.52975,1.28,0.97,111,13.57,,,Lib,B,,0
NGC5769,G,223.173042,7.931806,0.98,0.79,102,14.88,,,Boo,B,,0
NGC5770,G,223.312583,3.959722,1.1,0.9,105,12.27,,,Vir,V,,0
NGC5771,G,223.059708,29.845417,0.86,0.75,168,14.78,,,Boo,B,,0
NGC5772,G,222.912,40.599167,1.38,0.52,32,13.71,,,Boo,B,,0
NGC5773,G,223.12675,29.807389,0.89,0.89,30,14.62,,,Boo,B,,0
NGC5774,G,223.426917,3.5825,1.7,1.06,123,12.24,,,Vir,V,,0
NGC5775,G,223.49,3.544444,3.7,0.85,148,11.43,,,Vir,V,,0
NGC5776,G,223.636458,2.966444,1.21,0.8,121,14.56,,,Vir,B,,0
NGC5777,G,222.824375,58.977944,2.96,0.42,145,14.03,,,Dra,B,,0
NGC5778,G,223.631208,18.642306,1.23,0.79,11,13.93,,,Boo,V,,0
NGC5779,G,223.039833,55.899444,0.73,0.69,50,15.53,,,Dra,B,,0
NGC5780,G,223.594458,28.939667,0.69,0.45,124,13.96,,,Boo,V,,0
NGC5781,G,224.17175,-17.243944,1.29,0.7,20,13.82,,,Lib,B,,0
NGC5782,G,223.980292,11.861528,0.95,0.84,153,14.76,,,Boo,B,,0
NGC5783,G,223.367958,52.076111,2.45,1.49,176,13.84,,,Boo,B,,0
NGC5784,G,223.568542,42.557917,1.48,1.36,65,13.65,,,Boo,B,,0
NGC5785,Dup,223.367958,52.076111,,,,,,,Boo,,,0
NGC5786,G,224.734417,-42.013361,2.4,1.32,79,11.89,,,Cen,V,,0
NGC5787,G,223.814917,42.506861,1.15,1.04,85,13.95,,,Boo,B,,0
NGC5788,G,223.320792,52.04425,0.73,0.59,33,15.6,,,Boo,B,,0
NGC5789,G,224.148,30.234028,1.15,1.03,92,13.84,,,Boo,B,,0
NGC5790,G,224.399208,8.285278,1.18,0.78,73,14.79,,,Boo,B,,0
NGC5791,G,224.692583,-19.266861,2.71,1.43,172,11.85,,,Lib,V,,0
NGC5792,G,224.594625,-1.091083,3.55,1.38,88,11.26,,,Lib,V,,0
NGC5793,G,224.853167,-16.693361,1.94,0.65,148,13.23,,,Lib,V,,0
NGC5794,G,223.973458,49.726083,1.07,0.91,143,14.32,,,Boo,B,,0
NGC5795,G,224.082833,49.400056,0.78,0.33,63,14.67,,,Boo,B,,0
NGC5796,G,224.850458,-16.623861,2.65,2.18,90,11.58,,,Lib,V,,0
NGC5797,G,224.100208,49.696167,1.58,1.01,108,13.51,,,Boo,B,,0
NGC5798,G,224.408208,29.9685,1.24,0.83,46,13.43,,,Boo,B,,0
NGC5799,G,226.396708,-72.432833,1.2,1.09,135,14.02,,,Aps,B,,0
NGC5800,OCl,225.449458,-51.918583,4.5,,,,,,Lup,,,0
NGC5801,G,225.108083,-13.904306,0.71,0.53,40,15.86,,,Lib,B,,0
NGC5802,G,225.125,-13.919028,1.29,0.81,101,15.3,,,Lib,B,,0
NGC5803,G,225.143917,-13.894528,0.67,0.5,111,15.78,,,Lib,B,,0
NGC5804,G,224.278333,49.669028,1.17,1.05,5,15.94,,,Boo,V,,0
NGC5805,GPair,224.299583,49.627778,0.7,,,,,,Boo,,,0
NGC5805 NED01,G,224.298417,49.629,0.66,0.41,148,15.91,,,Boo,B,,0
NGC5805 NED02,G,224.300542,49.626889,0.38,0.38,166,17.58,,,Boo,B,,0
NGC5806,G,225.001667,1.891306,3.03,1.63,172,11.65,,,Vir,V,,0
NGC5807,G,223.952792,63.903472,0.78,0.65,83,15.25,,,Dra,B,,0
NGC5808,G,223.511708,73.131694,0.95,0.78,88,14.25,,,UMi,B,,0
NGC5809,G,225.218042,-14.165194,1.65,0.6,150,14.42,,,Lib,B,,0
NGC5810,G,225.678042,-17.868,0.98,0.52,17,14.02,,,Lib,B,,0
NGC5811,GPair,225.112083,1.623889,1.02,0.91,96,14.8,,,Vir,B,,0
NGC5812,G,225.232083,-7.457361,2.66,2.29,73,11.23,,,Lib,V,,0
NGC5813,G,225.296792,1.701972,4.13,2.7,143,10.53,,,Vir,V,,0
NGC5814,G,225.338125,1.637083,0.82,0.56,40,14.51,,,Vir,B,,0
NGC5815,G,225.122042,-16.834306,0.78,0.26,5,14.43,,,Lib,B,,0
NGC5816,G,225.02025,-16.093639,0.95,0.66,103,15.62,,,Lib,B,,0
NGC5817,G,224.920208,-16.180361,1.04,0.85,15,15.4,,,Lib,B,,0
NGC5818,G,224.743292,49.821417,0.99,0.77,152,14.76,,,Boo,B,,0
NGC5819,Dup,223.511708,73.131694,,,,,,,UMi,,,0
NGC5820,G,224.665917,53.886083,1.66,1.13,94,12.24,,,Boo,V,,0
NGC5821,G,224.748583,53.923278,1.49,0.79,146,14.71,,,Boo,B,,0
NGC5822,OCl,226.088542,-54.396417,18,,,6.5,,,Lup,V,,0
NGC5823,OCl,226.377625,-55.60375,3.9,,,7.9,,,Cir,V,,0
NGC5824,GCl,225.994333,-33.068139,5.1,,,9.56,,,Lup,V,,0
NGC5825,Dup,223.631208,18.642306,,,,,,,Boo,,,0
NGC5826,G,226.641,55.479111,1.39,1.04,26,15.11,,,Dra,B,,0
NGC5827,G,225.473875,25.964528,1.04,0.75,131,13.72,,,Boo,B,,0
NGC5828,G,225.192125,49.993667,0.84,0.29,46,14.35,,,Boo,B,,0
NGC5829,G,225.675042,23.333611,1.42,1.08,41,13.47,,,Boo,V,,0
NGC5830,G,225.462125,47.875389,0.9,0.48,172,14.99,,,Boo,B,,0
NGC5831,G,226.029167,1.219917,2.24,1.98,130,11.46,,,Vir,V,,0
NGC5832,G,224.440458,71.682333,1.86,0.78,42,12.26,,,UMi,V,,0
NGC5833,G,227.973542,-72.859417,3.1,0.98,129,11.93,,,Aps,V,,0
NGC5834,Dup,225.994333,-33.068139,,,,,,,Lup,,,0
NGC5835,G,225.605708,48.877694,1.13,0.78,163,15.48,,,Boo,B,,0
NGC5836,G,224.879125,73.893222,1.16,0.93,38,14.84,,,UMi,B,,0
NGC5837,G,226.169083,12.633444,1,0.62,23,14.4,,,Boo,B,,0
NGC5838,G,226.359417,2.099333,3.86,1.29,40,10.81,,,Vir,V,,0
NGC5839,G,226.364542,1.634806,1.44,1.29,103,12.19,,,Vir,V,,0
NGC5840,Other,226.085625,29.506028,,,,,,,Boo,,,0
NGC5841,G,226.646,2.004806,1.19,0.49,150,14.5,,,Vir,B,,0
NGC5842,G,226.216625,21.069444,0.52,0.5,50,15.26,,,Boo,B,,0
NGC5843,G,226.866208,-36.327417,1.96,1.24,68,13.13,,,Lup,B,,0
NGC5844,PN,227.670625,-64.673667,0.88,,,13.2,,,TrA,B,,0
NGC5845,G,226.503375,1.633806,1,0.71,152,11.4,,,Vir,V,,0
NGC5846,G,226.622,1.605611,4.27,4.05,35,10.18,,,Vir,V,,0
NGC5846A,G,226.621667,1.594861,3.16,2.22,112,13.37,,,Vir,V,,0
NGC5847,G,226.592792,6.379889,0.7,0.47,153,15.17,,,Vir,B,,0
NGC5848,Dup,226.646,2.004806,,,,,,,Vir,,,0
NGC5849,G,226.711208,-14.571833,1.05,0.78,35,15.74,,,Lib,B,,0
NGC5850,G,226.782042,1.54425,3.35,2.37,119,11,,,Vir,V,,0
NGC5851,G,226.722583,12.858861,1.07,0.38,44,15,,,Boo,V,,0
NGC5852,G,226.735042,12.846833,1.1,0.71,127,14.59,,,Boo,B,,0
NGC5853,G,226.472042,39.522194,1.1,0.65,140,14.59,,,Boo,B,,0
NGC5854,G,226.94875,2.568639,3.02,0.71,55,11.8,,,Vir,V,,0
NGC5855,G,226.954333,3.984167,0.83,0.61,62,15.34,,,Vir,B,,0
NGC5856,**,226.834292,18.442444,,,,6.03,,,Boo,V,,0
NGC5857,G,226.863792,19.597639,1.14,0.57,137,13.09,,,Boo,V,,0
NGC5858,G,227.20475,-11.207833,2.16,1.19,140,14.12,,,Lib,B,,0
NGC5859,G,226.89475,19.582306,2.55,0.63,134,12.43,,,Boo,V,,0
NGC5860,GPair,226.640833,42.641389,0.8,,,,,,Boo,,,0
NGC5860 NED01,G,226.640083,42.640361,1.07,0.95,79,14.26,,,Boo,B,,0
NGC5860 NED02,G,226.640833,42.642806,0.28,0.28,25,15.19,,,Boo,B,,0
NGC5861,G,227.317042,-11.321667,2.78,1.11,149,11.69,,,Lib,V,,0
NGC5862,G,226.513792,55.573861,0.77,0.51,35,15.56,,,Dra,B,,0
NGC5863,G,227.7015,-18.431028,1.45,1.16,27,13.23,,,Lib,B,,0
NGC5864,G,227.389833,3.05275,2.49,0.77,67,12.72,,,Vir,B,,0
NGC5865,G,227.454917,0.529833,1.25,1.03,165,14.77,,,Vir,B,,0
NGC5866,G,226.622917,55.763222,6.31,2.72,126,9.89,,,Dra,V,,0
NGC5866B,G,228.030125,55.785083,2.33,1.66,16,15.43,,,Dra,B,,0
NGC5867,G,226.601333,55.731583,0.44,0.36,58,16.77,,,Dra,B,,0
NGC5868,Dup,227.454917,0.529833,,,,,,,Vir,,,0
NGC5869,G,227.456,0.470028,2.17,1.39,114,12.19,,,Vir,V,,0
NGC5870,Dup,226.641,55.479111,,,,,,,Dra,,,0
NGC5871,*,227.519958,0.498,,,,,,,Vir,,,0
NGC5872,G,227.731917,-11.480139,1.77,0.96,10,14.21,,,Lib,B,,0
NGC5873,PN,228.211667,-38.125556,0.12,,,11,,,Lup,V,,0
NGC5874,G,226.965958,54.752778,2.38,1.56,51,12.49,,,Boo,V,,0
NGC5875,G,227.304833,52.528444,2.42,1.08,143,13.34,,,Boo,B,,0
NGC5876,G,227.3815,54.5065,2.46,1.16,48,13.71,,,Boo,B,,0
NGC5877,**,228.221125,-4.927222,,,,,,,Lib,,,0
NGC5878,G,228.440458,-14.269833,3.27,1.21,6,11.67,,,Lib,V,,0
NGC5879,G,227.444708,57.000194,3.79,1.42,1,11.47,,,Dra,V,,0
NGC5880,G,228.75475,-14.579028,0.87,0.67,145,15.04,,,Lib,B,,0
NGC5881,G,226.58675,62.980972,0.81,0.58,61,14.06,,,Dra,B,,0
NGC5882,PN,229.208333,-45.649306,0.23,,,10.18,,,Lup,V,,0
NGC5883,G,228.792417,-14.617056,1.29,0.85,122,14.54,,,Lib,B,,0
NGC5884,**,228.288042,31.861056,,,,,,,Boo,,,0
NGC5885,G,228.767333,-10.086,3.07,2.59,58,11.7,,,Lib,V,,0
NGC5886,G,228.189333,41.233583,0.86,0.6,92,14.87,,,Boo,B,,0
NGC5887,G,228.68325,1.15425,1.38,1.08,166,14.87,,,Se1,B,,0
NGC5888,G,228.280708,41.264639,1.33,0.81,157,14.17,,,Boo,B,,0
NGC5889,G,228.315625,41.327972,0.7,0.27,40,15.93,,,Boo,B,,0
NGC5890,G,229.463208,-17.589194,1.56,1.08,85,14.22,,,Lib,B,,0
NGC5891,G,229.055833,-11.49425,0.83,0.54,140,14.59,,,Lib,B,,0
NGC5892,G,228.450875,-15.463889,3.05,2.39,165,12.17,,,Lib,V,,0
NGC5893,G,228.392375,41.958806,1.05,0.97,20,14.07,,,Boo,B,,0
NGC5894,G,227.92075,59.808944,2.98,0.47,14,13.22,,,Dra,B,,0
NGC5895,G,228.458333,42.008083,0.87,0.23,23,15.2,,,Boo,B,,0
NGC5896,G,228.461167,42.024278,0.29,0.26,65,15.38,,,Boo,B,,0
NGC5897,GCl,229.351667,-21.010111,9.9,,,8.52,,,Lib,V,,0
NGC5898,G,229.5565,-24.097944,2.66,2.37,51,11.38,,,Lib,V,,0
NGC5899,G,228.763417,42.049833,2.1,0.85,21,12.28,,,Boo,V,,0
NGC5900,G,228.7715,42.209417,1.49,0.54,130,13.39,,,Boo,V,,0
NGC5901,*,228.760833,42.228056,,,,,,,Boo,,,0
NGC5902,G,228.593333,50.329667,1.26,1.11,100,14.72,,,Boo,B,,0
NGC5903,G,229.652208,-24.068583,3,2.23,164,11.27,,,Lib,V,,0
NGC5904,GCl,229.640625,2.082694,15,,,5.95,5,,Se1,V,,0
NGC5905,G,228.847167,55.517361,3.22,2.6,131,12.5,,,Dra,V,,0
NGC5906,Dup,228.974042,56.328778,,,,,,,Dra,,,0
NGC5907,G,228.974042,56.328778,11.3,1.75,156,10.37,,,Dra,V,,0
NGC5908,G,229.180083,55.40925,3.37,1.61,153,11.89,,,Dra,V,,0
NGC5909,G,227.866792,75.383806,1,0.56,53,13.58,,,UMi,V,,0
NGC5910,GTrpl,229.854583,20.895,1.1,,,,,,Se1,,,0
NGC5910 NED01,G,229.851083,20.890806,0.74,0.56,119,15.62,,,Se1,B,,0
NGC5910 NED02,G,229.853083,20.896361,1.15,0.47,110,14.59,,,Se1,B,,0
NGC5910 NED03,G,229.857625,20.899528,0.55,0.36,121,16.55,,,Se1,B,,0
NGC5911,G,230.075917,3.518333,1.09,0.69,44,14.59,,,Se1,B,,0
NGC5912,G,227.920417,75.384806,1.04,0.91,100,12.98,,,UMi,V,,0
NGC5913,G,230.231,-2.577944,1.85,0.75,173,14.18,,,Se1,B,,0
NGC5914,G,229.682583,41.865472,0.92,0.36,156,14.51,,,Boo,B,,0
NGC5914B,G,229.688792,41.890806,0.5,0.43,26,15.31,,,Boo,B,,0
NGC5915,G,230.387833,-13.09175,1.67,1.23,125,12.41,,,Lib,V,,0
NGC5916,G,230.408,-13.169278,3.09,0.7,21,13.48,,,Lib,B,,0
NGC5916A,G,230.307667,-13.100611,1.38,0.44,145,14.56,,,Lib,B,,0
NGC5917,G,230.385708,-7.377167,1.68,1.05,90,13.81,,,Lib,B,,0
NGC5918,G,229.85525,45.88025,2.01,0.84,85,13.91,,,Boo,B,,0
NGC5919,G,230.403667,7.719306,1,0.59,103,14.44,,,Se1,V,,0
NGC5920,G,230.466042,7.708806,1.28,0.7,100,13.77,,,Se1,V,,0
NGC5921,G,230.485667,5.070528,3.02,2.03,137,11.02,,,Se1,V,,0
NGC5922,Dup,230.309333,41.725944,,,,,,,Boo,,,0
NGC5923,G,230.309333,41.725944,1.33,1.22,45,13.13,,,Boo,V,,0
NGC5924,G,230.50825,31.233083,0.65,0.33,16,15.34,,,CrB,B,,0
NGC5925,OCl,231.86175,-54.528778,4.8,,,8.4,,,Nor,V,,0
NGC5926,G,230.85375,12.715278,0.91,0.91,20,14.71,,,Se1,B,,0
NGC5927,GCl,232.001792,-50.672778,6.6,,,8.86,,,Lup,V,,0
NGC5928,G,231.512,18.073639,1.64,1.08,103,13.68,,,Se1,B,,0
NGC5929,G,231.525667,41.670667,0.9,0.83,45,14,,,Boo,V,,0
NGC5930,G,231.533083,41.676056,1.85,0.79,173,12.53,,,Boo,V,,0
NGC5931,G,232.373458,7.57325,1.58,0.93,40,14.49,,,Se1,B,,0
NGC5932,G,231.700875,48.614972,1.1,1.06,160,14.82,,,Boo,B,,0
NGC5933,G,231.756542,48.613306,0.82,0.59,26,15.6,,,Boo,B,,0
NGC5934,G,232.05325,42.929917,0.61,0.29,5,14.44,,,Boo,B,,0
NGC5935,G,232.069625,42.944111,0.85,0.4,37,14.85,,,Boo,B,,0
NGC5936,G,232.503458,12.989333,1.18,1.12,60,12.46,,,Se1,V,,0
NGC5937,G,232.692208,-2.8295,1.89,1.08,175,13.08,,,Se1,B,,0
NGC5938,G,234.109458,-66.85975,2.31,1.59,15,11.49,,,TrA,V,,0
NGC5939,G,231.191792,68.730639,0.82,0.43,33,13.66,,,UMi,B,,0
NGC5940,G,232.825292,7.45775,0.78,0.74,170,14.9,,,Se1,V,,0
NGC5941,G,232.917667,7.339,0.9,0.71,55,14.91,,,Se1,B,,0
NGC5942,G,232.903417,7.312417,0.71,0.67,80,15.27,,,Se1,B,,0
NGC5943,G,232.433833,42.777972,1.24,1.11,170,14.45,,,Boo,B,,0
NGC5944,G,232.948333,7.308139,0.86,0.21,112,15.87,,,Se1,B,,0
NGC5945,G,232.437583,42.918667,1.66,0.72,20,14.16,,,Boo,B,,0
NGC5946,GCl,233.869042,-50.659722,3.6,,,10.72,,,Nor,V,,0
NGC5947,G,232.6525,42.717139,1.17,0.82,45,14.58,,,Boo,B,,0
NGC5948,**,233.244333,3.982833,,,,,,,Se1,,,0
NGC5949,G,232.002792,64.763194,1.84,0.76,148,12.75,,,Dra,B,,0
NGC5950,G,232.878292,40.430028,1.25,0.63,38,14.55,,,Boo,B,,0
NGC5951,G,233.429417,15.007278,3.03,0.66,4,13.67,,,Se1,B,,0
NGC5952,G,233.735167,4.958833,0.56,0.43,131,15.77,,,Se1,B,,0
NGC5953,G,233.634917,15.193778,1.47,1.12,50,12.45,,,Se1,V,,0
NGC5954,G,233.645917,15.200056,1.02,0.48,19,12.81,,,Se1,B,,0
NGC5955,G,233.802,5.063,0.72,0.5,31,15.24,,,Se1,B,,0
NGC5956,G,233.743917,11.750278,1.49,1.49,30,13.27,,,Se1,B,,0
NGC5957,G,233.846708,12.047611,2.44,2.34,95,12.25,,,Se1,V,,0
NGC5958,G,233.704792,28.65525,1.07,1,175,13.25,,,CrB,B,,0
NGC5959,G,234.343458,-16.595778,2.09,1.44,1,14.79,,,Lib,B,,0
NGC5960,G,234.076792,5.665361,0.88,0.71,99,14.88,,,Se1,B,,0
NGC5961,G,233.818,30.864167,0.81,0.33,103,13.78,,,CrB,V,,0
NGC5962,G,234.132,16.607778,2.48,1.61,108,11.5,,,Se1,V,,0
NGC5963,G,233.366083,56.559694,3.14,2.47,58,12.12,,,Dra,V,,0
NGC5964,G,234.400917,5.974028,3.42,2.56,147,11.82,,,Se1,V,,0
NGC5965,G,233.51025,56.685611,5.08,0.78,52,11.78,,,Dra,V,,0
NGC5966,G,233.96725,39.768944,1.53,0.98,88,12.22,,,Boo,V,,0
NGC5967,G,237.066375,-75.672944,2.37,1.55,90,12.2,,,Aps,V,,0
NGC5967A,G,236.744667,-75.787444,1.5,1.14,36,14.15,,,Aps,B,,0
NGC5968,G,234.988208,-30.552778,2.29,2.13,20,12.23,,,Lup,V,,0
NGC5969,G,233.712583,56.451083,0.79,0.65,160,15.15,,,Dra,B,,0
NGC5970,G,234.624875,12.186611,2.77,1.91,88,11.61,,,Se1,V,,0
NGC5971,G,233.903708,56.461694,1.25,0.53,132,14.72,,,Dra,B,,0
NGC5972,G,234.725708,17.026194,0.7,0.57,10,14.27,,,Se1,V,,0
NGC5973,G,235.064458,-8.600944,0.92,0.26,138,15.16,,,Lib,B,,0
NGC5974,G,234.760083,31.759917,0.58,0.33,111,14.16,,,CrB,V,,0
NGC5975,G,234.991542,21.470806,0.93,0.24,171,14.56,,,Se1,B,,0
NGC5976,G,234.199875,59.39775,0.98,0.33,125,14.77,,,Dra,V,,0
NGC5977,G,235.139375,17.127972,0.91,0.82,80,15.24,,,Se1,B,,0
NGC5978,G,235.613417,-13.234444,0.81,0.74,135,15.55,,,Lib,B,,0
NGC5979,PN,236.921083,-61.217861,0.13,,,11.5,,,TrA,V,,0
NGC5980,G,235.376667,15.787667,1.63,0.52,14,13.21,,,Se1,B,,0
NGC5981,G,234.472708,59.39175,2.73,0.37,139,12.93,,,Dra,V,,0
NGC5982,G,234.665958,59.355833,3.07,2,110,11.07,,,Dra,V,,0
NGC5983,G,235.690125,8.241111,0.97,0.92,55,15.03,,,Se1,B,,0
NGC5984,G,235.721542,14.231472,2.48,0.57,144,13.28,,,Se1,B,,0
NGC5985,G,234.904542,59.331944,3.98,2.01,15,11.81,,,Dra,V,,0
NGC5986,GCl,236.514333,-37.786139,5.4,,,6.92,,,Lup,V,,0
NGC5987,G,234.989042,58.079528,3.84,1.32,60,11.72,,,Dra,V,,0
NGC5988,G,236.141083,10.293139,1.12,0.77,110,15.01,,,Se1,B,,0
NGC5989,G,235.386667,59.755222,0.88,0.82,130,13.56,,,Dra,B,,0
NGC5990,G,236.568167,2.415417,1.59,0.95,107,13.3,,,Se1,V,,0
NGC5991,G,236.319917,24.630528,1,0.78,129,14.42,,,Se1,B,,0
NGC5992,G,236.089625,41.086361,0.69,0.47,156,13.97,,,Boo,V,,0
NGC5993,G,236.115083,41.120806,0.95,0.6,140,13.51,,,Boo,V,,0
NGC5994,G,236.721917,17.872611,0.6,0.3,93,15.6,,,Se1,B,,0
NGC5995,G,237.103958,-13.757778,1.02,0.79,147,13.69,,,Lib,V,,0
NGC5996,G,236.745333,17.884194,1.5,0.68,1,12.79,,,Se1,V,,0
NGC5997,G,236.865292,8.321194,0.68,0.3,87,15.61,,,Se1,B,,0
NGC5998,OCl,237.409208,-28.578222,5.4,,,,,,Sco,,,0
NGC5999,OCl,238.035958,-56.472806,3.3,,,9,,,Nor,V,,0
NGC6000,G,237.456458,-29.386833,1.91,1.66,159,13,,,Sco,V,,0
NGC6001,G,236.9415,28.641694,1.06,0.95,163,14.26,,,CrB,B,,0
NGC6002,*,236.934958,28.609694,,,,,,,CrB,,,0
NGC6003,G,237.356833,19.032083,0.97,0.87,101,13.36,,,Se1,V,,0
NGC6004,G,237.594667,18.939278,1.89,1.49,95,13.37,,,Se1,B,,0
NGC6005,OCl,238.952917,-57.437389,4.2,,,10.7,,,Nor,V,,0
NGC6006,G,238.260708,12.005361,0.71,0.42,157,15.51,,,Se1,B,,0
NGC6007,G,238.346583,11.959194,1.55,1.19,53,13.2,,,Se1,V,,0
NGC6008,G,238.233458,21.1005,1.16,0.89,94,14.09,,,Se1,B,,0
NGC6009,G,238.350333,12.058667,0.66,0.26,167,15.63,,,Se1,B,,0
NGC6010,G,238.579792,0.543056,1.82,0.4,100,13.17,,,Se1,B,,0
NGC6011,G,236.637042,72.169222,1.77,0.48,108,14.4,,,UMi,B,,0
NGC6012,G,238.558083,14.60125,1.77,1.27,164,11.96,,,Se1,V,,0
NGC6013,G,238.220167,40.646722,1.44,0.76,174,13.63,,,Her,V,,0
NGC6014,G,238.989167,5.931889,1.75,1.42,20,13.71,,,Se1,B,,0
NGC6015,G,237.855125,62.310028,5.81,2.57,28,11.17,,,Dra,V,,0
NGC6016,G,238.978625,26.9665,0.98,0.48,25,15,,,CrB,B,,0
NGC6017,G,239.314333,5.998389,0.8,0.75,140,13.8,,,Se1,B,,0
NGC6018,G,239.374042,15.872611,1.32,0.62,67,13.44,,,Se1,V,,0
NGC6019,G,238.038083,64.840667,0.43,0.39,135,15.72,,,Dra,B,,0
NGC6020,G,239.283917,22.404583,1.74,1.1,136,12.73,,,Se1,V,,0
NGC6021,G,239.377875,15.956056,1.55,0.91,158,13.03,,,Se1,V,,0
NGC6022,G,239.449042,16.282306,0.8,0.57,62,14.72,,,Se1,V,,0
NGC6023,G,239.45675,16.310194,1.61,1.16,67,13.13,,,Se1,V,,0
NGC6024,G,238.282792,64.918056,0.98,0.73,130,15.02,,,Dra,B,,0
NGC6025,OCl,240.824125,-60.431361,11.4,,,5.1,,,TrA,V,,0
NGC6026,PN,240.337125,-34.544222,0.67,,,12.9,,,Lup,V,,0
NGC6027,G,239.80225,20.763361,1.64,1.02,18,15.28,,,Se1,B,,0
NGC6027A,G,239.796417,20.754861,1.79,1.73,75,14.79,,,Se1,B,,0
NGC6027B,G,239.795125,20.762194,0.91,0.41,,15.23,,,Se1,B,,0
NGC6027C,G,239.799458,20.747611,1.1,0.22,174,16.58,,,Se1,B,,0
NGC6027D,G,239.80375,20.759917,0.3,0.26,110,16.45,,,Se1,B,,0
NGC6027E,G,239.810333,20.765917,2.28,1.29,81,14.39,,,Se1,B,,0
NGC6028,G,240.370667,19.359889,1.31,1.18,54,13.48,,,Her,V,,0
NGC6029,G,240.495292,12.574,0.8,0.45,14,15.75,,,Se1,B,,0
NGC6030,G,240.46425,17.9575,1.29,0.94,43,12.93,,,Her,V,,0
NGC6031,OCl,241.897417,-54.014944,4.8,,,8.5,,,Nor,V,,0
NGC6032,G,240.754667,20.955944,0.83,0.51,1,13.56,,,Her,V,,0
NGC6033,G,241.116583,-2.120972,1,0.91,144,14.93,,,Se1,B,,0
NGC6034,G,240.883667,17.198694,1.15,0.83,64,13.53,,,Her,V,,0
NGC6035,G,240.85075,20.89125,0.97,0.85,137,13.5,,,Her,V,,0
NGC6036,G,241.128125,3.868472,1.04,0.39,146,13.87,,,Se1,B,,0
NGC6037,G,241.124583,3.815139,0.75,0.67,64,15.34,,,Se1,B,,0
NGC6038,G,240.668958,37.3595,1.21,1.05,63,14.32,,,CrB,B,,0
NGC6039,G,241.164875,17.700861,1,0.81,46,14.1,,,Her,V,,0
NGC6040,GPair,241.110958,17.745139,1.41,0.44,47,14.6,,,Her,B,,0
NGC6041,GPair,241.147,17.71925,1.48,1.17,44,14.9,,,Her,B,,0
NGC6042,Dup,241.164875,17.700861,,,,,,,Her,,,0
NGC6043,GPair,241.255,17.773889,0.74,0.5,35,15.4,,,Her,B,,0
NGC6044,G,241.248667,17.870361,0.65,0.6,150,14.3,,,Her,V,,0
NGC6045,G,241.282875,17.757667,1.4,0.32,78,13.97,,,Her,V,,0
NGC6046,Dup,240.370667,19.359889,,,,,,,Her,,,0
NGC6047,G,241.287458,17.729889,1.18,0.73,117,13.49,,,Her,V,,0
NGC6048,G,239.376042,70.689111,1.95,1.32,137,13.54,,,UMi,B,,0
NGC6049,*,241.408042,8.09625,,,,6.27,,,Se1,V,,0
NGC6050,G,241.347375,17.757167,0.86,0.57,114,14.71,,,Her,V,,0
NGC6050B,G,241.342583,17.754194,0.62,0.42,9,15.43,,,Her,V,,0
NGC6051,G,241.236125,23.932694,2.69,0.79,166,13.02,,,Se1,V,,0
NGC6052,GPair,241.304125,20.542361,1.2,,,,,,Her,,,0
NGC6052 NED01,G,241.303625,20.542389,0.83,0.65,5,13.18,,,Her,V,,0
NGC6052 NED02,G,241.305125,20.542417,0.69,0.3,2,15.3,,,Her,B,,0
NGC6053,Dup,241.385667,18.159583,,,,,,,Her,,,0
NGC6054,G,241.408958,17.767889,0.83,0.48,71,14.18,,,Her,V,,0
NGC6055,G,241.415208,18.164361,0.68,0.52,135,14.62,,,Her,V,,0
NGC6056,G,241.380333,17.963639,0.98,0.59,56,13.89,,,Her,V,,0
NGC6057,G,241.385667,18.159583,1.22,0.69,41,13.84,,,Her,V,,0
NGC6058,PN,241.110583,40.683056,0.38,,,12.9,,,Her,V,,0
NGC6059,**,241.7,-6.393056,,,,,,,Oph,,,0
NGC6060,G,241.466583,21.484972,1.89,1.02,103,14.08,,,Her,B,,0
NGC6061,G,241.566792,18.249944,1.13,0.95,94,13.64,,,Her,V,,0
NGC6062,G,241.595083,19.777972,1.19,0.79,21,13.7,,,Her,V,,0
NGC6062B,G,241.579042,19.76325,0.54,0.49,150,16.19,,,Her,B,,0
NGC6063,G,241.804125,7.979,1.63,0.85,157,13.95,,,Se1,B,,0
NGC6064,Dup,241.304125,20.542361,,,,,,,Her,,,0
NGC6065,G,241.845667,13.887917,0.98,0.94,150,14.86,,,Se1,B,,0
NGC6066,G,241.897292,13.943722,1,0.77,112,15.05,,,Se1,B,,0
NGC6067,OCl,243.296042,-54.218944,8.1,,,5.6,,,Nor,V,,0
NGC6068,G,238.858292,78.996778,1.29,0.79,158,12.34,,,UMi,V,,0
NGC6068A,G,238.697958,78.985111,0.94,0.35,1,14.1,,,UMi,V,,0
NGC6069,G,241.9235,38.93075,1.09,1.02,140,15.06,,,CrB,B,,0
NGC6070,G,242.494542,0.709306,3.49,1.84,63,11.75,,,Se1,V,,0
NGC6071,G,240.529292,70.417028,0.75,0.56,105,14.72,,,UMi,B,,0
NGC6072,PN,243.2425,-36.23,1.17,,,11.7,,,Sco,V,,0
NGC6073,G,242.545208,16.699611,1.31,0.65,127,13.55,,,Her,V,,0
NGC6074,GPair,242.820833,14.256944,0.8,,,,,,Her,,,0
NGC6074 NED01,G,242.819833,14.255028,0.46,0.36,45,15.61,,,Her,B,,0
NGC6074 NED02,G,242.82175,14.25875,0.85,0.71,0,15.08,,,Her,B,,0
NGC6075,G,242.844125,23.965,1.03,0.8,93,14.95,,,Her,B,,0
NGC6076,GPair,242.805833,26.8725,0.8,,,,,,CrB,,,0
NGC6076 NED01,G,242.804208,26.872028,1,0.46,62,15.31,,,CrB,B,,0
NGC6076 NED02,G,242.8075,26.873333,0.57,0.53,48,15.4,,,CrB,B,,0
NGC6077,G,242.808833,26.923417,1.16,1.09,45,14.84,,,CrB,B,,0
NGC6078,G,243.022708,14.208778,0.93,0.48,15,14.43,,,Her,B,,0
NGC6079,G,241.121708,69.665778,1.37,0.94,150,13.86,,,UMi,B,,0
NGC6080,GPair,243.245833,2.179167,1.3,,,,,,Se1,,,0
NGC6080 NED01,G,243.244333,2.177278,1.23,1.17,30,14.24,,,Se1,B,,0
NGC6080 NED02,G,243.24775,2.181056,1.2,0.66,179,15.58,,,Se1,B,,0
NGC6081,G,243.236917,9.867111,1.55,0.56,131,14.33,,,Her,B,,0
NGC6082,Other,243.864833,-34.23275,,,,,,,Sco,,,0
NGC6083,G,243.30275,14.185417,0.79,0.56,33,15.44,,,Her,B,,0
NGC6084,G,243.569667,17.757444,1.24,0.79,29,13.89,,,Her,V,,0
NGC6085,G,243.14675,29.365083,1.31,1.09,161,14.48,,,CrB,B,,0
NGC6086,G,243.148042,29.484778,1.9,1.23,2,12.8,,,CrB,V,,0
NGC6087,OCl,244.71075,-57.934583,10.2,,,5.4,,,Nor,V,S Nor Cluster,0
NGC6088,GPair,242.68125,57.464167,1.1,,,,,,Dra,,,0
NGC6088 NED01,G,242.677625,57.466528,1.07,0.62,170,13.8,,,Dra,B,,0
NGC6088 NED02,G,242.684917,57.462139,0.78,0.72,96,14.1,,,Dra,B,,0
NGC6089,GPair,243.169583,33.036389,1.1,,,,,,CrB,,,0
NGC6089 NED01,G,243.167292,33.034889,0.85,0.68,17,14.81,,,CrB,B,,0
NGC6089 NED02,G,243.17225,33.037722,1.41,0.71,45,15.49,,,CrB,B,,0
NGC6090,GPair,242.919583,52.456667,0.8,,,,,,Dra,,,0
NGC6090 NED01,G,242.918042,52.456583,0.85,0.74,96,14.69,,,Dra,B,,0
NGC6090 NED02,G,242.920083,52.457472,0.44,0.19,,14.53,,,Dra,B,,0
NGC6091,G,241.970792,69.904778,0.93,0.66,113,14.77,,,UMi,B,,0
NGC6092,**,243.519167,28.125611,,,,,,,CrB,,,0
NGC6093,GCl,244.260458,-22.975111,5.7,,,7.3,80,,Sco,V,,0
NGC6094,G,241.64125,72.494389,1.85,1.38,113,14.42,,,UMi,B,,0
NGC6095,G,242.795708,61.267972,1.9,1.25,154,12.65,,,Dra,V,,0
NGC6096,G,243.694583,26.558833,0.99,0.5,124,15.4,,,CrB,B,,0
NGC6097,G,243.609042,35.109167,1.12,0.59,159,14.65,,,CrB,B,,0
NGC6098,G,243.892417,19.461972,1.56,1.1,154,14.41,,,Her,B,,0
NGC6099,G,243.898167,19.453389,1.42,0.97,139,14.94,,,Her,B,,0
NGC6100,G,244.218208,0.841306,1.42,0.99,112,14.62,,,Se1,B,,0
NGC6101,GCl,246.452375,-72.201556,4.5,,,10.08,,,Aps,V,,0
NGC6102,G,243.903833,28.158583,0.78,0.57,68,15.3,,,CrB,B,,0
NGC6103,G,243.935917,31.963944,0.72,0.45,77,14.44,,,CrB,B,,0
NGC6104,G,244.127875,35.708056,0.87,0.69,62,13.62,,,CrB,V,,0
NGC6105,G,244.288792,34.878889,0.71,0.57,110,15.47,,,CrB,B,,0
NGC6106,G,244.696542,7.410889,2.19,1.18,139,12.2,,,Her,V,,0
NGC6107,G,244.333875,34.901944,1.59,1.02,36,13.76,,,CrB,V,,0
NGC6108,G,244.356792,35.135722,0.95,0.64,105,15.05,,,CrB,B,,0
NGC6109,G,244.418833,35.004278,1.02,0.97,85,12.81,,,CrB,V,,0
NGC6110,G,244.433208,35.086972,0.69,0.33,105,15.57,,,CrB,B,,0
NGC6111,GPair,243.595,63.261111,0.85,0.72,12,15.2,,,Dra,B,,0
NGC6112,G,244.502333,35.110278,0.78,0.73,135,14.87,,,CrB,B,,0
NGC6113,G,244.793917,14.133639,1.23,0.58,153,14.6,,,Her,B,,0
NGC6114,G,244.598458,35.174306,0.93,0.53,112,15.1,,,CrB,B,,0
NGC6115,OCl,246.109917,-51.94825,4.5,,,9.8,,,Nor,V,,0
NGC6116,G,244.7275,35.153972,0.94,0.58,15,15.08,,,CrB,B,,0
NGC6117,G,244.825667,37.095222,1.05,0.87,84,14.57,,,CrB,B,,0
NGC6118,G,245.452583,-2.283444,4.45,1.78,59,11.71,,,Se1,V,,0
NGC6119,G,244.924875,37.806306,0.6,0.46,73,15.39,,,CrB,B,,0
NGC6120,G,244.950417,37.774472,0.48,0.37,35,14.31,,,CrB,B,,0
NGC6121,GCl,245.8975,-26.525528,28.2,,,5.4,4,,Sco,V,,0
NGC6122,G,245.039708,37.798222,1.1,0.25,160,15.54,,,CrB,B,,0
NGC6123,G,244.33225,61.939111,0.91,0.32,4,14.36,,,Dra,B,,0
NGC6124,OCl,246.333583,-40.653694,13.5,,,5.8,,,Sco,V,,0
NGC6125,G,244.798125,57.984222,1.38,1.38,40,12,,,Dra,V,,0
NGC6126,G,245.366375,36.376639,0.93,0.77,22,13.62,,,CrB,V,,0
NGC6127,Dup,244.798125,57.984222,,,,,,,Dra,,,0
NGC6128,Dup,244.798125,57.984222,,,,,,,Dra,,,0
NGC6129,G,245.430292,37.996028,0.93,0.84,120,14.69,,,CrB,B,,0
NGC6130,G,244.889333,57.614972,1.22,0.78,32,14.25,,,Dra,B,,0
NGC6131,G,245.467708,38.932444,1.08,1.04,25,13.28,,,CrB,V,,0
NGC6132,G,245.911833,11.78625,1.28,0.43,127,14.71,,,Her,B,,0
NGC6133,Other,245.071708,56.652417,,,,,,,Dra,,,0
NGC6134,OCl,246.94375,-49.151167,6.9,,,7.2,,,Nor,V,,0
NGC6135,G,243.603667,64.98275,1.01,0.35,45,14.71,,,Dra,B,,0
NGC6136,G,245.247583,55.9705,0.91,0.49,94,15.37,,,Dra,B,,0
NGC6137,G,245.762917,37.922361,1.78,0.92,180,12.45,,,CrB,V,,0
NGC6138,Dup,260.66675,41.101694,,,,,,,Her,,,0
NGC6139,GCl,246.918792,-38.84975,4.5,,,9.68,,,Sco,V,,0
NGC6140,G,245.242333,65.390556,2.09,1.78,83,11.66,,,Dra,V,,0
NGC6141,G,245.776708,40.858306,0.43,0.35,150,15.59,,,Her,B,,0
NGC6142,G,245.837792,37.258389,1.49,0.48,165,14.65,,,CrB,B,,0
NGC6143,G,245.426208,55.086056,1.1,0.99,175,13.92,,,Dra,B,,0
NGC6144,GCl,246.808917,-26.024722,5.4,,,9.63,,,Sco,V,,0
NGC6145,G,246.259833,40.946639,0.98,0.51,2,14.89,,,Her,B,,0
NGC6146,G,246.293167,40.892861,1.66,1.26,83,12.52,,,Her,V,,0
NGC6147,G,246.274333,40.928778,0.57,0.48,50,15.44,,,Her,B,,0
NGC6148,G,246.766792,24.093278,0.42,0.24,54,16.75,,,Her,B,,0
NGC6149,G,246.850958,19.597194,1.24,0.43,18,14.55,,,Her,B,,0
NGC6150,G,246.458458,40.488556,1.61,0.85,74,14.48,,,Her,B,,0
NGC6151,Other,249.600917,-73.252444,,,,,,,Aps,,,0
NGC6152,OCl,248.190083,-52.644,6.6,,,8.1,,,Nor,V,,0
NGC6153,PN,247.877667,-40.253444,0.4,,,10.9,,,Sco,V,,0
NGC6154,G,246.377,49.84025,1.4,1,150,13.87,,,Her,B,,0
NGC6155,G,246.53475,48.366806,1.33,0.85,147,13.06,,,Her,B,,0
NGC6156,G,248.718958,-60.618806,1.87,1.6,149,11.98,,,TrA,V,,0
NGC6157,G,246.451625,55.360583,0.9,0.74,19,15.35,,,Dra,B,,0
NGC6158,G,246.920375,39.383,1.22,0.99,81,13.69,,,Her,V,,0
NGC6159,G,246.855125,42.679722,1.5,1.02,126,14.3,,,Her,V,,0
NGC6160,G,246.921375,40.927,1.79,1.22,72,14.23,,,Her,B,,0
NGC6161,G,247.085958,32.810639,0.72,0.26,153,15.62,,,Her,B,,0
NGC6162,G,247.093208,32.849333,1.11,0.72,49,14.63,,,Her,B,,0
NGC6163,G,247.116292,32.846389,0.9,0.61,24,15.26,,,Her,B,,0
NGC6164,Neb,248.424333,-48.080056,1.41,0.6,,6.71,,,Nor,V,,0
NGC6165,Neb,248.514375,-48.1505,2.5,0.5,,6.71,,,Nor,V,,0
NGC6166,G,247.160333,39.551556,2.14,1.54,35,11.91,,,Her,V,,0
NGC6166B,G,247.221708,39.56,0.43,0.35,176,15.72,,,Her,B,,0
NGC6166C,G,247.097125,39.570306,0.74,0.71,90,15.22,,,Her,B,,0
NGC6167,OCl,248.64575,-49.771889,7.2,,,6.7,,,Nor,V,,0
NGC6168,G,247.83875,20.184944,1.65,0.48,111,14.61,,,Her,B,,0
NGC6169,OCl,248.519292,-44.045639,4.2,,,6.6,,,Nor,V,,0
NGC6170,G,246.902083,59.5625,0.8,0.67,85,14.84,,,Dra,B,,0
NGC6171,GCl,248.133,-13.053639,7.8,,,8.85,107,,Oph,V,,0
NGC6172,G,245.542917,-1.514861,0.9,0.89,80,14.15,,,Se1,B,,0
NGC6173,G,247.437083,40.811611,2.03,1.4,145,12.14,,,Her,V,,0
NGC6174,GPair,247.448667,40.871972,0.9,,,,,,Her,,,0
NGC6174 NED01,G,247.44375,40.874861,0.41,0.29,150,16.56,,,Her,B,,0
NGC6174 NED02,G,247.447167,40.872722,0.72,0.65,123,15.67,,,Her,B,,0
NGC6175,GPair,247.49125,40.629167,1.5,,,,,,Her,,,0
NGC6175 NED01,G,247.489708,40.630722,1.45,0.85,97,14.74,,,Her,B,,0
NGC6175 NED02,G,247.491917,40.628556,1.32,1.05,121,14.73,,,Her,B,,0
NGC6176,Dup,246.902083,59.5625,,,,,,,Dra,,,0
NGC6177,G,247.662,35.056444,1.62,1.09,19,14.61,,,Her,B,,0
NGC6178,OCl,248.946875,-45.64375,6.9,,,7.2,,,Sco,V,,0
NGC6179,G,247.696042,35.10225,0.36,0.31,24,15.97,,,Her,B,,0
NGC6180,G,247.641333,40.539444,1.09,0.85,22,14.72,,,Her,B,,0
NGC6181,G,248.087333,19.826556,2.39,0.99,177,11.82,,,Her,V,,0
NGC6182,G,247.391667,55.517778,1.51,0.56,144,14.46,,,Dra,B,,0
NGC6183,G,250.424583,-69.372167,2.36,0.8,37,14.09,,,TrA,B,,0
NGC6184,G,247.893875,40.565611,0.93,0.56,121,14.91,,,Her,B,,0
NGC6185,G,248.324292,35.342333,1.47,0.8,3,14.42,,,Her,B,,0
NGC6186,G,248.606167,21.540889,1.57,0.7,59,14.23,,,Her,B,,0
NGC6187,G,247.902917,57.706667,0.75,0.62,140,15.34,,,Dra,B,,0
NGC6188,Neb,250.024333,-48.662278,20,12,,,,,Ara,,Rim Nebula,0
NGC6189,G,247.920417,59.626111,1.49,0.75,27,13.22,,,Dra,B,,0
NGC6190,G,248.027917,58.438972,1.42,1.04,77,13.12,,,Dra,B,,0
NGC6191,G,242.877042,58.785833,1.3,0.49,180,14.85,,,Dra,B,,0
NGC6192,OCl,250.099458,-43.366806,7.5,,,8.5,,,Sco,V,,0
NGC6193,OCl,250.334292,-48.762528,8.1,,,,,,Ara,,,0
NGC6194,G,249.154792,36.200444,0.9,0.7,112,14.41,,,Her,B,,0
NGC6195,G,249.135708,39.027889,1.44,0.97,41,13.22,,,Her,V,,0
NGC6196,G,249.474667,36.073056,1.14,0.82,140,12.91,,,Her,V,,0
NGC6197,G,249.4995,35.9955,0.75,0.38,38,15.2,,,Her,B,,0
NGC6198,G,248.877708,57.486778,0.88,0.6,92,14.97,,,Dra,B,,0
NGC6199,*,249.870708,36.058972,,,,15,,,Her,B,,0
NGC6200,OCl,251.030625,-47.462667,8.1,,,7.4,,,Ara,V,,0
NGC6201,G,250.060042,23.765333,0.56,0.48,50,15.3,,,Her,B,,0
NGC6202,G,250.846792,61.983944,0.72,0.4,69,13.77,,,Dra,B,,0
NGC6203,G,250.114208,23.774833,1.07,1.07,0,15.29,,,Her,B,,0
NGC6204,OCl,251.539583,-47.016972,4.5,,,8.2,,,Ara,V,,0
NGC6205,GCl,250.423458,36.461306,16.5,,,5.8,13,武仙座球状星团,Her,V,Hercules Globular Cluster,0
NGC6206,G,250.032917,58.617361,0.72,0.63,94,14.49,,,Dra,B,,0
NGC6207,G,250.765625,36.832417,3.46,1.61,17,11.64,,,Her,V,,0
NGC6208,OCl,252.367458,-53.728333,8.4,,,7.2,,,Ara,V,,0
NGC6209,G,253.74025,-72.586639,2.11,1.54,14,13.16,,,Aps,B,,0
NGC6210,PN,251.123,23.799833,0.5,,,9.65,,,Her,V,,0
NGC6211,G,250.365167,57.783639,1.3,0.95,95,14.3,,,Dra,V,,0
NGC6212,G,250.846417,39.806444,0.91,0.81,84,15,,,Her,V,,0
NGC6213,G,250.404958,57.814861,0.69,0.31,62,15.66,,,Dra,B,,0
NGC6214,G,249.883042,66.039528,0.96,0.82,156,14.25,,,Dra,B,,0
NGC6215,G,252.778375,-58.993472,2.64,2.34,83,11.16,,,Ara,V,,0
NGC6215A,G,253.247708,-58.948,1.96,0.64,11,14.24,,,Ara,B,,0
NGC6216,OCl,252.348375,-44.731528,4.2,,,10.1,,,Sco,V,,0
NGC6217,G,248.163333,78.198167,2.24,1.63,155,12.82,,,UMi,V,,0
NGC6218,GCl,251.8105,-1.947833,11.1,,,6.07,12,,Oph,V,,0
NGC6219,G,251.593792,9.037861,0.8,0.65,158,15.14,,,Her,B,,0
NGC6220,G,251.805333,-0.275472,1.53,0.97,134,15.2,,,Oph,B,,0
NGC6221,G,253.192,-59.218611,4.84,3.15,1,10.54,,,Ara,V,,0
NGC6222,Dup,255.189167,-44.654972,,,,,,,Sco,,,0
NGC6223,G,250.767958,61.578917,3.16,2.33,90,12.96,,,Dra,B,,0
NGC6224,G,252.07725,6.312222,1.1,1.01,140,14.94,,,Her,B,,0
NGC6225,G,252.089917,6.222778,1.18,0.79,149,14.94,,,Her,B,,0
NGC6226,Dup,250.846792,61.983944,,,,,,,Dra,,,0
NGC6227,*,252.8905,-41.230528,,,,5.22,,,Sco,V,,0
NGC6228,G,252.011083,26.213556,0.93,0.39,133,15.35,,,Her,B,,0
NGC6229,GCl,251.74525,47.527806,4.8,,,9.86,,,Her,V,,0
NGC6230,GPair,252.68625,4.605,1.7,,,,,,Her,,,0
NGC6230 NED01,G,252.678042,4.605,0.58,0.35,124,16.19,,,Her,B,,0
NGC6230 NED02,G,252.694583,4.604639,0.72,0.52,60,15.47,,,Her,B,,0
NGC6231,OCl,253.5455,-41.82425,13.8,,,2.6,,,Sco,V,,0
NGC6232,G,250.834333,70.632528,1.47,1.16,176,13.42,,,Dra,B,,0
NGC6233,G,252.565417,23.579833,1.46,0.73,28,14.61,,,Her,B,,0
NGC6234,G,252.988917,4.383528,0.74,0.67,39,15.33,,,Oph,B,,0
NGC6235,GCl,253.355667,-22.177444,4.2,,,7.2,,,Oph,V,,0
NGC6236,G,251.144375,70.780222,1.82,1.07,12,13.93,,,Dra,V,,0
NGC6237,Other,251.031417,70.634806,,,,,,,Dra,,,0
NGC6238,G,251.819292,62.147028,0.68,0.41,16,14.47,,,Dra,V,,0
NGC6239,G,252.52075,42.739694,2.3,1.07,113,12.4,,,Her,V,,0
NGC6240,G,253.245292,2.400917,2.2,1.03,12,13.27,,,Oph,V,,0
NGC6241,G,252.545625,45.420611,0.52,0.36,80,14.8,,,Her,B,,0
NGC6242,OCl,253.889333,-39.460944,6.6,,,6.4,,,Sco,V,,0
NGC6243,G,253.109542,23.332583,1.21,0.6,152,14.85,,,Her,B,,0
NGC6244,G,252.016292,62.200444,1.54,0.34,139,14.21,,,Dra,B,,0
NGC6245,Other,251.343667,70.804583,,,,,,,Dra,,,0
NGC6246,G,252.469667,55.542056,1.38,0.73,46,13.63,,,Dra,V,,0
NGC6246A,G,252.55825,55.384611,2.17,1.28,164,12.49,,,Dra,V,,0
NGC6247,G,252.084333,62.976417,0.89,0.28,56,13.81,,,Dra,B,,0
NGC6248,G,251.591625,70.358806,1.23,0.76,157,14.03,,,Dra,B,,0
NGC6249,OCl,254.422917,-44.811889,7.6,,,8.2,,,Sco,V,,0
NGC6250,Cl+N,254.483625,-45.936639,9.6,,,5.9,,,Ara,V,,0
NGC6251,G,248.133208,82.537889,1.67,1.44,20,14,,,UMi,V,,0
NGC6252,G,248.169042,82.576778,0.76,0.36,63,15.27,,,UMi,B,,0
NGC6253,OCl,254.771375,-52.708806,6,,,10.2,,,Ara,V,,0
NGC6254,GCl,254.287458,-4.099333,9.3,,,4.98,10,,Oph,V,,0
NGC6255,G,253.699792,36.501111,3.1,1.37,95,12.87,,,Her,V,,0
NGC6256,GCl,254.886208,-37.121417,4.2,,,,,,Sco,,,0
NGC6257,G,254.014625,39.6455,0.87,0.27,122,15.61,,,Her,B,,0
NGC6258,G,253.124125,60.514528,0.87,0.67,65,14.48,,,Dra,B,,0
NGC6259,OCl,255.189167,-44.654972,6,,,8,,,Sco,V,,0
NGC6260,G,252.960875,63.714583,0.93,0.77,130,14.66,,,Dra,B,,0
NGC6261,G,254.127167,27.9775,1.09,0.44,85,15.15,,,Her,B,,0
NGC6262,G,254.678333,57.098389,0.78,0.32,77,14.55,,,Dra,B,,0
NGC6263,G,254.18,27.822083,1.05,0.31,109,14.74,,,Her,B,,0
NGC6264,G,254.317208,27.849611,0.82,0.52,24,15.4,,,Her,V,,0
NGC6265,G,254.37125,27.844222,0.88,0.57,35,15.21,,,Her,B,,0
NGC6266,GCl,255.3025,-30.112361,7.8,,,7.39,62,,Oph,V,,0
NGC6267,G,254.536083,22.985111,1.3,0.99,33,13.93,,,Her,B,,0
NGC6268,OCl,255.543292,-39.728222,6,,,9.5,,,Sco,V,,0
NGC6269,G,254.492042,27.854333,1.84,1.32,80,12.31,,,Her,V,,0
NGC6270,G,254.683542,27.859111,0.72,0.47,93,15.55,,,Her,B,,0
NGC6271,G,254.711542,27.964639,0.67,0.54,20,15.65,,,Her,B,,0
NGC6272,G,254.74275,27.930917,0.56,0.29,159,15.49,,,Her,B,,0
NGC6273,GCl,255.657,-26.267944,7.5,,,5.57,19,,Oph,V,,0
NGC6274,GPair,254.837167,29.943833,1.2,,,,,,Her,,,0
NGC6274 NED01,G,254.835417,29.946417,0.6,0.43,16,14.33,,,Her,V,,0
NGC6274 NED02,G,254.839292,29.940556,0.83,0.17,117,16.6,,,Her,B,,0
NGC6275,G,253.889042,63.242194,0.76,0.47,146,17.37,,,Dra,V,,0
NGC6276,G,255.187875,23.044,0.64,0.55,130,15.08,,,Her,B,,0
NGC6277,*,255.203708,23.039361,,,,,,,Her,,,0
NGC6278,G,255.209708,23.011028,1.73,0.86,128,13.75,,,Her,B,,0
NGC6279,G,254.755958,47.237167,1.04,0.87,34,14.78,,,Her,B,,0
NGC6280,GPair,255.489542,6.66575,0.71,0.62,137,15.5,,,Oph,B,,0
NGC6281,OCl,256.172083,-37.985222,10.2,,,5.4,,,Sco,V,,0
NGC6282,G,255.196292,29.820611,0.73,0.54,45,15.15,,,Her,B,,0
NGC6283,G,254.860708,49.921972,1.11,0.98,56,13.64,,,Her,B,,0
NGC6284,GCl,256.119792,-24.764333,6.6,,,7.43,,,Oph,V,,0
NGC6285,G,254.600042,58.955972,1.08,0.57,110,14.5,,,Dra,B,,0
NGC6286,G,254.63075,58.93625,1.22,1.12,35,14.13,,,Dra,B,,0
NGC6287,GCl,256.288917,-22.708,5.4,,,10.3,,,Oph,V,,0
NGC6288,G,254.351875,68.457028,0.72,0.52,110,15.24,,,Dra,B,,0
NGC6289,G,254.437458,68.514722,1.1,0.76,14,15.4,,,Dra,B,,0
NGC6290,G,255.235125,58.9705,0.99,0.9,135,13.56,,,Dra,V,,0
NGC6291,G,255.233,58.937556,0.62,0.5,176,14.78,,,Dra,B,,0
NGC6292,G,255.764458,61.043889,1.32,0.63,102,14.32,,,Dra,B,,0
NGC6293,GCl,257.543375,-26.58175,4.5,,,9.02,,,Oph,V,,0
NGC6294,**,257.567625,-26.574556,,,,,,,Oph,,,0
NGC6295,G,255.813958,60.33775,0.98,0.42,77,15.38,,,Dra,B,,0
NGC6296,G,257.185292,3.894083,0.89,0.7,124,14.16,,,Oph,B,,0
NGC6297,G,255.902292,62.025611,0.64,0.45,84,14.42,,,Dra,B,,0
NGC6298,Dup,255.902292,62.025611,,,,,,,Dra,,,0
NGC6299,G,256.268375,62.457833,0.95,0.59,50,14.9,,,Dra,B,,0
NGC6300,G,259.247792,-62.820556,5.33,3.37,119,10.27,,,Ara,V,,0
NGC6301,G,257.136417,42.339111,1.77,1,113,14.5,,,Her,B,,0
NGC6302,PN,258.435958,-37.103139,0.74,,,9.6,,蝴蝶星云,Sco,V,"Bug Nebula,Butterfly Nebula",0
NGC6303,G,256.261542,68.827583,1.47,0.67,61,15.02,,,Dra,B,,0
NGC6304,GCl,258.635458,-29.462278,3.6,,,9.03,,,Oph,V,,0
NGC6305,G,259.503833,-59.172083,1.69,1.32,137,12.15,,,Ara,V,,0
NGC6306,G,256.904083,60.728889,1.32,0.49,161,13.86,,,Dra,V,,0
NGC6307,G,256.918625,60.750778,1.36,1.03,153,13.61,,,Dra,B,,0
NGC6308,G,257.998792,23.379944,1.19,0.95,156,14.24,,,Her,B,,0
NGC6309,PN,258.517917,-12.910556,0.26,,,11.5,,,Oph,V,Box Nebula,0
NGC6310,G,256.989458,60.990167,1.68,0.35,70,13.79,,,Dra,B,,0
NGC6311,G,257.681542,41.651111,1.23,1.17,5,14.57,,,Her,B,,0
NGC6312,G,257.700667,42.287694,0.87,0.74,5,14.98,,,Her,B,,0
NGC6313,G,257.586667,48.33175,1.45,0.52,156,14.72,,,Her,B,,0
NGC6314,G,258.161292,23.270056,1.37,0.7,174,13.1,,,Her,V,,0
NGC6315,G,258.192292,23.223556,0.76,0.59,5,13.31,,,Her,V,,0
NGC6316,GCl,259.155875,-28.140028,4.8,,,9.03,,,Oph,V,,0
NGC6317,G,257.247958,62.898,0.96,0.61,44,15.01,,,Dra,B,,0
NGC6318,OCl,259.048292,-39.424972,3.3,,,11.8,,,Sco,V,,0
NGC6319,G,257.433667,62.973056,1.17,1.14,170,14.33,,,Dra,B,,0
NGC6320,G,258.23225,40.2665,1.26,0.82,98,14.83,,,Her,B,,0
NGC6321,G,258.600917,20.313917,1,0.91,95,14.45,,,Her,B,,0
NGC6322,OCl,259.607458,-42.934028,6.3,,,6,,,Sco,V,,0
NGC6323,G,258.325333,43.782444,1.2,0.55,175,14.73,,,Her,B,,0
NGC6324,G,256.3555,75.407028,0.98,0.52,74,13.45,,,UMi,B,,0
NGC6325,GCl,259.496958,-23.766028,4.02,,,11.49,,,Oph,B,,0
NGC6326,PN,260.193167,-51.754389,0.21,,,12.2,,,Ara,B,,0
NGC6327,G,258.509542,43.649472,0.58,0.56,120,15.72,,,Her,B,,0
NGC6328,G,260.920958,-65.010167,1.61,1.56,160,15.5,,,Ara,V,,0
NGC6329,G,258.562625,43.684694,1.18,1.15,75,14.22,,,Her,B,,0
NGC6330,G,258.935083,29.404306,1.19,0.55,165,15.16,,,Her,B,,0
NGC6331,G,255.899875,78.629,1.04,1,30,15.2,,,UMi,B,,0
NGC6332,G,258.762083,43.660194,1.74,0.89,45,14.51,,,Her,B,,0
NGC6333,GCl,259.799083,-18.51625,6.9,,,8.42,9,,Oph,V,,0
NGC6334,SNR,260.207083,-36.102722,8.4,,,,,,Sco,,,0
NGC6335,*Ass,259.883,-30.164167,,,,,,,Sco,,,0
NGC6336,G,259.069042,43.820472,1.05,0.73,167,14.45,,,Her,B,,0
NGC6337,PN,260.565042,-38.483722,0.85,,,12.3,,,Sco,V,,0
NGC6338,G,258.845792,57.411194,1.73,1.04,16,12.42,,,Dra,V,,0
NGC6339,G,259.277083,40.844972,1.86,1.17,170,13.76,,,Her,B,,0
NGC6340,G,257.603542,72.304444,3.04,2.88,155,11.11,,,Dra,V,,0
NGC6341,GCl,259.280292,43.136528,14.4,,,6.52,92,,Her,V,,0
NGC6342,GCl,260.29225,-19.587417,6.6,,,10.01,,,Oph,V,,0
NGC6343,G,259.317792,41.052722,1.24,0.94,130,14.51,,,Her,B,,0
NGC6344,**,259.325625,42.434194,,,,,,,Her,,,0
NGC6345,G,258.851167,57.350306,0.95,0.39,35,15.12,,,Dra,B,,0
NGC6346,G,258.852042,57.322528,0.91,0.58,94,14.97,,,Dra,B,,0
NGC6347,G,259.977792,16.660694,1.22,0.57,98,13.45,,,Her,V,,0
NGC6348,G,259.588292,41.647611,0.85,0.57,118,15.31,,,Her,B,,0
NGC6349,G,259.777292,36.060917,1.07,0.25,80,15.2,,,Her,B,,0
NGC6350,G,259.676042,41.694333,1.24,1.04,89,14.23,,,Her,B,,0
NGC6351,GPair,259.7975,36.060556,0.4,,,,,,Her,,,0
NGC6351 NED01,G,259.796167,36.060417,0.31,0.27,110,16,,,Her,B,,0
NGC6351 NED02,G,259.798625,36.061056,0.08,0.07,43,17.27,,,Her,B,,0
NGC6352,GCl,261.3715,-48.422694,7.2,,,8.87,,,Ara,V,,0
NGC6353,Other,260.301958,15.688556,,,,,,,Her,,,0
NGC6354,Other,261.142833,-38.541611,,,,,,,Sco,,,0
NGC6355,GCl,260.994375,-26.353417,2.7,,,11.05,,,Oph,V,,0
NGC6356,GCl,260.895792,-17.813028,5.4,,,7.42,,,Oph,V,,0
NGC6357,Cl+N,261.181542,-34.201333,3.9,,,,,,Sco,,the War and Peace Nebula,0
NGC6358,G,259.720875,52.615278,1,0.4,110,15.05,,,Dra,B,,0
NGC6359,G,259.470792,61.780806,1.06,0.75,141,12.62,,,Dra,V,,0
NGC6360,*Ass,261.115083,-29.871583,5.1,,,,,,Oph,,,0
NGC6361,G,259.671208,60.608167,2.06,0.56,52,13.8,,,Dra,B,,0
NGC6362,GCl,262.9785,-67.047861,8.4,,,8.86,,,Ara,V,,0
NGC6363,G,260.66675,41.101694,1.02,0.84,145,14.61,,,Her,B,,0
NGC6364,G,261.113875,29.390167,1.38,1.08,7,14.36,,,Her,B,,0
NGC6365,GPair,260.682083,62.17,1.5,,,,,,Dra,,,0
NGC6365A,G,260.682542,62.166083,0.98,0.78,150,17.98,,,Dra,V,,0
NGC6365B,G,260.681375,62.173722,1.13,0.24,32,16.23,,,Dra,B,,0
NGC6366,GCl,261.934708,-5.076639,13.8,,,,,,Oph,,,0
NGC6367,G,261.287542,37.759889,0.99,0.79,161,14.91,,,Her,B,,0
NGC6368,G,261.798083,11.543611,3.44,0.8,43,13.55,,,Oph,B,,0
NGC6369,PN,262.335417,-23.759444,0.63,,,11.4,,,Oph,V,Little Ghost Nebula,0
NGC6370,G,260.854917,56.974528,1.31,1.08,112,14.2,,,Dra,V,,0
NGC6371,G,261.835792,26.505056,0.72,0.55,165,15.12,,,Her,B,,0
NGC6372,G,261.882708,26.475139,1.61,0.94,75,12.92,,,Her,V,,0
NGC6373,G,261.033708,58.995083,1.04,0.7,84,14.56,,,Dra,B,,0
NGC6374,OCl,263.67725,-32.581361,6.9,,,5.5,,,Sco,V,,0
NGC6375,G,262.341208,16.206667,1.53,1.48,145,14.53,,,Her,B,,0
NGC6376,G,261.329917,58.817444,0.52,0.29,172,14.1,,,Dra,V,,0
NGC6377,G,261.346708,58.82275,0.64,0.27,64,14.84,,,Dra,B,,0
NGC6378,G,262.674917,6.282278,1.13,0.77,2,15.04,,,Oph,B,,0
NGC6379,G,262.645458,16.28875,1.04,0.85,36,12.89,,,Her,V,,0
NGC6380,GCl,263.618417,-39.069667,3.9,,,,,,Sco,,,0
NGC6381,G,261.820208,60.014056,1.22,0.85,34,13.68,,,Dra,B,,0
NGC6382,G,261.979917,56.868722,1.16,0.71,95,14.87,,,Dra,B,,0
NGC6383,Dup,263.67725,-32.581361,,,,,,,Sco,,,0
NGC6384,G,263.10125,7.060278,2.45,1.11,20,10.63,,,Oph,V,,0
NGC6385,G,262.005875,57.521806,1.14,1.08,70,14.09,,,Dra,B,,0
NGC6386,G,262.21575,52.723361,0.97,0.97,75,15.23,,,Dra,B,,0
NGC6387,G,262.099292,57.545389,0.31,0.15,63,16.81,,,Dra,V,,0
NGC6388,GCl,264.072625,-44.735611,8.4,,,7.4,,,Sco,B,,0
NGC6389,G,263.165708,16.401778,1.2,0.92,135,12.1,,,Her,V,,0
NGC6390,G,262.117042,60.094167,0.88,0.45,11,14.48,,,Dra,B,,0
NGC6391,G,262.204125,58.850889,0.75,0.52,87,14.85,,,Dra,B,,0
NGC6392,G,265.876542,-69.785194,1.94,1.71,60,12.27,,,Aps,V,,0
NGC6393,G,262.535208,59.531806,0.43,0.4,126,15.84,,,Dra,B,,0
NGC6394,G,262.58925,59.639889,1.14,0.43,40,15.4,,,Dra,V,,0
NGC6395,G,261.630292,71.096278,2.25,0.73,17,12.69,,,Dra,B,,0
NGC6396,OCl,264.401417,-35.025861,3.3,,,8.5,,,Sco,V,,0
NGC6397,GCl,265.172333,-53.673694,15.3,,,5.17,,,Ara,V,,0
NGC6398,G,265.68225,-61.694278,2.44,0.85,161,13.46,,,Pav,B,,0
NGC6399,G,262.959583,59.615528,1.21,0.58,13,14.6,,,Dra,B,,0
NGC6400,OCl,265.053333,-36.947722,6,,,8.8,,,Sco,V,,0
NGC6401,GCl,264.653875,-23.908778,4.5,,,10.71,,,Oph,V,,0
NGC6402,GCl,264.400667,-3.245917,9.9,,,5.73,14,,Oph,V,,0
NGC6403,G,265.848167,-61.682111,1.15,0.89,19,14.34,,,Pav,B,,0
NGC6404,OCl,264.905667,-33.246722,4.2,,,10.6,,,Sco,V,,0
NGC6405,OCl,265.086458,-32.254167,15.6,,,4.2,6,蝴蝶星团,Sco,V,Butterfly Cluster,0
NGC6406,**,264.579375,18.833056,,,,,,,Her,,,0
NGC6407,G,266.240375,-60.739806,2.47,1.93,56,12.99,,,Pav,B,,0
NGC6408,G,264.697333,18.877861,1.55,1.26,155,14.4,,,Her,B,,0
NGC6409,G,264.1475,50.765889,0.72,0.61,55,14.6,,,Dra,B,,0
NGC6410,**,263.835333,60.793056,,,,,,,Dra,,,0
NGC6411,G,263.886875,60.813389,1.76,1.15,69,11.86,,,Dra,V,,0
NGC6412,G,262.406292,75.704417,2.13,1.84,142,11.83,,,Dra,V,,0
NGC6413,Other,265.169667,12.623944,,,,,,,Oph,,,0
NGC6414,G,262.653583,74.376139,1,0.47,141,15.71,,,Dra,B,,0
NGC6415,*Ass,266.085625,-35.071028,,,,,,,Sco,,,0
NGC6416,OCl,266.083292,-32.361,6.9,,,,,,Sco,,,0
NGC6417,G,265.44925,23.672194,1.42,1.17,27,14.32,,,Her,B,,0
NGC6418,G,264.538833,58.714917,0.65,0.52,171,14.5,,,Dra,V,,0
NGC6419,G,264.024583,68.155778,0.97,0.25,131,15.26,,,Dra,B,,0
NGC6420,G,264.067917,68.052361,1.02,0.56,62,15.41,,,Dra,B,,0
NGC6421,*Ass,266.434208,-33.692639,,,,,,,Sco,,,0
NGC6422,G,264.125042,68.058611,1.17,0.93,58,14.99,,,Dra,B,,0
NGC6423,G,264.222208,68.171472,0.63,0.59,170,15.6,,,Dra,V,,0
NGC6424,G,264.050292,69.988889,0.81,0.78,75,14.66,,,Dra,B,,0
NGC6425,OCl,266.757,-31.529389,4.8,,,7.2,,,Sco,V,,0
NGC6426,GCl,266.227958,3.170139,5.7,,,,,,Oph,,,0
NGC6427,G,265.910792,25.493917,1.55,0.52,36,14.52,,,Her,B,,0
NGC6428,**,265.970042,25.554778,,,,,,,Her,,,0
NGC6429,G,266.022292,25.350722,1.82,0.7,32,14.2,,,Her,B,,0
NGC6430,G,266.309458,18.138944,1.68,0.58,96,14.71,,,Her,B,,0
NGC6431,Dup,265.910792,25.493917,,,,,,,Her,,,0
NGC6432,Other,266.843375,-24.887472,,,,,,,Sgr,,,0
NGC6433,G,265.984208,36.800111,1.91,0.5,162,14,,,Her,B,,0
NGC6434,G,264.203417,72.088972,2.09,0.86,95,13.2,,,Dra,V,,0
NGC6435,G,265.046167,62.64175,0.87,0.58,7,14.86,,,Dra,B,,0
NGC6436,G,265.305167,60.449694,1.04,0.6,168,14.85,,,Dra,B,,0
NGC6437,*Ass,267.088,-35.366194,,,,,,,Sco,,,0
NGC6438,G,275.572833,-85.402056,1.76,1.49,131,11.61,,,Oct,V,,0
NGC6438A,G,275.647875,-85.406333,3.44,1.36,48,12.58,,,Oct,B,,0
NGC6439,PN,267.0825,-16.478889,0.08,,,12.6,,,Sgr,V,,0
NGC6440,GCl,267.219458,-20.359583,5.1,,,10.1,,,Sgr,V,,0
NGC6441,GCl,267.5535,-37.051083,4.8,,,8,,,Sco,V,,0
NGC6442,G,266.713917,20.761083,1.42,0.97,135,14.44,,,Her,B,,0
NGC6443,G,266.141042,48.114056,1.13,0.5,127,14.74,,,Her,B,,0
NGC6444,OCl,267.396583,-34.819667,6.9,,,,,,Sco,,,0
NGC6445,PN,267.31275,-20.0095,0.55,,,11.2,,,Sgr,V,Little Gem,0
NGC6446,G,266.531292,35.569389,0.58,0.42,29,15.03,,,Her,V,,0
NGC6447,G,266.571792,35.571972,1.35,0.73,150,12.99,,,Her,V,,0
NGC6448,Other,265.928333,53.546111,,,,,,,Dra,,,0
NGC6449,G,265.943083,56.804139,0.9,0.75,136,14.56,,,Dra,B,,0
NGC6450,Other,266.884833,18.575222,,,,,,,Her,,,0
NGC6451,OCl,267.669333,-30.211611,7.2,,,8.2,,,Sco,V,,0
NGC6452,G,266.993875,20.837806,0.7,0.55,10,15.1,,,Her,B,,0
NGC6453,GCl,267.715458,-34.599889,5.4,,,10.49,,,Sco,B,,0
NGC6454,G,266.235875,55.704778,1.41,1.07,180,13.5,,,Dra,V,,0
NGC6455,*Ass,267.78375,-35.337806,7.8,,,,,,Sco,,,0
NGC6456,G,265.632708,67.592306,0.51,0.41,145,15.5,,,Dra,B,,0
NGC6457,G,265.720167,66.476,1.08,0.72,131,15.24,,,Dra,B,,0
NGC6458,G,267.295875,20.804278,1.08,0.72,147,14.91,,,Her,B,,0
NGC6459,G,266.446625,55.77675,0.86,0.46,75,15.23,,,Dra,B,,0
NGC6460,G,267.3765,20.763667,1.72,0.98,154,14.66,,,Her,B,,0
NGC6461,G,264.985458,74.034222,0.82,0.47,21,15.56,,,Dra,B,,0
NGC6462,G,266.203583,61.910583,0.55,0.52,85,14.9,,,Dra,B,,0
NGC6463,G,265.893,67.6035,0.95,0.81,161,15.12,,,Dra,B,,0
NGC6464,G,266.448042,60.897472,0.56,0.53,175,15.29,,,Dra,B,,0
NGC6465,Other,268.231583,-25.397694,,,,,,,Sgr,,,0
NGC6466,G,267.03375,51.399222,0.7,0.41,120,14.8,,,Dra,B,,0
NGC6467,G,267.667333,17.537778,1.41,0.75,76,14.83,,,Her,B,,0
NGC6468,Dup,267.667333,17.537778,,,,,,,Her,,,0
NGC6469,OCl,268.300542,-22.275111,9,,,8.2,,,Sgr,V,,0
NGC6470,G,266.061958,67.619389,1.08,0.69,157,15.14,,,Dra,B,,0
NGC6471,GPair,266.065,67.591944,1.2,,,,,,Dra,,,0
NGC6471 NED01,G,266.054333,67.593056,0.93,0.31,172,15.35,,,Dra,B,,0
NGC6471 NED02,G,266.075667,67.591083,0.52,0.47,70,16.03,,,Dra,B,,0
NGC6472,G,266.012917,67.630333,0.65,0.45,10,16.27,,,Dra,B,,0
NGC6473,G,266.491,57.257111,0.91,0.71,40,15.26,,,Dra,B,,0
NGC6474,G,266.773167,57.301167,0.87,0.42,72,14.96,,,Dra,B,,0
NGC6475,OCl,268.46325,-34.792833,22.2,,,3.3,7,,Sco,V,Ptolemy's Cluster,0
NGC6476,*Ass,268.508375,-29.144167,,,,,,,Sgr,,,0
NGC6477,G,266.125083,67.610583,0.55,0.35,126,16.65,,,Dra,B,,0
NGC6478,G,267.159792,51.15725,1.45,0.44,35,14.02,,,Dra,B,,0
NGC6479,G,267.089958,54.149,0.94,0.83,151,14.45,,,Dra,B,,0
NGC6480,*Ass,268.6085,-30.452056,2.7,,,,,,Sco,,,0
NGC6481,Other,268.203792,4.167833,3.9,,,,,,Oph,,,0
NGC6482,G,267.953375,23.071944,2.03,1.71,68,11.33,,,Her,V,,0
NGC6483,G,269.878375,-63.668722,1.83,1.49,117,11.96,,,Pav,V,,0
NGC6484,G,267.94575,24.483472,1.74,0.91,77,13.35,,,Her,B,,0
NGC6485,G,267.96975,31.461778,1.23,1.16,15,14.13,,,Her,B,,0
NGC6486,G,268.147083,29.818,0.61,0.56,70,15.04,,,Her,B,,0
NGC6487,G,268.174375,29.838639,1.8,1.57,20,11.97,,,Her,V,,0
NGC6488,G,267.337375,62.222917,0.65,0.25,82,14.81,,,Dra,B,,0
NGC6489,G,267.505458,60.092222,0.51,0.4,32,16.24,,,Dra,B,,0
NGC6490,G,268.626958,18.375833,1.01,0.78,112,14.73,,,Her,B,,0
NGC6491,G,267.502917,61.531778,1.25,0.46,37,14.43,,,Dra,B,,0
NGC6492,G,270.701458,-66.430639,2.38,1.38,79,11.94,,,Pav,V,,0
NGC6493,G,267.594417,61.559417,1.07,1.02,25,15.44,,,Dra,B,,0
NGC6494,OCl,269.269875,-18.985333,16.8,,,5.5,23,,Sgr,V,,0
NGC6495,G,268.7115,18.326917,1.44,1.07,75,13.86,,,Her,B,,0
NGC6496,GCl,269.765417,-44.266306,4.62,,,9.96,,,Sco,B,,0
NGC6497,G,267.824875,59.470889,1.45,0.66,110,14.22,,,Dra,B,,0
NGC6498,Dup,267.824875,59.470889,,,,,,,Dra,,,0
NGC6499,**,268.833375,18.35975,,,,,,,Her,,,0
NGC6500,G,268.999083,18.33825,2.08,1.65,45,12.54,,,Her,V,,0
NGC6501,G,269.015583,18.373083,1.73,1.52,15,13.11,,,Her,B,,0
NGC6502,G,271.057167,-65.409944,1.4,1.23,45,13.63,,,Pav,B,,0
NGC6503,G,267.360125,70.144361,5.94,1.98,123,10.12,,,Dra,V,,0
NGC6504,G,269.023792,33.208389,1.94,0.41,95,13.3,,,Her,B,,0
NGC6505,G,267.781,65.530778,1.15,0.84,149,15.28,,,Dra,B,,0
NGC6506,OCl,269.972875,-24.685333,,,,,,,Sgr,,,0
NGC6507,OCl,269.961625,-17.450278,4.8,,,9.6,,,Sgr,V,,0
NGC6508,G,267.4435,72.021111,1.29,1.09,23,14.03,,,Dra,B,,0
NGC6509,G,269.855292,6.287028,1.45,1.24,104,13.32,,,Oph,B,,0
NGC6510,G,268.66375,60.817917,0.83,0.48,15,14.26,,,Dra,B,,0
NGC6511,Dup,268.66375,60.817917,,,,,,,Dra,,,0
NGC6512,G,268.709625,62.645083,0.81,0.66,36,14.74,,,Dra,B,,0
NGC6513,G,269.893875,24.880528,1.08,0.77,32,14.64,,,Her,B,,0
NGC6514,Neb,270.675458,-22.971889,28,28,,8.5,20,三叶星云,Sgr,V,Trifid Nebula,0
NGC6515,G,269.354958,50.728111,1.53,1.14,17,14.25,,,Dra,B,,0
NGC6516,G,268.819917,62.669861,0.74,0.32,146,15.65,,,Dra,B,,0
NGC6517,GCl,270.459958,-8.9595,4.8,,,11.08,,,Oph,B,,0
NGC6518,G,269.93225,28.866667,0.8,0.64,53,14.94,,,Her,B,,0
NGC6519,**,270.833875,-29.80425,,,,,,,Sgr,,,0
NGC6520,OCl,270.850583,-27.886111,5.4,,,7.6,,,Sgr,V,,0
NGC6521,G,268.951833,62.61225,1.55,1.01,157,13.9,,,Dra,V,,0
NGC6522,GCl,270.891958,-30.033972,3.9,,,9.48,,,Sgr,V,,0
NGC6523,Neb,270.921958,-24.380167,45,30,,5.8,8,礁湖星云,Sgr,V,Lagoon Nebula,0
NGC6524,G,269.811292,45.887083,1.63,0.99,156,13.91,,,Her,B,,0
NGC6525,OCl,270.519792,11.038333,5.4,,,,,,Oph,,,0
NGC6526,Neb,271.025625,-24.441889,40,40,,,,,Sgr,,,0
NGC6527,G,270.443042,19.728722,1.48,1.13,146,14.89,,,Her,B,,0
NGC6528,GCl,271.206708,-30.055778,3.6,,,10.65,,,Sgr,V,,0
NGC6529,*Ass,271.37025,-36.295389,,,,,,,Sgr,,,0
NGC6530,Cl+N,271.129292,-24.358056,6,,,4.6,,,Sgr,V,,0
NGC6531,OCl,271.056042,-22.490056,6,,,5.9,21,,Sgr,V,,0
NGC6532,G,269.808125,56.231778,1.69,0.66,120,14.91,,,Dra,B,,0
NGC6533,Dup,270.921958,-24.380167,,,,,,,Sgr,,,0
NGC6534,G,269.035667,64.283694,0.93,0.49,17,15.42,,,Dra,B,,0
NGC6535,GCl,270.961208,-0.296917,3.6,,,9.85,,,Se2,V,,0
NGC6536,G,269.318125,64.938083,1.14,0.92,125,14.24,,,Dra,B,,0
NGC6537,PN,271.304583,-19.842972,0.17,,,11.6,,,Sgr,V,Red Spider Nebula,0
NGC6538,G,268.569208,73.423944,0.94,0.52,50,14.05,,,Dra,B,,0
NGC6539,GCl,271.207292,-7.585861,6,,,,,,Se2,,,0
NGC6540,GCl,271.533125,-27.762806,4.08,,,,,,Sgr,,,0
NGC6541,GCl,272.009708,-43.715889,7.5,,,7.32,,,CrA,V,,0
NGC6542,G,269.910917,61.359389,1.38,0.4,97,13.92,,,Dra,B,,0
NGC6543,PN,269.639125,66.633194,0.9,,,9.01,,猫眼星云,Dra,V,Cat's Eye Nebula,0
NGC6544,GCl,271.833333,-24.998361,6,,,9.9,,,Sgr,V,,0
NGC6545,G,273.061542,-63.776139,1.11,0.97,151,14.24,,,Pav,B,,0
NGC6546,OCl,271.843958,-23.296222,6.9,,,8,,,Sgr,V,,0
NGC6547,G,271.29175,25.232611,1.63,0.58,134,14.21,,,Her,B,,0
NGC6548,G,271.496833,18.58725,2.65,2.37,155,11.73,,,Her,V,,0
NGC6549,G,271.45625,18.538028,1.22,0.3,52,14.73,,,Her,B,,0
NGC6550,Dup,271.45625,18.538028,,,,,,,Her,,,0
NGC6551,Other,272.248583,-29.557667,,,,,,,Sgr,,,0
NGC6552,G,270.030125,66.615111,1.06,0.73,103,14.6,,,Dra,V,,0
NGC6553,GCl,272.322833,-25.907861,5.4,,,9.08,,,Sgr,B,,0
NGC6554,OCl,272.349917,-18.378694,8.7,,,,,,Sgr,,,0
NGC6555,G,271.954875,17.604889,1.96,1.61,115,12.39,,,Her,V,,0
NGC6556,*Ass,272.489958,-27.524806,,,,,,,Sgr,,,0
NGC6557,G,275.353417,-76.582972,1.38,0.92,77,13.99,,,Oct,B,,0
NGC6558,GCl,272.576583,-31.763472,5.4,,,11.29,,,Sgr,V,,0
NGC6559,Neb,272.486875,-24.106389,15,10,,,,,Sgr,,,0
NGC6560,G,271.30825,46.881583,1.12,0.61,62,13.61,,,Her,V,,0
NGC6561,OCl,272.628583,-16.725667,6,,,,,,Sgr,,,0
NGC6562,G,271.253792,56.263111,1,0.95,60,14.7,,,Dra,B,,0
NGC6563,PN,273.010417,-33.868333,0.79,,,11,,,Sgr,V,,0
NGC6564,Other,272.259875,17.394639,,,,,,,Her,,,0
NGC6565,PN,272.969167,-28.178333,0.23,,,11.6,,,Sgr,V,,0
NGC6566,G,271.752792,52.260111,0.67,0.6,21,15.47,,,Dra,B,,0
NGC6567,PN,273.438333,-19.075833,0.13,,,11,,,Sgr,V,,0
NGC6568,OCl,273.184375,-21.628028,7.8,,,8.6,,,Sgr,V,,0
NGC6569,GCl,273.411125,-31.827667,4.5,,,9.47,,,Sgr,V,,0
NGC6570,G,272.780417,14.093083,1.59,0.86,24,12.7,,,Oph,V,,0
NGC6571,G,272.705667,21.2385,0.79,0.58,50,15.2,,,Her,B,,0
NGC6572,PN,273.025875,6.853722,0.18,,,8.1,,,Oph,V,,0
NGC6573,*Ass,273.59575,-22.174361,3.18,,,,,,Sgr,,,0
NGC6574,G,272.963458,14.981778,1.57,1.2,160,11.96,,,Her,V,,0
NGC6575,G,272.739542,31.116194,1.5,1.08,64,14.35,,,Her,B,,0
NGC6576,G,272.950083,21.42825,0.76,0.65,139,15.68,,,Her,B,,0
NGC6577,G,273.005125,21.463389,1.23,1.06,179,12.68,,,Her,V,,0
NGC6578,PN,274.06875,-20.450917,0.14,,,12.9,,,Sgr,V,,0
NGC6579,G,273.132542,21.420694,1.15,0.78,33,14.28,,,Her,B,,0
NGC6580,G,273.140417,21.426139,1.39,0.82,98,13.9,,,Her,B,,0
NGC6581,G,273.07675,25.662361,0.6,0.44,5,15.35,,,Her,B,,0
NGC6582,GPair,272.764583,49.910556,1.4,,,,,,Her,,,0
NGC6582 NED01,G,272.757792,49.911889,0.76,0.76,113,14.41,,,Her,V,,0
NGC6582 NED02,G,272.7715,49.909222,1.45,1,146,15.18,,,Her,B,,0
NGC6583,OCl,273.953875,-22.137639,3.6,,,10,,,Sgr,V,,0
NGC6584,GCl,274.656875,-52.215167,5.1,,,8.17,,,Tel,V,,0
NGC6585,G,273.090792,39.633,2.01,0.45,50,13.49,,,Her,B,,0
NGC6586,G,273.410417,21.090083,1.15,0.59,104,14.54,,,Her,B,,0
NGC6587,G,273.462042,18.825194,1.82,1.82,20,13.74,,,Her,B,,0
NGC6588,Other,275.24525,-63.809972,5.4,,,,,,Pav,,,0
NGC6589,Neb,274.230708,-19.777083,4,3,,10.5,,,Sgr,B,,0
NGC6590,RfN,274.270792,-19.866056,4,3,,9.8,,,Sgr,B,,0
NGC6591,G,273.51625,21.063889,0.54,0.21,54,16.39,,,Her,B,,0
NGC6592,G,272.461167,61.421972,0.81,0.65,116,15.12,,,Dra,B,,0
NGC6593,G,273.514792,22.283917,0.81,0.67,0,15.1,,,Her,B,,0
NGC6594,G,272.523,61.133472,0.86,0.5,93,15.33,,,Dra,B,,0
NGC6595,Dup,274.270792,-19.866056,,,,,,,Sgr,,,0
NGC6596,OCl,274.390542,-16.650444,6.6,,,,,,Sgr,,,0
NGC6597,G,272.806042,61.180667,0.89,0.5,87,15.44,,,Dra,B,,0
NGC6598,G,272.233333,69.067889,1.18,0.87,35,14.14,,,Dra,B,,0
NGC6599,G,273.929083,24.912389,1.23,1.14,35,12.82,,,Her,V,,0
NGC6600,Dup,273.929083,24.912389,,,,,,,Her,,,0
NGC6601,G,272.934792,61.453306,0.79,0.49,45,15.54,,,Dra,B,,0
NGC6602,G,274.142875,25.044028,0.77,0.57,178,14.57,,,Her,B,,0
NGC6603,OCl,274.612375,-18.406056,4.2,,,11.1,,,Sgr,V,,0
NGC6604,OCl,274.512333,-12.243111,9.6,,,6.5,,,Se2,V,,0
NGC6605,OCl,274.090333,-15.015194,6.3,,,6,,,Se2,V,,0
NGC6606,G,273.673292,43.268639,0.91,0.71,87,14.36,,,Lyr,B,,0
NGC6607,G,273.061417,61.332917,0.55,0.48,54,15.59,,,Dra,B,,0
NGC6608,G,273.120333,61.298167,0.86,0.19,43,16.6,,,Dra,B,,0
NGC6609,G,273.139875,61.331917,0.83,0.72,81,15.24,,,Dra,B,,0
NGC6610,Dup,272.963458,14.981778,,,,,,,Her,,,0
NGC6611,Neb,274.700708,-13.807222,120,25,,6,16,鹰状星云,Se2,V,Eagle Nebula,0
NGC6612,G,274.045208,36.078556,1.02,0.66,170,15.51,,,Lyr,B,,0
NGC6613,OCl,274.993708,-17.101972,6,,,6.9,18,,Sgr,V,,0
NGC6614,G,276.280042,-63.248361,1.64,1.26,69,13.8,,,Pav,B,,0
NGC6615,G,274.639458,13.265028,1.37,0.87,170,14.47,,,Oph,B,,0
NGC6616,G,274.421167,22.238444,1.35,0.57,55,15.12,,,Her,B,,0
NGC6617,G,273.5105,61.319556,0.9,0.52,73,15.56,,,Dra,B,,0
NGC6618,Neb,275.196292,-16.171528,12.6,,,7,17,欧米伽星云,Sgr,V,"Checkmark Nebula,Lobster Nebula,Swan Nebula,omega Nebula",0
NGC6619,G,274.731417,23.655611,1.38,0.89,104,14.26,,,Her,B,,0
NGC6620,PN,275.725625,-26.821694,0.13,,,12.7,,,Sgr,V,,0
NGC6621,G,273.230458,68.363444,2.15,0.87,143,13.41,,,Dra,B,,0
NGC6622,G,273.249167,68.353889,0.97,0.87,117,14.08,,,Dra,B,,0
NGC6623,GPair,274.92875,23.705556,1.3,,,,,,Her,,,0
NGC6623 NED01,G,274.928417,23.701778,0.15,0.15,,14.4,,,Her,B,,0
NGC6623 NED02,G,274.928583,23.709556,1.35,1.2,140,14.36,,,Her,B,,0
NGC6624,GCl,275.919042,-30.361278,3.3,,,,,,Sgr,,,0
NGC6625,OCl,275.697083,-11.955,6,,,9,,,Sct,V,,0
NGC6626,GCl,276.137042,-24.869833,5.1,,,6.9,28,,Sgr,V,,0
NGC6627,G,275.662167,15.698,1.07,0.96,75,13.32,,,Her,V,,0
NGC6628,G,275.591292,23.478556,1.52,0.91,89,14.72,,,Her,B,,0
NGC6629,PN,276.426917,-23.202889,0.26,,,11.3,,,Sgr,V,,0
NGC6630,G,278.146417,-63.29325,0.81,0.68,102,13.91,,,Pav,V,,0
NGC6631,OCl,276.797333,-12.031222,5.7,,,11.7,,,Sct,V,,0
NGC6632,G,276.262875,27.535306,2.4,1.16,156,12.15,,,Her,V,,0
NGC6633,OCl,276.813458,6.508222,12,,,4.6,,,Oph,V,,0
NGC6634,Dup,277.846792,-32.347972,,,,,,,Sgr,,,0
NGC6635,G,276.904625,14.819056,1.14,1.03,5,13.4,,,Her,V,,0
NGC6636,GPair,275.514583,66.620222,2.2,,,,,,Dra,,,0
NGC6636 NED01,G,275.511958,66.616556,1.91,0.46,6,14.03,,,Dra,B,,0
NGC6636 NED02,G,275.521292,66.622,0.72,0.39,8,16,,,Dra,V,,0
NGC6637,GCl,277.846792,-32.347972,5.7,,,8.31,69,,Sgr,V,,0
NGC6638,GCl,277.734375,-25.496417,4.2,,,9.68,,,Sgr,V,,0
NGC6639,OCl,277.747083,-13.155833,6,,,,,,Sct,,,0
NGC6640,G,277.034458,34.302667,0.83,0.18,146,14.16,,,Lyr,B,,0
NGC6641,G,277.239042,22.903,0.93,0.81,100,14.25,,,Her,B,,0
NGC6642,GCl,277.975917,-23.476139,3.9,,,10.24,,,Sgr,V,,0
NGC6643,G,274.943375,74.568361,3.32,1.63,37,11.11,,,Dra,V,,0
NGC6644,PN,278.144708,-25.129361,0.04,,,10.7,,,Sgr,V,,0
NGC6645,OCl,278.157917,-16.883889,5.4,,,8.5,,,Sgr,V,,0
NGC6646,G,277.411417,39.865139,1.49,1.25,67,12.64,,,Lyr,V,,0
NGC6647,OCl,278.205583,-17.228667,3.6,,,8,,,Sgr,V,,0
NGC6648,Other,276.4075,64.976167,,,,,,,Dra,,,0
NGC6649,OCl,278.3665,-10.402806,5.58,,,8.9,,,Sct,V,,0
NGC6650,G,276.366625,68.005833,0.73,0.66,40,14.6,,,Dra,B,,0
NGC6651,G,276.082125,71.601917,1.34,0.71,32,13.63,,,Dra,B,,0
NGC6652,GCl,278.940625,-32.990306,5.1,,,9.75,,,Sgr,V,,0
NGC6653,G,281.159875,-73.263417,1.64,1.41,56,13.39,,,Pav,B,,0
NGC6654,G,276.031542,73.183222,2.91,2.23,5,11.84,,,Dra,V,,0
NGC6654A,G,279.853917,73.57975,2.11,0.44,59,13.49,,,Dra,B,,0
NGC6655,**,278.62875,-5.920861,,,,,,,Sct,,,0
NGC6656,GCl,279.100833,-23.903417,12.6,,,6.17,22,,Sgr,V,,0
NGC6657,G,278.256083,34.060472,0.77,0.44,135,14.17,,,Lyr,B,,0
NGC6658,G,278.481875,22.888278,1.5,0.25,5,11.8,,,Her,V,,0
NGC6659,OCl,278.499708,23.594889,5.4,,,,,,Her,,,0
NGC6660,G,278.652792,22.909667,1.95,1.13,143,12.36,,,Her,V,,0
NGC6661,Dup,278.652792,22.909667,,,,,,,Her,,,0
NGC6662,G,278.546583,32.064583,1.65,0.51,18,14.81,,,Lyr,B,,0
NGC6663,G,278.390333,40.048944,0.86,0.74,147,14.76,,,Lyr,B,,0
NGC6664,OCl,279.138958,-8.22075,6,,,7.8,,,Sct,V,,0
NGC6665,G,278.625042,30.720556,0.95,0.47,25,14.52,,,Lyr,B,,0
NGC6666,Other,278.687208,33.587639,,,,,,,Lyr,,,0
NGC6667,G,277.665792,67.987028,1.88,1.05,99,12.63,,,Dra,V,,0
NGC6668,Dup,277.665792,67.987028,,,,,,,Dra,,,0
NGC6669,Other,279.312875,22.195722,,,,,,,Her,,,0
NGC6670,GTrpl,278.397708,59.888806,1.2,,,,,,Dra,,,0
NGC6670 NED03,G,278.412625,59.888139,0.27,0.17,72,,,,Dra,,,0
NGC6670A,G,278.407167,59.889667,0.68,0.32,116,15.26,,,Dra,B,,0
NGC6670B,G,278.392042,59.888222,0.78,0.25,69,16.01,,,Dra,B,,0
NGC6671,G,279.359,26.417194,1.39,1.39,5,13.72,,,Lyr,B,,0
NGC6672,**,279.059958,42.947639,,,,,,,Lyr,,,0
NGC6673,G,281.276333,-62.297222,2.6,1.44,27,11.72,,,Pav,V,,0
NGC6674,G,279.641125,25.375139,4.01,2.04,144,12.07,,,Her,V,,0
NGC6675,G,279.360333,40.057722,1.31,0.94,131,13.33,,,Lyr,B,,0
NGC6676,G,278.2915,66.959056,1.5,0.37,141,15.22,,,Dra,B,,0
NGC6677,G,278.400542,67.11075,0.84,0.35,103,13.86,,,Dra,B,,0
NGC6678,Dup,277.665792,67.987028,,,,,,,Dra,,,0
NGC6679,G,278.377083,67.137306,0.6,0.35,99,13.6,,,Dra,B,,0
NGC6680,G,279.933208,22.316417,0.63,0.41,60,15.38,,,Her,B,,0
NGC6681,GCl,280.802667,-32.291889,6.6,,,9.06,70,,Sgr,V,,0
NGC6682,OCl,279.905667,-4.813694,4.5,,,,,,Sct,,,0
NGC6683,OCl,280.558208,-6.21225,3,,,9.4,,,Sct,V,,0
NGC6684,G,282.241167,-65.173444,4.19,2.96,29,10.5,,,Pav,V,,0
NGC6684A,G,283.095042,-64.831472,1.95,1.34,140,13.22,,,Pav,B,,0
NGC6685,G,279.994333,39.981778,0.95,0.7,38,14.59,,,Lyr,B,,0
NGC6686,G,280.02925,40.137639,0.63,0.56,153,14.75,,,Lyr,B,,0
NGC6687,G,279.342125,59.642972,1.25,0.94,46,14.83,,,Dra,B,,0
NGC6688,G,280.167208,36.289639,1.64,1.59,40,13.85,,,Lyr,B,,0
NGC6689,G,278.709375,70.523917,3.29,0.91,171,12.28,,,Dra,V,,0
NGC6690,Dup,278.709375,70.523917,,,,,,,Dra,,,0
NGC6691,G,279.801042,55.641806,1.47,1.37,35,12.9,,,Dra,V,,0
NGC6692,GPair,280.422917,34.843611,1.05,0.55,119,14.3,,,Lyr,B,,0
NGC6693,Dup,280.422917,34.843611,,,,,,,Lyr,,,0
NGC6694,OCl,281.32775,-9.383611,6,,,8.87,26,,Sct,V,,0
NGC6695,G,280.678083,40.366889,1.21,0.67,13,13.49,,,Lyr,V,,0
NGC6696,G,280.021,59.333972,0.91,0.23,1,16.01,,,Dra,B,,0
NGC6697,G,281.312333,25.512583,1.19,0.95,65,14.46,,,Her,B,,0
NGC6698,OCl,282.020875,-25.477167,4.98,,,,,,Sgr,,,0
NGC6699,G,283.0085,-57.32075,1.74,1.71,95,12.21,,,Pav,V,,0
NGC6700,G,281.518292,32.279611,1.52,1.01,114,14.12,,,Lyr,B,,0
NGC6701,G,280.801917,60.653333,1.42,1.36,120,12.82,,,Dra,B,,0
NGC6702,G,281.739917,45.705667,1.64,1.42,58,12.24,,,Lyr,V,,0
NGC6703,G,281.828458,45.550639,2.43,2.38,85,11.38,,,Lyr,V,,0
NGC6704,OCl,282.690708,-5.205417,3.3,,,9.2,,,Sct,V,,0
NGC6705,OCl,282.774958,-6.270028,9,,,5.8,11,野鸭星团,Sct,V,"Amas de l'Ecu de Sobieski,Wild Duck Cluster",0
NGC6706,G,284.212667,-63.166222,1.7,0.77,124,14.03,,,Pav,B,,0
NGC6707,G,283.841917,-53.818444,2.62,1.05,143,12.62,,,Tel,V,,0
NGC6708,G,283.8985,-53.723444,1.16,0.86,163,12.93,,,Tel,V,,0
NGC6709,OCl,282.828917,10.31875,8.7,,,6.7,,,Aql,V,,0
NGC6710,G,282.642292,26.838389,1.68,0.93,38,13.06,,,Lyr,V,,0
NGC6711,G,282.253667,47.658111,1.03,0.94,70,12.94,,,Dra,V,,0
NGC6712,GCl,283.270375,-8.705472,5.7,,,8.69,,,Sct,V,,0
NGC6713,G,282.685667,33.959778,0.48,0.44,110,14.21,,,Lyr,B,,0
NGC6714,*Ass,281.708333,66.745,,,,,,,Dra,,,0
NGC6715,GCl,283.763625,-30.4785,5.1,,,7.7,54,,Sgr,V,,0
NGC6716,OCl,283.643208,-19.901083,7.2,,,7.5,,,Sgr,V,,0
NGC6717,GCl,283.775167,-22.701611,3.9,,,10.35,,,Sgr,V,,0
NGC6718,G,285.369292,-66.110194,1.48,0.74,171,14.17,,,Pav,B,,0
NGC6719,G,285.781208,-68.588361,1.66,0.84,109,13.5,,,Pav,B,,0
NGC6720,PN,283.395875,33.028583,1.27,,,8.8,57,环状星云,Lyr,V,Ring Nebula,0
NGC6721,G,285.211708,-57.759444,1.9,1.58,155,12.04,,,Pav,V,,0
NGC6722,G,285.918208,-64.894472,2.93,0.51,164,13.57,,,Pav,B,,0
NGC6723,GCl,284.888125,-36.631472,9.3,,,,,,Sgr,,,0
NGC6724,OCl,284.195333,10.428556,3.18,,,,,,Aql,,,0
NGC6725,G,285.485917,-53.863083,2.65,0.52,40,12.45,,,Tel,V,,0
NGC6726,RfN,285.41375,-36.891306,9,7,,,,,CrA,,,0
NGC6727,RfN,285.426125,-36.87625,80,80,,,,,CrA,,,0
NGC6728,OCl,284.687667,-8.966,4.5,,,,,,Sct,,,0
NGC6729,Neb,285.480833,-36.957639,25,20,,,,,CrA,,,0
NGC6730,G,286.890208,-68.912806,2.2,1.83,31,12.06,,,Pav,V,,0
NGC6731,**,284.306125,43.076778,,,,,,,Lyr,,,0
NGC6732,G,284.100083,52.377611,0.94,0.68,103,14.37,,,Dra,B,,0
NGC6733,G,286.544292,-62.196917,1.96,1.39,109,13.44,,,Pav,B,,0
NGC6734,G,286.809708,-65.461861,1.38,0.9,14,13.76,,,Pav,B,,0
NGC6735,OCl,285.155667,-0.475389,5.1,,,,,,Aql,,,0
NGC6736,G,286.871875,-65.428611,1.11,0.88,67,14.32,,,Pav,B,,0
NGC6737,OCl,285.572792,-18.546972,6.6,,,,,,Sgr,,,0
NGC6738,*Ass,285.339833,11.615611,5.4,,,8.3,,,Aql,V,,0
NGC6739,G,286.953167,-61.368111,2.65,0.89,173,12.14,,,Pav,V,,0
NGC6740,G,285.210458,28.771222,1.09,0.76,31,15.5,,,Lyr,B,,0
NGC6741,PN,285.654167,-0.449389,0.13,,,11.5,,,Aql,V,Phantom Streak Nebula,0
NGC6742,PN,284.832917,48.465278,0.55,,,13.4,,,Dra,V,,0
NGC6743,OCl,285.336125,29.277472,6.9,,,8.2,,,Lyr,B,,0
NGC6744,G,287.442083,-63.857528,15.67,9.75,15,9.25,,,Pav,V,,0
NGC6744A,G,287.182333,-63.7305,1.64,0.6,106,15.15,,,Pav,B,,0
NGC6745,GTrpl,285.42375,40.753056,2.3,,,,,,Lyr,,,0
NGC6745 NED01,G,285.422667,40.747861,0.95,0.46,32,13.22,,,Lyr,B,,0
NGC6745 NED02,G,285.423875,40.759972,0.69,0.22,174,16.93,,,Lyr,B,,0
NGC6745 NED03,G,285.424917,40.751361,0.33,0.18,7,,,,Lyr,,,0
NGC6746,G,287.591708,-61.970167,1.56,1.09,170,13.69,,,Pav,B,,0
NGC6747,G,283.840208,72.771528,0.65,0.5,126,14.97,,,Dra,B,,0
NGC6748,Dup,286.481458,-5.992306,,,,,,,Aql,,,0
NGC6749,GCl,286.315,1.900611,5.1,,,12.4,,,Aql,V,,0
NGC6750,G,285.150458,59.16675,1.08,0.69,2,13.64,,,Dra,B,,0
NGC6751,PN,286.481458,-5.992306,0.34,,,11.9,,,Aql,V,,0
NGC6752,GCl,287.71575,-59.981861,13.2,,,6.28,,,Pav,V,,0
NGC6753,G,287.8485,-57.049556,2.97,2.6,25,11.04,,,Pav,V,,0
NGC6754,G,287.857167,-50.641806,2.02,1.08,77,12.22,,,Tel,V,,0
NGC6755,OCl,286.954375,4.266417,6,,,7.5,,,Aql,V,,0
NGC6756,OCl,287.177375,4.705778,3.6,,,10.6,,,Aql,V,,0
NGC6757,G,286.264083,55.715167,1.71,1.15,92,13.91,,,Dra,B,,0
NGC6758,G,288.468083,-56.309944,2.75,2.14,111,11.39,,,Tel,V,,0
NGC6759,G,286.736833,50.344222,0.97,0.67,40,15.12,,,Dra,B,,0
NGC6760,GCl,287.80025,1.030472,5.4,,,9.78,,,Aql,V,,0
NGC6761,G,288.77,-50.656833,1.63,1.42,22,13.36,,,Tel,V,,0
NGC6762,G,286.4045,63.934028,1.55,0.34,119,14.12,,,Dra,B,,0
NGC6763,Dup,286.4045,63.934028,,,,,,,Dra,,,0
NGC6764,G,287.068208,50.933222,2.49,1.22,64,13.63,,,Cyg,V,,0
NGC6765,PN,287.777083,30.545556,0.67,,,12.9,,,Lyr,V,,0
NGC6766,Dup,302.59875,46.460833,,,,,,,Cyg,,,0
NGC6767,**,287.891292,37.725444,,,,,,,Lyr,,,0
NGC6768,G,289.135833,-40.209167,1.26,1,36,13.7,,,CrA,B,,0
NGC6769,G,289.5945,-60.501083,2.86,2.19,120,11.77,,,Pav,V,,0
NGC6770,G,289.6555,-60.496472,2.39,1.72,33,11.86,,,Pav,V,,0
NGC6771,G,289.664625,-60.546,2.38,0.54,121,12.52,,,Pav,V,,0
NGC6772,PN,288.65125,-2.706806,1.07,,,12.7,,,Aql,V,,0
NGC6773,OCl,288.785208,4.856556,,,,,,,Aql,,,0
NGC6774,OCl,289.067917,-16.260694,30,,,,,,Sgr,,,0
NGC6775,OCl,289.178583,-0.933361,4.8,,,,,,Aql,,,0
NGC6776,G,291.329792,-63.860167,2,1.62,14,12.07,,,Pav,V,,0
NGC6776A,G,291.272417,-63.683444,1.44,0.36,83,14.86,,,Pav,B,,0
NGC6777,Dup,287.71575,-59.981861,,,,,,,Pav,,,0
NGC6778,PN,289.603542,-1.596361,0.26,,,12.3,,,Aql,V,,0
NGC6779,GCl,289.147958,30.1845,5.8,,,8.4,56,,Lyr,V,,0
NGC6780,G,290.712,-55.775833,2.01,1.55,4,12.73,,,Tel,V,,0
NGC6781,PN,289.61775,6.539722,1.8,,,11.4,,,Aql,V,,0
NGC6782,G,290.99125,-59.922472,2.45,1.49,18,11.98,,,Pav,V,,0
NGC6783,G,289.198417,46.017222,0.66,0.62,135,15.2,,,Cyg,B,,0
NGC6784,G,291.649958,-65.617694,1.04,0.56,46,14.85,,,Pav,B,,0
NGC6784A,G,291.629917,-65.626111,0.95,0.54,167,15.03,,,Pav,B,,0
NGC6785,Dup,289.603542,-1.596361,,,,,,,Aql,,,0
NGC6786,G,287.724625,73.410167,0.81,0.48,20,13.8,,,Dra,V,,0
NGC6787,G,289.044083,60.417528,0.8,0.74,70,14.87,,,Dra,B,,0
NGC6788,G,291.707292,-54.951306,3.2,1.05,69,12.05,,,Tel,V,,0
NGC6789,G,289.175667,63.971472,0.97,0.84,145,13.54,,,Dra,V,,0
NGC6790,PN,290.737083,1.513333,0.12,,,10.5,,,Aql,V,,0
NGC6791,OCl,290.22175,37.771889,6.3,,,9.5,,,Lyr,V,,0
NGC6792,G,290.239208,43.1325,2.08,1.11,24,13.29,,,Lyr,B,,0
NGC6793,OCl,290.809958,22.141028,8.1,,,,,,Vul,,,0
NGC6794,G,292.016167,-38.91875,1.51,1.26,85,12.88,,,Sgr,V,,0
NGC6795,OCl,291.59175,3.514361,,,,,,,Aql,,,0
NGC6796,G,290.378625,61.144889,1.73,0.4,1,12.65,,,Dra,V,,0
NGC6797,Other,292.253125,-25.666556,,,,,,,Sgr,,,0
NGC6798,G,291.013208,53.624778,1.78,0.8,147,14.45,,,Cyg,B,,0
NGC6799,G,293.068875,-55.907917,1.83,1.36,107,13.51,,,Tel,B,,0
NGC6800,OCl,291.782,25.140472,6,,,,,,Vul,,,0
NGC6801,G,291.899208,54.372889,1.36,0.71,38,14.72,,,Cyg,B,,0
NGC6802,OCl,292.646,20.260972,4.5,,,8.8,,,Vul,V,,0
NGC6803,PN,292.818542,10.056028,0.09,,,11.4,,,Aql,V,,0
NGC6804,PN,292.897458,9.225167,0.58,,,12,,,Aql,V,,0
NGC6805,G,294.190458,-37.554361,1.16,1.03,159,14.31,,,Sgr,B,,0
NGC6806,G,294.271042,-42.296278,1.22,0.96,52,13.19,,,Sgr,V,,0
NGC6807,PN,293.639583,5.684167,0.03,,,12,,,Aql,V,,0
NGC6808,G,295.975,-70.633389,0.8,0.25,42,12.9,,,Pav,V,,0
NGC6809,GCl,294.9975,-30.962083,12,,,6.49,55,,Sgr,V,,0
NGC6810,G,295.892708,-58.655583,3.79,1.05,175,11.42,,,Pav,V,,0
NGC6811,OCl,294.324625,46.388833,7.2,,,6.8,,,Cyg,V,,0
NGC6812,G,296.350917,-55.346806,1.75,1.12,87,13.57,,,Tel,B,,0
NGC6813,PN,295.0935,27.309556,3,,,,,,Vul,,,0
NGC6814,G,295.669333,-10.3235,3.08,0.74,110,11.32,,,Aql,V,,0
NGC6815,*Ass,295.184625,26.759,,,,,,,Vul,,,0
NGC6816,G,296.009292,-28.400833,1.72,1.4,80,12.87,,,Sgr,V,,0
NGC6817,GPair,294.343333,62.383056,0.9,,,,,,Dra,,,0
NGC6817 NED01,G,294.3385,62.382694,0.26,0.18,47,16.34,,,Dra,B,,0
NGC6817 NED02,G,294.347417,62.383639,0.66,0.55,115,15.57,,,Dra,B,,0
NGC6818,PN,295.990542,-14.153167,0.77,,,9.3,,,Sgr,V,Little Gem Nebula,0
NGC6819,OCl,295.325375,40.18675,6.9,,,7.3,,,Cyg,V,Foxhead Cluster,0
NGC6820,Neb,295.61675,23.088083,0.5,0.5,,15,,,Vul,B,,0
NGC6821,G,296.10025,-6.833444,1.03,0.93,130,13.07,,,Aql,V,,0
NGC6822,G,296.240583,-14.803444,17.38,16.75,27,10.05,,巴纳德星系,Sgr,V,Barnard's Galaxy,0
NGC6823,Cl+N,295.791208,23.299944,6,,,7.1,,,Vul,V,,0
NGC6824,G,295.919583,56.109472,1.91,1.39,53,11.76,,,Cyg,V,,0
NGC6825,GPair,295.478333,64.073056,0.72,0.32,170,15.3,,,Dra,B,,0
NGC6826,PN,296.200458,50.525028,0.42,,,9.44,,,Cyg,V,Blinking Planetary,0
NGC6827,OCl,297.222667,21.215056,2.1,,,,,,Vul,,,0
NGC6828,OCl,297.573375,7.902556,6,,,,,,Aql,,,0
NGC6829,G,296.7815,59.907083,1.49,0.35,31,14.92,,,Dra,B,,0
NGC6830,OCl,297.74825,23.100139,4.2,,,7.9,,,Vul,V,,0
NGC6831,G,296.98875,59.892528,1.29,1.17,115,14.55,,,Dra,B,,0
NGC6832,OCl,297.063583,59.421167,3.3,,,,,,Cyg,,,0
NGC6833,PN,297.444167,48.961111,0.03,,,12.1,,,Cyg,V,,0
NGC6834,OCl,298.052333,29.408167,4.5,,,7.8,,,Cyg,V,,0
NGC6835,G,298.637292,-12.567583,2.74,0.61,70,12.46,,,Sgr,V,,0
NGC6836,G,298.666917,-12.687944,1.42,1.11,119,13.01,,,Sgr,V,,0
NGC6837,OCl,298.285958,11.699,3,,,,,,Aql,,,0
NGC6838,GCl,298.442125,18.778389,6.9,,,6.1,71,,Sge,V,,0
NGC6839,Other,298.5,18.003333,,,,,,,Sge,,,0
NGC6840,OCl,298.817708,12.114611,4.5,,,,,,Aql,,,0
NGC6841,G,299.454417,-31.810694,1.63,1.46,162,12.59,,,Sgr,V,,0
NGC6842,PN,298.759417,29.289167,0.95,,,13.1,,,Vul,V,,0
NGC6843,OCl,299.025917,12.163833,3.6,,,,,,Aql,,,0
NGC6844,G,300.708875,-65.229861,1.26,0.97,5,13.58,,,Pav,B,,0
NGC6845,GGroup,300.242833,-47.069972,4.1,,,,,,Tel,,,0
NGC6845A,G,300.243417,-47.07025,1.08,0.61,47,13.22,,,Tel,V,,0
NGC6845B,G,300.272083,-47.059083,0.78,0.6,24,13.89,,,Tel,V,,0
NGC6845C,G,300.236708,-47.084222,0.94,0.31,138,15.43,,,Tel,V,,0
NGC6845D,G,300.223292,-47.095222,0.79,0.22,157,14.68,,,Tel,V,,0
NGC6846,OCl,299.117167,32.349694,2.4,,,14.2,,,Cyg,V,,0
NGC6847,Cl+N,299.157583,30.212917,10,10,,,,,Cyg,,,0
NGC6848,G,300.696875,-56.090306,2.34,1.38,158,13.35,,,Tel,B,,0
NGC6849,G,301.565083,-40.198306,2.15,1.42,19,12.12,,,Sgr,V,,0
NGC6850,G,300.875417,-54.844778,2.03,1.09,146,13.07,,,Tel,V,,0
NGC6851,G,300.893208,-48.2845,2.18,1.7,161,11.84,,,Tel,V,,0
NGC6851A,G,301.452125,-47.97825,1.35,0.7,50,14.89,,,Tel,B,,0
NGC6851B,G,301.416417,-47.979056,1.12,0.18,67,14.81,,,Tel,V,,0
NGC6852,PN,300.163167,1.728111,0.47,,,12.6,,,Aql,V,,0
NGC6853,PN,299.901583,22.721028,6.7,,,7.4,27,哑铃星云,Vul,V,Dumbbell Nebula,0
NGC6854,G,301.411667,-54.375611,2.28,1.62,166,12.35,,,Tel,V,,0
NGC6855,G,301.707958,-56.389917,1.27,0.95,95,13.85,,,Tel,B,,0
NGC6856,OCl,299.821375,56.130889,3,,,,,,Cyg,,,0
NGC6857,HII,300.450542,33.525917,0.63,0.63,,11.4,,,Cyg,B,,0
NGC6858,OCl,300.747458,11.259417,4.2,,,,,,Aql,,,0
NGC6859,Other,300.956292,0.444639,,,,,,,Aql,,,0
NGC6860,G,302.195375,-61.100194,1.31,0.75,32,13.53,,,Pav,V,,0
NGC6861,G,301.831167,-48.370222,3.18,2.36,133,11.04,,,Tel,V,,0
NGC6861B,G,301.522625,-48.474444,1.21,0.4,100,15.12,,,Tel,B,,0
NGC6861C,G,301.671167,-48.649778,1.11,0.42,34,15.09,,,Tel,B,,0
NGC6861D,G,302.081167,-48.211417,2.36,0.85,157,11.94,,,Tel,V,,0
NGC6861E,G,302.756333,-48.690583,1.48,0.31,37,15.11,,,Tel,B,,0
NGC6861F,G,302.799167,-48.275833,1.82,0.35,85,15.26,,,Tel,B,,0
NGC6862,G,302.227417,-56.39175,1.43,1.32,125,12.74,,,Tel,V,,0
NGC6863,Other,301.2805,-3.555139,,,,,,,Aql,,,0
NGC6864,GCl,301.520167,-21.922222,3.6,,,8.26,75,,Sgr,V,,0
NGC6865,G,301.485333,-9.040917,0.63,0.48,135,14.74,,,Aql,B,,0
NGC6866,OCl,300.979917,44.159111,5.1,,,7.6,,,Cyg,V,,0
NGC6867,G,302.623583,-54.78325,1.61,0.55,156,13.93,,,Tel,B,,0
NGC6868,G,302.475292,-48.379556,3.58,3.13,81,10.59,,,Tel,V,,0
NGC6869,G,300.176708,66.227528,1.44,1.44,100,12.23,,,Dra,V,,0
NGC6870,G,302.54525,-48.287083,2.56,1.08,86,11.94,,,Tel,V,,0
NGC6871,OCl,301.497667,35.77725,9.3,,,5.2,,,Cyg,V,,0
NGC6872,G,304.235667,-70.767944,4.7,1.8,45,11.64,,,Pav,V,,0
NGC6873,OCl,301.807875,21.10225,3,,,,,,Sge,,,0
NGC6874,*Ass,301.887833,38.246111,,,,,,,Cyg,,,0
NGC6875,G,303.301958,-46.161639,2.15,1.3,22,12.03,,,Tel,V,,0
NGC6875A,G,302.98275,-46.144083,2.97,0.61,74,13.95,,,Tel,B,,0
NGC6876,G,304.579792,-70.858806,3.46,3,110,10.83,,,Pav,V,,0
NGC6876A,G,302.820208,-71.012944,1.38,0.46,178,14.86,,,Pav,B,,0
NGC6877,G,304.650833,-70.853056,2.38,1.14,163,12.23,,,Pav,V,,0
NGC6878,G,303.471833,-44.52675,1.61,1.26,98,12.42,,,Sgr,V,,0
NGC6878A,G,303.4,-44.816167,1.87,0.86,69,13.25,,,Sgr,V,,0
NGC6879,PN,302.610833,16.922806,0.08,,,12.5,,,Sge,V,,0
NGC6880,G,304.873458,-70.859861,2.46,1.06,25,13.35,,,Pav,V,,0
NGC6881,PN,302.71875,37.411389,0.07,,,13.9,,,Cyg,V,,0
NGC6882,OCl,302.98275,26.488806,7.5,,,14.1,,,Vul,V,,0
NGC6883,OCl,302.832292,35.832194,4.5,,,8,,,Cyg,V,,0
NGC6884,PN,302.59875,46.460833,0.1,,,10.9,,,Cyg,V,,0
NGC6885,Dup,302.98275,26.488806,,,,,,,Vul,,,0
NGC6886,PN,303.17875,19.989722,0.09,,,11.4,,,Sge,V,,0
NGC6887,G,304.322042,-52.79675,3.44,1.18,103,12.08,,,Tel,V,,0
NGC6888,HII,303.027292,38.354944,20,10,,7.44,,新月星云,Cyg,B,Crescent Nebula,0
NGC6889,G,304.721792,-53.957083,1.71,1.08,60,13.71,,,Tel,B,,0
NGC6890,G,304.575417,-44.806722,1.59,1.27,155,12.65,,,Sgr,V,,0
NGC6891,PN,303.786833,12.704361,0.25,,,10.5,,,Del,V,,0
NGC6892,Other,304.2385,18.019667,,,,,,,Sge,,,0
NGC6893,G,305.206833,-48.239083,2.87,1.78,9,11.71,,,Tel,V,,0
NGC6894,PN,304.100208,30.565083,0.67,,,12.3,,,Cyg,V,,0
NGC6895,OCl,304.134833,50.240472,5.1,,,,,,Cyg,,,0
NGC6896,**,304.514917,30.640056,,,,,,,Cyg,,,0
NGC6897,G,305.255292,-12.254694,0.94,0.6,39,14.57,,,Cap,B,,0
NGC6898,G,305.283458,-12.358889,1.03,0.94,145,14.04,,,Cap,B,,0
NGC6899,G,306.092667,-50.433944,1.79,0.89,112,12.85,,,Tel,V,,0
NGC6900,G,305.396292,-2.569222,0.94,0.74,100,14.67,,,Aql,B,,0
NGC6901,G,305.589625,6.429861,1.25,0.49,62,14.83,,,Aql,B,,0
NGC6902,G,306.11725,-43.653528,2.69,2.11,158,11.48,,,Sgr,V,,0
NGC6902A,G,305.749,-44.271528,0.98,0.74,57,14.59,,,Sgr,B,,0
NGC6902B,G,305.779375,-43.868611,1.32,1.2,160,13.8,,,Sgr,V,,0
NGC6903,G,305.936917,-19.325417,2.24,2.04,145,12.9,,,Cap,B,,0
NGC6904,OCl,305.450625,25.7415,4.2,,,,,,Vul,,,0
NGC6905,PN,305.595792,20.104528,0.67,,,11.1,,,Del,V,Blue Flash Nebula,0
NGC6906,G,305.891292,6.443667,1.12,0.48,45,12.56,,,Aql,V,,0
NGC6907,G,306.277625,-24.809167,3.33,2.68,67,11.16,,,Cap,V,,0
NGC6908,G,306.287375,-24.801139,1.87,1.01,65,12.31,,,Cap,B,,0
NGC6909,G,306.912042,-47.027028,2.36,1.29,69,11.99,,,Tel,V,,0
NGC6910,OCl,305.800208,40.778611,6.3,,,7.4,,,Cyg,V,,0
NGC6911,G,304.909708,66.728333,1.84,1.01,122,15.6,,,Dra,B,,0
NGC6912,G,306.717,-18.617278,1.3,1.03,77,13.22,,,Cap,V,,0
NGC6913,OCl,305.990708,38.507667,3.6,,,6.6,29,,Cyg,V,,0
NGC6914,RfN,306.180417,42.482639,3,3,,,,,Cyg,,,0
NGC6915,G,306.941917,-3.077056,1.65,1.15,85,13.77,,,Aql,B,,0
NGC6916,G,305.887833,58.344056,1.64,1.11,89,15.21,,,Cyg,B,,0
NGC6917,G,306.868167,8.098083,1.11,0.45,48,14.24,,,Del,B,,0
NGC6918,G,307.696333,-47.473722,0.99,0.76,5,14.47,,,Ind,B,,0
NGC6919,G,307.908833,-44.216417,1.39,1.11,132,13.11,,,Mic,V,,0
NGC6920,G,310.989167,-80.000833,2.3,1.86,132,11.97,,,Oct,V,,0
NGC6921,G,307.12025,25.723417,1.08,0.35,141,13.44,,,Vul,V,,0
NGC6922,G,307.470417,-2.191194,1.17,0.92,139,13.6,,,Aql,V,,0
NGC6923,G,307.912792,-30.831889,2.54,1.24,76,12.01,,,Mic,V,,0
NGC6924,G,308.330125,-25.474444,1.7,1.45,140,12.79,,,Cap,V,,0
NGC6925,G,308.585708,-31.980889,4.68,1.16,4,11.35,,,Mic,V,,0
NGC6926,G,308.275458,-2.0275,1.33,0.37,178,13.43,,,Aql,V,,0
NGC6927,G,308.159208,9.916389,0.6,0.2,5,14.46,,,Del,V,,0
NGC6927A,G,308.152875,9.883917,0.38,0.13,20,17,,,Del,B,,0
NGC6928,G,308.20925,9.926417,2.08,0.51,106,12.61,,,Del,V,,0
NGC6929,G,308.340333,-2.037194,0.43,0.33,81,13.71,,,Aql,V,,0
NGC6930,G,308.245,9.874444,1.43,0.46,9,12.9,,,Del,V,,0
NGC6931,G,308.422292,-11.368861,1.27,0.46,125,14,,,Cap,B,,0
NGC6932,G,310.53575,-73.619361,2.45,1.44,105,13.3,,,Pav,B,,0
NGC6933,*,308.409083,7.387333,,,,11.61,,,Del,V,,0
NGC6934,GCl,308.547875,7.404111,5.4,,,9.75,,,Del,V,,0
NGC6935,G,309.58425,-52.110444,2.18,1.91,14,12,,,Ind,V,,0
NGC6936,G,308.984583,-25.279972,1.82,0.91,5,13.96,,,Cap,B,,0
NGC6937,G,309.690958,-52.14325,2.55,1.69,155,12.87,,,Ind,V,,0
NGC6938,OCl,308.677042,22.214583,5.4,,,,,,Vul,,,0
NGC6939,OCl,307.875542,60.662083,12,,,7.8,,,Cep,V,,0
NGC6940,OCl,308.611208,28.282722,10.8,,,6.3,,,Vul,V,,0
NGC6941,G,309.097792,-4.61875,1.73,1.2,126,14.17,,,Aql,B,,0
NGC6942,G,310.157708,-54.303056,2.24,1.71,134,11.97,,,Ind,V,,0
NGC6943,G,311.140583,-68.747722,3.75,2.22,125,11.39,,,Pav,V,,0
NGC6944,G,309.599417,6.996444,1.12,0.79,48,13.68,,,Del,V,,0
NGC6944A,G,309.547125,6.902667,0.97,0.69,67,14.92,,,Del,B,,0
NGC6945,G,309.752583,-4.972583,1.58,1.01,121,15.2,,,Aqr,B,,0
NGC6946,G,308.718,60.153917,11.4,10.84,52,9.05,,烟花星系,Cyg,V,Fireworks Galaxy,0
NGC6947,G,310.313,-32.486417,1.74,0.69,41,13.43,,,Mic,B,,0
NGC6948,G,310.871417,-53.356722,2,0.95,113,13.8,,,Ind,B,,0
NGC6949,G,308.778833,64.802806,1.31,1.05,95,14.5,,,Cep,V,,0
NGC6950,OCl,310.27325,16.622222,4.5,,,,,,Del,,,0
NGC6951,G,309.308708,66.105639,3.19,2.09,149,12.41,,,Cep,V,,0
NGC6952,Dup,309.308708,66.105639,,,,,,,Cep,,,0
NGC6953,Other,309.442583,65.764861,,,,,,,Cep,,,0
NGC6954,G,311.01325,3.209444,1.27,0.8,84,13.17,,,Del,V,,0
NGC6955,G,311.074917,2.594833,1.27,0.98,115,15.27,,,Del,B,,0
NGC6956,G,310.973792,12.511917,1.75,1.37,112,13.4,,,Del,B,,0
NGC6957,G,311.198167,2.581222,0.62,0.57,150,15.28,,,Del,B,,0
NGC6958,G,312.177458,-37.997417,2.44,1.88,97,11.4,,,Mic,V,,0
NGC6959,G,311.780167,0.430194,0.5,0.34,63,14.74,,,Aqr,B,,0
NGC6960,SNR,311.492417,30.595139,210,160,,7,,西面纱星云,Cyg,B,"Veil Nebula,Filamentary Nebula,Western Veil",0
NGC6961,G,311.793792,0.363278,0.76,0.73,150,15.12,,,Aqr,B,,0
NGC6962,G,311.829417,0.320806,2.7,2,68,11.89,,,Aqr,V,,0
NGC6963,**,311.831125,0.510639,,,,15.2,,,Aqr,B,,0
NGC6964,G,311.85125,0.300833,1.68,1.26,165,12.95,,,Aqr,V,,0
NGC6965,G,311.834875,0.484056,0.73,0.63,68,13.68,,,Aqr,V,,0
NGC6966,**,311.8615,0.367694,,,,,,,Aqr,,,0
NGC6967,G,311.892083,0.411611,1.19,0.71,95,13.01,,,Aqr,V,,0
NGC6968,G,312.135333,-8.360306,1.97,1.18,135,13.97,,,Aqr,B,,0
NGC6969,G,312.115125,7.739972,1.21,0.37,15,13.52,,,Del,V,,0
NGC6970,G,313.039417,-48.777778,1.54,0.87,115,12.62,,,Ind,V,,0
NGC6971,G,312.349,5.995583,1.05,0.87,60,14.74,,,Del,B,,0
NGC6972,G,312.495583,9.899139,1.23,0.49,142,14.02,,,Del,B,,0
NGC6973,*,313.024667,-5.895194,,,,,,,Aqr,,,0
NGC6974,SNR,312.768,31.828111,,,,,,,Cyg,,,0
NGC6975,G,313.108458,-5.772306,1.02,0.92,165,14.8,,,Aqr,B,,0
NGC6976,Dup,313.108458,-5.772306,,,,,,,Aqr,,,0
NGC6977,G,313.123792,-5.746111,1.25,0.93,168,14.12,,,Aqr,B,,0
NGC6978,G,313.147625,-5.711139,1.51,0.57,126,14.08,,,Aqr,B,,0
NGC6979,SNR,312.616708,32.025889,7,3,,,,,Cyg,,,0
NGC6980,*,313.203917,-5.837889,,,,,,,Aqr,,,0
NGC6981,GCl,313.366292,-12.537056,4.5,,,8.96,72,,Aqr,V,,0
NGC6982,G,314.326583,-51.862278,1,0.49,66,13.66,,,Ind,V,,0
NGC6983,G,314.180958,-43.986028,0.85,0.66,151,14.25,,,Mic,B,,0
NGC6984,G,314.474917,-51.870833,1.8,1.16,101,12.73,,,Ind,V,,0
NGC6985,G,311.262417,-11.104194,1.25,0.51,106,14.78,,,Aqr,B,,0
NGC6985A,G,311.255292,-11.107667,1.02,0.44,160,15.46,,,Aqr,B,,0
NGC6986,G,314.12775,-18.566556,0.98,0.64,6,14.72,,,Cap,B,,0
NGC6987,G,314.543167,-48.630306,2.03,1.63,125,12.45,,,Ind,V,,0
NGC6988,G,313.954,10.507861,0.68,0.59,21,14.81,,,Del,B,,0
NGC6989,OCl,313.528833,45.239278,5.4,,,,,,Cyg,,,0
NGC6990,G,314.987167,-55.561972,1.24,0.56,179,14,,,Ind,B,,0
NGC6991,OCl,313.716667,47.461667,23,,,,,,Cyg,,,0
NGC6992,SNR,314.079458,31.74275,60,8,,7,,东面纱星云,Cyg,B,"Eastern Veil,Network Nebula",0
NGC6993,G,313.475208,-25.472528,1.47,1.17,98,14.03,,,Cap,B,,0
NGC6994,Other,314.733208,-12.6355,,,,8.9,73,,Aqr,V,,0
NGC6995,SNR,314.294833,31.235167,12,12,,7,,东面纱星云,Cyg,B,"Eastern Veil,Network Nebula",0
NGC6996,*Ass,314.125042,45.473028,,,,,,,Cyg,,,0
NGC6997,Cl+N,314.164375,44.6315,6.9,,,10,,,Cyg,V,,0
NGC6998,G,315.407,-28.031917,0.94,0.89,135,14.06,,,Mic,V,,0
NGC6999,G,315.498083,-28.058917,1.21,0.99,1,14.91,,,Mic,B,,0
NGC7000,HII,314.821417,44.528778,120,30,,4,,北美洲星云,Cyg,B,North America Nebula,0
NGC7001,G,315.282292,-0.195167,1.38,1.03,169,12.93,,,Aqr,V,,0
NGC7002,G,315.936667,-49.02975,2.1,1.66,12,12.38,,,Ind,V,,0
NGC7003,G,315.17675,17.804889,0.99,0.66,116,13.75,,,Del,B,,0
NGC7004,G,316.009083,-49.11425,1.26,0.48,70,13.75,,,Ind,V,,0
NGC7005,Other,315.490208,-12.882611,,,,,,,Aqr,,,0
NGC7006,GCl,315.371875,16.187528,4.2,,,10.46,,,Del,V,,0
NGC7007,G,316.366333,-52.551972,3.39,1.23,1,11.95,,,Ind,V,,0
NGC7008,PN,315.136667,54.543194,1.43,,,10.7,,,Cyg,V,,0
NGC7009,PN,316.044958,-11.36325,0.7,0.52,70,8,,土星星云,Aqr,V,Saturn Nebula,0
NGC7010,G,316.164583,-12.338389,2.18,1.12,47,14.77,,,Aqr,B,,0
NGC7011,OCl,315.45575,47.354306,,,,,,,Cyg,,,0
NGC7012,G,316.689667,-44.814722,1.65,0.81,98,13.68,,,Mic,B,,0
NGC7013,G,315.889917,29.897472,4.16,1.33,158,11.3,,,Cyg,V,,0
NGC7014,G,316.967375,-47.179,2.03,1.77,130,12.31,,,Ind,V,,0
NGC7015,G,316.40575,11.414167,1.7,1.51,170,12.53,,,Equ,V,,0
NGC7016,G,316.817833,-25.468944,1.02,0.86,90,14.85,,,Cap,B,,0
NGC7017,GPair,316.835542,-25.486861,0.85,0.6,85,14.93,,,Cap,B,,0
NGC7018,GTrpl,316.855625,-25.42775,0.93,0.59,93,16.8,,,Cap,V,,0
NGC7019,G,316.607208,-24.412667,0.74,0.39,127,15.09,,,Cap,B,,0
NGC7020,G,317.833708,-64.025333,4.1,1.67,165,11.74,,,Pav,V,,0
NGC7021,Dup,317.833708,-64.025333,,,,,,,Pav,,,0
NGC7022,G,317.396833,-49.303667,1.52,1.08,7,14.06,,,Ind,B,,0
NGC7023,Neb,315.398417,68.169556,10,8,,7.2,,鸢尾花星云,Cep,B,Iris Nebula,0
NGC7024,OCl,316.533792,41.484583,4.92,,,,,,Cyg,,,0
NGC7025,G,316.94725,16.335861,2.02,1.32,45,13.99,,,Del,B,,0
NGC7026,PN,316.577,47.852194,0.33,,,10.9,,,Cyg,V,,0
NGC7027,PN,316.756375,42.236528,0.23,,,8.5,,,Cyg,V,,0
NGC7028,G,316.4585,18.468194,0.64,0.27,5,14.78,,,Del,B,,0
NGC7029,G,317.966875,-49.283722,2.75,1.57,68,11.67,,,Ind,V,,0
NGC7030,G,317.805542,-20.485861,0.86,0.65,36,14.58,,,Cap,B,,0
NGC7031,OCl,316.802292,50.875556,3.9,,,9.1,,,Cyg,V,,0
NGC7032,G,318.845333,-68.287889,1.17,0.99,20,13.63,,,Pav,B,,0
NGC7033,G,317.401083,15.124889,0.88,0.6,4,15.2,,,Peg,B,,0
NGC7034,G,317.409083,15.150667,0.96,0.7,122,15.19,,,Peg,B,,0
NGC7035,GPair,317.693333,-23.135833,1.2,,,15.41,,,Cap,B,,0
NGC7035A,G,317.689417,-23.135139,0.89,0.65,110,15.6,,,Cap,B,,0
NGC7035B,G,317.697083,-23.137083,1.23,0.91,88,15.39,,,Cap,B,,0
NGC7036,OCl,317.551625,15.376111,4.5,,,,,,Peg,,,0
NGC7037,OCl,317.6905,33.728333,6,,,,,,Cyg,,,0
NGC7038,G,318.781292,-47.2205,3.22,1.69,127,12.14,,,Ind,V,,0
NGC7039,OCl,317.699167,45.621806,7.8,,,7.6,,,Cyg,V,,0
NGC7040,G,318.31875,8.864972,1.04,0.74,155,14.85,,,Equ,B,,0
NGC7041,G,319.134917,-48.363556,3.46,1.47,84,11.3,,,Ind,V,,0
NGC7042,G,318.441083,13.574917,1.78,1.56,138,12.9,,,Peg,B,,0
NGC7043,G,318.517375,13.626028,0.82,0.64,129,14.86,,,Peg,B,,0
NGC7044,OCl,318.289208,42.496194,6,,,12,,,Cyg,V,,0
NGC7045,**,318.708583,4.506778,,,,,,,Equ,,,0
NGC7046,G,318.7335,2.834833,1.1,0.77,113,12.68,,,Equ,V,,0
NGC7047,G,319.115208,-0.8265,1.34,0.65,104,14.82,,,Aqr,B,,0
NGC7048,PN,318.563333,46.288611,1.02,,,12.1,,,Cyg,V,,0
NGC7049,G,319.75125,-48.562167,3.94,2.69,64,10.55,,,Ind,V,,0
NGC7050,OCl,318.785625,36.17525,3.6,,,,,,Cyg,,,0
NGC7051,G,319.963875,-8.782944,1.25,0.92,75,13.68,,,Aqr,B,,0
NGC7052,G,319.637708,26.447028,1.82,0.9,66,13.09,,,Vul,V,,0
NGC7053,G,320.281708,23.084806,1.57,1.47,25,14.17,,,Peg,B,,0
NGC7054,Dup,322.508125,26.717806,,,,,,,Vul,,,0
NGC7055,OCl,319.875458,57.545611,3,,,,,,Cep,,,0
NGC7056,G,320.5315,18.665667,1.1,1.03,60,13.09,,,Peg,V,,0
NGC7057,G,321.244583,-42.460444,1.36,0.81,107,13.83,,,Mic,B,,0
NGC7058,OCl,320.47325,50.819028,5.1,,,,,,Cyg,,,0
NGC7059,G,321.839458,-60.014583,3.69,1.31,101,12.08,,,Pav,V,,0
NGC7060,G,321.47325,-42.411278,2.02,1.09,153,12.82,,,Mic,V,,0
NGC7061,G,321.861875,-49.0635,1.63,0.94,138,14.16,,,Ind,B,,0
NGC7062,OCl,320.8645,46.378528,3.6,,,8.3,,,Cyg,V,,0
NGC7063,OCl,321.090417,36.4875,6.3,,,7,,,Cyg,V,,0
NGC7064,G,322.262417,-52.767611,3.74,0.7,92,12.11,,,Ind,V,,0
NGC7065,G,321.677125,-6.994917,1,0.79,29,14.27,,,Aqr,B,,0
NGC7065A,G,321.741042,-7.021528,1.1,1.04,130,14.32,,,Aqr,V,,0
NGC7066,GPair,321.558333,14.181944,0.83,0.81,160,15.2,,,Peg,B,,0
NGC7067,OCl,321.096333,48.00925,2.4,,,9.7,,,Cyg,V,,0
NGC7068,G,321.634875,12.184306,0.76,0.33,175,14.76,,,Peg,B,,0
NGC7069,G,322.024458,-1.646861,1.15,0.7,17,14.62,,,Aqr,B,,0
NGC7070,G,322.605625,-43.087111,2.5,2.16,178,12.31,,,Gru,V,,0
NGC7070A,G,322.947042,-42.847667,2.21,1.7,6,12.34,,,Gru,V,,0
NGC7071,*Ass,321.663875,47.919583,,,,,,,Cyg,,,0
NGC7072,G,322.653833,-43.153528,0.82,0.63,81,12.81,,,Gru,V,,0
NGC7072A,G,322.607,-43.202611,0.8,0.61,108,13.87,,,Gru,V,,0
NGC7073,G,322.358417,-11.488139,0.92,0.81,170,14.49,,,Cap,B,,0
NGC7074,G,322.411833,6.682556,0.83,0.48,120,14.94,,,Peg,B,,0
NGC7075,G,322.887417,-38.617917,1.45,1.09,114,12.73,,,Gru,V,,0
NGC7076,PN,321.597917,62.8925,0.93,,,13.5,,,Cep,V,,0
NGC7077,G,322.498375,2.414167,0.9,0.56,12,13.67,,,Aqr,V,,0
NGC7078,GCl,322.49325,12.166833,11.1,,,6.3,15,,Peg,V,,0
NGC7079,G,323.146875,-44.067556,2.3,1.44,77,11.65,,,Gru,V,,0
NGC7080,G,322.508125,26.717806,1.63,1.54,100,12.38,,,Vul,V,,0
NGC7081,G,322.8505,2.491278,0.77,0.65,155,13.67,,,Aqr,B,,0
NGC7082,OCl,322.323917,47.126278,9,,,7.2,,,Cyg,V,,0
NGC7083,G,323.936208,-63.902833,3.56,1.98,6,11.24,,,Ind,V,,0
NGC7084,OCl,323.138042,17.508528,6,,,,,,Peg,,,0
NGC7085,G,323.105125,6.58125,0.99,0.42,148,15.26,,,Peg,B,,0
NGC7086,OCl,322.614792,51.600528,4.8,,,8.4,,,Cyg,V,,0
NGC7087,G,323.639458,-40.818639,0.86,0.62,47,13.01,,,Gru,V,,0
NGC7088,Other,323.342167,-0.382611,,,,,,,Aqr,,,0
NGC7089,GCl,323.362542,-0.823306,8.4,,,6.25,2,,Aqr,V,,0
NGC7090,G,324.12025,-54.557333,8.15,1.63,128,10.87,,,Ind,V,,0
NGC7091,G,323.533083,-36.653722,1.86,1.31,86,13.51,,,Gru,B,,0
NGC7092,OCl,322.951333,48.438167,19.5,,,4.6,39,,Cyg,V,,0
NGC7093,OCl,323.590417,45.965,3.6,,,,,,Cyg,,,0
NGC7094,PN,324.220708,12.788639,1.65,,,13.4,,,Peg,V,,0
NGC7095,G,328.110167,-81.530833,2.71,2.21,135,11.92,,,Oct,V,,0
NGC7096,G,325.330333,-63.908694,2.1,1.98,125,11.97,,,Ind,V,,0
NGC7096A,G,324.701125,-64.350194,2,0.69,104,14.16,,,Ind,B,,0
NGC7097,G,325.053792,-42.539389,1.89,1.36,17,11.7,,,Gru,V,,0
NGC7097A,G,325.15775,-42.480278,0.7,0.44,131,14.28,,,Gru,V,,0
NGC7098,G,326.067167,-75.111333,1.78,0.91,62,11.53,,,Oct,V,,0
NGC7099,GCl,325.09175,-23.179083,9,,,7.1,30,,Cap,V,,0
NGC7100,*,324.779333,8.951528,,,,,,,Peg,,,0
NGC7101,G,324.894208,8.876944,0.82,0.75,165,14.86,,,Peg,B,,0
NGC7102,G,324.935375,6.286306,1.48,0.89,141,14.07,,,Peg,B,,0
NGC7103,G,324.964583,-22.473889,1.42,0.92,63,15.33,,,Cap,B,,0
NGC7104,G,325.01325,-22.424806,0.79,0.73,55,15.36,,,Cap,B,,0
NGC7105,G,325.422292,-10.6355,1.51,0.74,136,14.25,,,Cap,B,,0
NGC7106,G,325.652458,-52.699528,1.66,1.12,85,13.34,,,Ind,V,,0
NGC7107,G,325.610333,-44.790278,1.91,0.94,127,13.34,,,Gru,B,,0
NGC7108,G,325.473958,-6.708833,1.17,0.79,53,14.88,,,Aqr,B,,0
NGC7109,G,325.493875,-34.445889,0.87,0.81,105,14.47,,,PsA,B,,0
NGC7110,G,325.550625,-34.162222,1.4,0.73,74,14.26,,,PsA,B,,0
NGC7111,Dup,325.473958,-6.708833,,,,,,,Aqr,,,0
NGC7112,G,325.611,12.56925,0.99,0.99,40,15.12,,,Peg,B,,0
NGC7113,Dup,325.611,12.56925,,,,,,,Peg,,,0
NGC7114,*,325.433458,42.841806,,,,3,,,Cyg,V,Schmidt's Nova Cygni,0
NGC7115,G,325.910542,-25.351611,1.91,0.59,69,14.15,,,PsA,B,,0
NGC7116,G,325.667583,28.946583,1.22,0.5,105,14.13,,,Cyg,B,,0
NGC7117,G,326.446,-48.420417,1.71,1,30,12.8,,,Gru,V,,0
NGC7118,G,326.540583,-48.353806,1.7,1.36,45,12.57,,,Gru,V,,0
NGC7119,GPair,326.564583,-46.518056,1,,,,,,Gru,,,0
NGC7119A,G,326.566875,-46.516139,0.7,0.46,141,13.44,,,Gru,B,,0
NGC7119B,G,326.56325,-46.518417,0.64,0.21,24,13.75,,,Gru,B,,0
NGC7120,G,326.138417,-6.523167,0.84,0.46,136,14.88,,,Aqr,B,,0
NGC7121,G,326.219083,-3.619722,1.17,0.62,2,14.39,,,Aqr,B,,0
NGC7122,**,326.44925,-8.829611,,,,,,,Cap,,,0
NGC7123,G,327.694292,-70.334139,2.63,1.12,145,13.3,,,Ind,B,,0
NGC7124,G,327.022458,-50.565222,2.56,1.06,146,12.22,,,Ind,V,,0
NGC7125,G,327.316583,-60.713167,2.94,1.84,95,12.46,,,Ind,V,,0
NGC7126,G,327.325542,-60.609222,2.55,1.09,79,12.28,,,Ind,V,,0
NGC7127,OCl,325.924958,54.629972,2.7,,,,,,Cyg,,,0
NGC7128,OCl,325.990875,53.715139,3,,,9.7,,,Cyg,V,,0
NGC7129,Cl+N,325.745958,66.112972,2.1,,,11.5,,,Cep,V,,0
NGC7130,G,327.081333,-34.95125,1.56,1.33,160,12.72,,,PsA,V,,0
NGC7131,G,326.900458,-13.182611,1.13,0.87,114,14.91,,,Cap,B,,0
NGC7132,G,326.819083,10.241167,0.9,0.72,101,14.53,,,Peg,B,,0
NGC7133,Other,326.11125,66.168417,,,,,,,Cep,,,0
NGC7134,Other,327.234417,-12.973139,,,,,,,Cap,,,0
NGC7135,G,327.441708,-34.876278,2.6,2.03,45,12.19,,,PsA,V,,0
NGC7136,**,327.429708,-11.793306,,,,,,,Cap,,,0
NGC7137,G,327.054333,22.159583,1.84,1.65,50,12.38,,,Peg,V,,0
NGC7138,G,327.254542,12.514222,1.2,0.62,176,15.34,,,Peg,B,,0
NGC7139,PN,326.535833,63.791944,1.28,,,13.3,,,Cep,V,,0
NGC7140,G,328.063792,-55.569667,3.04,2.07,18,11.68,,,Ind,V,,0
NGC7141,Dup,328.063792,-55.569667,,,,,,,Ind,,,0
NGC7142,OCl,326.289625,65.774444,9.6,,,9.3,,,Cep,V,,0
NGC7143,Other,327.223625,29.954972,,,,,,,Cyg,,,0
NGC7144,G,328.176792,-48.25375,3.41,3.2,10,11,,,Gru,V,,0
NGC7145,G,328.334333,-47.882444,2.95,0.76,150,11.12,,,Gru,V,,0
NGC7146,G,327.947375,3.017028,0.73,0.42,89,15.46,,,Peg,B,,0
NGC7147,G,327.993458,3.071694,0.99,0.76,90,14.97,,,Peg,B,,0
NGC7148,**,328.035292,3.341472,,,,,,,Peg,,,0
NGC7149,G,328.048667,3.301139,1.3,0.86,15,14.53,,,Peg,B,,0
NGC7150,Other,327.599958,49.756083,,,,,,,Cyg,,,0
NGC7151,G,328.76725,-50.657889,2.66,0.89,73,13.49,,,Ind,B,,0
NGC7152,G,328.496,-29.289083,1.27,0.31,18,14.46,,,PsA,B,,0
NGC7153,G,328.647542,-29.063611,1.91,0.28,66,14.43,,,PsA,B,,0
NGC7154,G,328.837667,-34.814139,2.26,1.91,116,12.48,,,PsA,V,,0
NGC7155,G,329.040542,-49.521944,2.15,1.91,97,12.13,,,Ind,V,,0
NGC7156,G,328.640125,2.943028,1.4,1.22,120,12.71,,,Peg,V,,0
NGC7157,G,329.23625,-25.350528,1.17,0.55,12,14.86,,,PsA,B,,0
NGC7158,Other,329.367167,-11.592528,,,,,,,Cap,,,0
NGC7159,G,329.106708,13.562639,0.71,0.56,115,15,,,Peg,B,,0
NGC7160,OCl,328.417792,62.603306,4.2,,,6.1,,,Cep,V,,0
NGC7161,Other,329.241208,2.916222,,,,,,,Peg,,,0
NGC7162,G,329.913042,-43.305972,3.04,1.1,10,12.68,,,Gru,V,,0
NGC7162A,G,330.148958,-43.141722,2.39,1.73,42,13.1,,,Gru,B,,0
NGC7163,G,329.835167,-31.883167,2.17,1.04,101,13.23,,,PsA,V,,0
NGC7164,G,329.0985,1.363944,0.72,0.4,113,15.57,,,Aqr,B,,0
NGC7165,G,329.85875,-16.512333,1.12,0.92,38,13.54,,,Aqr,V,,0
NGC7166,G,330.137167,-43.389722,0.81,0.52,10,12.04,,,Gru,V,,0
NGC7167,G,330.127667,-24.632611,1.83,1.3,137,12.66,,,Aqr,B,,0
NGC7168,G,330.530833,-51.743083,2.23,1.64,69,11.9,,,Ind,V,,0
NGC7169,G,330.702667,-47.697833,1.08,0.56,75,14.56,,,Gru,B,,0
NGC7170,G,330.359417,-5.432778,1.12,0.74,166,14.77,,,Aqr,B,,0
NGC7171,G,330.258375,-13.26975,2.37,1.22,119,12.35,,,Aqr,V,,0
NGC7172,G,330.507875,-31.869667,2.75,1.82,105,12.24,,,PsA,V,,0
NGC7173,G,330.513292,-31.973694,1.88,1.53,141,11.98,,,PsA,V,,0
NGC7174,G,330.526875,-31.992972,2.51,2.2,85,12.15,,,PsA,V,,0
NGC7175,OCl,329.665958,54.806361,4.5,,,,,,Cyg,,,0
NGC7176,G,330.535167,-31.98975,1.15,0.92,75,12.43,,,PsA,B,,0
NGC7177,G,330.171833,17.738056,2.85,1.93,87,11.13,,,Peg,V,,0
NGC7178,G,330.605,-35.790361,1.17,0.45,174,14.76,,,PsA,B,,0
NGC7179,G,331.2055,-64.046833,2.03,1,48,12.82,,,Ind,V,,0
NGC7180,G,330.576917,-20.54775,1.66,0.77,65,12.61,,,Aqr,V,,0
NGC7181,G,330.431208,-1.960556,0.73,0.6,69,15.37,,,Aqr,B,,0
NGC7182,G,330.46525,-2.196583,0.79,0.43,90,15.35,,,Aqr,B,,0
NGC7183,G,330.590083,-18.9165,3.89,1.14,82,12.94,,,Aqr,B,,0
NGC7184,G,330.665917,-20.812833,5.98,1.26,61,11,,,Aqr,V,,0
NGC7185,G,330.736458,-20.471278,2.31,1.61,26,12.58,,,Aqr,V,,0
NGC7186,Other,330.27175,35.078833,,,,,,,Peg,,,0
NGC7187,G,330.685667,-32.802167,1.15,1.05,65,12.55,,,PsA,V,,0
NGC7188,G,330.870833,-20.317972,1.76,0.74,49,14,,,Aqr,B,,0
NGC7189,G,330.816667,0.571111,0.99,0.64,121,14.38,,,Aqr,B,,0
NGC7190,G,330.777833,11.199306,0.96,0.48,64,15.13,,,Peg,B,,0
NGC7191,G,331.715792,-64.634556,1.83,0.73,138,13.81,,,Ind,B,,0
NGC7192,G,331.709,-64.31625,2.42,2.31,0,11.28,,,Ind,V,,0
NGC7193,OCl,330.7565,10.803833,,,,,,,Peg,,,0
NGC7194,G,330.878917,12.636778,1.31,0.89,18,14.32,,,Peg,B,,0
NGC7195,G,330.876167,12.660833,0.69,0.53,46,15.71,,,Peg,B,,0
NGC7196,G,331.478375,-50.119333,2.76,2.06,59,12.01,,,Ind,V,,0
NGC7197,G,330.741875,41.059,1.67,0.85,111,14.41,,,Lac,B,,0
NGC7198,G,331.309333,-0.648278,0.98,0.75,180,14.44,,,Aqr,B,,0
NGC7199,G,332.124333,-64.706139,1.21,0.9,30,13.08,,,Ind,V,,0
NGC7200,G,331.789667,-49.995472,1.28,1,45,12.86,,,Ind,V,,0
NGC7201,G,331.633042,-31.263,1.66,0.55,128,13.95,,,PsA,B,,0
NGC7202,*,331.680167,-31.217889,,,,,,,PsA,,,0
NGC7203,G,331.682833,-31.162417,1.08,0.58,68,13.7,,,PsA,B,,0
NGC7204,GPair,331.725833,-31.051389,1.6,,,,,,PsA,,,0
NGC7204A,G,331.725,-31.050611,0.93,0.44,78,15.07,,,PsA,B,,0
NGC7204B,G,331.73025,-31.053083,1.07,0.28,88,14.5,,,PsA,B,,0
NGC7205,G,332.142875,-57.442583,3.7,1.71,63,10.97,,,Tuc,V,,0
NGC7205A,G,331.883375,-57.464028,1.15,0.84,72,14.02,,,Ind,V,,0
NGC7206,G,331.420375,16.78525,1.19,0.92,142,14.73,,,Peg,B,,0
NGC7207,G,331.440333,16.76775,0.66,0.26,102,15.6,,,Peg,B,,0
NGC7208,G,332.10175,-29.051167,0.91,0.6,136,13.36,,,PsA,V,,0
NGC7209,OCl,331.282667,46.483528,6,,,7.7,,,Lac,V,,0
NGC7210,Dup,346.710583,28.179028,,,,,,,Peg,,,0
NGC7211,G,331.591125,-8.089972,0.77,0.63,74,15.11,,,Aqr,B,,0
NGC7212,GTrpl,331.755417,10.231111,1.35,0.46,32,15.1,,,Peg,B,,0
NGC7213,G,332.317958,-47.166611,4.84,3.89,121,11.15,,,Gru,V,,0
NGC7214,G,332.282,-27.809472,1.94,1.35,45,13.86,,,PsA,V,,0
NGC7215,G,332.143667,0.511694,0.91,0.37,90,15.01,,,Aqr,B,,0
NGC7216,G,333.149333,-68.661861,1.61,1.1,127,12.59,,,Ind,V,,0
NGC7217,G,331.968292,31.359333,4.52,3.84,90,10.47,,,Peg,V,,0
NGC7218,G,332.548792,-16.661,2.55,1.07,35,11.91,,,Aqr,V,,0
NGC7219,G,333.287583,-64.848972,1.83,1.1,38,12.59,,,Tuc,V,,0
NGC7220,G,332.879167,-22.952861,0.9,0.72,7,13.37,,,Aqr,V,,0
NGC7221,G,332.813542,-30.563167,2.29,1.46,13,12.16,,,PsA,V,,0
NGC7222,G,332.715667,2.105806,1.07,1.06,65,15.43,,,Aqr,B,,0
NGC7223,G,332.538167,41.017278,1.41,1.13,126,13.42,,,Lac,B,,0
NGC7224,G,332.897417,25.8645,1.51,0.91,108,14.94,,,Peg,B,,0
NGC7225,G,333.283625,-26.148333,1.96,1.02,140,13.37,,,PsA,B,,0
NGC7226,OCl,332.612042,55.398583,3,,,9.6,,,Cep,V,,0
NGC7227,G,332.880542,38.721361,1.24,0.59,9,14.93,,,Lac,B,,0
NGC7228,G,332.9525,38.699167,1.38,0.84,145,14.92,,,Lac,B,,0
NGC7229,G,333.513417,-29.38275,1.46,1.25,116,12.73,,,PsA,V,,0
NGC7230,G,333.554958,-17.074056,1,0.91,10,14.44,,,Aqr,B,,0
NGC7231,G,333.1255,45.328472,1.69,0.6,87,13.91,,,Lac,B,,0
NGC7232,G,333.908333,-45.850083,2.86,1.04,100,11.89,,,Gru,V,,0
NGC7232A,G,333.422667,-45.893722,2.17,0.31,110,13.91,,,Gru,B,,0
NGC7232B,G,333.968542,-45.780639,1.68,1.48,1,13.59,,,Gru,V,,0
NGC7233,G,333.954083,-45.846444,1.74,1.55,75,12.53,,,Gru,V,,0
NGC7234,OCl,333.10425,57.271333,2.4,,,7.7,,,Cep,V,,0
NGC7235,Dup,333.10425,57.271333,,,,,,,Cep,,,0
NGC7236,G,333.687458,13.846528,1.38,0.81,156,13.55,,,Peg,V,,0
NGC7237,G,333.695333,13.840861,1.98,0.86,143,14.56,,,Peg,B,,0
NGC7238,Other,333.835458,22.519222,,,,,,,Peg,,,0
NGC7239,G,333.755833,-5.053333,0.97,0.66,82,15.52,,,Aqr,B,,0
NGC7240,G,333.844,37.280667,0.6,0.6,125,14.17,,,Lac,V,,0
NGC7241,G,333.957792,19.232361,2.75,0.72,26,13.47,,,Peg,B,,0
NGC7242,GPair,333.91875,37.300556,1.4,,,,,,Lac,,,0
NGC7242 NED01,G,333.914542,37.298722,1.23,0.31,26,13.98,,,Lac,B,,0
NGC7242 NED02,G,333.923208,37.302778,0.29,0.22,72,17.87,,,Lac,B,,0
NGC7243,OCl,333.78575,49.8975,15,,,6.4,,,Lac,V,,0
NGC7244,G,334.111792,16.471444,0.91,0.46,0,13.92,,,Peg,V,,0
NGC7245,OCl,333.797958,54.342556,3.9,,,9.2,,,Lac,V,,0
NGC7246,G,334.427833,-15.571278,2.26,0.86,174,13.76,,,Aqr,B,,0
NGC7247,G,334.421875,-23.731028,1.28,0.67,6,13.41,,,Aqr,B,,0
NGC7248,G,334.22475,40.502333,1.72,0.78,133,12.48,,,Lac,V,,0
NGC7249,G,335.129167,-55.124861,0.97,0.69,132,13.39,,,Gru,V,,0
NGC7250,G,334.574167,40.562389,2.12,0.94,160,12.56,,,Lac,V,,0
NGC7251,G,335.113083,-15.773556,1.67,1.48,10,13.5,,,Aqr,B,,0
NGC7252,G,335.186458,-24.678278,1.85,1.71,95,12.13,,,Aqr,V,,0
NGC7253,GPair,334.870417,29.391667,2.6,,,,,,Peg,,,0
NGC7253A,G,334.865458,29.395806,1.56,0.41,124,13.99,,,Peg,B,,0
NGC7253B,G,334.875417,29.387778,1.28,0.44,68,13.95,,,Peg,B,,0
NGC7254,G,335.650958,-21.737222,1.3,0.64,114,13.91,,,Aqr,B,,0
NGC7255,G,335.783333,-15.541417,1.47,0.31,116,15.15,,,Aqr,B,,0
NGC7256,Dup,335.650958,-21.737222,,,,,,,Aqr,,,0
NGC7257,G,335.651833,-4.12075,1.81,1.23,5,13.69,,,Aqr,B,,0
NGC7258,G,335.741958,-28.345139,1.54,0.65,142,13.99,,,PsA,B,,0
NGC7259,G,335.773,-28.954833,1.25,0.97,57,13.77,,,PsA,B,,0
NGC7260,Dup,335.651833,-4.12075,,,,,,,Aqr,,,0
NGC7261,OCl,335.026625,58.051833,6.9,,,8.4,,,Cep,V,,0
NGC7262,G,335.868917,-32.36425,0.86,0.78,140,15,,,PsA,V,,0
NGC7263,G,335.438542,36.35,0.94,0.76,55,15.62,,,Lac,B,,0
NGC7264,G,335.557417,36.387,1.99,0.3,56,14.6,,,Lac,B,,0
NGC7265,G,335.614333,36.209611,2.48,1.79,166,12.22,,,Lac,V,,0
NGC7266,G,335.995667,-4.073417,0.72,0.58,90,14.38,,,Aqr,B,,0
NGC7267,G,336.090875,-33.694083,1.73,1.5,121,12.23,,,PsA,V,,0
NGC7268,GPair,336.4225,-31.200556,1.4,,,,,,PsA,,,0
NGC7268 NED01,G,336.419667,-31.20075,1.29,0.72,78,14.45,,,PsA,B,,0
NGC7268 NED02,G,336.425667,-31.2,1,0.44,73,15.4,,,PsA,B,,0
NGC7269,G,336.444292,-13.166389,1.02,0.74,142,14.61,,,Aqr,B,,0
NGC7270,G,335.948042,32.403028,0.93,0.55,88,14.95,,,Peg,B,,0
NGC7271,G,335.989958,32.366861,0.61,0.29,118,16.03,,,Peg,B,,0
NGC7272,G,336.132125,16.588167,1.09,0.97,52,15.3,,,Peg,B,,0
NGC7273,G,336.038458,36.199833,0.85,0.54,10,14.68,,,Lac,B,,0
NGC7274,G,336.046292,36.125861,1.83,1.52,60,14.18,,,Lac,B,,0
NGC7275,G,336.071792,32.44625,1.16,0.26,36,14.94,,,Peg,B,,0
NGC7276,G,336.059875,36.087556,1,0.85,156,14.89,,,Lac,B,,0
NGC7277,G,336.545583,-31.14525,1.28,0.54,125,14.18,,,PsA,B,,0
NGC7278,G,337.093375,-60.169833,0.76,0.38,1,15.2,,,Tuc,B,,0
NGC7279,G,336.80275,-35.140444,1.24,0.88,67,13.8,,,PsA,V,,0
NGC7280,G,336.614917,16.148222,2.01,1.29,76,12.17,,,Peg,V,,0
NGC7281,OCl,336.337417,57.821139,4.8,,,,,,Cep,,,0
NGC7282,G,336.474417,40.314861,0.79,0.2,40,15.27,,,Lac,B,,0
NGC7283,G,337.136417,17.470333,0.87,0.38,15,15.81,,,Peg,B,,0
NGC7284,G,337.149708,-24.844139,1.82,1.44,64,13.33,,,Aqr,B,,0
NGC7285,G,337.158333,-24.840778,2.68,1.54,65,12.83,,,Aqr,B,,0
NGC7286,G,336.9605,29.095972,1.81,0.56,97,13.3,,,Peg,B,,0
NGC7287,GPair,337.202917,-22.2025,0.7,,,14.75,,,Aqr,V,,0
NGC7287A,G,337.202042,-22.203361,0.62,0.34,170,15.53,,,Aqr,B,,0
NGC7287B,G,337.202875,-22.201778,0.62,0.32,68,16.79,,,Aqr,B,,0
NGC7288,G,337.062375,-2.884556,1.92,1.01,83,13.98,,,Aqr,B,,0
NGC7289,G,337.334375,-35.471972,1.63,1.21,141,14.26,,,PsA,B,,0
NGC7290,G,337.110125,17.147444,1.49,0.72,158,13.27,,,Peg,V,,0
NGC7291,G,337.122917,16.783139,1.62,1.05,59,14.83,,,Peg,B,,0
NGC7292,G,337.107958,30.292306,1.82,1.22,113,12.56,,,Peg,V,,0
NGC7293,PN,337.410708,-20.837333,16.33,,,7.3,,螺旋星云,Aqr,V,Helix Nebula,0
NGC7294,G,338.033583,-25.397778,2.1,1.15,42,13.57,,,PsA,B,,0
NGC7295,OCl,337.011833,52.289083,2.7,,,9.7,,,Lac,V,,0
NGC7296,Dup,337.011833,52.289083,,,,,,,Lac,,,0
NGC7297,G,337.792833,-37.826444,0.84,0.49,121,14.63,,,Gru,B,,0
NGC7298,G,337.711042,-14.18825,1.28,1,4,13.77,,,Aqr,V,,0
NGC7299,G,337.887958,-37.809556,0.67,0.65,175,14.79,,,Gru,B,,0
NGC7300,G,337.749625,-14.003528,2.06,0.8,162,12.83,,,Aqr,V,,0
NGC7301,G,337.644667,-17.573778,0.85,0.27,180,14.21,,,Aqr,B,,0
NGC7302,G,338.099167,-14.120528,1.73,1.09,95,12.18,,,Aqr,V,,0
NGC7303,G,337.886792,30.955972,1.54,1.19,117,13.62,,,Peg,B,,0
NGC7304,Other,337.935417,30.979667,,,,,,,Peg,,,0
NGC7305,G,338.058083,11.712139,0.86,0.83,90,15.13,,,Peg,B,,0
NGC7306,G,338.318625,-27.246611,1.81,0.79,60,13.5,,,PsA,B,,0
NGC7307,G,338.468917,-40.932722,3.83,0.87,9,12.63,,,Gru,V,,0
NGC7308,G,338.633917,-12.933861,1.27,0.92,152,14.4,,,Aqr,B,,0
NGC7309,G,338.585792,-10.357,2.08,1.86,120,12.5,,,Aqr,V,,0
NGC7310,G,338.653792,-22.485083,0.95,0.73,37,14.2,,,Aqr,V,,0
NGC7311,G,338.527958,5.569889,1.47,0.68,11,13.32,,,Peg,B,,0
NGC7312,G,338.644958,5.817361,0.93,0.63,79,14.45,,,Peg,B,,0
NGC7313,G,338.885667,-26.101778,0.7,0.42,165,15.15,,,PsA,B,,0
NGC7314,G,338.942458,-26.050472,4.21,1.71,3,11.22,,,PsA,V,,0
NGC7315,G,338.882125,34.803389,1.58,1.58,20,13.87,,,Peg,B,,0
NGC7316,G,338.98475,20.32225,1.19,1.01,66,13.04,,,Peg,V,,0
NGC7317,G,338.966167,33.944889,0.8,0.77,150,13.66,,,Peg,V,,0
NGC7318,GPair,338.99,33.965556,2.5,,,,,,Peg,,,0
NGC7318A,G,338.986458,33.965472,1.47,1.33,90,13.39,,,Peg,V,,0
NGC7318B,G,338.993375,33.965917,2.37,1.32,24,13.97,,,Peg,B,,0
NGC7319,G,339.014792,33.975722,1.67,1.04,112,13.48,,,Peg,V,,0
NGC7320,G,339.014083,33.948111,2.55,1.4,132,12.96,,,Peg,V,,0
NGC7320C,G,339.084875,33.984972,0.59,0.48,29,15.54,,,Peg,V,,0
NGC7321,G,339.11675,21.621806,1.41,0.97,18,13.92,,,Peg,B,,0
NGC7322,G,339.464417,-37.231194,1.04,0.62,115,14.54,,,Gru,B,,0
NGC7323,G,339.223708,19.143861,1.17,0.87,175,14.03,,,Peg,B,,0
NGC7324,G,339.253833,19.14625,1.14,0.63,163,14.61,,,Peg,B,,0
NGC7325,**,339.202167,34.368028,,,,14.7,,,Peg,B,,0
NGC7326,**,339.217042,34.423111,,,,,,,Peg,,,0
NGC7327,G,339.141833,34.503611,0.51,0.29,0,16.1,,,Peg,V,,0
NGC7328,G,339.372,10.531583,1.95,0.67,87,12.98,,,Peg,V,,0
NGC7329,G,340.100917,-66.478972,3.12,2.37,105,11.7,,,Tuc,V,,0
NGC7330,G,339.234083,38.548056,1.71,1.59,70,13.55,,,Lac,B,,0
NGC7331,G,339.266708,34.415528,9.27,3.76,170,9.41,,,Peg,V,,0
NGC7332,G,339.35225,23.798333,2.95,0.71,154,11.05,,,Peg,V,,0
NGC7333,*,339.2985,34.437833,,,,15.1,,,Peg,V,,0
NGC7334,Dup,339.464417,-37.231194,,,,,,,Gru,,,0
NGC7335,G,339.330792,34.44775,1.26,0.54,150,13.39,,,Peg,V,,0
NGC7336,G,339.341417,34.48175,0.61,0.47,131,15.64,,,Peg,B,,0
NGC7337,G,339.360917,34.374306,1.02,0.8,5,15.65,,,Peg,B,,0
NGC7338,**,339.3805,34.414472,,,,,,,Peg,,,0
NGC7339,G,339.446833,23.786694,3.21,0.95,92,12.24,,,Peg,V,,0
NGC7340,G,339.43425,34.41,0.86,0.55,170,14.64,,,Peg,B,,0
NGC7341,G,339.773083,-22.666667,2.39,0.95,93,13.42,,,Aqr,B,,0
NGC7342,G,339.554792,35.498861,1.31,1.25,125,15.23,,,Peg,B,,0
NGC7343,G,339.65775,34.071444,0.91,0.73,169,13.5,,,Peg,V,,0
NGC7344,G,339.901042,-4.158972,1.23,0.55,10,14.61,,,Aqr,B,,0
NGC7345,G,339.686917,35.540583,1.09,0.19,40,15.04,,,Peg,B,,0
NGC7346,G,339.897708,11.083333,0.38,0.28,52,15.66,,,Peg,B,,0
NGC7347,G,339.984042,11.027556,1.55,0.34,131,14.54,,,Peg,B,,0
NGC7348,G,340.151167,11.906222,1.01,0.58,12,14.75,,,Peg,B,,0
NGC7349,G,340.312083,-21.7985,1.2,0.41,165,14.51,,,Aqr,V,,0
NGC7350,**,340.202333,12.006528,,,,,,,Peg,,,0
NGC7351,G,340.36225,-4.444722,1.6,0.84,2,13.55,,,Aqr,B,,0
NGC7352,Other,339.932083,57.394361,,,,,,,Cep,,,0
NGC7353,G,340.552125,11.877306,0.65,0.47,130,16.67,,,Peg,B,,0
NGC7354,PN,340.081708,61.284833,0.38,,,12.2,,,Cep,V,,0
NGC7355,G,340.877333,-36.865167,1.04,0.44,44,15.09,,,Gru,B,,0
NGC7356,G,340.509792,30.708806,1.26,0.58,75,15.31,,,Peg,B,,0
NGC7357,G,340.59975,30.171361,0.58,0.37,123,15.11,,,Peg,B,,0
NGC7358,G,341.401833,-65.121833,2.13,0.69,174,12.75,,,Tuc,V,,0
NGC7359,G,341.2,-23.688083,2.18,0.5,57,12.45,,,Aqr,V,,0
NGC7360,G,340.891458,4.151167,0.81,0.42,153,14.48,,,Peg,B,,0
NGC7361,G,340.574625,-30.057667,3.14,0.85,8,12.35,,,PsA,V,,0
NGC7362,G,340.955333,8.705444,1.3,0.89,175,12.74,,,Peg,V,,0
NGC7363,G,340.832958,34.0015,0.86,0.86,35,14.53,,,Peg,B,,0
NGC7364,G,341.101542,-0.162083,1.65,1.12,66,13.36,,,Aqr,B,,0
NGC7365,G,341.291833,-19.952028,1.79,1.08,23,12.81,,,Aqr,V,,0
NGC7366,G,341.110958,10.781361,0.34,0.34,150,16.22,,,Peg,B,,0
NGC7367,G,341.143542,3.646389,1.43,0.37,123,14.82,,,Peg,B,,0
NGC7368,G,341.382,-39.341833,2.85,0.56,130,13.17,,,Gru,B,,0
NGC7369,G,341.05125,34.351222,0.86,0.73,27,14.73,,,Peg,B,,0
NGC7370,G,341.405125,11.057806,0.65,0.49,120,16.38,,,Peg,B,,0
NGC7371,G,341.515583,-11.001139,2.09,1.92,160,12.02,,,Aqr,V,,0
NGC7372,G,341.441667,11.130833,1.01,0.73,67,14.51,,,Peg,B,,0
NGC7373,G,341.580875,3.210056,1.04,0.55,8,14.71,,,Peg,B,,0
NGC7374,G,341.503958,10.853611,0.87,0.71,60,14.83,,,Peg,B,,0
NGC7374B,G,341.496625,10.8675,0.78,0.46,166,15.55,,,Peg,B,,0
NGC7375,G,341.6335,21.083639,0.92,0.67,57,14.67,,,Peg,B,,0
NGC7376,G,341.822417,3.645583,0.69,0.44,140,15.56,,,Peg,B,,0
NGC7377,G,341.947917,-22.312111,3.92,3.13,99,11.19,,,Aqr,V,,0
NGC7378,G,341.94875,-11.816639,1.52,0.85,180,13,,,Aqr,V,,0
NGC7379,G,341.887292,40.238806,1.25,0.92,93,14.33,,,Lac,B,,0
NGC7380,Cl+N,341.837542,58.132417,25,20,,7.2,,巫师星云,Cep,V,,0
NGC7381,G,342.533958,-19.725111,0.68,0.47,108,14.93,,,Aqr,B,,0
NGC7382,G,342.599667,-36.857306,0.74,0.3,109,14.67,,,Gru,B,,0
NGC7383,G,342.398417,11.556389,0.86,0.73,166,14.01,,,Peg,V,,0
NGC7384,*,342.427292,11.487444,,,,,,,Peg,,,0
NGC7385,G,342.477458,11.608556,1.93,1.19,83,12.13,,,Peg,V,,0
NGC7386,G,342.508958,11.698361,2.04,1.3,144,12.52,,,Peg,V,,0
NGC7387,G,342.5735,11.636722,1,0.63,45,13.98,,,Peg,V,,0
NGC7388,*,342.587583,11.710944,,,,,,,Peg,,,0
NGC7389,G,342.566875,11.566194,1.45,0.71,168,14.86,,,Peg,B,,0
NGC7390,G,342.58175,11.531028,0.82,0.65,173,15.45,,,Peg,B,,0
NGC7391,G,342.650542,-1.544833,1.49,1.29,96,12.05,,,Aqr,V,,0
NGC7392,G,342.953083,-20.608083,2.24,1.19,120,11.84,,,Aqr,V,,0
NGC7393,G,342.908708,-5.557306,2.04,0.6,92,13.34,,,Aqr,B,,0
NGC7394,OCl,342.532,52.180111,,,,,,,Lac,,,0
NGC7395,G,342.762208,37.087806,1.15,1.04,110,15.16,,,Lac,B,,0
NGC7396,G,343.094333,1.092389,1.77,1.03,98,13.49,,,Psc,B,,0
NGC7397,G,343.194583,1.132778,0.71,0.47,162,15.04,,,Psc,B,,0
NGC7398,G,343.205292,1.201111,1.05,0.7,74,14.64,,,Psc,B,,0
NGC7399,G,343.163583,-9.267778,1.13,0.73,149,14.5,,,Aqr,V,,0
NGC7400,G,343.58675,-45.347028,2.42,0.57,2,13.64,,,Gru,B,,0
NGC7401,G,343.244,1.142667,0.75,0.47,90,15.26,,,Psc,B,,0
NGC7402,G,343.268667,1.144444,0.42,0.29,46,16.05,,,Psc,B,,0
NGC7403,*,343.276667,1.482722,,,,,,,Psc,,,0
NGC7404,G,343.577542,-39.314944,1.63,0.93,2,12.74,,,Gru,V,,0
NGC7405,G,343.238208,12.593611,0.33,0.23,95,16.98,,,Peg,B,,0
NGC7406,G,343.484333,-6.57925,0.92,0.65,75,14.17,,,Aqr,B,,0
NGC7407,G,343.337,32.130667,1.67,0.79,154,14.11,,,Peg,B,,0
NGC7408,G,343.986917,-63.694722,1.91,0.7,168,15.41,,,Tuc,V,,0
NGC7409,G,343.4505,20.210389,0.58,0.45,159,15.49,,,Peg,B,,0
NGC7410,G,343.753958,-39.661333,6.01,1.77,43,11.19,,,Gru,V,,0
NGC7411,G,343.6455,20.236167,1,0.9,127,14.64,,,Peg,B,,0
NGC7412,G,343.940625,-42.642028,3.79,2.79,75,11.33,,,Gru,V,,0
NGC7412A,G,344.2875,-42.804472,0.59,0.42,92,13.96,,,Gru,V,,0
NGC7413,G,343.762917,13.220472,1.14,0.8,64,15.16,,,Peg,B,,0
NGC7414,G,343.85175,13.248278,0.62,0.28,172,16.77,,,Peg,B,,0
NGC7415,G,343.723417,20.261556,0.82,0.21,128,14.96,,,Peg,B,,0
NGC7416,G,343.92375,-5.495333,3.08,0.6,110,12.33,,,Aqr,V,,0
NGC7417,G,344.456292,-65.038556,2.21,1.45,11,12.31,,,Tuc,V,,0
NGC7418,G,344.150667,-37.030083,3.66,2.83,139,11.04,,,Gru,V,,0
NGC7418A,G,344.171875,-36.772722,1.75,0.88,81,13.6,,,Gru,B,,0
NGC7419,OCl,343.583583,60.815528,4.08,,,13,,,Cep,V,,0
NGC7420,G,343.883542,29.805,0.85,0.77,50,14.94,,,Peg,B,,0
NGC7421,G,344.226375,-37.34725,2.38,1.95,85,11.99,,,Gru,V,,0
NGC7422,G,344.051583,3.926778,0.83,0.63,146,14.26,,,Psc,B,,0
NGC7423,OCl,343.785583,57.096917,3.6,,,,,,Cep,,,0
NGC7424,G,344.326542,-41.070583,5.01,2.69,125,10.18,,,Gru,V,,0
NGC7425,G,344.31475,-10.95,0.97,0.59,63,15.22,,,Aqr,B,,0
NGC7426,G,344.011917,36.361361,1.57,1.22,72,13.51,,,Lac,B,,0
NGC7427,G,344.291333,8.505583,0.58,0.5,102,15.29,,,Peg,B,,0
NGC7428,G,344.331375,-1.049,0.91,0.83,65,13.76,,,Psc,B,,0
NGC7429,OCl,344.0025,59.973861,4.5,,,,,,Cep,,,0
NGC7430,G,344.373833,8.794306,0.6,0.27,60,15.08,,,Peg,B,,0
NGC7431,G,344.411208,26.164306,0.26,0.2,125,15.45,,,Peg,B,,0
NGC7432,G,344.508083,13.1345,1.57,0.92,40,14.81,,,Peg,V,,0
NGC7433,G,344.465458,26.162167,0.78,0.3,47,15.55,,,Peg,B,,0
NGC7434,G,344.589375,-1.183944,0.61,0.3,80,15.19,,,Psc,B,,0
NGC7435,G,344.476958,26.138861,1.31,0.42,112,15.43,,,Peg,B,,0
NGC7436,GPair,344.487083,26.15,1.2,,,,,,Peg,,,0
NGC7436A,G,344.484042,26.149972,0.72,0.25,98,15,,,Peg,V,,0
NGC7436B,G,344.48975,26.149944,1.95,1.48,49,13.9,,,Peg,B,,0
NGC7437,G,344.541917,14.3085,1.71,1.64,145,13.95,,,Peg,B,,0
NGC7438,OCl,344.334875,54.309306,5.7,,,,,,Cas,,,0
NGC7439,G,344.5415,29.228417,1.03,0.56,165,15.08,,,Peg,B,,0
NGC7440,G,344.635583,35.802417,1.16,0.93,50,13.51,,,And,V,,0
NGC7441,G,344.172417,-7.379056,1.29,0.77,160,14.31,,,Aqr,B,,0
NGC7442,G,344.860625,15.548389,1.01,0.95,95,14.15,,,Peg,B,,0
NGC7443,G,345.036875,-12.807889,1.73,0.69,41,12.91,,,Aqr,V,,0
NGC7444,G,345.037333,-12.834278,1.45,0.58,1,12.82,,,Aqr,V,,0
NGC7445,G,344.8435,39.107528,0.67,0.17,85,15.58,,,And,B,,0
NGC7446,G,344.870833,39.082889,1.26,1.14,110,15.44,,,And,B,,0
NGC7447,Other,345.108667,-10.528,,,,,,,Aqr,,,0
NGC7448,G,345.014958,15.980333,2.07,0.81,171,11.69,,,Peg,V,,0
NGC7449,G,344.906833,39.145861,1.02,0.8,130,15.35,,,And,B,,0
NGC7450,G,345.19925,-12.918528,1.54,1.46,25,14.33,,,Aqr,V,,0
NGC7451,G,345.17025,8.467917,1.11,0.54,65,14.94,,,Peg,B,,0
NGC7452,G,345.197917,6.745528,0.51,0.37,25,16.52,,,Psc,B,,0
NGC7453,Other,345.355875,-6.3565,,,,,,,Aqr,,,0
NGC7454,G,345.277125,16.388361,1.54,0.75,140,11.86,,,Peg,V,,0
NGC7455,G,345.170708,7.303056,0.7,0.4,163,15.26,,,Psc,B,,0
NGC7456,G,345.543417,-39.569389,5.15,1.76,22,11.88,,,Gru,V,,0
NGC7457,G,345.249708,30.144944,3.95,2.25,128,10.98,,,Peg,V,,0
NGC7458,G,345.369333,1.753389,1.03,0.82,14,12.54,,,Psc,V,,0
NGC7459,GPair,345.249583,6.75,1,,,,,,Psc,,,0
NGC7459 NED01,G,345.2485,6.749417,1.32,0.78,61,15.37,,,Psc,B,,0
NGC7459 NED02,G,345.250875,6.751083,0.27,0.23,141,,,,Psc,,,0
NGC7460,G,345.428792,2.263611,1.14,0.81,25,12.99,,,Psc,V,,0
NGC7461,G,345.451375,15.582472,0.94,0.83,166,14.48,,,Peg,B,,0
NGC7462,G,345.693708,-40.83525,4.99,0.84,76,12.2,,,Gru,B,,0
NGC7463,G,345.466583,15.981861,1.58,0.44,92,13.19,,,Peg,V,,0
NGC7464,G,345.47375,15.97375,0.52,0.49,35,14.43,,,Peg,B,,0
NGC7465,G,345.504042,15.964778,1.06,0.64,162,13.27,,,Peg,V,,0
NGC7466,G,345.514292,27.052639,1.54,0.59,25,14.42,,,Peg,V,,0
NGC7467,G,345.6145,15.554083,0.81,0.58,26,15.38,,,Peg,B,,0
NGC7468,G,345.746917,16.60525,0.82,0.67,28,13.61,,,Peg,V,,0
NGC7469,G,345.815083,8.874,1.38,1.21,126,12.59,,,Peg,V,,0
NGC7470,G,346.308583,-50.111583,1.55,1.02,93,13.73,,,Gru,B,,0
NGC7471,Other,345.97425,-22.906917,,,,,,,Aqr,,,0
NGC7472,G,346.410875,3.05925,0.75,0.49,55,14.55,,,Psc,B,,0
NGC7473,G,345.987875,30.160139,1.09,0.49,42,14.74,,,Peg,B,,0
NGC7474,G,346.018458,20.067194,0.79,0.62,8,15.01,,,Peg,B,,0
NGC7475,GPair,346.045417,20.081139,1.3,,,,,,Peg,,,0
NGC7475 NED01,G,346.042708,20.0795,1.41,0.91,62,14.97,,,Peg,B,,0
NGC7475 NED02,G,346.048458,20.085028,0.45,0.45,,15.1,,,Peg,B,,0
NGC7476,G,346.299458,-43.099361,1.33,1.06,178,13.58,,,Gru,B,,0
NGC7477,G,346.169417,3.118,0.38,0.17,23,16.92,,,Psc,B,,0
NGC7478,G,346.235875,2.577778,0.43,0.38,9,16.4,,,Psc,B,,0
NGC7479,G,346.236042,12.322889,3.65,2.72,26,11.09,,,Peg,V,,0
NGC7480,G,346.30675,2.549417,1.32,0.27,101,14.81,,,Psc,B,,0
NGC7481,Other,346.465083,-19.939667,,,,,,,Aqr,,,0
NGC7482,Dup,346.410875,3.05925,,,,,,,Psc,,,0
NGC7483,G,346.451208,3.545111,1.43,0.83,116,14.22,,,Psc,B,,0
NGC7484,G,346.770458,-36.275361,1.09,1,0,12.98,,,Scl,B,,0
NGC7485,G,346.52025,34.107694,1.51,0.76,145,14.15,,,Peg,B,,0
NGC7486,Other,346.554083,34.1015,,,,,,,Peg,,,0
NGC7487,G,346.710583,28.179028,1.8,1.14,166,14.72,,,Peg,B,,0
NGC7488,G,346.953958,0.940528,0.62,0.41,22,14.64,,,Psc,B,,0
NGC7489,G,346.886292,22.998,1.22,0.65,165,14.23,,,Peg,B,,0
NGC7490,G,346.854875,32.375056,1.81,1.76,70,12.69,,,Peg,V,,0
NGC7491,G,347.024917,-5.966667,0.84,0.58,174,14.51,,,Aqr,B,,0
NGC7492,GCl,347.111167,-15.611472,3,,,10.48,,,Aqr,V,,0
NGC7493,*,347.131792,0.91,,,,,,,Psc,,,0
NGC7494,G,347.244083,-24.369583,0.87,0.65,85,15.21,,,Aqr,B,,0
NGC7495,G,347.23825,12.048028,1.61,1.44,12,13.12,,,Peg,V,,0
NGC7496,G,347.447042,-43.427944,3.4,2.17,169,12.73,,,Gru,V,,0
NGC7496A,G,348.097,-43.778194,1.44,1.23,84,14.61,,,Gru,B,,0
NGC7497,G,347.264208,18.177194,2.75,0.97,45,12.28,,,Peg,V,,0
NGC7498,G,347.484167,-24.425056,0.95,0.44,3,14.98,,,Aqr,B,,0
NGC7499,G,347.593292,7.580667,1.55,0.86,11,12.98,,,Psc,V,,0
NGC7500,G,347.624208,11.012306,1.51,1.03,121,14.94,,,Peg,B,,0
NGC7501,G,347.62675,7.589028,1.02,0.9,157,13.47,,,Psc,V,,0
NGC7502,Other,347.582458,-21.737583,,,,,,,Aqr,,,0
NGC7503,G,347.676167,7.567694,0.95,0.84,76,13.49,,,Psc,V,,0
NGC7504,*,347.671542,14.386306,,,,,,,Peg,,,0
NGC7505,G,347.752708,13.631556,1,0.39,110,15.36,,,Peg,B,,0
NGC7506,G,347.92075,-2.160028,1.25,0.61,94,14.23,,,Psc,B,,0
NGC7507,G,348.031625,-28.539611,3.33,3.2,90,10.04,,,Scl,V,,0
NGC7508,G,347.954958,12.940417,0.81,0.26,160,15.66,,,Peg,B,,0
NGC7509,G,348.089208,14.609361,1.32,1.22,155,16.47,,,Peg,V,,0
NGC7510,OCl,347.76575,60.570889,3.9,,,7.9,,,Cep,V,,0
NGC7511,G,348.109542,13.726583,1.01,0.51,130,15.04,,,Peg,B,,0
NGC7512,G,348.087208,31.125611,1.9,1.12,36,14.04,,,Peg,B,,0
NGC7513,G,348.308458,-28.3575,3.19,1.92,100,11.8,,,Scl,V,,0
NGC7514,G,348.10775,34.8815,1.3,0.89,134,13.15,,,Peg,V,,0
NGC7515,G,348.202792,12.679278,1.65,1.43,10,12.48,,,Peg,V,,0
NGC7516,G,348.216083,20.248417,1.26,0.91,99,14.53,,,Peg,B,,0
NGC7517,G,348.307625,-2.100417,0.57,0.35,163,15.42,,,Psc,B,,0
NGC7518,G,348.303042,6.321667,1.26,0.75,117,13.49,,,Psc,V,,0
NGC7519,G,348.296833,10.772167,1.11,0.83,168,15.14,,,Peg,B,,0
NGC7520,Other,348.437,-23.794194,,,,,,,Aqr,,,0
NGC7521,G,348.397292,-1.7315,0.52,0.4,172,14.9,,,Psc,B,,0
NGC7522,*,348.901667,-22.894861,,,,,,,Aqr,,,0
NGC7523,G,348.394667,13.986806,1.32,0.29,2,15.62,,,Peg,B,,0
NGC7524,G,348.443958,-1.730083,0.81,0.25,176,15.64,,,Psc,B,,0
NGC7525,GPair,348.418167,14.022972,0.9,,,,,,Peg,,,0
NGC7525 NED01,G,348.417792,14.024389,0.12,0.1,23,17.88,,,Peg,B,,0
NGC7525 NED02,G,348.41875,14.021,0.79,0.69,16,15.2,,,Peg,V,,0
NGC7526,Other,348.509708,-9.221639,,,,,,,Aqr,,,0
NGC7527,G,348.424042,24.902278,1.2,0.79,163,14.79,,,Peg,B,,0
NGC7528,G,348.584417,10.231444,0.65,0.48,0,15.98,,,Peg,B,,0
NGC7529,G,348.513292,8.9925,0.8,0.73,65,14.14,,,Peg,V,,0
NGC7530,G,348.549292,-2.779333,0.95,0.38,115,14.99,,,Psc,B,,0
NGC7531,G,348.702083,-43.599944,4.11,1.72,17,11.25,,,Gru,V,,0
NGC7532,G,348.592625,-2.728194,1.32,0.42,161,14.8,,,Psc,B,,0
NGC7533,G,348.592,-2.033722,0.66,0.22,126,15.67,,,Psc,B,,0
NGC7534,G,348.611167,-2.69825,0.99,0.52,6,14.22,,,Psc,B,,0
NGC7535,G,348.553208,13.581889,1.46,1.44,40,13.7,,,Peg,V,,0
NGC7536,G,348.554917,13.426389,1.59,0.7,56,13.45,,,Peg,V,,0
NGC7537,G,348.64375,4.498361,1.84,0.48,74,13.2,,,Psc,V,,0
NGC7538,Cl+N,348.410958,61.512389,8,7,,,,,Cep,,,0
NGC7539,G,348.622667,23.684833,1.16,0.95,151,12.95,,,Peg,V,,0
NGC7540,G,348.650292,15.950306,0.66,0.48,141,15.67,,,Peg,B,,0
NGC7541,G,348.682875,4.534361,3.03,1,102,11.76,,,Psc,V,,0
NGC7542,G,348.673458,10.64325,0.95,0.65,112,15.62,,,Peg,B,,0
NGC7543,G,348.644083,28.327222,1.39,0.95,145,14.25,,,Peg,B,,0
NGC7544,G,348.737417,-2.199333,0.75,0.27,76,15.93,,,Psc,B,,0
NGC7545,G,348.88375,-38.535583,1.28,0.78,84,13.83,,,Gru,B,,0
NGC7546,G,348.7735,-2.32475,0.66,0.53,12,14.93,,,Psc,B,,0
NGC7547,G,348.764167,18.973444,1.06,0.44,104,14.72,,,Peg,B,,0
NGC7548,G,348.796292,25.281944,1.06,0.88,22,14.44,,,Peg,B,,0
NGC7549,G,348.821792,19.041694,1.85,0.75,33,14.08,,,Peg,B,,0
NGC7550,G,348.816708,18.961806,1.45,1.41,150,13.17,,,Peg,B,,0
NGC7551,G,348.841792,15.941,0.62,0.47,155,15.7,,,Peg,B,,0
NGC7552,G,349.044833,-42.58475,3.88,3.58,95,11.45,,,Gru,V,,0
NGC7553,G,348.887875,19.048167,0.69,0.52,150,15.67,,,Peg,B,,0
NGC7554,G,348.92225,-2.378611,0.98,0.73,159,15.89,,,Psc,B,,0
NGC7555,Other,348.878542,12.572861,,,,,,,Peg,,,0
NGC7556,G,348.935292,-2.3815,2.15,1.34,104,15.98,,,Psc,B,,0
NGC7556A,G,348.932208,-2.385556,0.28,0.2,32,,,,Psc,,,0
NGC7557,G,348.915708,6.708333,0.68,0.62,163,14.17,,,Psc,V,,0
NGC7558,G,348.909292,18.919694,0.89,0.71,65,15.88,,,Peg,B,,0
NGC7559,GPair,348.942917,13.293889,1.5,,,,,,Peg,,,0
NGC7559A,G,348.941625,13.296944,0.6,0.43,38,16.41,,,Peg,B,,0
NGC7559B,G,348.944,13.290278,1.29,1.17,66,14.43,,,Peg,B,,0
NGC7560,**,348.974,4.495861,,,,,,,Psc,,,0
NGC7561,*,348.98925,4.522722,,,,,,,Psc,,,0
NGC7562,G,348.989583,6.687528,2.18,1.59,84,11.55,,,Psc,V,,0
NGC7562A,G,349.006083,6.652278,1.32,0.32,179,14.79,,,Psc,V,,0
NGC7563,G,348.983042,13.196111,1.53,0.92,143,12.83,,,Peg,V,,0
NGC7564,*,349.004958,7.348056,,,,,,,Psc,,,0
NGC7565,Other,349.082542,-0.058611,,,,,,,Psc,,,0
NGC7566,G,349.155958,-2.330556,1.58,0.65,99,14.37,,,Psc,B,,0
NGC7567,G,349.042833,15.850028,0.91,0.26,73,15.36,,,Peg,B,,0
NGC7568,G,349.103625,24.497028,0.9,0.6,123,14.46,,,Peg,B,,0
NGC7569,G,349.185625,8.905444,0.96,0.62,92,14.47,,,Peg,B,,0
NGC7570,G,349.186125,13.483,1.58,0.8,29,13.21,,,Peg,V,,0
NGC7571,G,349.626083,18.68875,1.2,0.91,133,14.91,,,Peg,B,,0
NGC7572,G,349.209875,18.483167,1.01,0.5,162,14.02,,,Peg,V,,0
NGC7573,G,349.109792,-22.154389,1.24,0.9,33,14.9,,,Aqr,B,,0
NGC7574,Dup,349.103625,24.497028,,,,,,,Peg,,,0
NGC7575,G,349.336958,5.660778,0.77,0.4,107,14.95,,,Psc,B,,0
NGC7576,G,349.34475,-4.727861,1,0.69,160,12.95,,,Aqr,V,,0
NGC7577,G,349.32125,7.365417,0.38,0.27,65,,,,Psc,,,0
NGC7578,GPair,349.302917,18.704444,2,,,,,,Peg,,,0
NGC7578A,G,349.29975,18.701306,0.69,0.59,166,13.17,,,Peg,V,,0
NGC7578B,G,349.3065,18.70825,1.74,1.2,7,13.2,,,Peg,V,,0
NGC7579,G,349.411875,9.433306,0.45,0.33,49,17.06,,,Peg,B,,0
NGC7580,G,349.401667,14.001194,0.79,0.65,41,13.67,,,Peg,V,,0
NGC7581,Dup,348.682875,4.534361,,,,,,,Psc,,,0
NGC7582,G,349.597917,-42.370556,6.95,3.18,156,11.03,,,Gru,V,,0
NGC7583,G,349.469875,7.379444,0.91,0.91,75,14.45,,,Psc,V,,0
NGC7584,G,349.470833,9.433333,0.85,0.77,18,15.23,,,Peg,B,,0
NGC7585,G,349.505583,-4.650306,2.55,1.92,95,11.52,,,Aqr,V,,0
NGC7586,G,349.481667,8.584083,0.63,0.54,146,17.23,,,Peg,B,,0
NGC7587,G,349.496375,9.680194,1.12,0.27,124,12.06,,,Peg,V,,0
NGC7588,G,349.490875,18.752167,0.46,0.21,101,15,,,Peg,V,,0
NGC7589,G,349.565292,0.261167,0.96,0.57,91,17.01,,,Psc,V,,0
NGC7590,G,349.728375,-42.239056,3.03,1.23,34,12.34,,,Gru,V,,0
NGC7591,G,349.567833,6.585806,1.61,0.72,147,13.18,,,Psc,V,,0
NGC7592,GTrpl,349.5925,-4.416944,1.2,,,,,,Aqr,,,0
NGC7592A,G,349.590833,-4.41575,0.56,0.24,25,13.56,,,Aqr,V,,0
NGC7592B,G,349.594125,-4.416139,0.87,0.35,90,13.56,,,Aqr,V,,0
NGC7592C,G,349.592208,-4.418889,0.22,0.15,56,,,,Aqr,,,0
NGC7593,G,349.487458,11.349167,1.04,0.6,103,13.48,,,Peg,V,,0
NGC7594,G,349.558,10.298306,1.29,0.72,23,13.76,,,Peg,V,,0
NGC7595,G,349.625958,9.932417,0.7,0.6,125,,,,Peg,,,0
NGC7596,G,349.3,-6.912,0.93,0.45,7,15.12,,,Aqr,B,,0
NGC7597,Dup,349.626083,18.68875,,,,,,,Peg,,,0
NGC7598,G,349.638625,18.749361,0.3,0.3,90,15.74,,,Peg,B,,0
NGC7599,G,349.838083,-42.256833,4.81,1.58,55,11.35,,,Gru,V,,0
NGC7600,G,349.724417,-7.580444,2.09,0.99,62,11.95,,,Aqr,V,,0
NGC7601,G,349.696042,9.233611,1.01,0.75,91,13.98,,,Peg,V,,0
NGC7602,G,349.681375,18.698361,0.62,0.49,142,15.47,,,Peg,B,,0
NGC7603,G,349.735917,0.243944,1.2,0.63,163,14.01,,,Psc,V,,0
NGC7604,G,349.46625,7.429889,0.42,0.26,102,15.23,,,Psc,B,,0
NGC7605,Dup,349.469875,7.379444,,,,,,,Psc,,,0
NGC7606,G,349.769917,-8.485083,5.26,4.47,145,11,,,Aqr,V,,0
NGC7607,**,349.746833,11.341722,,,,,,,Peg,,,0
NGC7608,G,349.813875,8.350139,1.43,0.39,19,14.18,,,Peg,V,,0
NGC7609,GPair,349.877083,9.505278,1.1,,,,,,Peg,,,0
NGC7609 NED01,G,349.875208,9.508222,1.17,0.87,88,14.29,,,Peg,V,,0
NGC7609 NED02,G,349.879542,9.502972,0.74,0.34,26,16.14,,,Peg,V,,0
NGC7610,G,349.922375,10.185,2.17,0.9,79,13.06,,,Peg,V,,0
NGC7611,G,349.9025,8.06325,1.7,0.79,139,12.56,,,Psc,V,,0
NGC7612,G,349.934167,8.576389,1.63,0.72,3,12.79,,,Peg,V,,0
NGC7613,Other,349.965667,0.198861,,,,,,,Psc,,,0
NGC7614,Other,349.965667,0.198861,,,,,,,Psc,,,0
NGC7615,G,349.976833,8.399417,0.83,0.29,143,14.32,,,Peg,V,,0
NGC7616,Dup,349.922375,10.185,,,,,,,Peg,,,0
NGC7617,G,350.037375,8.165778,0.94,0.63,20,13.88,,,Psc,V,,0
NGC7618,G,349.94675,42.852639,1.23,0.99,5,14.26,,,And,B,,0
NGC7619,G,350.060542,8.20625,2.53,1.97,30,11.06,,,Peg,V,,0
NGC7620,G,350.023667,24.221139,0.94,0.91,105,13.38,,,Peg,V,,0
NGC7621,G,350.102583,8.366306,0.68,0.18,175,15.56,,,Peg,B,,0
NGC7622,G,350.410542,-62.11775,1.35,0.43,61,14.47,,,Tuc,B,,0
NGC7623,G,350.125083,8.395806,1.34,0.95,180,12.82,,,Peg,V,,0
NGC7624,G,350.094208,27.315694,1.3,0.88,31,13.11,,,Peg,V,,0
NGC7625,G,350.125542,17.225556,1.48,1.43,35,12.2,,,Peg,V,,0
NGC7626,G,350.177292,8.216972,2.5,2.1,21,11.12,,,Peg,V,,0
NGC7627,G,350.628875,11.892556,1.47,0.46,138,15.12,,,Peg,B,,0
NGC7628,G,350.228667,25.898556,1.36,1.09,123,13.76,,,Peg,B,,0
NGC7629,G,350.330708,1.403139,0.94,0.61,179,14.89,,,Psc,B,,0
NGC7630,G,350.317958,11.397333,0.89,0.33,163,15.46,,,Peg,B,,0
NGC7631,G,350.361125,8.217639,1.86,0.83,78,13.08,,,Peg,V,,0
NGC7632,G,350.50375,-42.4805,2.56,1.29,96,12.15,,,Gru,V,,0
NGC7633,G,350.76375,-67.653722,2.2,1.34,85,12.67,,,Ind,V,,0
NGC7634,G,350.424,8.886917,1.21,0.88,97,12.61,,,Peg,V,,0
NGC7635,HII,350.19,61.212361,15,8,,11,,气泡星云,Cas,B,Bubble Nebula,0
NGC7636,G,350.637333,-29.280694,1.03,0.42,31,14.87,,,Scl,B,,0
NGC7637,G,351.61525,-81.911583,2.08,1.83,5,13.25,,,Oct,B,,0
NGC7638,GPair,350.638,11.328806,0.65,0.46,175,15.5,,,Peg,B,,0
NGC7639,G,350.700958,11.372861,0.74,0.55,141,15.93,,,Peg,B,,0
NGC7640,G,350.527417,40.845417,8.09,1.67,167,11.01,,,And,V,,0
NGC7641,Dup,350.628875,11.892556,,,,,,,Peg,,,0
NGC7642,G,350.7225,1.442778,0.49,0.45,65,14.68,,,Psc,B,,0
NGC7643,G,350.71,11.988833,1.47,0.81,44,13.21,,,Peg,V,,0
NGC7644,Dup,350.71,11.988833,,,,,,,Peg,,,0
NGC7645,G,350.947042,-29.388028,1.58,1.08,1,13.82,,,Scl,B,,0
NGC7646,G,351.029,-11.860694,0.97,0.54,135,14.01,,,Aqr,B,,0
NGC7647,G,350.989292,16.777278,1.81,0.91,176,12.9,,,Peg,V,,0
NGC7648,G,350.975083,9.667472,1.56,0.98,84,12.95,,,Peg,V,,0
NGC7649,G,351.083708,14.647139,1.63,1.03,76,13.57,,,Peg,V,,0
NGC7650,G,351.339375,-57.791361,1.44,0.58,149,12.75,,,Tuc,V,,0
NGC7651,GPair,351.1075,13.97,1.1,,,,,,Peg,,,0
NGC7651 NED01,G,351.108208,13.972278,1.26,1.12,120,14.52,,,Peg,B,,0
NGC7651 NED02,G,351.106958,13.967111,0.48,0.41,50,16.17,,,Peg,B,,0
NGC7652,G,351.405958,-57.887389,1.2,0.77,92,14.52,,,Tuc,B,,0
NGC7653,G,351.205667,15.275583,1.62,1.4,172,12.74,,,Peg,V,,0
NGC7654,OCl,351.201667,61.593167,9.9,,,6.9,52,,Cas,V,,0
NGC7655,G,351.691417,-68.027528,0.76,0.66,78,14.21,,,Ind,B,,0
NGC7656,G,351.130875,-19.059056,0.97,0.33,34,14.47,,,Aqr,B,,0
NGC7657,G,351.697958,-57.80575,1.46,0.37,110,15.03,,,Tuc,B,,0
NGC7658,GPair,351.602917,-39.221806,1.5,,,,,,Gru,,,0
NGC7658A,G,351.602792,-39.215972,0.67,0.36,136,15.35,,,Gru,B,,0
NGC7658B,G,351.603542,-39.226611,1,0.38,128,14.52,,,Gru,V,,0
NGC7659,G,351.482,14.209833,0.99,0.37,109,14.76,,,Peg,B,,0
NGC7660,G,351.45275,27.029889,1.94,0.66,26,12.65,,,Peg,V,,0
NGC7661,G,351.809542,-65.270417,1.84,1.18,26,14.12,,,Tuc,B,,0
NGC7662,PN,351.474583,42.534944,0.28,,,8.3,,蓝雪球星云,And,V,Copeland's Blue Snowball,0
NGC7663,G,351.688417,-4.966667,0.39,0.27,2,17.4,,,Aqr,B,,0
NGC7664,G,351.665667,25.080139,1.52,0.95,88,12.7,,,Peg,V,,0
NGC7665,G,351.811667,-9.387,0.76,0.72,15,14.23,,,Aqr,B,,0
NGC7666,Other,351.852125,-4.186306,,,,,,,Aqr,,,0
NGC7667,G,351.09625,-0.108056,1.05,0.35,80,14.58,,,Psc,V,,0
NGC7668,Other,351.840917,-0.191306,,,,,,,Psc,,,0
NGC7669,Other,351.840917,-0.191306,,,,,,,Psc,,,0
NGC7670,Other,351.840917,-0.191306,,,,,,,Psc,,,0
NGC7671,G,351.830583,12.467417,1.39,0.74,137,12.79,,,Peg,V,,0
NGC7672,G,351.881,12.385194,0.85,0.64,60,14.02,,,Peg,V,,0
NGC7673,G,351.920917,23.589028,1.04,0.43,123,12.79,,,Peg,V,,0
NGC7674,G,351.986333,8.779028,1.12,1.01,165,14.19,,,Peg,V,,0
NGC7675,G,352.024667,8.768583,0.75,0.48,43,14.68,,,Peg,V,,0
NGC7676,G,352.257167,-59.716667,2.07,0.65,86,13.48,,,Tuc,V,,0
NGC7677,G,352.0255,23.531389,1.13,0.61,29,13.19,,,Peg,V,,0
NGC7678,G,352.11625,22.421194,2,1.47,17,12.14,,,Peg,V,,0
NGC7679,G,352.194583,3.511472,1.23,0.78,86,13.16,,,Psc,V,,0
NGC7680,G,352.14625,32.415722,1.67,1.67,45,12.54,,,Peg,V,,0
NGC7681,G,352.228708,17.309639,1.44,0.67,63,14.68,,,Peg,V,,0
NGC7682,G,352.266375,3.533333,1.15,1.07,160,13.94,,,Psc,V,,0
NGC7683,G,352.265917,11.445167,1.97,0.94,140,12.55,,,Peg,V,,0
NGC7684,G,352.6335,0.081056,1.58,0.46,18,14.35,,,Psc,B,,0
NGC7685,G,352.639583,3.901583,1.67,1.21,174,13.16,,,Psc,V,,0
NGC7686,OCl,352.53075,49.134111,3.6,,,5.6,,,And,V,,0
NGC7687,G,352.726875,3.546611,1.09,0.94,88,14.94,,,Psc,B,,0
NGC7688,G,352.772917,21.411528,0.94,0.67,95,15.4,,,Peg,B,,0
NGC7689,G,353.319708,-54.094472,3.1,1.97,141,10.84,,,Phe,V,,0
NGC7690,G,353.260667,-51.698361,2.16,0.85,130,12.31,,,Phe,V,,0
NGC7691,G,353.10175,15.847833,1.67,1.35,161,12.85,,,Peg,V,,0
NGC7692,G,353.194833,-5.596889,0.5,0.42,77,14.85,,,Aqr,B,,0
NGC7693,G,353.293792,-1.291861,0.82,0.51,171,14.58,,,Psc,B,,0
NGC7694,G,353.315708,-2.702889,1.37,0.75,92,13.92,,,Psc,B,,0
NGC7695,G,353.3125,-2.720194,0.56,0.33,68,15.93,,,Psc,B,,0
NGC7696,G,353.458792,4.870806,0.76,0.42,100,14.75,,,Psc,B,,0
NGC7697,G,353.72075,-65.396028,1.68,0.37,86,14.34,,,Tuc,B,,0
NGC7698,G,353.506583,24.944611,1.05,0.84,171,14.61,,,Peg,B,,0
NGC7699,G,353.612625,-2.899444,0.69,0.39,97,15.73,,,Psc,B,,0
NGC7700,G,353.626208,-2.953667,2.04,0.38,155,14.98,,,Psc,B,,0
NGC7701,G,353.63125,-2.854278,1.24,0.83,8,14.36,,,Psc,B,,0
NGC7702,G,353.870333,-56.012278,2.15,1.05,118,12.15,,,Phe,V,,0
NGC7703,G,353.695292,16.075778,2.24,0.42,145,14.69,,,Peg,B,,0
NGC7704,G,353.754292,4.897528,1.1,0.84,71,14.96,,,Psc,B,,0
NGC7705,G,353.7605,4.803806,0.58,0.42,105,15.51,,,Psc,B,,0
NGC7706,G,353.793542,4.964194,1.13,0.89,123,14.54,,,Psc,B,,0
NGC7707,G,353.714167,44.304056,1.35,1.01,20,14.68,,,And,B,,0
NGC7708,OCl,353.756083,72.833167,5.1,,,,,,Cep,,,0
NGC7709,G,353.864458,-16.705083,2.22,0.37,69,13.6,,,Aqr,B,,0
NGC7710,G,353.94225,-2.880917,1.18,0.52,134,14.78,,,Psc,B,,0
NGC7711,G,353.914042,15.301972,2.43,0.94,93,12.18,,,Peg,V,,0
NGC7712,G,353.965167,23.61875,0.9,0.71,109,13.82,,,Peg,B,,0
NGC7713,G,354.062458,-37.938083,4.91,2.13,170,11.18,,,Scl,V,,0
NGC7713A,G,354.284542,-37.714139,1.59,1.26,81,12.73,,,Scl,V,,0
NGC7714,G,354.05875,2.155167,2.18,1.58,8,13.61,,,Psc,V,,0
NGC7715,G,354.09225,2.156528,2.06,0.39,79,14.21,,,Psc,V,,0
NGC7716,G,354.131042,0.297278,1.83,1.27,34,12.25,,,Psc,V,,0
NGC7717,G,354.431958,-15.1185,1.71,1.33,5,13.83,,,Aqr,B,,0
NGC7718,G,354.520875,25.719722,1.03,0.75,153,15.15,,,Peg,B,,0
NGC7719,G,354.510708,-22.974417,0.9,0.51,51,15.09,,,Aqr,B,,0
NGC7720,GPair,354.622458,27.031444,1.2,,,,,,Peg,,,0
NGC7720 NED01,G,354.6225,27.031472,1.51,1.26,25,12.91,,,Peg,V,,0
NGC7720A,G,354.623083,27.03475,0.68,0.66,,13.9,,,Peg,B,,0
NGC7721,G,354.702708,-6.517861,3.08,0.77,16,11.68,,,Aqr,V,,0
NGC7722,G,354.671667,15.954639,2.11,1.6,148,13.46,,,Peg,B,,0
NGC7723,G,354.737833,-12.961083,3.29,2.32,55,11.21,,,Aqr,V,,0
NGC7724,G,354.779833,-12.224056,1.47,1,45,13.79,,,Aqr,B,,0
NGC7725,G,354.811583,-4.539389,0.86,0.74,96,14.76,,,Aqr,B,,0
NGC7726,G,354.799625,27.115333,1.36,0.56,64,15.04,,,Peg,B,,0
NGC7727,G,354.973833,-12.292778,3.61,2.75,27,10.64,,,Aqr,V,,0
NGC7728,G,355.0035,27.133722,1.42,1.14,78,14.07,,,Peg,B,,0
NGC7729,G,355.140208,29.188167,1.69,0.57,7,14.45,,,Peg,B,,0
NGC7730,G,355.191458,-20.508806,0.76,0.29,135,14.42,,,Aqr,V,,0
NGC7731,G,355.371125,3.740028,1.05,0.77,79,13.51,,,Psc,V,,0
NGC7732,G,355.391125,3.724944,1.49,0.47,92,13.89,,,Psc,V,,0
NGC7733,G,355.637292,-65.9565,1.26,0.6,104,14.27,,,Tuc,V,,0
NGC7734,G,355.678875,-65.944639,1.4,1,144,13.08,,,Tuc,V,,0
NGC7735,G,355.572125,26.23175,1.39,1.09,86,14.92,,,Peg,B,,0
NGC7736,G,355.607417,-19.452306,1.66,1.5,77,12.88,,,Aqr,V,,0
NGC7737,G,355.693375,27.052944,1.09,0.46,146,14.74,,,Peg,B,,0
NGC7738,G,356.008583,0.516639,1.19,0.59,55,14.16,,,Psc,B,,0
NGC7739,G,356.125333,0.320472,0.76,0.66,92,14.94,,,Psc,B,,0
NGC7740,G,355.8845,27.311889,1.08,0.68,140,14.9,,,Peg,B,,0
NGC7741,G,355.976542,26.075611,3.63,2.38,158,11.27,,,Peg,V,,0
NGC7742,G,356.065542,10.767083,1.71,1.64,15,11.58,,,Peg,V,,0
NGC7743,G,356.088083,9.934083,2.61,2.18,86,12.43,,,Peg,V,,0
NGC7744,G,356.246833,-42.910917,2.48,2.11,109,11.85,,,Phe,V,,0
NGC7745,G,356.190792,25.908972,0.68,0.68,170,16.64,,,Peg,B,,0
NGC7746,G,356.333333,-1.684889,1.16,0.84,164,14.42,,,Psc,B,,0
NGC7747,G,356.384375,27.360944,1.41,0.54,38,14.42,,,Peg,B,,0
NGC7748,*,356.236125,69.754861,,,,7.15,,,Cep,V,,0
NGC7749,G,356.448125,-29.517806,1.75,1.17,33,15.2,,,Scl,V,,0
NGC7750,G,356.657667,3.799806,1.5,0.73,175,12.89,,,Psc,V,,0
NGC7751,G,356.743083,6.861806,1.48,1.45,115,13.87,,,Psc,B,,0
NGC7752,G,356.744,29.458917,0.92,0.46,106,14.22,,,Peg,V,,0
NGC7753,G,356.770125,29.483444,2.01,0.54,61,13.3,,,Peg,B,,0
NGC7754,G,357.296708,-16.600583,0.65,0.32,132,15,,,Aqr,B,,0
NGC7755,G,356.965667,-30.522028,3.7,2.27,27,11.68,,,Scl,V,,0
NGC7756,*,357.119167,4.125167,,,,,,,Psc,,,0
NGC7757,G,357.189667,4.171139,1.83,1.34,108,12.79,,,Psc,V,,0
NGC7758,G,357.229917,-22.024194,0.77,0.52,108,15.47,,,Aqr,B,,0
NGC7759,G,357.227917,-16.541167,1.53,1.11,103,13.95,,,Aqr,B,,0
NGC7760,G,357.29975,30.983139,1.14,1.05,0,14.74,,,Peg,B,,0
NGC7761,G,357.870375,-13.381583,1.23,1.08,68,14.11,,,Aqr,B,,0
NGC7762,OCl,357.507292,68.037972,6.5,,,,,,Cep,,,0
NGC7763,G,357.565417,-16.59,0.73,0.39,161,15.25,,,Aqr,B,,0
NGC7764,G,357.724917,-40.728222,1.95,1.45,146,12.21,,,Phe,V,,0
NGC7764A,G,358.34375,-40.810278,0.74,0.46,77,13.19,,,Phe,V,,0
NGC7765,G,357.717333,27.166278,0.69,0.54,113,15.66,,,Peg,B,,0
NGC7766,G,357.732958,27.126306,0.87,0.24,31,16.21,,,Peg,B,,0
NGC7767,G,357.734792,27.087139,1.1,0.25,141,14.14,,,Peg,B,,0
NGC7768,G,357.744083,27.147389,1.48,0.95,57,12.34,,,Peg,V,,0
NGC7769,G,357.766542,20.150417,1.75,0.67,85,11.79,,,Peg,V,,0
NGC7770,G,357.843917,20.096528,0.97,0.85,105,13.82,,,Peg,V,,0
NGC7771,G,357.853375,20.11175,2.51,1.24,68,12.11,,,Peg,V,,0
NGC7772,Other,357.9415,16.248139,13.2,,,,,,Peg,,,0
NGC7773,G,358.041208,31.276611,1.1,0.99,50,14.44,,,Peg,B,,0
NGC7774,GPair,358.046667,11.47,1.2,,,,,,Peg,,,0
NGC7774 NED01,G,358.044542,11.470306,1.32,1.2,105,14.48,,,Peg,B,,0
NGC7774 NED02,G,358.048708,11.469722,0.91,0.74,,14.6,,,Peg,B,,0
NGC7775,G,358.101875,28.772667,0.99,0.83,28,13.85,,,Peg,B,,0
NGC7776,G,358.569,-13.586444,1,0.43,154,14.75,,,Aqr,B,,0
NGC7777,G,358.302083,28.283444,1.26,0.66,48,14.46,,,Peg,B,,0
NGC7778,G,358.331958,7.870917,1.02,0.98,55,12.76,,,Psc,V,,0
NGC7779,G,358.361625,7.875667,1.49,1.07,5,12.67,,,Psc,V,,0
NGC7780,G,358.384042,8.118139,0.99,0.54,0,13.91,,,Psc,V,,0
NGC7781,G,358.441583,7.860472,1.07,0.25,10,13.93,,,Psc,V,,0
NGC7782,G,358.474542,7.970556,2.43,1.41,175,12.24,,,Psc,V,,0
NGC7783,GPair,358.546083,0.379944,1.9,,,,,,Psc,,,0
NGC7783 NED01,G,358.542,0.382861,1.55,0.72,109,14.03,,,Psc,B,,0
NGC7783 NED02,G,358.550333,0.377028,0.83,0.51,153,15.03,,,Psc,B,,0
NGC7784,G,358.806958,21.762167,0.73,0.58,114,15.55,,,Peg,B,,0
NGC7785,G,358.829292,5.915833,1.95,1.09,142,11.6,,,Psc,V,,0
NGC7786,G,358.83975,21.588056,0.56,0.35,7,13.9,,,Peg,B,,0
NGC7787,G,359.032583,0.549472,1.09,0.43,95,15.31,,,Psc,B,,0
NGC7788,OCl,359.189917,61.399917,2.4,,,9.4,,,Cas,V,,0
NGC7789,OCl,359.35025,56.708278,14.4,,,6.7,,,Cas,V,,0
NGC7790,OCl,359.601083,61.208306,3.6,,,8.5,,,Cas,V,,0
NGC7791,**,359.48875,10.765722,,,,,,,Peg,,,0
NGC7792,G,359.514875,16.501417,0.77,0.77,95,14.85,,,Peg,B,,0
NGC7793,G,359.457625,-32.591028,10.42,6.05,89,9.29,,,Scl,V,,0
NGC7794,G,359.642167,10.728139,1.17,0.72,10,13.74,,,Peg,B,,0
NGC7795,OCl,359.656,60.034972,2.22,,,,,,Cas,,,0
NGC7796,G,359.749042,-55.458306,2.73,2.38,178,11.47,,,Phe,V,,0
NGC7797,G,359.745292,3.634639,0.9,0.84,35,14.76,,,Psc,B,,0
NGC7798,G,359.85625,20.749861,1.45,1.33,100,12.35,,,Peg,V,,0
NGC7799,*,359.881458,31.295611,,,,,,,Peg,,,0
NGC7800,G,359.901333,14.805583,1.74,0.72,45,13.31,,,Peg,B,,0
NGC7801,OCl,0.089333,50.745,4.2,,,,,,Cas,,,0
NGC7802,G,0.25175,6.242056,1.18,0.8,53,14.64,,,Psc,B,,0
NGC7803,G,0.333208,13.11125,0.86,0.51,80,14.07,,,Peg,B,,0
NGC7804,**,0.328333,7.749694,,,,,,,Psc,,,0
NGC7805,G,0.361542,31.43375,1.42,0.69,47,13.29,,,Peg,V,,0
NGC7806,G,0.375208,31.441861,1.21,0.65,20,14.29,,,Peg,B,,0
NGC7807,G,0.11075,-18.841889,0.73,0.6,35,15.57,,,Cet,B,,0
NGC7808,G,0.883875,-10.744667,1.08,1,60,15.31,,,Cet,V,,0
NGC7809,G,0.539375,2.941056,0.45,0.38,65,15.11,,,Psc,B,,0
NGC7810,G,0.579833,12.971639,0.96,0.64,78,14.27,,,Peg,B,,0
NGC7811,G,0.610292,3.351917,0.39,0.37,130,14.68,,,Psc,V,,0
NGC7812,G,0.726958,-34.235639,1.1,0.73,112,13.99,,,Scl,B,,0
NGC7813,G,1.038,-11.983889,0.81,0.26,158,15,,,Cet,B,,0
NGC7814,G,0.812042,16.145417,4.37,1.88,135,10.6,,,Peg,V,,0
NGC7815,*,0.853458,20.704167,,,,,,,Peg,,,0
NGC7816,G,0.953583,7.478639,1.64,1.53,105,13.91,,,Psc,B,,0
NGC7817,G,0.995458,20.752333,3.29,0.73,46,12.11,,,Peg,V,,0
NGC7818,G,1.036875,7.379389,0.93,0.8,162,15.05,,,Psc,B,,0
NGC7819,G,1.10225,31.472056,1.44,0.79,97,13.6,,,Peg,V,,0
NGC7820,G,1.128292,5.200278,1.54,0.6,167,13.81,,,Psc,B,,0
NGC7821,G,1.319667,-16.476917,1.14,0.38,116,13.77,,,Cet,B,,0
NGC7822,HII,0.897292,67.161639,20,4,,,,,Cep,,,0
NGC7823,G,1.189958,-62.061556,1.13,0.7,30,13.46,,,Tuc,B,,0
NGC7824,G,1.275958,6.920111,1.59,1.04,151,14.37,,,Psc,B,,0
NGC7825,G,1.2775,5.203667,0.95,0.37,134,15.42,,,Psc,B,,0
NGC7826,Other,1.3305,-20.688278,,,,,,,Cet,,,0
NGC7827,G,1.36525,5.222333,1.29,1.18,40,14.53,,,Psc,B,,0
NGC7828,G,1.612792,-13.416111,2.07,0.82,137,13.86,,,Cet,V,,0
NGC7829,G,1.62075,-13.420611,2.07,0.82,110,13.92,,,Cet,V,,0
NGC7830,*,1.50775,8.342778,,,,,,,Psc,,,0
NGC7831,G,1.831375,32.60925,1.8,0.39,40,13.3,,,And,B,,0
NGC7832,G,1.618583,-3.716139,1.68,0.38,23,13.64,,,Psc,B,,0
NGC7833,Other,1.631083,27.639667,,,,,,,Peg,,,0
NGC7834,G,1.657583,8.367889,0.93,0.83,16,15.35,,,Psc,B,,0
NGC7835,G,1.694875,8.425944,0.56,0.24,150,15.5,,,Psc,B,,0
NGC7836,G,2.006833,33.070778,0.9,0.39,133,13.65,,,And,V,,0
NGC7837,G,1.714125,8.351389,0.67,0.38,169,16.68,,,Psc,B,,0
NGC7838,G,1.724792,8.350861,1.3,0.57,93,15.18,,,Psc,B,,0
NGC7839,**,1.752625,27.635222,,,,,,,Peg,,,0
NGC7840,G,1.786667,8.3835,0.68,0.46,127,16.47,,,Psc,B,,0
PGC000143,G,0.492333,-15.460917,10.47,3.55,5,10.76,,,Cet,V,"Wolf-Lundmark-Melotte,WLM Galaxy",1
PGC003853,G,16.270333,-6.212389,4.27,3.16,57,11.69,,,Cet,V,,1
PGC025886,G,137.706083,-8.890694,5.75,0.83,30,11.52,,,Hya,V,,1
PGC029653,G,152.753333,-4.692778,5.25,4.47,180,11.77,,,Sex,V,Sextans A,1
PGC088608,G,153.262083,-1.614722,30.2,12.02,56,10.4,,,Sex,V,Sextans Dwarf Spheroidal,1
UGC04305,G,124.77075,70.720028,7.94,5.62,15,10.75,,,UMa,V,,1
UGC05373,G,150.000417,5.332222,4.9,3.09,101,11.51,,,Sex,V,Sextans B,1
UGC05470,G,152.117083,12.306389,11.75,8.51,81,10.36,,,Leo,V,Leo I,1
